family,variant,strategy,metric,descriptor,zone,frequency,target,eval_mode,fold,nrmse,r2,rmse,canonical,campaign,machine,source_dir,source_file
SimCLR,SimCLR,augment,,,parietal,all,age,linear_probe,0,1.3028,-1.1571,10.31,True,zones,A,save/zones/parietal,downstream_raw_results_kfold_folds0-0.csv
SimCLR,SimCLR-nbr-cosine,nbr,cosine,,parietal,all,age,linear_probe,0,0.92,-0.2228,6.69,True,zones,A,save/zones/parietal,downstream_raw_results_kfold_folds0-0.csv
SimCLR,SimCLR-nbr-wasser,nbr,wasserstein,,parietal,all,age,linear_probe,0,0.9926,-0.566,6.92,True,zones,A,save/zones/parietal,downstream_raw_results_kfold_folds0-0.csv
SimCLR,SimCLR-nbr-riemann,nbr,riemann,,parietal,all,age,linear_probe,0,0.9986,-0.5447,7.03,True,zones,A,save/zones/parietal,downstream_raw_results_kfold_folds0-0.csv
SimCLR,SimCLR-xsubj-cosine,xsubj,cosine,,parietal,all,age,linear_probe,0,0.774,0.2679,6.22,True,zones,A,save/zones/parietal,downstream_raw_results_kfold_folds0-0.csv
SimCLR,SimCLR-xsubj-wasser,xsubj,wasserstein,,parietal,all,age,linear_probe,0,0.975,-0.4959,6.83,True,zones,A,save/zones/parietal,downstream_raw_results_kfold_folds0-0.csv
SimCLR,SimCLR-xsubj-riemann,xsubj,riemann,,parietal,all,age,linear_probe,0,0.9829,-0.5701,6.71,True,zones,A,save/zones/parietal,downstream_raw_results_kfold_folds0-0.csv
SimCLR,SimCLR-diffage-cosine,diffage,cosine,,parietal,all,age,linear_probe,0,1.2564,-1.124,9.56,True,zones,A,save/zones/parietal,downstream_raw_results_kfold_folds0-0.csv
SimCLR,SimCLR-diffage-wasser,diffage,wasserstein,,parietal,all,age,linear_probe,0,1.0849,-0.3908,8.92,True,zones,A,save/zones/parietal,downstream_raw_results_kfold_folds0-0.csv
SimCLR,SimCLR-diffage-riemann,diffage,riemann,,parietal,all,age,linear_probe,0,1.0961,-0.6004,8.33,True,zones,A,save/zones/parietal,downstream_raw_results_kfold_folds0-0.csv
VAE,VAE,,,,parietal,all,age,linear_probe,0,1.572,-2.5624,11.72,True,zones,A,save/zones/parietal,downstream_raw_results_kfold_folds0-0.csv
SimCLR,SimCLR,augment,,,parietal,all,age,fine_tuning,0,0.6987,0.3086,5.29,True,zones,A,save/zones/parietal,downstream_raw_results_kfold_folds0-0.csv
SimCLR,SimCLR-nbr-cosine,nbr,cosine,,parietal,all,age,fine_tuning,0,0.538,0.4324,3.32,True,zones,A,save/zones/parietal,downstream_raw_results_kfold_folds0-0.csv
SimCLR,SimCLR-nbr-wasser,nbr,wasserstein,,parietal,all,age,fine_tuning,0,0.4522,0.6576,3.05,True,zones,A,save/zones/parietal,downstream_raw_results_kfold_folds0-0.csv
SimCLR,SimCLR-nbr-riemann,nbr,riemann,,parietal,all,age,fine_tuning,0,0.5187,0.5372,3.44,True,zones,A,save/zones/parietal,downstream_raw_results_kfold_folds0-0.csv
SimCLR,SimCLR-xsubj-cosine,xsubj,cosine,,parietal,all,age,fine_tuning,0,0.4081,0.7545,2.91,True,zones,A,save/zones/parietal,downstream_raw_results_kfold_folds0-0.csv
SimCLR,SimCLR-xsubj-wasser,xsubj,wasserstein,,parietal,all,age,fine_tuning,0,0.5364,0.4595,3.39,True,zones,A,save/zones/parietal,downstream_raw_results_kfold_folds0-0.csv
SimCLR,SimCLR-xsubj-riemann,xsubj,riemann,,parietal,all,age,fine_tuning,0,0.8811,-0.3734,5.86,True,zones,A,save/zones/parietal,downstream_raw_results_kfold_folds0-0.csv
SimCLR,SimCLR-diffage-cosine,diffage,cosine,,parietal,all,age,fine_tuning,0,0.6473,0.4392,4.93,True,zones,A,save/zones/parietal,downstream_raw_results_kfold_folds0-0.csv
SimCLR,SimCLR-diffage-wasser,diffage,wasserstein,,parietal,all,age,fine_tuning,0,0.7637,0.0556,5.29,True,zones,A,save/zones/parietal,downstream_raw_results_kfold_folds0-0.csv
SimCLR,SimCLR-diffage-riemann,diffage,riemann,,parietal,all,age,fine_tuning,0,0.6877,0.3026,4.92,True,zones,A,save/zones/parietal,downstream_raw_results_kfold_folds0-0.csv
VAE,VAE,,,,parietal,all,age,fine_tuning,0,0.484,0.6231,3.36,True,zones,A,save/zones/parietal,downstream_raw_results_kfold_folds0-0.csv
SimCLR,SimCLR,augment,,,parietal,all,age,linear_probe,1,1.7588,-3.1936,12.91,True,zones,A,save/zones/parietal,downstream_raw_results_kfold_folds1-1.csv
SimCLR,SimCLR-nbr-cosine,nbr,cosine,,parietal,all,age,linear_probe,1,1.1545,-0.8114,7.85,True,zones,A,save/zones/parietal,downstream_raw_results_kfold_folds1-1.csv
SimCLR,SimCLR-nbr-wasser,nbr,wasserstein,,parietal,all,age,linear_probe,1,1.161,-0.7985,8.0,True,zones,A,save/zones/parietal,downstream_raw_results_kfold_folds1-1.csv
SimCLR,SimCLR-nbr-riemann,nbr,riemann,,parietal,all,age,linear_probe,1,1.0916,-0.5422,7.72,True,zones,A,save/zones/parietal,downstream_raw_results_kfold_folds1-1.csv
SimCLR,SimCLR-xsubj-cosine,xsubj,cosine,,parietal,all,age,linear_probe,1,1.3238,-1.4374,8.84,True,zones,A,save/zones/parietal,downstream_raw_results_kfold_folds1-1.csv
SimCLR,SimCLR-xsubj-wasser,xsubj,wasserstein,,parietal,all,age,linear_probe,1,1.0981,-0.5984,7.63,True,zones,A,save/zones/parietal,downstream_raw_results_kfold_folds1-1.csv
SimCLR,SimCLR-xsubj-riemann,xsubj,riemann,,parietal,all,age,linear_probe,1,1.15,-0.6631,8.29,True,zones,A,save/zones/parietal,downstream_raw_results_kfold_folds1-1.csv
SimCLR,SimCLR-diffage-cosine,diffage,cosine,,parietal,all,age,linear_probe,1,1.4276,-1.4266,10.78,True,zones,A,save/zones/parietal,downstream_raw_results_kfold_folds1-1.csv
SimCLR,SimCLR-diffage-wasser,diffage,wasserstein,,parietal,all,age,linear_probe,1,1.4464,-1.7976,9.96,True,zones,A,save/zones/parietal,downstream_raw_results_kfold_folds1-1.csv
SimCLR,SimCLR-diffage-riemann,diffage,riemann,,parietal,all,age,linear_probe,1,1.2247,-0.8009,9.18,True,zones,A,save/zones/parietal,downstream_raw_results_kfold_folds1-1.csv
VAE,VAE,,,,parietal,all,age,linear_probe,1,1.6979,-2.5916,12.54,True,zones,A,save/zones/parietal,downstream_raw_results_kfold_folds1-1.csv
SimCLR,SimCLR,augment,,,parietal,all,age,fine_tuning,1,1.0254,-0.395,7.32,True,zones,A,save/zones/parietal,downstream_raw_results_kfold_folds1-1.csv
SimCLR,SimCLR-nbr-cosine,nbr,cosine,,parietal,all,age,fine_tuning,1,0.8166,0.1122,5.66,True,zones,A,save/zones/parietal,downstream_raw_results_kfold_folds1-1.csv
SimCLR,SimCLR-nbr-wasser,nbr,wasserstein,,parietal,all,age,fine_tuning,1,0.8372,0.1236,6.06,True,zones,A,save/zones/parietal,downstream_raw_results_kfold_folds1-1.csv
SimCLR,SimCLR-nbr-riemann,nbr,riemann,,parietal,all,age,fine_tuning,1,1.019,-0.3771,7.11,True,zones,A,save/zones/parietal,downstream_raw_results_kfold_folds1-1.csv
SimCLR,SimCLR-xsubj-cosine,xsubj,cosine,,parietal,all,age,fine_tuning,1,0.9766,-0.217,6.98,True,zones,A,save/zones/parietal,downstream_raw_results_kfold_folds1-1.csv
SimCLR,SimCLR-xsubj-wasser,xsubj,wasserstein,,parietal,all,age,fine_tuning,1,0.6163,0.4641,4.14,True,zones,A,save/zones/parietal,downstream_raw_results_kfold_folds1-1.csv
SimCLR,SimCLR-xsubj-riemann,xsubj,riemann,,parietal,all,age,fine_tuning,1,0.8436,0.0452,5.8,True,zones,A,save/zones/parietal,downstream_raw_results_kfold_folds1-1.csv
SimCLR,SimCLR-diffage-cosine,diffage,cosine,,parietal,all,age,fine_tuning,1,0.8931,0.0786,6.92,True,zones,A,save/zones/parietal,downstream_raw_results_kfold_folds1-1.csv
SimCLR,SimCLR-diffage-wasser,diffage,wasserstein,,parietal,all,age,fine_tuning,1,0.8573,0.0576,6.1,True,zones,A,save/zones/parietal,downstream_raw_results_kfold_folds1-1.csv
SimCLR,SimCLR-diffage-riemann,diffage,riemann,,parietal,all,age,fine_tuning,1,1.0356,-0.5185,7.12,True,zones,A,save/zones/parietal,downstream_raw_results_kfold_folds1-1.csv
VAE,VAE,,,,parietal,all,age,fine_tuning,1,0.6375,0.4528,4.42,True,zones,A,save/zones/parietal,downstream_raw_results_kfold_folds1-1.csv
SimCLR,SimCLR,augment,,,parietal,all,age,linear_probe,2,5.1998,-1.0521,12.51,True,zones,A,save/zones/parietal,downstream_raw_results_kfold_folds2-2.csv
SimCLR,SimCLR-nbr-cosine,nbr,cosine,,parietal,all,age,linear_probe,2,2.8105,0.2232,7.54,True,zones,A,save/zones/parietal,downstream_raw_results_kfold_folds2-2.csv
SimCLR,SimCLR-nbr-wasser,nbr,wasserstein,,parietal,all,age,linear_probe,2,2.9961,0.1497,7.45,True,zones,A,save/zones/parietal,downstream_raw_results_kfold_folds2-2.csv
SimCLR,SimCLR-nbr-riemann,nbr,riemann,,parietal,all,age,linear_probe,2,3.3865,0.1514,8.29,True,zones,A,save/zones/parietal,downstream_raw_results_kfold_folds2-2.csv
SimCLR,SimCLR-xsubj-cosine,xsubj,cosine,,parietal,all,age,linear_probe,2,2.9413,0.0295,8.41,True,zones,A,save/zones/parietal,downstream_raw_results_kfold_folds2-2.csv
SimCLR,SimCLR-xsubj-wasser,xsubj,wasserstein,,parietal,all,age,linear_probe,2,3.0173,-0.0057,8.26,True,zones,A,save/zones/parietal,downstream_raw_results_kfold_folds2-2.csv
SimCLR,SimCLR-xsubj-riemann,xsubj,riemann,,parietal,all,age,linear_probe,2,3.1202,-0.2846,8.91,True,zones,A,save/zones/parietal,downstream_raw_results_kfold_folds2-2.csv
SimCLR,SimCLR-diffage-cosine,diffage,cosine,,parietal,all,age,linear_probe,2,4.1607,-0.2083,10.35,True,zones,A,save/zones/parietal,downstream_raw_results_kfold_folds2-2.csv
SimCLR,SimCLR-diffage-wasser,diffage,wasserstein,,parietal,all,age,linear_probe,2,3.7032,-0.1006,9.19,True,zones,A,save/zones/parietal,downstream_raw_results_kfold_folds2-2.csv
SimCLR,SimCLR-diffage-riemann,diffage,riemann,,parietal,all,age,linear_probe,2,3.4974,0.0864,8.7,True,zones,A,save/zones/parietal,downstream_raw_results_kfold_folds2-2.csv
VAE,VAE,,,,parietal,all,age,linear_probe,2,4.3735,-0.4296,12.12,True,zones,A,save/zones/parietal,downstream_raw_results_kfold_folds2-2.csv
SimCLR,SimCLR,augment,,,parietal,all,age,fine_tuning,2,2.6047,0.3748,6.97,True,zones,A,save/zones/parietal,downstream_raw_results_kfold_folds2-2.csv
SimCLR,SimCLR-nbr-cosine,nbr,cosine,,parietal,all,age,fine_tuning,2,2.4363,0.5485,5.47,True,zones,A,save/zones/parietal,downstream_raw_results_kfold_folds2-2.csv
SimCLR,SimCLR-nbr-wasser,nbr,wasserstein,,parietal,all,age,fine_tuning,2,0.6375,0.5771,3.36,True,zones,A,save/zones/parietal,downstream_raw_results_kfold_folds2-2.csv
SimCLR,SimCLR-nbr-riemann,nbr,riemann,,parietal,all,age,fine_tuning,2,2.2308,-0.0602,7.11,True,zones,A,save/zones/parietal,downstream_raw_results_kfold_folds2-2.csv
SimCLR,SimCLR-xsubj-cosine,xsubj,cosine,,parietal,all,age,fine_tuning,2,1.1678,0.5131,4.7,True,zones,A,save/zones/parietal,downstream_raw_results_kfold_folds2-2.csv
SimCLR,SimCLR-xsubj-wasser,xsubj,wasserstein,,parietal,all,age,fine_tuning,2,1.6353,0.4363,5.18,True,zones,A,save/zones/parietal,downstream_raw_results_kfold_folds2-2.csv
SimCLR,SimCLR-xsubj-riemann,xsubj,riemann,,parietal,all,age,fine_tuning,2,2.5298,0.3328,7.1,True,zones,A,save/zones/parietal,downstream_raw_results_kfold_folds2-2.csv
SimCLR,SimCLR-diffage-cosine,diffage,cosine,,parietal,all,age,fine_tuning,2,1.7682,0.2721,6.7,True,zones,A,save/zones/parietal,downstream_raw_results_kfold_folds2-2.csv
SimCLR,SimCLR-diffage-wasser,diffage,wasserstein,,parietal,all,age,fine_tuning,2,2.4467,0.2114,7.65,True,zones,A,save/zones/parietal,downstream_raw_results_kfold_folds2-2.csv
SimCLR,SimCLR-diffage-riemann,diffage,riemann,,parietal,all,age,fine_tuning,2,1.2143,0.3945,5.25,True,zones,A,save/zones/parietal,downstream_raw_results_kfold_folds2-2.csv
VAE,VAE,,,,parietal,all,age,fine_tuning,2,1.221,0.4847,4.75,True,zones,A,save/zones/parietal,downstream_raw_results_kfold_folds2-2.csv
SimCLR,SimCLR,augment,,,parietal,all,age,linear_probe,3,1.4479,-1.5361,12.28,True,zones,A,save/zones/parietal,downstream_raw_results_kfold_folds3-3.csv
SimCLR,SimCLR-nbr-cosine,nbr,cosine,,parietal,all,age,linear_probe,3,1.0112,-0.3777,8.41,True,zones,A,save/zones/parietal,downstream_raw_results_kfold_folds3-3.csv
SimCLR,SimCLR-nbr-wasser,nbr,wasserstein,,parietal,all,age,linear_probe,3,0.9837,-0.3024,8.18,True,zones,A,save/zones/parietal,downstream_raw_results_kfold_folds3-3.csv
SimCLR,SimCLR-nbr-riemann,nbr,riemann,,parietal,all,age,linear_probe,3,1.0727,-0.6605,8.55,True,zones,A,save/zones/parietal,downstream_raw_results_kfold_folds3-3.csv
SimCLR,SimCLR-xsubj-cosine,xsubj,cosine,,parietal,all,age,linear_probe,3,0.96,-0.1674,8.04,True,zones,A,save/zones/parietal,downstream_raw_results_kfold_folds3-3.csv
SimCLR,SimCLR-xsubj-wasser,xsubj,wasserstein,,parietal,all,age,linear_probe,3,0.9335,-0.0168,8.1,True,zones,A,save/zones/parietal,downstream_raw_results_kfold_folds3-3.csv
SimCLR,SimCLR-xsubj-riemann,xsubj,riemann,,parietal,all,age,linear_probe,3,0.9941,-0.2615,8.33,True,zones,A,save/zones/parietal,downstream_raw_results_kfold_folds3-3.csv
SimCLR,SimCLR-diffage-cosine,diffage,cosine,,parietal,all,age,linear_probe,3,1.2382,-0.9034,10.45,True,zones,A,save/zones/parietal,downstream_raw_results_kfold_folds3-3.csv
SimCLR,SimCLR-diffage-wasser,diffage,wasserstein,,parietal,all,age,linear_probe,3,1.2151,-0.8742,10.15,True,zones,A,save/zones/parietal,downstream_raw_results_kfold_folds3-3.csv
SimCLR,SimCLR-diffage-riemann,diffage,riemann,,parietal,all,age,linear_probe,3,1.1285,-0.5927,9.47,True,zones,A,save/zones/parietal,downstream_raw_results_kfold_folds3-3.csv
VAE,VAE,,,,parietal,all,age,linear_probe,3,1.3335,-0.9756,11.75,True,zones,A,save/zones/parietal,downstream_raw_results_kfold_folds3-3.csv
SimCLR,SimCLR,augment,,,parietal,all,age,fine_tuning,3,0.8619,0.0141,7.15,True,zones,A,save/zones/parietal,downstream_raw_results_kfold_folds3-3.csv
SimCLR,SimCLR-nbr-cosine,nbr,cosine,,parietal,all,age,fine_tuning,3,0.8175,0.1437,6.85,True,zones,A,save/zones/parietal,downstream_raw_results_kfold_folds3-3.csv
SimCLR,SimCLR-nbr-wasser,nbr,wasserstein,,parietal,all,age,fine_tuning,3,0.7966,0.1406,6.54,True,zones,A,save/zones/parietal,downstream_raw_results_kfold_folds3-3.csv
SimCLR,SimCLR-nbr-riemann,nbr,riemann,,parietal,all,age,fine_tuning,3,0.8017,0.1659,6.69,True,zones,A,save/zones/parietal,downstream_raw_results_kfold_folds3-3.csv
SimCLR,SimCLR-xsubj-cosine,xsubj,cosine,,parietal,all,age,fine_tuning,3,0.8203,0.161,6.95,True,zones,A,save/zones/parietal,downstream_raw_results_kfold_folds3-3.csv
SimCLR,SimCLR-xsubj-wasser,xsubj,wasserstein,,parietal,all,age,fine_tuning,3,0.8762,0.1031,7.69,True,zones,A,save/zones/parietal,downstream_raw_results_kfold_folds3-3.csv
SimCLR,SimCLR-xsubj-riemann,xsubj,riemann,,parietal,all,age,fine_tuning,3,0.8596,-0.0106,7.08,True,zones,A,save/zones/parietal,downstream_raw_results_kfold_folds3-3.csv
SimCLR,SimCLR-diffage-cosine,diffage,cosine,,parietal,all,age,fine_tuning,3,0.8673,-0.0033,7.12,True,zones,A,save/zones/parietal,downstream_raw_results_kfold_folds3-3.csv
SimCLR,SimCLR-diffage-wasser,diffage,wasserstein,,parietal,all,age,fine_tuning,3,0.7767,0.258,6.53,True,zones,A,save/zones/parietal,downstream_raw_results_kfold_folds3-3.csv
SimCLR,SimCLR-diffage-riemann,diffage,riemann,,parietal,all,age,fine_tuning,3,0.8601,-0.1003,6.83,True,zones,A,save/zones/parietal,downstream_raw_results_kfold_folds3-3.csv
VAE,VAE,,,,parietal,all,age,fine_tuning,3,0.904,-0.1774,7.27,True,zones,A,save/zones/parietal,downstream_raw_results_kfold_folds3-3.csv
SimCLR,SimCLR,augment,,,parietal,all,age,linear_probe,4,2.9264,-12.4715,11.33,True,zones,A,save/zones/parietal,downstream_raw_results_kfold_folds4-4.csv
SimCLR,SimCLR-nbr-cosine,nbr,cosine,,parietal,all,age,linear_probe,4,2.4486,-10.9453,7.79,True,zones,A,save/zones/parietal,downstream_raw_results_kfold_folds4-4.csv
SimCLR,SimCLR-nbr-wasser,nbr,wasserstein,,parietal,all,age,linear_probe,4,2.6244,-11.6195,8.75,True,zones,A,save/zones/parietal,downstream_raw_results_kfold_folds4-4.csv
SimCLR,SimCLR-nbr-riemann,nbr,riemann,,parietal,all,age,linear_probe,4,1.9791,-5.1502,7.23,True,zones,A,save/zones/parietal,downstream_raw_results_kfold_folds4-4.csv
SimCLR,SimCLR-xsubj-cosine,xsubj,cosine,,parietal,all,age,linear_probe,4,2.1309,-6.3898,7.59,True,zones,A,save/zones/parietal,downstream_raw_results_kfold_folds4-4.csv
SimCLR,SimCLR-xsubj-wasser,xsubj,wasserstein,,parietal,all,age,linear_probe,4,1.8731,-4.4531,6.95,True,zones,A,save/zones/parietal,downstream_raw_results_kfold_folds4-4.csv
SimCLR,SimCLR-xsubj-riemann,xsubj,riemann,,parietal,all,age,linear_probe,4,2.318,-8.2468,8.25,True,zones,A,save/zones/parietal,downstream_raw_results_kfold_folds4-4.csv
SimCLR,SimCLR-diffage-cosine,diffage,cosine,,parietal,all,age,linear_probe,4,2.6617,-10.7266,9.7,True,zones,A,save/zones/parietal,downstream_raw_results_kfold_folds4-4.csv
SimCLR,SimCLR-diffage-wasser,diffage,wasserstein,,parietal,all,age,linear_probe,4,2.6371,-10.2401,9.55,True,zones,A,save/zones/parietal,downstream_raw_results_kfold_folds4-4.csv
SimCLR,SimCLR-diffage-riemann,diffage,riemann,,parietal,all,age,linear_probe,4,2.8219,-12.2288,10.09,True,zones,A,save/zones/parietal,downstream_raw_results_kfold_folds4-4.csv
VAE,VAE,,,,parietal,all,age,linear_probe,4,3.1253,-15.7173,11.51,True,zones,A,save/zones/parietal,downstream_raw_results_kfold_folds4-4.csv
SimCLR,SimCLR,augment,,,parietal,all,age,fine_tuning,4,1.6213,-3.9537,5.41,True,zones,A,save/zones/parietal,downstream_raw_results_kfold_folds4-4.csv
SimCLR,SimCLR-nbr-cosine,nbr,cosine,,parietal,all,age,fine_tuning,4,1.287,-2.0245,4.14,True,zones,A,save/zones/parietal,downstream_raw_results_kfold_folds4-4.csv
SimCLR,SimCLR-nbr-wasser,nbr,wasserstein,,parietal,all,age,fine_tuning,4,1.2027,-1.0848,4.66,True,zones,A,save/zones/parietal,downstream_raw_results_kfold_folds4-4.csv
SimCLR,SimCLR-nbr-riemann,nbr,riemann,,parietal,all,age,fine_tuning,4,1.3779,-2.4929,4.51,True,zones,A,save/zones/parietal,downstream_raw_results_kfold_folds4-4.csv
SimCLR,SimCLR-xsubj-cosine,xsubj,cosine,,parietal,all,age,fine_tuning,4,0.8408,0.0942,3.46,True,zones,A,save/zones/parietal,downstream_raw_results_kfold_folds4-4.csv
SimCLR,SimCLR-xsubj-wasser,xsubj,wasserstein,,parietal,all,age,fine_tuning,4,0.9937,-0.6117,3.46,True,zones,A,save/zones/parietal,downstream_raw_results_kfold_folds4-4.csv
SimCLR,SimCLR-xsubj-riemann,xsubj,riemann,,parietal,all,age,fine_tuning,4,1.4567,-2.4152,5.41,True,zones,A,save/zones/parietal,downstream_raw_results_kfold_folds4-4.csv
SimCLR,SimCLR-diffage-cosine,diffage,cosine,,parietal,all,age,fine_tuning,4,1.3633,-1.5414,5.38,True,zones,A,save/zones/parietal,downstream_raw_results_kfold_folds4-4.csv
SimCLR,SimCLR-diffage-wasser,diffage,wasserstein,,parietal,all,age,fine_tuning,4,1.3411,-1.763,5.02,True,zones,A,save/zones/parietal,downstream_raw_results_kfold_folds4-4.csv
SimCLR,SimCLR-diffage-riemann,diffage,riemann,,parietal,all,age,fine_tuning,4,1.2232,-0.8556,5.15,True,zones,A,save/zones/parietal,downstream_raw_results_kfold_folds4-4.csv
VAE,VAE,,,,parietal,all,age,fine_tuning,4,0.9616,-0.4845,3.36,True,zones,A,save/zones/parietal,downstream_raw_results_kfold_folds4-4.csv
SimCLR,SimCLR,augment,,,parietal,all,age,linear_probe,5,0.8372,0.2811,10.25,True,zones,A,save/zones/parietal,downstream_raw_results_kfold_folds5-5.csv
SimCLR,SimCLR-nbr-cosine,nbr,cosine,,parietal,all,age,linear_probe,5,0.4958,0.7314,5.99,True,zones,A,save/zones/parietal,downstream_raw_results_kfold_folds5-5.csv
SimCLR,SimCLR-nbr-wasser,nbr,wasserstein,,parietal,all,age,linear_probe,5,0.5147,0.7053,6.19,True,zones,A,save/zones/parietal,downstream_raw_results_kfold_folds5-5.csv
SimCLR,SimCLR-nbr-riemann,nbr,riemann,,parietal,all,age,linear_probe,5,0.5197,0.7079,6.27,True,zones,A,save/zones/parietal,downstream_raw_results_kfold_folds5-5.csv
SimCLR,SimCLR-xsubj-cosine,xsubj,cosine,,parietal,all,age,linear_probe,5,0.5389,0.6729,6.47,True,zones,A,save/zones/parietal,downstream_raw_results_kfold_folds5-5.csv
SimCLR,SimCLR-xsubj-wasser,xsubj,wasserstein,,parietal,all,age,linear_probe,5,0.4997,0.749,6.24,True,zones,A,save/zones/parietal,downstream_raw_results_kfold_folds5-5.csv
SimCLR,SimCLR-xsubj-riemann,xsubj,riemann,,parietal,all,age,linear_probe,5,0.5874,0.6372,7.15,True,zones,A,save/zones/parietal,downstream_raw_results_kfold_folds5-5.csv
SimCLR,SimCLR-diffage-cosine,diffage,cosine,,parietal,all,age,linear_probe,5,0.7556,0.4121,9.3,True,zones,A,save/zones/parietal,downstream_raw_results_kfold_folds5-5.csv
SimCLR,SimCLR-diffage-wasser,diffage,wasserstein,,parietal,all,age,linear_probe,5,0.7206,0.4528,8.77,True,zones,A,save/zones/parietal,downstream_raw_results_kfold_folds5-5.csv
SimCLR,SimCLR-diffage-riemann,diffage,riemann,,parietal,all,age,linear_probe,5,0.6772,0.5207,8.24,True,zones,A,save/zones/parietal,downstream_raw_results_kfold_folds5-5.csv
VAE,VAE,,,,parietal,all,age,linear_probe,5,1.0094,-0.0202,12.56,True,zones,A,save/zones/parietal,downstream_raw_results_kfold_folds5-5.csv
SimCLR,SimCLR,augment,,,parietal,all,age,fine_tuning,5,0.4401,0.7227,5.14,True,zones,A,save/zones/parietal,downstream_raw_results_kfold_folds5-5.csv
SimCLR,SimCLR-nbr-cosine,nbr,cosine,,parietal,all,age,fine_tuning,5,0.4063,0.7969,4.85,True,zones,A,save/zones/parietal,downstream_raw_results_kfold_folds5-5.csv
SimCLR,SimCLR-nbr-wasser,nbr,wasserstein,,parietal,all,age,fine_tuning,5,0.3858,0.8372,4.65,True,zones,A,save/zones/parietal,downstream_raw_results_kfold_folds5-5.csv
SimCLR,SimCLR-nbr-riemann,nbr,riemann,,parietal,all,age,fine_tuning,5,0.4199,0.8007,5.03,True,zones,A,save/zones/parietal,downstream_raw_results_kfold_folds5-5.csv
SimCLR,SimCLR-xsubj-cosine,xsubj,cosine,,parietal,all,age,fine_tuning,5,0.345,0.8722,4.17,True,zones,A,save/zones/parietal,downstream_raw_results_kfold_folds5-5.csv
SimCLR,SimCLR-xsubj-wasser,xsubj,wasserstein,,parietal,all,age,fine_tuning,5,0.3667,0.8584,4.48,True,zones,A,save/zones/parietal,downstream_raw_results_kfold_folds5-5.csv
SimCLR,SimCLR-xsubj-riemann,xsubj,riemann,,parietal,all,age,fine_tuning,5,0.3964,0.8317,4.82,True,zones,A,save/zones/parietal,downstream_raw_results_kfold_folds5-5.csv
SimCLR,SimCLR-diffage-cosine,diffage,cosine,,parietal,all,age,fine_tuning,5,0.4392,0.7825,5.27,True,zones,A,save/zones/parietal,downstream_raw_results_kfold_folds5-5.csv
SimCLR,SimCLR-diffage-wasser,diffage,wasserstein,,parietal,all,age,fine_tuning,5,0.5007,0.705,6.0,True,zones,A,save/zones/parietal,downstream_raw_results_kfold_folds5-5.csv
SimCLR,SimCLR-diffage-riemann,diffage,riemann,,parietal,all,age,fine_tuning,5,0.4714,0.7334,5.64,True,zones,A,save/zones/parietal,downstream_raw_results_kfold_folds5-5.csv
VAE,VAE,,,,parietal,all,age,fine_tuning,5,0.417,0.8051,4.99,True,zones,A,save/zones/parietal,downstream_raw_results_kfold_folds5-5.csv
SimCLR,SimCLR,augment,,,parietal,all,age,linear_probe,6,1.6284,-1.9831,11.71,True,zones,A,save/zones/parietal,downstream_raw_results_kfold_folds6-6.csv
SimCLR,SimCLR-nbr-cosine,nbr,cosine,,parietal,all,age,linear_probe,6,1.1431,-0.5903,7.64,True,zones,A,save/zones/parietal,downstream_raw_results_kfold_folds6-6.csv
SimCLR,SimCLR-nbr-wasser,nbr,wasserstein,,parietal,all,age,linear_probe,6,1.1632,-0.6807,7.62,True,zones,A,save/zones/parietal,downstream_raw_results_kfold_folds6-6.csv
SimCLR,SimCLR-nbr-riemann,nbr,riemann,,parietal,all,age,linear_probe,6,1.1566,-0.6502,7.69,True,zones,A,save/zones/parietal,downstream_raw_results_kfold_folds6-6.csv
SimCLR,SimCLR-xsubj-cosine,xsubj,cosine,,parietal,all,age,linear_probe,6,1.0795,-0.4019,7.26,True,zones,A,save/zones/parietal,downstream_raw_results_kfold_folds6-6.csv
SimCLR,SimCLR-xsubj-wasser,xsubj,wasserstein,,parietal,all,age,linear_probe,6,1.2491,-0.9983,8.08,True,zones,A,save/zones/parietal,downstream_raw_results_kfold_folds6-6.csv
SimCLR,SimCLR-xsubj-riemann,xsubj,riemann,,parietal,all,age,linear_probe,6,1.0755,-0.2883,7.86,True,zones,A,save/zones/parietal,downstream_raw_results_kfold_folds6-6.csv
SimCLR,SimCLR-diffage-cosine,diffage,cosine,,parietal,all,age,linear_probe,6,1.2867,-0.9995,8.64,True,zones,A,save/zones/parietal,downstream_raw_results_kfold_folds6-6.csv
SimCLR,SimCLR-diffage-wasser,diffage,wasserstein,,parietal,all,age,linear_probe,6,1.3786,-1.4685,8.77,True,zones,A,save/zones/parietal,downstream_raw_results_kfold_folds6-6.csv
SimCLR,SimCLR-diffage-riemann,diffage,riemann,,parietal,all,age,linear_probe,6,1.3243,-1.2302,8.45,True,zones,A,save/zones/parietal,downstream_raw_results_kfold_folds6-6.csv
VAE,VAE,,,,parietal,all,age,linear_probe,6,1.626,-2.0059,11.53,True,zones,A,save/zones/parietal,downstream_raw_results_kfold_folds6-6.csv
SimCLR,SimCLR,augment,,,parietal,all,age,fine_tuning,6,0.8252,0.1113,5.28,True,zones,A,save/zones/parietal,downstream_raw_results_kfold_folds6-6.csv
SimCLR,SimCLR-nbr-cosine,nbr,cosine,,parietal,all,age,fine_tuning,6,0.6786,0.3741,4.18,True,zones,A,save/zones/parietal,downstream_raw_results_kfold_folds6-6.csv
SimCLR,SimCLR-nbr-wasser,nbr,wasserstein,,parietal,all,age,fine_tuning,6,0.6663,0.4397,4.36,True,zones,A,save/zones/parietal,downstream_raw_results_kfold_folds6-6.csv
SimCLR,SimCLR-nbr-riemann,nbr,riemann,,parietal,all,age,fine_tuning,6,0.6896,0.422,4.69,True,zones,A,save/zones/parietal,downstream_raw_results_kfold_folds6-6.csv
SimCLR,SimCLR-xsubj-cosine,xsubj,cosine,,parietal,all,age,fine_tuning,6,0.7769,0.2677,5.29,True,zones,A,save/zones/parietal,downstream_raw_results_kfold_folds6-6.csv
SimCLR,SimCLR-xsubj-wasser,xsubj,wasserstein,,parietal,all,age,fine_tuning,6,0.515,0.6628,3.3,True,zones,A,save/zones/parietal,downstream_raw_results_kfold_folds6-6.csv
SimCLR,SimCLR-xsubj-riemann,xsubj,riemann,,parietal,all,age,fine_tuning,6,0.9105,-0.078,6.04,True,zones,A,save/zones/parietal,downstream_raw_results_kfold_folds6-6.csv
SimCLR,SimCLR-diffage-cosine,diffage,cosine,,parietal,all,age,fine_tuning,6,0.8438,0.2149,6.19,True,zones,A,save/zones/parietal,downstream_raw_results_kfold_folds6-6.csv
SimCLR,SimCLR-diffage-wasser,diffage,wasserstein,,parietal,all,age,fine_tuning,6,0.86,0.0754,5.65,True,zones,A,save/zones/parietal,downstream_raw_results_kfold_folds6-6.csv
SimCLR,SimCLR-diffage-riemann,diffage,riemann,,parietal,all,age,fine_tuning,6,0.7778,0.2917,5.45,True,zones,A,save/zones/parietal,downstream_raw_results_kfold_folds6-6.csv
VAE,VAE,,,,parietal,all,age,fine_tuning,6,0.7866,0.199,5.21,True,zones,A,save/zones/parietal,downstream_raw_results_kfold_folds6-6.csv
SimCLR,SimCLR,augment,,,parietal,all,age,linear_probe,7,0.9177,0.1431,10.59,True,zones,A,save/zones/parietal,downstream_raw_results_kfold_folds7-7.csv
SimCLR,SimCLR-nbr-cosine,nbr,cosine,,parietal,all,age,linear_probe,7,0.8229,0.2387,9.56,True,zones,A,save/zones/parietal,downstream_raw_results_kfold_folds7-7.csv
SimCLR,SimCLR-nbr-wasser,nbr,wasserstein,,parietal,all,age,linear_probe,7,0.7784,0.3198,9.04,True,zones,A,save/zones/parietal,downstream_raw_results_kfold_folds7-7.csv
SimCLR,SimCLR-nbr-riemann,nbr,riemann,,parietal,all,age,linear_probe,7,0.8458,0.2017,9.81,True,zones,A,save/zones/parietal,downstream_raw_results_kfold_folds7-7.csv
SimCLR,SimCLR-xsubj-cosine,xsubj,cosine,,parietal,all,age,linear_probe,7,0.8368,0.2531,9.73,True,zones,A,save/zones/parietal,downstream_raw_results_kfold_folds7-7.csv
SimCLR,SimCLR-xsubj-wasser,xsubj,wasserstein,,parietal,all,age,linear_probe,7,0.7407,0.4009,8.61,True,zones,A,save/zones/parietal,downstream_raw_results_kfold_folds7-7.csv
SimCLR,SimCLR-xsubj-riemann,xsubj,riemann,,parietal,all,age,linear_probe,7,0.8793,0.1341,10.23,True,zones,A,save/zones/parietal,downstream_raw_results_kfold_folds7-7.csv
SimCLR,SimCLR-diffage-cosine,diffage,cosine,,parietal,all,age,linear_probe,7,0.9379,0.0328,10.89,True,zones,A,save/zones/parietal,downstream_raw_results_kfold_folds7-7.csv
SimCLR,SimCLR-diffage-wasser,diffage,wasserstein,,parietal,all,age,linear_probe,7,1.0026,-0.0949,11.68,True,zones,A,save/zones/parietal,downstream_raw_results_kfold_folds7-7.csv
SimCLR,SimCLR-diffage-riemann,diffage,riemann,,parietal,all,age,linear_probe,7,0.9828,-0.0616,11.44,True,zones,A,save/zones/parietal,downstream_raw_results_kfold_folds7-7.csv
VAE,VAE,,,,parietal,all,age,linear_probe,7,1.0154,-0.033,11.71,True,zones,A,save/zones/parietal,downstream_raw_results_kfold_folds7-7.csv
SimCLR,SimCLR,augment,,,parietal,all,age,fine_tuning,7,0.8669,0.097,10.08,True,zones,A,save/zones/parietal,downstream_raw_results_kfold_folds7-7.csv
SimCLR,SimCLR-nbr-cosine,nbr,cosine,,parietal,all,age,fine_tuning,7,0.7598,0.2758,8.86,True,zones,A,save/zones/parietal,downstream_raw_results_kfold_folds7-7.csv
SimCLR,SimCLR-nbr-wasser,nbr,wasserstein,,parietal,all,age,fine_tuning,7,0.8798,0.0288,10.24,True,zones,A,save/zones/parietal,downstream_raw_results_kfold_folds7-7.csv
SimCLR,SimCLR-nbr-riemann,nbr,riemann,,parietal,all,age,fine_tuning,7,0.7057,0.3931,8.23,True,zones,A,save/zones/parietal,downstream_raw_results_kfold_folds7-7.csv
SimCLR,SimCLR-xsubj-cosine,xsubj,cosine,,parietal,all,age,fine_tuning,7,0.8343,0.1417,9.71,True,zones,A,save/zones/parietal,downstream_raw_results_kfold_folds7-7.csv
SimCLR,SimCLR-xsubj-wasser,xsubj,wasserstein,,parietal,all,age,fine_tuning,7,0.7367,0.3417,8.56,True,zones,A,save/zones/parietal,downstream_raw_results_kfold_folds7-7.csv
SimCLR,SimCLR-xsubj-riemann,xsubj,riemann,,parietal,all,age,fine_tuning,7,0.8868,0.0483,10.33,True,zones,A,save/zones/parietal,downstream_raw_results_kfold_folds7-7.csv
SimCLR,SimCLR-diffage-cosine,diffage,cosine,,parietal,all,age,fine_tuning,7,0.8369,0.1857,9.71,True,zones,A,save/zones/parietal,downstream_raw_results_kfold_folds7-7.csv
SimCLR,SimCLR-diffage-wasser,diffage,wasserstein,,parietal,all,age,fine_tuning,7,0.8445,0.1202,9.82,True,zones,A,save/zones/parietal,downstream_raw_results_kfold_folds7-7.csv
SimCLR,SimCLR-diffage-riemann,diffage,riemann,,parietal,all,age,fine_tuning,7,0.7733,0.2277,8.95,True,zones,A,save/zones/parietal,downstream_raw_results_kfold_folds7-7.csv
VAE,VAE,,,,parietal,all,age,fine_tuning,7,0.7693,0.2813,8.93,True,zones,A,save/zones/parietal,downstream_raw_results_kfold_folds7-7.csv
SimCLR,SimCLR,augment,,,parietal,all,age,linear_probe,8,0.9623,0.0352,12.18,True,zones,A,save/zones/parietal,downstream_raw_results_kfold_folds8-8.csv
SimCLR,SimCLR-nbr-cosine,nbr,cosine,,parietal,all,age,linear_probe,8,0.601,0.6324,7.72,True,zones,A,save/zones/parietal,downstream_raw_results_kfold_folds8-8.csv
SimCLR,SimCLR-nbr-wasser,nbr,wasserstein,,parietal,all,age,linear_probe,8,0.6636,0.5546,8.52,True,zones,A,save/zones/parietal,downstream_raw_results_kfold_folds8-8.csv
SimCLR,SimCLR-nbr-riemann,nbr,riemann,,parietal,all,age,linear_probe,8,0.6338,0.5912,8.11,True,zones,A,save/zones/parietal,downstream_raw_results_kfold_folds8-8.csv
SimCLR,SimCLR-xsubj-cosine,xsubj,cosine,,parietal,all,age,linear_probe,8,0.6694,0.5283,8.61,True,zones,A,save/zones/parietal,downstream_raw_results_kfold_folds8-8.csv
SimCLR,SimCLR-xsubj-wasser,xsubj,wasserstein,,parietal,all,age,linear_probe,8,0.6634,0.5432,8.55,True,zones,A,save/zones/parietal,downstream_raw_results_kfold_folds8-8.csv
SimCLR,SimCLR-xsubj-riemann,xsubj,riemann,,parietal,all,age,linear_probe,8,0.7521,0.4176,9.6,True,zones,A,save/zones/parietal,downstream_raw_results_kfold_folds8-8.csv
SimCLR,SimCLR-diffage-cosine,diffage,cosine,,parietal,all,age,linear_probe,8,0.8054,0.3108,10.17,True,zones,A,save/zones/parietal,downstream_raw_results_kfold_folds8-8.csv
SimCLR,SimCLR-diffage-wasser,diffage,wasserstein,,parietal,all,age,linear_probe,8,0.7256,0.4335,9.1,True,zones,A,save/zones/parietal,downstream_raw_results_kfold_folds8-8.csv
SimCLR,SimCLR-diffage-riemann,diffage,riemann,,parietal,all,age,linear_probe,8,0.7168,0.4549,9.08,True,zones,A,save/zones/parietal,downstream_raw_results_kfold_folds8-8.csv
VAE,VAE,,,,parietal,all,age,linear_probe,8,1.0668,-0.1421,13.81,True,zones,A,save/zones/parietal,downstream_raw_results_kfold_folds8-8.csv
SimCLR,SimCLR,augment,,,parietal,all,age,fine_tuning,8,0.6204,0.5893,8.21,True,zones,A,save/zones/parietal,downstream_raw_results_kfold_folds8-8.csv
SimCLR,SimCLR-nbr-cosine,nbr,cosine,,parietal,all,age,fine_tuning,8,0.3782,0.8488,4.97,True,zones,A,save/zones/parietal,downstream_raw_results_kfold_folds8-8.csv
SimCLR,SimCLR-nbr-wasser,nbr,wasserstein,,parietal,all,age,fine_tuning,8,0.4008,0.8202,5.14,True,zones,A,save/zones/parietal,downstream_raw_results_kfold_folds8-8.csv
SimCLR,SimCLR-nbr-riemann,nbr,riemann,,parietal,all,age,fine_tuning,8,0.3241,0.8789,4.05,True,zones,A,save/zones/parietal,downstream_raw_results_kfold_folds8-8.csv
SimCLR,SimCLR-xsubj-cosine,xsubj,cosine,,parietal,all,age,fine_tuning,8,0.3599,0.8572,4.56,True,zones,A,save/zones/parietal,downstream_raw_results_kfold_folds8-8.csv
SimCLR,SimCLR-xsubj-wasser,xsubj,wasserstein,,parietal,all,age,fine_tuning,8,0.2622,0.9242,3.28,True,zones,A,save/zones/parietal,downstream_raw_results_kfold_folds8-8.csv
SimCLR,SimCLR-xsubj-riemann,xsubj,riemann,,parietal,all,age,fine_tuning,8,0.4633,0.7795,5.92,True,zones,A,save/zones/parietal,downstream_raw_results_kfold_folds8-8.csv
SimCLR,SimCLR-diffage-cosine,diffage,cosine,,parietal,all,age,fine_tuning,8,0.5937,0.6109,7.46,True,zones,A,save/zones/parietal,downstream_raw_results_kfold_folds8-8.csv
SimCLR,SimCLR-diffage-wasser,diffage,wasserstein,,parietal,all,age,fine_tuning,8,0.5915,0.6102,7.56,True,zones,A,save/zones/parietal,downstream_raw_results_kfold_folds8-8.csv
SimCLR,SimCLR-diffage-riemann,diffage,riemann,,parietal,all,age,fine_tuning,8,0.5957,0.615,7.65,True,zones,A,save/zones/parietal,downstream_raw_results_kfold_folds8-8.csv
VAE,VAE,,,,parietal,all,age,fine_tuning,8,0.454,0.7827,5.83,True,zones,A,save/zones/parietal,downstream_raw_results_kfold_folds8-8.csv
SimCLR,SimCLR,augment,,,parietal,all,age,linear_probe,9,1.6621,-2.6478,13.74,True,zones,A,save/zones/parietal,downstream_raw_results_kfold_folds9-9.csv
SimCLR,SimCLR-nbr-cosine,nbr,cosine,,parietal,all,age,linear_probe,9,1.1625,-0.7353,9.7,True,zones,A,save/zones/parietal,downstream_raw_results_kfold_folds9-9.csv
SimCLR,SimCLR-nbr-wasser,nbr,wasserstein,,parietal,all,age,linear_probe,9,1.1872,-0.793,9.92,True,zones,A,save/zones/parietal,downstream_raw_results_kfold_folds9-9.csv
SimCLR,SimCLR-nbr-riemann,nbr,riemann,,parietal,all,age,linear_probe,9,1.1778,-0.7939,9.74,True,zones,A,save/zones/parietal,downstream_raw_results_kfold_folds9-9.csv
SimCLR,SimCLR-xsubj-cosine,xsubj,cosine,,parietal,all,age,linear_probe,9,1.1455,-0.625,9.72,True,zones,A,save/zones/parietal,downstream_raw_results_kfold_folds9-9.csv
SimCLR,SimCLR-xsubj-wasser,xsubj,wasserstein,,parietal,all,age,linear_probe,9,1.081,-0.4664,9.12,True,zones,A,save/zones/parietal,downstream_raw_results_kfold_folds9-9.csv
SimCLR,SimCLR-xsubj-riemann,xsubj,riemann,,parietal,all,age,linear_probe,9,1.1226,-0.5647,9.52,True,zones,A,save/zones/parietal,downstream_raw_results_kfold_folds9-9.csv
SimCLR,SimCLR-diffage-cosine,diffage,cosine,,parietal,all,age,linear_probe,9,1.2815,-1.051,10.83,True,zones,A,save/zones/parietal,downstream_raw_results_kfold_folds9-9.csv
SimCLR,SimCLR-diffage-wasser,diffage,wasserstein,,parietal,all,age,linear_probe,9,1.3673,-1.3763,11.4,True,zones,A,save/zones/parietal,downstream_raw_results_kfold_folds9-9.csv
SimCLR,SimCLR-diffage-riemann,diffage,riemann,,parietal,all,age,linear_probe,9,1.3873,-1.4795,11.5,True,zones,A,save/zones/parietal,downstream_raw_results_kfold_folds9-9.csv
VAE,VAE,,,,parietal,all,age,linear_probe,9,1.4571,-1.6553,12.4,True,zones,A,save/zones/parietal,downstream_raw_results_kfold_folds9-9.csv
SimCLR,SimCLR,augment,,,parietal,all,age,fine_tuning,9,1.1715,-0.7018,10.28,True,zones,A,save/zones/parietal,downstream_raw_results_kfold_folds9-9.csv
SimCLR,SimCLR-nbr-cosine,nbr,cosine,,parietal,all,age,fine_tuning,9,1.021,-0.216,9.5,True,zones,A,save/zones/parietal,downstream_raw_results_kfold_folds9-9.csv
SimCLR,SimCLR-nbr-wasser,nbr,wasserstein,,parietal,all,age,fine_tuning,9,0.8636,0.0456,7.92,True,zones,A,save/zones/parietal,downstream_raw_results_kfold_folds9-9.csv
SimCLR,SimCLR-nbr-riemann,nbr,riemann,,parietal,all,age,fine_tuning,9,0.8631,0.0913,7.79,True,zones,A,save/zones/parietal,downstream_raw_results_kfold_folds9-9.csv
SimCLR,SimCLR-xsubj-cosine,xsubj,cosine,,parietal,all,age,fine_tuning,9,0.9972,-0.1804,9.48,True,zones,A,save/zones/parietal,downstream_raw_results_kfold_folds9-9.csv
SimCLR,SimCLR-xsubj-wasser,xsubj,wasserstein,,parietal,all,age,fine_tuning,9,0.7973,0.1909,7.29,True,zones,A,save/zones/parietal,downstream_raw_results_kfold_folds9-9.csv
SimCLR,SimCLR-xsubj-riemann,xsubj,riemann,,parietal,all,age,fine_tuning,9,1.0481,-0.3421,9.99,True,zones,A,save/zones/parietal,downstream_raw_results_kfold_folds9-9.csv
SimCLR,SimCLR-diffage-cosine,diffage,cosine,,parietal,all,age,fine_tuning,9,1.1396,-0.5685,10.13,True,zones,A,save/zones/parietal,downstream_raw_results_kfold_folds9-9.csv
SimCLR,SimCLR-diffage-wasser,diffage,wasserstein,,parietal,all,age,fine_tuning,9,1.038,-0.3168,9.96,True,zones,A,save/zones/parietal,downstream_raw_results_kfold_folds9-9.csv
SimCLR,SimCLR-diffage-riemann,diffage,riemann,,parietal,all,age,fine_tuning,9,1.0318,-0.2847,9.53,True,zones,A,save/zones/parietal,downstream_raw_results_kfold_folds9-9.csv
VAE,VAE,,,,parietal,all,age,fine_tuning,9,0.9808,-0.2128,8.67,True,zones,A,save/zones/parietal,downstream_raw_results_kfold_folds9-9.csv
SimCLR,SimCLR,augment,,,occipital,all,age,linear_probe,0,1.6283,-2.9336,12.04,True,zones,A,save/zones/occipital,downstream_raw_results_kfold_folds0-0.csv
SimCLR,SimCLR-nbr-cosine,nbr,cosine,,occipital,all,age,linear_probe,0,1.2867,-2.0406,8.37,True,zones,A,save/zones/occipital,downstream_raw_results_kfold_folds0-0.csv
SimCLR,SimCLR-nbr-wasser,nbr,wasserstein,,occipital,all,age,linear_probe,0,1.4255,-3.251,8.67,True,zones,A,save/zones/occipital,downstream_raw_results_kfold_folds0-0.csv
SimCLR,SimCLR-nbr-riemann,nbr,riemann,,occipital,all,age,linear_probe,0,1.4277,-2.9213,9.11,True,zones,A,save/zones/occipital,downstream_raw_results_kfold_folds0-0.csv
SimCLR,SimCLR-xsubj-cosine,xsubj,cosine,,occipital,all,age,linear_probe,0,1.2624,-2.2143,7.84,True,zones,A,save/zones/occipital,downstream_raw_results_kfold_folds0-0.csv
SimCLR,SimCLR-xsubj-wasser,xsubj,wasserstein,,occipital,all,age,linear_probe,0,0.9697,-0.8398,6.12,True,zones,A,save/zones/occipital,downstream_raw_results_kfold_folds0-0.csv
SimCLR,SimCLR-xsubj-riemann,xsubj,riemann,,occipital,all,age,linear_probe,0,1.3844,-2.7686,8.77,True,zones,A,save/zones/occipital,downstream_raw_results_kfold_folds0-0.csv
SimCLR,SimCLR-diffage-cosine,diffage,cosine,,occipital,all,age,linear_probe,0,1.8127,-4.2803,12.76,True,zones,A,save/zones/occipital,downstream_raw_results_kfold_folds0-0.csv
SimCLR,SimCLR-diffage-wasser,diffage,wasserstein,,occipital,all,age,linear_probe,0,1.7232,-3.4199,12.58,True,zones,A,save/zones/occipital,downstream_raw_results_kfold_folds0-0.csv
SimCLR,SimCLR-diffage-riemann,diffage,riemann,,occipital,all,age,linear_probe,0,1.7809,-3.8871,12.77,True,zones,A,save/zones/occipital,downstream_raw_results_kfold_folds0-0.csv
VAE,VAE,,,,occipital,all,age,linear_probe,0,1.6148,-2.8335,11.95,True,zones,A,save/zones/occipital,downstream_raw_results_kfold_folds0-0.csv
SimCLR,SimCLR,augment,,,occipital,all,age,fine_tuning,0,0.6068,0.2524,3.69,True,zones,A,save/zones/occipital,downstream_raw_results_kfold_folds0-0.csv
SimCLR,SimCLR-nbr-cosine,nbr,cosine,,occipital,all,age,fine_tuning,0,0.6109,0.1238,3.45,True,zones,A,save/zones/occipital,downstream_raw_results_kfold_folds0-0.csv
SimCLR,SimCLR-nbr-wasser,nbr,wasserstein,,occipital,all,age,fine_tuning,0,0.8792,-0.884,4.83,True,zones,A,save/zones/occipital,downstream_raw_results_kfold_folds0-0.csv
SimCLR,SimCLR-nbr-riemann,nbr,riemann,,occipital,all,age,fine_tuning,0,0.7533,-0.3346,4.23,True,zones,A,save/zones/occipital,downstream_raw_results_kfold_folds0-0.csv
SimCLR,SimCLR-xsubj-cosine,xsubj,cosine,,occipital,all,age,fine_tuning,0,0.721,-0.1886,4.12,True,zones,A,save/zones/occipital,downstream_raw_results_kfold_folds0-0.csv
SimCLR,SimCLR-xsubj-wasser,xsubj,wasserstein,,occipital,all,age,fine_tuning,0,0.5986,0.157,3.36,True,zones,A,save/zones/occipital,downstream_raw_results_kfold_folds0-0.csv
SimCLR,SimCLR-xsubj-riemann,xsubj,riemann,,occipital,all,age,fine_tuning,0,0.6755,-0.0322,3.86,True,zones,A,save/zones/occipital,downstream_raw_results_kfold_folds0-0.csv
SimCLR,SimCLR-diffage-cosine,diffage,cosine,,occipital,all,age,fine_tuning,0,0.7443,-0.495,3.86,True,zones,A,save/zones/occipital,downstream_raw_results_kfold_folds0-0.csv
SimCLR,SimCLR-diffage-wasser,diffage,wasserstein,,occipital,all,age,fine_tuning,0,0.7242,-0.2325,4.07,True,zones,A,save/zones/occipital,downstream_raw_results_kfold_folds0-0.csv
SimCLR,SimCLR-diffage-riemann,diffage,riemann,,occipital,all,age,fine_tuning,0,0.9006,-0.9916,4.92,True,zones,A,save/zones/occipital,downstream_raw_results_kfold_folds0-0.csv
VAE,VAE,,,,occipital,all,age,fine_tuning,0,0.6544,-0.058,3.56,True,zones,A,save/zones/occipital,downstream_raw_results_kfold_folds0-0.csv
SimCLR,SimCLR,augment,,,occipital,all,age,linear_probe,1,1.6063,-2.1339,12.63,True,zones,A,save/zones/occipital,downstream_raw_results_kfold_folds1-1.csv
SimCLR,SimCLR-nbr-cosine,nbr,cosine,,occipital,all,age,linear_probe,1,0.9879,-0.1936,7.65,True,zones,A,save/zones/occipital,downstream_raw_results_kfold_folds1-1.csv
SimCLR,SimCLR-nbr-wasser,nbr,wasserstein,,occipital,all,age,linear_probe,1,1.0767,-0.4373,8.0,True,zones,A,save/zones/occipital,downstream_raw_results_kfold_folds1-1.csv
SimCLR,SimCLR-nbr-riemann,nbr,riemann,,occipital,all,age,linear_probe,1,1.1088,-0.5018,8.62,True,zones,A,save/zones/occipital,downstream_raw_results_kfold_folds1-1.csv
SimCLR,SimCLR-xsubj-cosine,xsubj,cosine,,occipital,all,age,linear_probe,1,0.9973,-0.404,6.76,True,zones,A,save/zones/occipital,downstream_raw_results_kfold_folds1-1.csv
SimCLR,SimCLR-xsubj-wasser,xsubj,wasserstein,,occipital,all,age,linear_probe,1,0.8397,0.1457,6.29,True,zones,A,save/zones/occipital,downstream_raw_results_kfold_folds1-1.csv
SimCLR,SimCLR-xsubj-riemann,xsubj,riemann,,occipital,all,age,linear_probe,1,1.2355,-0.7466,9.68,True,zones,A,save/zones/occipital,downstream_raw_results_kfold_folds1-1.csv
SimCLR,SimCLR-diffage-cosine,diffage,cosine,,occipital,all,age,linear_probe,1,1.5543,-1.7586,12.53,True,zones,A,save/zones/occipital,downstream_raw_results_kfold_folds1-1.csv
SimCLR,SimCLR-diffage-wasser,diffage,wasserstein,,occipital,all,age,linear_probe,1,1.4751,-1.4546,11.9,True,zones,A,save/zones/occipital,downstream_raw_results_kfold_folds1-1.csv
SimCLR,SimCLR-diffage-riemann,diffage,riemann,,occipital,all,age,linear_probe,1,1.4821,-1.4643,11.92,True,zones,A,save/zones/occipital,downstream_raw_results_kfold_folds1-1.csv
VAE,VAE,,,,occipital,all,age,linear_probe,1,1.7082,-2.5903,12.72,True,zones,A,save/zones/occipital,downstream_raw_results_kfold_folds1-1.csv
SimCLR,SimCLR,augment,,,occipital,all,age,fine_tuning,1,0.51,0.6388,3.55,True,zones,A,save/zones/occipital,downstream_raw_results_kfold_folds1-1.csv
SimCLR,SimCLR-nbr-cosine,nbr,cosine,,occipital,all,age,fine_tuning,1,0.3908,0.7688,2.45,True,zones,A,save/zones/occipital,downstream_raw_results_kfold_folds1-1.csv
SimCLR,SimCLR-nbr-wasser,nbr,wasserstein,,occipital,all,age,fine_tuning,1,0.3975,0.7596,2.58,True,zones,A,save/zones/occipital,downstream_raw_results_kfold_folds1-1.csv
SimCLR,SimCLR-nbr-riemann,nbr,riemann,,occipital,all,age,fine_tuning,1,0.4865,0.6558,3.14,True,zones,A,save/zones/occipital,downstream_raw_results_kfold_folds1-1.csv
SimCLR,SimCLR-xsubj-cosine,xsubj,cosine,,occipital,all,age,fine_tuning,1,0.3814,0.807,2.67,True,zones,A,save/zones/occipital,downstream_raw_results_kfold_folds1-1.csv
SimCLR,SimCLR-xsubj-wasser,xsubj,wasserstein,,occipital,all,age,fine_tuning,1,0.4381,0.7479,3.06,True,zones,A,save/zones/occipital,downstream_raw_results_kfold_folds1-1.csv
SimCLR,SimCLR-xsubj-riemann,xsubj,riemann,,occipital,all,age,fine_tuning,1,0.3653,0.7918,2.28,True,zones,A,save/zones/occipital,downstream_raw_results_kfold_folds1-1.csv
SimCLR,SimCLR-diffage-cosine,diffage,cosine,,occipital,all,age,fine_tuning,1,0.5226,0.5917,3.36,True,zones,A,save/zones/occipital,downstream_raw_results_kfold_folds1-1.csv
SimCLR,SimCLR-diffage-wasser,diffage,wasserstein,,occipital,all,age,fine_tuning,1,0.5201,0.5822,3.36,True,zones,A,save/zones/occipital,downstream_raw_results_kfold_folds1-1.csv
SimCLR,SimCLR-diffage-riemann,diffage,riemann,,occipital,all,age,fine_tuning,1,0.4882,0.6709,3.37,True,zones,A,save/zones/occipital,downstream_raw_results_kfold_folds1-1.csv
VAE,VAE,,,,occipital,all,age,fine_tuning,1,0.4217,0.6991,2.53,True,zones,A,save/zones/occipital,downstream_raw_results_kfold_folds1-1.csv
SimCLR,SimCLR,augment,,,occipital,all,age,linear_probe,2,5.4354,-0.7961,12.84,True,zones,A,save/zones/occipital,downstream_raw_results_kfold_folds2-2.csv
SimCLR,SimCLR-nbr-cosine,nbr,cosine,,occipital,all,age,linear_probe,2,2.5063,0.2936,6.82,True,zones,A,save/zones/occipital,downstream_raw_results_kfold_folds2-2.csv
SimCLR,SimCLR-nbr-wasser,nbr,wasserstein,,occipital,all,age,linear_probe,2,2.5629,0.0539,6.96,True,zones,A,save/zones/occipital,downstream_raw_results_kfold_folds2-2.csv
SimCLR,SimCLR-nbr-riemann,nbr,riemann,,occipital,all,age,linear_probe,2,3.5523,0.0754,8.33,True,zones,A,save/zones/occipital,downstream_raw_results_kfold_folds2-2.csv
SimCLR,SimCLR-xsubj-cosine,xsubj,cosine,,occipital,all,age,linear_probe,2,1.9955,0.1963,6.03,True,zones,A,save/zones/occipital,downstream_raw_results_kfold_folds2-2.csv
SimCLR,SimCLR-xsubj-wasser,xsubj,wasserstein,,occipital,all,age,linear_probe,2,1.4518,0.4769,4.88,True,zones,A,save/zones/occipital,downstream_raw_results_kfold_folds2-2.csv
SimCLR,SimCLR-xsubj-riemann,xsubj,riemann,,occipital,all,age,linear_probe,2,3.2969,0.1149,8.22,True,zones,A,save/zones/occipital,downstream_raw_results_kfold_folds2-2.csv
SimCLR,SimCLR-diffage-cosine,diffage,cosine,,occipital,all,age,linear_probe,2,4.1193,-0.8969,11.33,True,zones,A,save/zones/occipital,downstream_raw_results_kfold_folds2-2.csv
SimCLR,SimCLR-diffage-wasser,diffage,wasserstein,,occipital,all,age,linear_probe,2,4.99,-0.7182,12.19,True,zones,A,save/zones/occipital,downstream_raw_results_kfold_folds2-2.csv
SimCLR,SimCLR-diffage-riemann,diffage,riemann,,occipital,all,age,linear_probe,2,5.2587,-0.9272,12.46,True,zones,A,save/zones/occipital,downstream_raw_results_kfold_folds2-2.csv
VAE,VAE,,,,occipital,all,age,linear_probe,2,4.3674,-0.4836,12.2,True,zones,A,save/zones/occipital,downstream_raw_results_kfold_folds2-2.csv
SimCLR,SimCLR,augment,,,occipital,all,age,fine_tuning,2,0.571,0.5714,2.98,True,zones,A,save/zones/occipital,downstream_raw_results_kfold_folds2-2.csv
SimCLR,SimCLR-nbr-cosine,nbr,cosine,,occipital,all,age,fine_tuning,2,0.4993,0.6522,2.64,True,zones,A,save/zones/occipital,downstream_raw_results_kfold_folds2-2.csv
SimCLR,SimCLR-nbr-wasser,nbr,wasserstein,,occipital,all,age,fine_tuning,2,0.5807,0.6371,2.8,True,zones,A,save/zones/occipital,downstream_raw_results_kfold_folds2-2.csv
SimCLR,SimCLR-nbr-riemann,nbr,riemann,,occipital,all,age,fine_tuning,2,0.3964,0.6249,2.66,True,zones,A,save/zones/occipital,downstream_raw_results_kfold_folds2-2.csv
SimCLR,SimCLR-xsubj-cosine,xsubj,cosine,,occipital,all,age,fine_tuning,2,0.4482,0.63,2.68,True,zones,A,save/zones/occipital,downstream_raw_results_kfold_folds2-2.csv
SimCLR,SimCLR-xsubj-wasser,xsubj,wasserstein,,occipital,all,age,fine_tuning,2,2.6582,0.373,5.83,True,zones,A,save/zones/occipital,downstream_raw_results_kfold_folds2-2.csv
SimCLR,SimCLR-xsubj-riemann,xsubj,riemann,,occipital,all,age,fine_tuning,2,0.5479,0.6042,3.1,True,zones,A,save/zones/occipital,downstream_raw_results_kfold_folds2-2.csv
SimCLR,SimCLR-diffage-cosine,diffage,cosine,,occipital,all,age,fine_tuning,2,0.493,0.6123,2.73,True,zones,A,save/zones/occipital,downstream_raw_results_kfold_folds2-2.csv
SimCLR,SimCLR-diffage-wasser,diffage,wasserstein,,occipital,all,age,fine_tuning,2,0.6682,0.6108,2.88,True,zones,A,save/zones/occipital,downstream_raw_results_kfold_folds2-2.csv
SimCLR,SimCLR-diffage-riemann,diffage,riemann,,occipital,all,age,fine_tuning,2,0.5137,0.3934,3.28,True,zones,A,save/zones/occipital,downstream_raw_results_kfold_folds2-2.csv
VAE,VAE,,,,occipital,all,age,fine_tuning,2,0.6177,0.6557,2.54,True,zones,A,save/zones/occipital,downstream_raw_results_kfold_folds2-2.csv
SimCLR,SimCLR,augment,,,occipital,all,age,linear_probe,3,1.3599,-1.2109,11.5,True,zones,A,save/zones/occipital,downstream_raw_results_kfold_folds3-3.csv
SimCLR,SimCLR-nbr-cosine,nbr,cosine,,occipital,all,age,linear_probe,3,0.8171,0.2504,7.12,True,zones,A,save/zones/occipital,downstream_raw_results_kfold_folds3-3.csv
SimCLR,SimCLR-nbr-wasser,nbr,wasserstein,,occipital,all,age,linear_probe,3,0.8509,0.0811,7.04,True,zones,A,save/zones/occipital,downstream_raw_results_kfold_folds3-3.csv
SimCLR,SimCLR-nbr-riemann,nbr,riemann,,occipital,all,age,linear_probe,3,0.8976,0.0139,7.58,True,zones,A,save/zones/occipital,downstream_raw_results_kfold_folds3-3.csv
SimCLR,SimCLR-xsubj-cosine,xsubj,cosine,,occipital,all,age,linear_probe,3,0.808,0.2124,6.84,True,zones,A,save/zones/occipital,downstream_raw_results_kfold_folds3-3.csv
SimCLR,SimCLR-xsubj-wasser,xsubj,wasserstein,,occipital,all,age,linear_probe,3,0.6407,0.4874,5.34,True,zones,A,save/zones/occipital,downstream_raw_results_kfold_folds3-3.csv
SimCLR,SimCLR-xsubj-riemann,xsubj,riemann,,occipital,all,age,linear_probe,3,0.7206,0.4275,6.46,True,zones,A,save/zones/occipital,downstream_raw_results_kfold_folds3-3.csv
SimCLR,SimCLR-diffage-cosine,diffage,cosine,,occipital,all,age,linear_probe,3,1.4087,-1.4588,11.79,True,zones,A,save/zones/occipital,downstream_raw_results_kfold_folds3-3.csv
SimCLR,SimCLR-diffage-wasser,diffage,wasserstein,,occipital,all,age,linear_probe,3,1.3745,-1.4984,11.19,True,zones,A,save/zones/occipital,downstream_raw_results_kfold_folds3-3.csv
SimCLR,SimCLR-diffage-riemann,diffage,riemann,,occipital,all,age,linear_probe,3,1.4078,-1.4683,11.77,True,zones,A,save/zones/occipital,downstream_raw_results_kfold_folds3-3.csv
VAE,VAE,,,,occipital,all,age,linear_probe,3,1.3242,-0.9348,11.72,True,zones,A,save/zones/occipital,downstream_raw_results_kfold_folds3-3.csv
SimCLR,SimCLR,augment,,,occipital,all,age,fine_tuning,3,0.4503,0.7535,3.77,True,zones,A,save/zones/occipital,downstream_raw_results_kfold_folds3-3.csv
SimCLR,SimCLR-nbr-cosine,nbr,cosine,,occipital,all,age,fine_tuning,3,0.4507,0.729,3.63,True,zones,A,save/zones/occipital,downstream_raw_results_kfold_folds3-3.csv
SimCLR,SimCLR-nbr-wasser,nbr,wasserstein,,occipital,all,age,fine_tuning,3,0.4476,0.736,3.6,True,zones,A,save/zones/occipital,downstream_raw_results_kfold_folds3-3.csv
SimCLR,SimCLR-nbr-riemann,nbr,riemann,,occipital,all,age,fine_tuning,3,0.4125,0.7721,3.35,True,zones,A,save/zones/occipital,downstream_raw_results_kfold_folds3-3.csv
SimCLR,SimCLR-xsubj-cosine,xsubj,cosine,,occipital,all,age,fine_tuning,3,0.4067,0.7935,3.35,True,zones,A,save/zones/occipital,downstream_raw_results_kfold_folds3-3.csv
SimCLR,SimCLR-xsubj-wasser,xsubj,wasserstein,,occipital,all,age,fine_tuning,3,0.3603,0.8337,2.93,True,zones,A,save/zones/occipital,downstream_raw_results_kfold_folds3-3.csv
SimCLR,SimCLR-xsubj-riemann,xsubj,riemann,,occipital,all,age,fine_tuning,3,0.4082,0.7649,3.25,True,zones,A,save/zones/occipital,downstream_raw_results_kfold_folds3-3.csv
SimCLR,SimCLR-diffage-cosine,diffage,cosine,,occipital,all,age,fine_tuning,3,0.4635,0.6972,3.67,True,zones,A,save/zones/occipital,downstream_raw_results_kfold_folds3-3.csv
SimCLR,SimCLR-diffage-wasser,diffage,wasserstein,,occipital,all,age,fine_tuning,3,0.3965,0.7871,3.21,True,zones,A,save/zones/occipital,downstream_raw_results_kfold_folds3-3.csv
SimCLR,SimCLR-diffage-riemann,diffage,riemann,,occipital,all,age,fine_tuning,3,0.4463,0.6994,3.47,True,zones,A,save/zones/occipital,downstream_raw_results_kfold_folds3-3.csv
VAE,VAE,,,,occipital,all,age,fine_tuning,3,0.4054,0.7784,3.23,True,zones,A,save/zones/occipital,downstream_raw_results_kfold_folds3-3.csv
SimCLR,SimCLR,augment,,,occipital,all,age,linear_probe,4,2.8818,-12.0602,11.21,True,zones,A,save/zones/occipital,downstream_raw_results_kfold_folds4-4.csv
SimCLR,SimCLR-nbr-cosine,nbr,cosine,,occipital,all,age,linear_probe,4,1.9231,-5.3581,6.66,True,zones,A,save/zones/occipital,downstream_raw_results_kfold_folds4-4.csv
SimCLR,SimCLR-nbr-wasser,nbr,wasserstein,,occipital,all,age,linear_probe,4,2.0316,-5.8309,7.03,True,zones,A,save/zones/occipital,downstream_raw_results_kfold_folds4-4.csv
SimCLR,SimCLR-nbr-riemann,nbr,riemann,,occipital,all,age,linear_probe,4,2.1288,-7.0666,7.3,True,zones,A,save/zones/occipital,downstream_raw_results_kfold_folds4-4.csv
SimCLR,SimCLR-xsubj-cosine,xsubj,cosine,,occipital,all,age,linear_probe,4,1.8592,-5.0706,6.24,True,zones,A,save/zones/occipital,downstream_raw_results_kfold_folds4-4.csv
SimCLR,SimCLR-xsubj-wasser,xsubj,wasserstein,,occipital,all,age,linear_probe,4,1.1854,-0.8299,4.67,True,zones,A,save/zones/occipital,downstream_raw_results_kfold_folds4-4.csv
SimCLR,SimCLR-xsubj-riemann,xsubj,riemann,,occipital,all,age,linear_probe,4,1.5384,-2.3977,5.89,True,zones,A,save/zones/occipital,downstream_raw_results_kfold_folds4-4.csv
SimCLR,SimCLR-diffage-cosine,diffage,cosine,,occipital,all,age,linear_probe,4,3.2703,-18.0041,12.19,True,zones,A,save/zones/occipital,downstream_raw_results_kfold_folds4-4.csv
SimCLR,SimCLR-diffage-wasser,diffage,wasserstein,,occipital,all,age,linear_probe,4,2.8133,-11.1792,11.05,True,zones,A,save/zones/occipital,downstream_raw_results_kfold_folds4-4.csv
SimCLR,SimCLR-diffage-riemann,diffage,riemann,,occipital,all,age,linear_probe,4,3.033,-14.2711,11.53,True,zones,A,save/zones/occipital,downstream_raw_results_kfold_folds4-4.csv
VAE,VAE,,,,occipital,all,age,linear_probe,4,3.079,-15.1253,11.43,True,zones,A,save/zones/occipital,downstream_raw_results_kfold_folds4-4.csv
SimCLR,SimCLR,augment,,,occipital,all,age,fine_tuning,4,1.263,-2.2209,3.73,True,zones,A,save/zones/occipital,downstream_raw_results_kfold_folds4-4.csv
SimCLR,SimCLR-nbr-cosine,nbr,cosine,,occipital,all,age,fine_tuning,4,1.0433,-0.9622,3.15,True,zones,A,save/zones/occipital,downstream_raw_results_kfold_folds4-4.csv
SimCLR,SimCLR-nbr-wasser,nbr,wasserstein,,occipital,all,age,fine_tuning,4,1.1015,-1.2952,3.41,True,zones,A,save/zones/occipital,downstream_raw_results_kfold_folds4-4.csv
SimCLR,SimCLR-nbr-riemann,nbr,riemann,,occipital,all,age,fine_tuning,4,1.3256,-2.8674,3.72,True,zones,A,save/zones/occipital,downstream_raw_results_kfold_folds4-4.csv
SimCLR,SimCLR-xsubj-cosine,xsubj,cosine,,occipital,all,age,fine_tuning,4,0.9849,-0.9512,2.88,True,zones,A,save/zones/occipital,downstream_raw_results_kfold_folds4-4.csv
SimCLR,SimCLR-xsubj-wasser,xsubj,wasserstein,,occipital,all,age,fine_tuning,4,0.7558,0.257,3.02,True,zones,A,save/zones/occipital,downstream_raw_results_kfold_folds4-4.csv
SimCLR,SimCLR-xsubj-riemann,xsubj,riemann,,occipital,all,age,fine_tuning,4,1.4581,-3.2162,4.45,True,zones,A,save/zones/occipital,downstream_raw_results_kfold_folds4-4.csv
SimCLR,SimCLR-diffage-cosine,diffage,cosine,,occipital,all,age,fine_tuning,4,1.387,-3.4135,3.68,True,zones,A,save/zones/occipital,downstream_raw_results_kfold_folds4-4.csv
SimCLR,SimCLR-diffage-wasser,diffage,wasserstein,,occipital,all,age,fine_tuning,4,1.1423,-1.6997,3.36,True,zones,A,save/zones/occipital,downstream_raw_results_kfold_folds4-4.csv
SimCLR,SimCLR-diffage-riemann,diffage,riemann,,occipital,all,age,fine_tuning,4,1.1099,-1.3227,3.37,True,zones,A,save/zones/occipital,downstream_raw_results_kfold_folds4-4.csv
VAE,VAE,,,,occipital,all,age,fine_tuning,4,1.12,-1.6865,3.14,True,zones,A,save/zones/occipital,downstream_raw_results_kfold_folds4-4.csv
SimCLR,SimCLR,augment,,,occipital,all,age,linear_probe,5,0.8918,0.1959,11.0,True,zones,A,save/zones/occipital,downstream_raw_results_kfold_folds5-5.csv
SimCLR,SimCLR-nbr-cosine,nbr,cosine,,occipital,all,age,linear_probe,5,0.4602,0.7834,5.74,True,zones,A,save/zones/occipital,downstream_raw_results_kfold_folds5-5.csv
SimCLR,SimCLR-nbr-wasser,nbr,wasserstein,,occipital,all,age,linear_probe,5,0.5015,0.7306,6.15,True,zones,A,save/zones/occipital,downstream_raw_results_kfold_folds5-5.csv
SimCLR,SimCLR-nbr-riemann,nbr,riemann,,occipital,all,age,linear_probe,5,0.499,0.7338,6.07,True,zones,A,save/zones/occipital,downstream_raw_results_kfold_folds5-5.csv
SimCLR,SimCLR-xsubj-cosine,xsubj,cosine,,occipital,all,age,linear_probe,5,0.4564,0.7848,5.65,True,zones,A,save/zones/occipital,downstream_raw_results_kfold_folds5-5.csv
SimCLR,SimCLR-xsubj-wasser,xsubj,wasserstein,,occipital,all,age,linear_probe,5,0.3922,0.8373,4.76,True,zones,A,save/zones/occipital,downstream_raw_results_kfold_folds5-5.csv
SimCLR,SimCLR-xsubj-riemann,xsubj,riemann,,occipital,all,age,linear_probe,5,0.522,0.7223,6.46,True,zones,A,save/zones/occipital,downstream_raw_results_kfold_folds5-5.csv
SimCLR,SimCLR-diffage-cosine,diffage,cosine,,occipital,all,age,linear_probe,5,0.8563,0.2502,10.52,True,zones,A,save/zones/occipital,downstream_raw_results_kfold_folds5-5.csv
SimCLR,SimCLR-diffage-wasser,diffage,wasserstein,,occipital,all,age,linear_probe,5,0.7682,0.3931,9.41,True,zones,A,save/zones/occipital,downstream_raw_results_kfold_folds5-5.csv
SimCLR,SimCLR-diffage-riemann,diffage,riemann,,occipital,all,age,linear_probe,5,0.7844,0.3643,9.64,True,zones,A,save/zones/occipital,downstream_raw_results_kfold_folds5-5.csv
VAE,VAE,,,,occipital,all,age,linear_probe,5,1.0287,-0.0592,12.81,True,zones,A,save/zones/occipital,downstream_raw_results_kfold_folds5-5.csv
SimCLR,SimCLR,augment,,,occipital,all,age,fine_tuning,5,0.2986,0.9021,3.64,True,zones,A,save/zones/occipital,downstream_raw_results_kfold_folds5-5.csv
SimCLR,SimCLR-nbr-cosine,nbr,cosine,,occipital,all,age,fine_tuning,5,0.3803,0.8484,4.63,True,zones,A,save/zones/occipital,downstream_raw_results_kfold_folds5-5.csv
SimCLR,SimCLR-nbr-wasser,nbr,wasserstein,,occipital,all,age,fine_tuning,5,0.2464,0.9315,2.98,True,zones,A,save/zones/occipital,downstream_raw_results_kfold_folds5-5.csv
SimCLR,SimCLR-nbr-riemann,nbr,riemann,,occipital,all,age,fine_tuning,5,0.2583,0.926,3.12,True,zones,A,save/zones/occipital,downstream_raw_results_kfold_folds5-5.csv
SimCLR,SimCLR-xsubj-cosine,xsubj,cosine,,occipital,all,age,fine_tuning,5,0.2124,0.9471,2.58,True,zones,A,save/zones/occipital,downstream_raw_results_kfold_folds5-5.csv
SimCLR,SimCLR-xsubj-wasser,xsubj,wasserstein,,occipital,all,age,fine_tuning,5,0.2843,0.9107,3.44,True,zones,A,save/zones/occipital,downstream_raw_results_kfold_folds5-5.csv
SimCLR,SimCLR-xsubj-riemann,xsubj,riemann,,occipital,all,age,fine_tuning,5,0.2864,0.9087,3.43,True,zones,A,save/zones/occipital,downstream_raw_results_kfold_folds5-5.csv
SimCLR,SimCLR-diffage-cosine,diffage,cosine,,occipital,all,age,fine_tuning,5,0.2365,0.934,2.85,True,zones,A,save/zones/occipital,downstream_raw_results_kfold_folds5-5.csv
SimCLR,SimCLR-diffage-wasser,diffage,wasserstein,,occipital,all,age,fine_tuning,5,0.3016,0.8964,3.65,True,zones,A,save/zones/occipital,downstream_raw_results_kfold_folds5-5.csv
SimCLR,SimCLR-diffage-riemann,diffage,riemann,,occipital,all,age,fine_tuning,5,0.251,0.9315,3.08,True,zones,A,save/zones/occipital,downstream_raw_results_kfold_folds5-5.csv
VAE,VAE,,,,occipital,all,age,fine_tuning,5,0.2031,0.9531,2.49,True,zones,A,save/zones/occipital,downstream_raw_results_kfold_folds5-5.csv
SimCLR,SimCLR,augment,,,occipital,all,age,linear_probe,6,1.5292,-1.6637,10.84,True,zones,A,save/zones/occipital,downstream_raw_results_kfold_folds6-6.csv
SimCLR,SimCLR-nbr-cosine,nbr,cosine,,occipital,all,age,linear_probe,6,1.3308,-1.5204,8.06,True,zones,A,save/zones/occipital,downstream_raw_results_kfold_folds6-6.csv
SimCLR,SimCLR-nbr-wasser,nbr,wasserstein,,occipital,all,age,linear_probe,6,1.2096,-0.9755,7.7,True,zones,A,save/zones/occipital,downstream_raw_results_kfold_folds6-6.csv
SimCLR,SimCLR-nbr-riemann,nbr,riemann,,occipital,all,age,linear_probe,6,1.3708,-1.6142,8.47,True,zones,A,save/zones/occipital,downstream_raw_results_kfold_folds6-6.csv
SimCLR,SimCLR-xsubj-cosine,xsubj,cosine,,occipital,all,age,linear_probe,6,1.2176,-0.996,7.39,True,zones,A,save/zones/occipital,downstream_raw_results_kfold_folds6-6.csv
SimCLR,SimCLR-xsubj-wasser,xsubj,wasserstein,,occipital,all,age,linear_probe,6,1.1124,-0.6893,6.68,True,zones,A,save/zones/occipital,downstream_raw_results_kfold_folds6-6.csv
SimCLR,SimCLR-xsubj-riemann,xsubj,riemann,,occipital,all,age,linear_probe,6,1.3864,-1.5009,8.94,True,zones,A,save/zones/occipital,downstream_raw_results_kfold_folds6-6.csv
SimCLR,SimCLR-diffage-cosine,diffage,cosine,,occipital,all,age,linear_probe,6,1.5776,-2.332,10.55,True,zones,A,save/zones/occipital,downstream_raw_results_kfold_folds6-6.csv
SimCLR,SimCLR-diffage-wasser,diffage,wasserstein,,occipital,all,age,linear_probe,6,1.3768,-1.4306,9.54,True,zones,A,save/zones/occipital,downstream_raw_results_kfold_folds6-6.csv
SimCLR,SimCLR-diffage-riemann,diffage,riemann,,occipital,all,age,linear_probe,6,1.5643,-2.1056,10.52,True,zones,A,save/zones/occipital,downstream_raw_results_kfold_folds6-6.csv
VAE,VAE,,,,occipital,all,age,linear_probe,6,1.6345,-2.0232,11.64,True,zones,A,save/zones/occipital,downstream_raw_results_kfold_folds6-6.csv
SimCLR,SimCLR,augment,,,occipital,all,age,fine_tuning,6,0.519,0.604,2.94,True,zones,A,save/zones/occipital,downstream_raw_results_kfold_folds6-6.csv
SimCLR,SimCLR-nbr-cosine,nbr,cosine,,occipital,all,age,fine_tuning,6,0.3737,0.8041,2.23,True,zones,A,save/zones/occipital,downstream_raw_results_kfold_folds6-6.csv
SimCLR,SimCLR-nbr-wasser,nbr,wasserstein,,occipital,all,age,fine_tuning,6,0.3152,0.8723,2.05,True,zones,A,save/zones/occipital,downstream_raw_results_kfold_folds6-6.csv
SimCLR,SimCLR-nbr-riemann,nbr,riemann,,occipital,all,age,fine_tuning,6,0.4146,0.7494,2.36,True,zones,A,save/zones/occipital,downstream_raw_results_kfold_folds6-6.csv
SimCLR,SimCLR-xsubj-cosine,xsubj,cosine,,occipital,all,age,fine_tuning,6,0.3865,0.8047,2.42,True,zones,A,save/zones/occipital,downstream_raw_results_kfold_folds6-6.csv
SimCLR,SimCLR-xsubj-wasser,xsubj,wasserstein,,occipital,all,age,fine_tuning,6,0.4356,0.7453,2.65,True,zones,A,save/zones/occipital,downstream_raw_results_kfold_folds6-6.csv
SimCLR,SimCLR-xsubj-riemann,xsubj,riemann,,occipital,all,age,fine_tuning,6,0.591,0.4752,3.28,True,zones,A,save/zones/occipital,downstream_raw_results_kfold_folds6-6.csv
SimCLR,SimCLR-diffage-cosine,diffage,cosine,,occipital,all,age,fine_tuning,6,0.6442,0.3774,3.81,True,zones,A,save/zones/occipital,downstream_raw_results_kfold_folds6-6.csv
SimCLR,SimCLR-diffage-wasser,diffage,wasserstein,,occipital,all,age,fine_tuning,6,0.9159,-0.5459,4.73,True,zones,A,save/zones/occipital,downstream_raw_results_kfold_folds6-6.csv
SimCLR,SimCLR-diffage-riemann,diffage,riemann,,occipital,all,age,fine_tuning,6,0.7276,0.1634,3.95,True,zones,A,save/zones/occipital,downstream_raw_results_kfold_folds6-6.csv
VAE,VAE,,,,occipital,all,age,fine_tuning,6,0.5722,0.506,3.15,True,zones,A,save/zones/occipital,downstream_raw_results_kfold_folds6-6.csv
SimCLR,SimCLR,augment,,,occipital,all,age,linear_probe,7,0.9607,0.0654,11.12,True,zones,A,save/zones/occipital,downstream_raw_results_kfold_folds7-7.csv
SimCLR,SimCLR-nbr-cosine,nbr,cosine,,occipital,all,age,linear_probe,7,0.5201,0.7247,5.97,True,zones,A,save/zones/occipital,downstream_raw_results_kfold_folds7-7.csv
SimCLR,SimCLR-nbr-wasser,nbr,wasserstein,,occipital,all,age,linear_probe,7,0.501,0.7484,5.77,True,zones,A,save/zones/occipital,downstream_raw_results_kfold_folds7-7.csv
SimCLR,SimCLR-nbr-riemann,nbr,riemann,,occipital,all,age,linear_probe,7,0.5629,0.6794,6.48,True,zones,A,save/zones/occipital,downstream_raw_results_kfold_folds7-7.csv
SimCLR,SimCLR-xsubj-cosine,xsubj,cosine,,occipital,all,age,linear_probe,7,0.577,0.6664,6.64,True,zones,A,save/zones/occipital,downstream_raw_results_kfold_folds7-7.csv
SimCLR,SimCLR-xsubj-wasser,xsubj,wasserstein,,occipital,all,age,linear_probe,7,0.5363,0.7112,6.19,True,zones,A,save/zones/occipital,downstream_raw_results_kfold_folds7-7.csv
SimCLR,SimCLR-xsubj-riemann,xsubj,riemann,,occipital,all,age,linear_probe,7,0.6489,0.5778,7.5,True,zones,A,save/zones/occipital,downstream_raw_results_kfold_folds7-7.csv
SimCLR,SimCLR-diffage-cosine,diffage,cosine,,occipital,all,age,linear_probe,7,0.9496,0.0817,11.03,True,zones,A,save/zones/occipital,downstream_raw_results_kfold_folds7-7.csv
SimCLR,SimCLR-diffage-wasser,diffage,wasserstein,,occipital,all,age,linear_probe,7,0.9652,0.0499,11.22,True,zones,A,save/zones/occipital,downstream_raw_results_kfold_folds7-7.csv
SimCLR,SimCLR-diffage-riemann,diffage,riemann,,occipital,all,age,linear_probe,7,0.9245,0.1322,10.74,True,zones,A,save/zones/occipital,downstream_raw_results_kfold_folds7-7.csv
VAE,VAE,,,,occipital,all,age,linear_probe,7,1.028,-0.0573,11.84,True,zones,A,save/zones/occipital,downstream_raw_results_kfold_folds7-7.csv
SimCLR,SimCLR,augment,,,occipital,all,age,fine_tuning,7,0.3409,0.882,3.94,True,zones,A,save/zones/occipital,downstream_raw_results_kfold_folds7-7.csv
SimCLR,SimCLR-nbr-cosine,nbr,cosine,,occipital,all,age,fine_tuning,7,0.2993,0.9087,3.48,True,zones,A,save/zones/occipital,downstream_raw_results_kfold_folds7-7.csv
SimCLR,SimCLR-nbr-wasser,nbr,wasserstein,,occipital,all,age,fine_tuning,7,0.3337,0.8879,3.85,True,zones,A,save/zones/occipital,downstream_raw_results_kfold_folds7-7.csv
SimCLR,SimCLR-nbr-riemann,nbr,riemann,,occipital,all,age,fine_tuning,7,0.3402,0.8817,3.94,True,zones,A,save/zones/occipital,downstream_raw_results_kfold_folds7-7.csv
SimCLR,SimCLR-xsubj-cosine,xsubj,cosine,,occipital,all,age,fine_tuning,7,0.2732,0.9247,3.17,True,zones,A,save/zones/occipital,downstream_raw_results_kfold_folds7-7.csv
SimCLR,SimCLR-xsubj-wasser,xsubj,wasserstein,,occipital,all,age,fine_tuning,7,0.2829,0.9173,3.28,True,zones,A,save/zones/occipital,downstream_raw_results_kfold_folds7-7.csv
SimCLR,SimCLR-xsubj-riemann,xsubj,riemann,,occipital,all,age,fine_tuning,7,0.2922,0.9142,3.37,True,zones,A,save/zones/occipital,downstream_raw_results_kfold_folds7-7.csv
SimCLR,SimCLR-diffage-cosine,diffage,cosine,,occipital,all,age,fine_tuning,7,0.3333,0.884,3.81,True,zones,A,save/zones/occipital,downstream_raw_results_kfold_folds7-7.csv
SimCLR,SimCLR-diffage-wasser,diffage,wasserstein,,occipital,all,age,fine_tuning,7,0.4866,0.7533,5.57,True,zones,A,save/zones/occipital,downstream_raw_results_kfold_folds7-7.csv
SimCLR,SimCLR-diffage-riemann,diffage,riemann,,occipital,all,age,fine_tuning,7,0.4051,0.8349,4.67,True,zones,A,save/zones/occipital,downstream_raw_results_kfold_folds7-7.csv
VAE,VAE,,,,occipital,all,age,fine_tuning,7,0.2853,0.9179,3.3,True,zones,A,save/zones/occipital,downstream_raw_results_kfold_folds7-7.csv
SimCLR,SimCLR,augment,,,occipital,all,age,linear_probe,8,1.0093,-0.0693,12.76,True,zones,A,save/zones/occipital,downstream_raw_results_kfold_folds8-8.csv
SimCLR,SimCLR-nbr-cosine,nbr,cosine,,occipital,all,age,linear_probe,8,0.5069,0.7155,6.29,True,zones,A,save/zones/occipital,downstream_raw_results_kfold_folds8-8.csv
SimCLR,SimCLR-nbr-wasser,nbr,wasserstein,,occipital,all,age,linear_probe,8,0.5074,0.7282,6.39,True,zones,A,save/zones/occipital,downstream_raw_results_kfold_folds8-8.csv
SimCLR,SimCLR-nbr-riemann,nbr,riemann,,occipital,all,age,linear_probe,8,0.5903,0.6183,7.35,True,zones,A,save/zones/occipital,downstream_raw_results_kfold_folds8-8.csv
SimCLR,SimCLR-xsubj-cosine,xsubj,cosine,,occipital,all,age,linear_probe,8,0.5182,0.7135,6.54,True,zones,A,save/zones/occipital,downstream_raw_results_kfold_folds8-8.csv
SimCLR,SimCLR-xsubj-wasser,xsubj,wasserstein,,occipital,all,age,linear_probe,8,0.4798,0.7512,6.17,True,zones,A,save/zones/occipital,downstream_raw_results_kfold_folds8-8.csv
SimCLR,SimCLR-xsubj-riemann,xsubj,riemann,,occipital,all,age,linear_probe,8,0.6794,0.5089,8.53,True,zones,A,save/zones/occipital,downstream_raw_results_kfold_folds8-8.csv
SimCLR,SimCLR-diffage-cosine,diffage,cosine,,occipital,all,age,linear_probe,8,0.9351,0.0949,11.87,True,zones,A,save/zones/occipital,downstream_raw_results_kfold_folds8-8.csv
SimCLR,SimCLR-diffage-wasser,diffage,wasserstein,,occipital,all,age,linear_probe,8,1.0345,-0.135,13.02,True,zones,A,save/zones/occipital,downstream_raw_results_kfold_folds8-8.csv
SimCLR,SimCLR-diffage-riemann,diffage,riemann,,occipital,all,age,linear_probe,8,1.0075,-0.1262,12.51,True,zones,A,save/zones/occipital,downstream_raw_results_kfold_folds8-8.csv
VAE,VAE,,,,occipital,all,age,linear_probe,8,1.075,-0.1597,13.92,True,zones,A,save/zones/occipital,downstream_raw_results_kfold_folds8-8.csv
SimCLR,SimCLR,augment,,,occipital,all,age,fine_tuning,8,0.2667,0.9085,3.23,True,zones,A,save/zones/occipital,downstream_raw_results_kfold_folds8-8.csv
SimCLR,SimCLR-nbr-cosine,nbr,cosine,,occipital,all,age,fine_tuning,8,0.2894,0.8876,3.48,True,zones,A,save/zones/occipital,downstream_raw_results_kfold_folds8-8.csv
SimCLR,SimCLR-nbr-wasser,nbr,wasserstein,,occipital,all,age,fine_tuning,8,0.288,0.8845,3.44,True,zones,A,save/zones/occipital,downstream_raw_results_kfold_folds8-8.csv
SimCLR,SimCLR-nbr-riemann,nbr,riemann,,occipital,all,age,fine_tuning,8,0.2769,0.8934,3.33,True,zones,A,save/zones/occipital,downstream_raw_results_kfold_folds8-8.csv
SimCLR,SimCLR-xsubj-cosine,xsubj,cosine,,occipital,all,age,fine_tuning,8,0.2472,0.9091,2.94,True,zones,A,save/zones/occipital,downstream_raw_results_kfold_folds8-8.csv
SimCLR,SimCLR-xsubj-wasser,xsubj,wasserstein,,occipital,all,age,fine_tuning,8,0.2816,0.8848,3.36,True,zones,A,save/zones/occipital,downstream_raw_results_kfold_folds8-8.csv
SimCLR,SimCLR-xsubj-riemann,xsubj,riemann,,occipital,all,age,fine_tuning,8,0.2948,0.8929,3.6,True,zones,A,save/zones/occipital,downstream_raw_results_kfold_folds8-8.csv
SimCLR,SimCLR-diffage-cosine,diffage,cosine,,occipital,all,age,fine_tuning,8,0.2994,0.8789,3.6,True,zones,A,save/zones/occipital,downstream_raw_results_kfold_folds8-8.csv
SimCLR,SimCLR-diffage-wasser,diffage,wasserstein,,occipital,all,age,fine_tuning,8,0.2753,0.9059,3.35,True,zones,A,save/zones/occipital,downstream_raw_results_kfold_folds8-8.csv
SimCLR,SimCLR-diffage-riemann,diffage,riemann,,occipital,all,age,fine_tuning,8,0.3372,0.862,4.12,True,zones,A,save/zones/occipital,downstream_raw_results_kfold_folds8-8.csv
VAE,VAE,,,,occipital,all,age,fine_tuning,8,0.2602,0.908,3.14,True,zones,A,save/zones/occipital,downstream_raw_results_kfold_folds8-8.csv
SimCLR,SimCLR,augment,,,occipital,all,age,linear_probe,9,1.7148,-3.2196,13.56,True,zones,A,save/zones/occipital,downstream_raw_results_kfold_folds9-9.csv
SimCLR,SimCLR-nbr-cosine,nbr,cosine,,occipital,all,age,linear_probe,9,1.2003,-0.7722,10.19,True,zones,A,save/zones/occipital,downstream_raw_results_kfold_folds9-9.csv
SimCLR,SimCLR-nbr-wasser,nbr,wasserstein,,occipital,all,age,linear_probe,9,0.9405,0.0241,8.62,True,zones,A,save/zones/occipital,downstream_raw_results_kfold_folds9-9.csv
SimCLR,SimCLR-nbr-riemann,nbr,riemann,,occipital,all,age,linear_probe,9,1.2153,-0.7713,10.48,True,zones,A,save/zones/occipital,downstream_raw_results_kfold_folds9-9.csv
SimCLR,SimCLR-xsubj-cosine,xsubj,cosine,,occipital,all,age,linear_probe,9,0.7601,0.2898,6.48,True,zones,A,save/zones/occipital,downstream_raw_results_kfold_folds9-9.csv
SimCLR,SimCLR-xsubj-wasser,xsubj,wasserstein,,occipital,all,age,linear_probe,9,0.7397,0.3086,6.22,True,zones,A,save/zones/occipital,downstream_raw_results_kfold_folds9-9.csv
SimCLR,SimCLR-xsubj-riemann,xsubj,riemann,,occipital,all,age,linear_probe,9,0.9814,-0.1324,8.64,True,zones,A,save/zones/occipital,downstream_raw_results_kfold_folds9-9.csv
SimCLR,SimCLR-diffage-cosine,diffage,cosine,,occipital,all,age,linear_probe,9,1.737,-3.3408,13.66,True,zones,A,save/zones/occipital,downstream_raw_results_kfold_folds9-9.csv
SimCLR,SimCLR-diffage-wasser,diffage,wasserstein,,occipital,all,age,linear_probe,9,1.6084,-2.65,12.82,True,zones,A,save/zones/occipital,downstream_raw_results_kfold_folds9-9.csv
SimCLR,SimCLR-diffage-riemann,diffage,riemann,,occipital,all,age,linear_probe,9,1.6441,-2.6974,13.38,True,zones,A,save/zones/occipital,downstream_raw_results_kfold_folds9-9.csv
VAE,VAE,,,,occipital,all,age,linear_probe,9,1.4579,-1.6755,12.36,True,zones,A,save/zones/occipital,downstream_raw_results_kfold_folds9-9.csv
SimCLR,SimCLR,augment,,,occipital,all,age,fine_tuning,9,0.3637,0.8109,2.89,True,zones,A,save/zones/occipital,downstream_raw_results_kfold_folds9-9.csv
SimCLR,SimCLR-nbr-cosine,nbr,cosine,,occipital,all,age,fine_tuning,9,0.4457,0.7529,3.88,True,zones,A,save/zones/occipital,downstream_raw_results_kfold_folds9-9.csv
SimCLR,SimCLR-nbr-wasser,nbr,wasserstein,,occipital,all,age,fine_tuning,9,0.417,0.7292,3.14,True,zones,A,save/zones/occipital,downstream_raw_results_kfold_folds9-9.csv
SimCLR,SimCLR-nbr-riemann,nbr,riemann,,occipital,all,age,fine_tuning,9,0.4232,0.7283,3.24,True,zones,A,save/zones/occipital,downstream_raw_results_kfold_folds9-9.csv
SimCLR,SimCLR-xsubj-cosine,xsubj,cosine,,occipital,all,age,fine_tuning,9,0.3556,0.7714,2.51,True,zones,A,save/zones/occipital,downstream_raw_results_kfold_folds9-9.csv
SimCLR,SimCLR-xsubj-wasser,xsubj,wasserstein,,occipital,all,age,fine_tuning,9,0.3563,0.7883,2.58,True,zones,A,save/zones/occipital,downstream_raw_results_kfold_folds9-9.csv
SimCLR,SimCLR-xsubj-riemann,xsubj,riemann,,occipital,all,age,fine_tuning,9,0.4242,0.684,3.06,True,zones,A,save/zones/occipital,downstream_raw_results_kfold_folds9-9.csv
SimCLR,SimCLR-diffage-cosine,diffage,cosine,,occipital,all,age,fine_tuning,9,0.4043,0.765,3.21,True,zones,A,save/zones/occipital,downstream_raw_results_kfold_folds9-9.csv
SimCLR,SimCLR-diffage-wasser,diffage,wasserstein,,occipital,all,age,fine_tuning,9,0.5351,0.6216,4.54,True,zones,A,save/zones/occipital,downstream_raw_results_kfold_folds9-9.csv
SimCLR,SimCLR-diffage-riemann,diffage,riemann,,occipital,all,age,fine_tuning,9,0.4869,0.6568,4.03,True,zones,A,save/zones/occipital,downstream_raw_results_kfold_folds9-9.csv
VAE,VAE,,,,occipital,all,age,fine_tuning,9,0.4445,0.7071,3.41,True,zones,A,save/zones/occipital,downstream_raw_results_kfold_folds9-9.csv
SimCLR,SimCLR,augment,,,frontal,all,age,linear_probe,0,1.7366,-3.9598,12.07,True,zones,A,save/zones/frontal,downstream_raw_results_kfold_folds0-0.csv
SimCLR,SimCLR-nbr-cosine,nbr,cosine,,frontal,all,age,linear_probe,0,1.3104,-2.1653,8.55,True,zones,A,save/zones/frontal,downstream_raw_results_kfold_folds0-0.csv
SimCLR,SimCLR-nbr-wasser,nbr,wasserstein,,frontal,all,age,linear_probe,0,1.4033,-2.8019,8.92,True,zones,A,save/zones/frontal,downstream_raw_results_kfold_folds0-0.csv
SimCLR,SimCLR-nbr-riemann,nbr,riemann,,frontal,all,age,linear_probe,0,1.4581,-2.8856,9.52,True,zones,A,save/zones/frontal,downstream_raw_results_kfold_folds0-0.csv
SimCLR,SimCLR-xsubj-cosine,xsubj,cosine,,frontal,all,age,linear_probe,0,1.3583,-2.5914,8.64,True,zones,A,save/zones/frontal,downstream_raw_results_kfold_folds0-0.csv
SimCLR,SimCLR-xsubj-wasser,xsubj,wasserstein,,frontal,all,age,linear_probe,0,1.0632,-1.0132,7.02,True,zones,A,save/zones/frontal,downstream_raw_results_kfold_folds0-0.csv
SimCLR,SimCLR-xsubj-riemann,xsubj,riemann,,frontal,all,age,linear_probe,0,1.2417,-1.9562,7.96,True,zones,A,save/zones/frontal,downstream_raw_results_kfold_folds0-0.csv
SimCLR,SimCLR-diffage-cosine,diffage,cosine,,frontal,all,age,linear_probe,0,1.4804,-2.3861,10.67,True,zones,A,save/zones/frontal,downstream_raw_results_kfold_folds0-0.csv
SimCLR,SimCLR-diffage-wasser,diffage,wasserstein,,frontal,all,age,linear_probe,0,1.7084,-4.0997,11.49,True,zones,A,save/zones/frontal,downstream_raw_results_kfold_folds0-0.csv
SimCLR,SimCLR-diffage-riemann,diffage,riemann,,frontal,all,age,linear_probe,0,1.6032,-3.6215,10.64,True,zones,A,save/zones/frontal,downstream_raw_results_kfold_folds0-0.csv
VAE,VAE,,,,frontal,all,age,linear_probe,0,1.6066,-2.7922,11.88,True,zones,A,save/zones/frontal,downstream_raw_results_kfold_folds0-0.csv
SimCLR,SimCLR,augment,,,frontal,all,age,fine_tuning,0,0.7011,0.0348,4.46,True,zones,A,save/zones/frontal,downstream_raw_results_kfold_folds0-0.csv
SimCLR,SimCLR-nbr-cosine,nbr,cosine,,frontal,all,age,fine_tuning,0,0.5674,0.3331,3.44,True,zones,A,save/zones/frontal,downstream_raw_results_kfold_folds0-0.csv
SimCLR,SimCLR-nbr-wasser,nbr,wasserstein,,frontal,all,age,fine_tuning,0,0.8557,-0.5876,5.15,True,zones,A,save/zones/frontal,downstream_raw_results_kfold_folds0-0.csv
SimCLR,SimCLR-nbr-riemann,nbr,riemann,,frontal,all,age,fine_tuning,0,0.9811,-1.2678,5.53,True,zones,A,save/zones/frontal,downstream_raw_results_kfold_folds0-0.csv
SimCLR,SimCLR-xsubj-cosine,xsubj,cosine,,frontal,all,age,fine_tuning,0,0.8346,-0.6681,4.66,True,zones,A,save/zones/frontal,downstream_raw_results_kfold_folds0-0.csv
SimCLR,SimCLR-xsubj-wasser,xsubj,wasserstein,,frontal,all,age,fine_tuning,0,0.6917,-0.1689,3.83,True,zones,A,save/zones/frontal,downstream_raw_results_kfold_folds0-0.csv
SimCLR,SimCLR-xsubj-riemann,xsubj,riemann,,frontal,all,age,fine_tuning,0,0.7204,-0.1347,4.26,True,zones,A,save/zones/frontal,downstream_raw_results_kfold_folds0-0.csv
SimCLR,SimCLR-diffage-cosine,diffage,cosine,,frontal,all,age,fine_tuning,0,0.9591,-0.7939,6.23,True,zones,A,save/zones/frontal,downstream_raw_results_kfold_folds0-0.csv
SimCLR,SimCLR-diffage-wasser,diffage,wasserstein,,frontal,all,age,fine_tuning,0,0.9217,-0.8526,5.48,True,zones,A,save/zones/frontal,downstream_raw_results_kfold_folds0-0.csv
SimCLR,SimCLR-diffage-riemann,diffage,riemann,,frontal,all,age,fine_tuning,0,1.0692,-1.6827,6.22,True,zones,A,save/zones/frontal,downstream_raw_results_kfold_folds0-0.csv
VAE,VAE,,,,frontal,all,age,fine_tuning,0,0.7333,-0.2243,4.21,True,zones,A,save/zones/frontal,downstream_raw_results_kfold_folds0-0.csv
SimCLR,SimCLR,augment,,,frontal,all,age,linear_probe,1,1.7316,-3.1477,12.48,True,zones,A,save/zones/frontal,downstream_raw_results_kfold_folds1-1.csv
SimCLR,SimCLR-nbr-cosine,nbr,cosine,,frontal,all,age,linear_probe,1,1.4379,-2.3856,9.08,True,zones,A,save/zones/frontal,downstream_raw_results_kfold_folds1-1.csv
SimCLR,SimCLR-nbr-wasser,nbr,wasserstein,,frontal,all,age,linear_probe,1,1.4669,-2.8253,8.91,True,zones,A,save/zones/frontal,downstream_raw_results_kfold_folds1-1.csv
SimCLR,SimCLR-nbr-riemann,nbr,riemann,,frontal,all,age,linear_probe,1,1.4917,-2.4605,9.48,True,zones,A,save/zones/frontal,downstream_raw_results_kfold_folds1-1.csv
SimCLR,SimCLR-xsubj-cosine,xsubj,cosine,,frontal,all,age,linear_probe,1,1.2661,-1.2668,8.44,True,zones,A,save/zones/frontal,downstream_raw_results_kfold_folds1-1.csv
SimCLR,SimCLR-xsubj-wasser,xsubj,wasserstein,,frontal,all,age,linear_probe,1,1.2622,-1.4002,7.96,True,zones,A,save/zones/frontal,downstream_raw_results_kfold_folds1-1.csv
SimCLR,SimCLR-xsubj-riemann,xsubj,riemann,,frontal,all,age,linear_probe,1,1.4073,-2.3128,8.97,True,zones,A,save/zones/frontal,downstream_raw_results_kfold_folds1-1.csv
SimCLR,SimCLR-diffage-cosine,diffage,cosine,,frontal,all,age,linear_probe,1,1.9151,-4.4761,12.93,True,zones,A,save/zones/frontal,downstream_raw_results_kfold_folds1-1.csv
SimCLR,SimCLR-diffage-wasser,diffage,wasserstein,,frontal,all,age,linear_probe,1,1.7049,-3.2886,11.42,True,zones,A,save/zones/frontal,downstream_raw_results_kfold_folds1-1.csv
SimCLR,SimCLR-diffage-riemann,diffage,riemann,,frontal,all,age,linear_probe,1,1.9025,-5.0664,12.65,True,zones,A,save/zones/frontal,downstream_raw_results_kfold_folds1-1.csv
VAE,VAE,,,,frontal,all,age,linear_probe,1,1.7017,-2.5919,12.57,True,zones,A,save/zones/frontal,downstream_raw_results_kfold_folds1-1.csv
SimCLR,SimCLR,augment,,,frontal,all,age,fine_tuning,1,0.6406,0.4119,4.33,True,zones,A,save/zones/frontal,downstream_raw_results_kfold_folds1-1.csv
SimCLR,SimCLR-nbr-cosine,nbr,cosine,,frontal,all,age,fine_tuning,1,0.6357,0.4701,4.55,True,zones,A,save/zones/frontal,downstream_raw_results_kfold_folds1-1.csv
SimCLR,SimCLR-nbr-wasser,nbr,wasserstein,,frontal,all,age,fine_tuning,1,0.6663,0.2711,4.14,True,zones,A,save/zones/frontal,downstream_raw_results_kfold_folds1-1.csv
SimCLR,SimCLR-nbr-riemann,nbr,riemann,,frontal,all,age,fine_tuning,1,0.6882,0.3142,4.53,True,zones,A,save/zones/frontal,downstream_raw_results_kfold_folds1-1.csv
SimCLR,SimCLR-xsubj-cosine,xsubj,cosine,,frontal,all,age,fine_tuning,1,0.7072,0.1708,4.3,True,zones,A,save/zones/frontal,downstream_raw_results_kfold_folds1-1.csv
SimCLR,SimCLR-xsubj-wasser,xsubj,wasserstein,,frontal,all,age,fine_tuning,1,0.547,0.4586,3.22,True,zones,A,save/zones/frontal,downstream_raw_results_kfold_folds1-1.csv
SimCLR,SimCLR-xsubj-riemann,xsubj,riemann,,frontal,all,age,fine_tuning,1,0.6006,0.4701,3.89,True,zones,A,save/zones/frontal,downstream_raw_results_kfold_folds1-1.csv
SimCLR,SimCLR-diffage-cosine,diffage,cosine,,frontal,all,age,fine_tuning,1,0.6257,0.4501,4.22,True,zones,A,save/zones/frontal,downstream_raw_results_kfold_folds1-1.csv
SimCLR,SimCLR-diffage-wasser,diffage,wasserstein,,frontal,all,age,fine_tuning,1,0.8674,-0.0575,6.09,True,zones,A,save/zones/frontal,downstream_raw_results_kfold_folds1-1.csv
SimCLR,SimCLR-diffage-riemann,diffage,riemann,,frontal,all,age,fine_tuning,1,0.8636,-0.2057,5.2,True,zones,A,save/zones/frontal,downstream_raw_results_kfold_folds1-1.csv
VAE,VAE,,,,frontal,all,age,fine_tuning,1,0.4646,0.7099,3.23,True,zones,A,save/zones/frontal,downstream_raw_results_kfold_folds1-1.csv
SimCLR,SimCLR,augment,,,frontal,all,age,linear_probe,2,4.5041,-0.3728,11.44,True,zones,A,save/zones/frontal,downstream_raw_results_kfold_folds2-2.csv
SimCLR,SimCLR-nbr-cosine,nbr,cosine,,frontal,all,age,linear_probe,2,3.0283,-0.4223,8.64,True,zones,A,save/zones/frontal,downstream_raw_results_kfold_folds2-2.csv
SimCLR,SimCLR-nbr-wasser,nbr,wasserstein,,frontal,all,age,linear_probe,2,3.4032,-0.4574,9.16,True,zones,A,save/zones/frontal,downstream_raw_results_kfold_folds2-2.csv
SimCLR,SimCLR-nbr-riemann,nbr,riemann,,frontal,all,age,linear_probe,2,3.4424,-0.5471,9.52,True,zones,A,save/zones/frontal,downstream_raw_results_kfold_folds2-2.csv
SimCLR,SimCLR-xsubj-cosine,xsubj,cosine,,frontal,all,age,linear_probe,2,2.9781,-0.9194,9.76,True,zones,A,save/zones/frontal,downstream_raw_results_kfold_folds2-2.csv
SimCLR,SimCLR-xsubj-wasser,xsubj,wasserstein,,frontal,all,age,linear_probe,2,2.8195,-1.1016,8.92,True,zones,A,save/zones/frontal,downstream_raw_results_kfold_folds2-2.csv
SimCLR,SimCLR-xsubj-riemann,xsubj,riemann,,frontal,all,age,linear_probe,2,3.464,-0.2354,9.19,True,zones,A,save/zones/frontal,downstream_raw_results_kfold_folds2-2.csv
SimCLR,SimCLR-diffage-cosine,diffage,cosine,,frontal,all,age,linear_probe,2,3.6891,-0.409,11.31,True,zones,A,save/zones/frontal,downstream_raw_results_kfold_folds2-2.csv
SimCLR,SimCLR-diffage-wasser,diffage,wasserstein,,frontal,all,age,linear_probe,2,3.537,-0.695,10.93,True,zones,A,save/zones/frontal,downstream_raw_results_kfold_folds2-2.csv
SimCLR,SimCLR-diffage-riemann,diffage,riemann,,frontal,all,age,linear_probe,2,3.8385,-0.1324,9.93,True,zones,A,save/zones/frontal,downstream_raw_results_kfold_folds2-2.csv
VAE,VAE,,,,frontal,all,age,linear_probe,2,4.3751,-0.4035,12.15,True,zones,A,save/zones/frontal,downstream_raw_results_kfold_folds2-2.csv
SimCLR,SimCLR,augment,,,frontal,all,age,fine_tuning,2,0.655,0.4899,3.76,True,zones,A,save/zones/frontal,downstream_raw_results_kfold_folds2-2.csv
SimCLR,SimCLR-nbr-cosine,nbr,cosine,,frontal,all,age,fine_tuning,2,0.8341,0.1885,4.45,True,zones,A,save/zones/frontal,downstream_raw_results_kfold_folds2-2.csv
SimCLR,SimCLR-nbr-wasser,nbr,wasserstein,,frontal,all,age,fine_tuning,2,1.8018,-0.089,6.75,True,zones,A,save/zones/frontal,downstream_raw_results_kfold_folds2-2.csv
SimCLR,SimCLR-nbr-riemann,nbr,riemann,,frontal,all,age,fine_tuning,2,1.582,0.0076,6.83,True,zones,A,save/zones/frontal,downstream_raw_results_kfold_folds2-2.csv
SimCLR,SimCLR-xsubj-cosine,xsubj,cosine,,frontal,all,age,fine_tuning,2,0.8248,0.3279,4.03,True,zones,A,save/zones/frontal,downstream_raw_results_kfold_folds2-2.csv
SimCLR,SimCLR-xsubj-wasser,xsubj,wasserstein,,frontal,all,age,fine_tuning,2,0.4462,0.463,2.8,True,zones,A,save/zones/frontal,downstream_raw_results_kfold_folds2-2.csv
SimCLR,SimCLR-xsubj-riemann,xsubj,riemann,,frontal,all,age,fine_tuning,2,1.7523,0.4372,4.33,True,zones,A,save/zones/frontal,downstream_raw_results_kfold_folds2-2.csv
SimCLR,SimCLR-diffage-cosine,diffage,cosine,,frontal,all,age,fine_tuning,2,0.969,0.4206,4.58,True,zones,A,save/zones/frontal,downstream_raw_results_kfold_folds2-2.csv
SimCLR,SimCLR-diffage-wasser,diffage,wasserstein,,frontal,all,age,fine_tuning,2,2.3626,0.2584,6.93,True,zones,A,save/zones/frontal,downstream_raw_results_kfold_folds2-2.csv
SimCLR,SimCLR-diffage-riemann,diffage,riemann,,frontal,all,age,fine_tuning,2,1.8695,0.0545,7.47,True,zones,A,save/zones/frontal,downstream_raw_results_kfold_folds2-2.csv
VAE,VAE,,,,frontal,all,age,fine_tuning,2,1.871,0.4565,4.43,True,zones,A,save/zones/frontal,downstream_raw_results_kfold_folds2-2.csv
SimCLR,SimCLR,augment,,,frontal,all,age,linear_probe,3,1.4171,-1.4631,11.93,True,zones,A,save/zones/frontal,downstream_raw_results_kfold_folds3-3.csv
SimCLR,SimCLR-nbr-cosine,nbr,cosine,,frontal,all,age,linear_probe,3,0.9008,0.0741,7.76,True,zones,A,save/zones/frontal,downstream_raw_results_kfold_folds3-3.csv
SimCLR,SimCLR-nbr-wasser,nbr,wasserstein,,frontal,all,age,linear_probe,3,0.8928,0.0706,7.63,True,zones,A,save/zones/frontal,downstream_raw_results_kfold_folds3-3.csv
SimCLR,SimCLR-nbr-riemann,nbr,riemann,,frontal,all,age,linear_probe,3,0.9162,0.0533,7.96,True,zones,A,save/zones/frontal,downstream_raw_results_kfold_folds3-3.csv
SimCLR,SimCLR-xsubj-cosine,xsubj,cosine,,frontal,all,age,linear_probe,3,0.912,0.0627,7.88,True,zones,A,save/zones/frontal,downstream_raw_results_kfold_folds3-3.csv
SimCLR,SimCLR-xsubj-wasser,xsubj,wasserstein,,frontal,all,age,linear_probe,3,0.7953,0.2592,6.74,True,zones,A,save/zones/frontal,downstream_raw_results_kfold_folds3-3.csv
SimCLR,SimCLR-xsubj-riemann,xsubj,riemann,,frontal,all,age,linear_probe,3,0.9214,0.0045,7.8,True,zones,A,save/zones/frontal,downstream_raw_results_kfold_folds3-3.csv
SimCLR,SimCLR-diffage-cosine,diffage,cosine,,frontal,all,age,linear_probe,3,1.2003,-0.5028,10.93,True,zones,A,save/zones/frontal,downstream_raw_results_kfold_folds3-3.csv
SimCLR,SimCLR-diffage-wasser,diffage,wasserstein,,frontal,all,age,linear_probe,3,1.1175,-0.3486,9.95,True,zones,A,save/zones/frontal,downstream_raw_results_kfold_folds3-3.csv
SimCLR,SimCLR-diffage-riemann,diffage,riemann,,frontal,all,age,linear_probe,3,1.1834,-0.5355,10.42,True,zones,A,save/zones/frontal,downstream_raw_results_kfold_folds3-3.csv
VAE,VAE,,,,frontal,all,age,linear_probe,3,1.3307,-0.9493,11.78,True,zones,A,save/zones/frontal,downstream_raw_results_kfold_folds3-3.csv
SimCLR,SimCLR,augment,,,frontal,all,age,fine_tuning,3,0.5522,0.6518,4.9,True,zones,A,save/zones/frontal,downstream_raw_results_kfold_folds3-3.csv
SimCLR,SimCLR-nbr-cosine,nbr,cosine,,frontal,all,age,fine_tuning,3,0.5268,0.6988,4.67,True,zones,A,save/zones/frontal,downstream_raw_results_kfold_folds3-3.csv
SimCLR,SimCLR-nbr-wasser,nbr,wasserstein,,frontal,all,age,fine_tuning,3,0.4875,0.7404,4.3,True,zones,A,save/zones/frontal,downstream_raw_results_kfold_folds3-3.csv
SimCLR,SimCLR-nbr-riemann,nbr,riemann,,frontal,all,age,fine_tuning,3,0.5298,0.6577,4.51,True,zones,A,save/zones/frontal,downstream_raw_results_kfold_folds3-3.csv
SimCLR,SimCLR-xsubj-cosine,xsubj,cosine,,frontal,all,age,fine_tuning,3,0.4345,0.7966,3.93,True,zones,A,save/zones/frontal,downstream_raw_results_kfold_folds3-3.csv
SimCLR,SimCLR-xsubj-wasser,xsubj,wasserstein,,frontal,all,age,fine_tuning,3,0.434,0.776,3.69,True,zones,A,save/zones/frontal,downstream_raw_results_kfold_folds3-3.csv
SimCLR,SimCLR-xsubj-riemann,xsubj,riemann,,frontal,all,age,fine_tuning,3,0.528,0.6788,4.56,True,zones,A,save/zones/frontal,downstream_raw_results_kfold_folds3-3.csv
SimCLR,SimCLR-diffage-cosine,diffage,cosine,,frontal,all,age,fine_tuning,3,0.6667,0.5141,5.96,True,zones,A,save/zones/frontal,downstream_raw_results_kfold_folds3-3.csv
SimCLR,SimCLR-diffage-wasser,diffage,wasserstein,,frontal,all,age,fine_tuning,3,0.5765,0.6249,4.99,True,zones,A,save/zones/frontal,downstream_raw_results_kfold_folds3-3.csv
SimCLR,SimCLR-diffage-riemann,diffage,riemann,,frontal,all,age,fine_tuning,3,0.5247,0.6929,4.72,True,zones,A,save/zones/frontal,downstream_raw_results_kfold_folds3-3.csv
VAE,VAE,,,,frontal,all,age,fine_tuning,3,0.3651,0.8584,3.4,True,zones,A,save/zones/frontal,downstream_raw_results_kfold_folds3-3.csv
SimCLR,SimCLR,augment,,,frontal,all,age,linear_probe,4,2.9357,-13.2864,10.99,True,zones,A,save/zones/frontal,downstream_raw_results_kfold_folds4-4.csv
SimCLR,SimCLR-nbr-cosine,nbr,cosine,,frontal,all,age,linear_probe,4,2.0185,-6.0988,7.03,True,zones,A,save/zones/frontal,downstream_raw_results_kfold_folds4-4.csv
SimCLR,SimCLR-nbr-wasser,nbr,wasserstein,,frontal,all,age,linear_probe,4,1.8323,-4.3538,6.57,True,zones,A,save/zones/frontal,downstream_raw_results_kfold_folds4-4.csv
SimCLR,SimCLR-nbr-riemann,nbr,riemann,,frontal,all,age,linear_probe,4,2.0779,-5.8054,7.56,True,zones,A,save/zones/frontal,downstream_raw_results_kfold_folds4-4.csv
SimCLR,SimCLR-xsubj-cosine,xsubj,cosine,,frontal,all,age,linear_probe,4,1.7816,-4.0241,6.64,True,zones,A,save/zones/frontal,downstream_raw_results_kfold_folds4-4.csv
SimCLR,SimCLR-xsubj-wasser,xsubj,wasserstein,,frontal,all,age,linear_probe,4,1.2129,-0.8614,5.02,True,zones,A,save/zones/frontal,downstream_raw_results_kfold_folds4-4.csv
SimCLR,SimCLR-xsubj-riemann,xsubj,riemann,,frontal,all,age,linear_probe,4,2.2277,-7.7603,7.74,True,zones,A,save/zones/frontal,downstream_raw_results_kfold_folds4-4.csv
SimCLR,SimCLR-diffage-cosine,diffage,cosine,,frontal,all,age,linear_probe,4,2.6752,-10.9053,9.73,True,zones,A,save/zones/frontal,downstream_raw_results_kfold_folds4-4.csv
SimCLR,SimCLR-diffage-wasser,diffage,wasserstein,,frontal,all,age,linear_probe,4,2.5853,-9.8471,9.7,True,zones,A,save/zones/frontal,downstream_raw_results_kfold_folds4-4.csv
SimCLR,SimCLR-diffage-riemann,diffage,riemann,,frontal,all,age,linear_probe,4,2.7527,-10.9628,10.59,True,zones,A,save/zones/frontal,downstream_raw_results_kfold_folds4-4.csv
VAE,VAE,,,,frontal,all,age,linear_probe,4,3.0508,-14.8129,11.24,True,zones,A,save/zones/frontal,downstream_raw_results_kfold_folds4-4.csv
SimCLR,SimCLR,augment,,,frontal,all,age,fine_tuning,4,0.9919,-0.8365,3.04,True,zones,A,save/zones/frontal,downstream_raw_results_kfold_folds4-4.csv
SimCLR,SimCLR-nbr-cosine,nbr,cosine,,frontal,all,age,fine_tuning,4,1.0516,-0.9639,3.39,True,zones,A,save/zones/frontal,downstream_raw_results_kfold_folds4-4.csv
SimCLR,SimCLR-nbr-wasser,nbr,wasserstein,,frontal,all,age,fine_tuning,4,0.9268,-0.2659,3.3,True,zones,A,save/zones/frontal,downstream_raw_results_kfold_folds4-4.csv
SimCLR,SimCLR-nbr-riemann,nbr,riemann,,frontal,all,age,fine_tuning,4,0.8863,-0.0076,3.53,True,zones,A,save/zones/frontal,downstream_raw_results_kfold_folds4-4.csv
SimCLR,SimCLR-xsubj-cosine,xsubj,cosine,,frontal,all,age,fine_tuning,4,0.9615,-0.5967,3.1,True,zones,A,save/zones/frontal,downstream_raw_results_kfold_folds4-4.csv
SimCLR,SimCLR-xsubj-wasser,xsubj,wasserstein,,frontal,all,age,fine_tuning,4,0.9409,-0.3106,3.29,True,zones,A,save/zones/frontal,downstream_raw_results_kfold_folds4-4.csv
SimCLR,SimCLR-xsubj-riemann,xsubj,riemann,,frontal,all,age,fine_tuning,4,1.3998,-2.6803,4.49,True,zones,A,save/zones/frontal,downstream_raw_results_kfold_folds4-4.csv
SimCLR,SimCLR-diffage-cosine,diffage,cosine,,frontal,all,age,fine_tuning,4,0.9914,-0.3252,3.76,True,zones,A,save/zones/frontal,downstream_raw_results_kfold_folds4-4.csv
SimCLR,SimCLR-diffage-wasser,diffage,wasserstein,,frontal,all,age,fine_tuning,4,1.0186,-0.5671,3.71,True,zones,A,save/zones/frontal,downstream_raw_results_kfold_folds4-4.csv
SimCLR,SimCLR-diffage-riemann,diffage,riemann,,frontal,all,age,fine_tuning,4,1.0367,-0.6175,3.83,True,zones,A,save/zones/frontal,downstream_raw_results_kfold_folds4-4.csv
VAE,VAE,,,,frontal,all,age,fine_tuning,4,0.9914,-0.55,3.47,True,zones,A,save/zones/frontal,downstream_raw_results_kfold_folds4-4.csv
SimCLR,SimCLR,augment,,,frontal,all,age,linear_probe,5,0.9689,0.0611,12.1,True,zones,A,save/zones/frontal,downstream_raw_results_kfold_folds5-5.csv
SimCLR,SimCLR-nbr-cosine,nbr,cosine,,frontal,all,age,linear_probe,5,0.4857,0.7499,5.92,True,zones,A,save/zones/frontal,downstream_raw_results_kfold_folds5-5.csv
SimCLR,SimCLR-nbr-wasser,nbr,wasserstein,,frontal,all,age,linear_probe,5,0.5466,0.6837,6.74,True,zones,A,save/zones/frontal,downstream_raw_results_kfold_folds5-5.csv
SimCLR,SimCLR-nbr-riemann,nbr,riemann,,frontal,all,age,linear_probe,5,0.4967,0.7422,6.11,True,zones,A,save/zones/frontal,downstream_raw_results_kfold_folds5-5.csv
SimCLR,SimCLR-xsubj-cosine,xsubj,cosine,,frontal,all,age,linear_probe,5,0.5447,0.6971,6.69,True,zones,A,save/zones/frontal,downstream_raw_results_kfold_folds5-5.csv
SimCLR,SimCLR-xsubj-wasser,xsubj,wasserstein,,frontal,all,age,linear_probe,5,0.4956,0.7419,6.06,True,zones,A,save/zones/frontal,downstream_raw_results_kfold_folds5-5.csv
SimCLR,SimCLR-xsubj-riemann,xsubj,riemann,,frontal,all,age,linear_probe,5,0.4366,0.8004,5.36,True,zones,A,save/zones/frontal,downstream_raw_results_kfold_folds5-5.csv
SimCLR,SimCLR-diffage-cosine,diffage,cosine,,frontal,all,age,linear_probe,5,0.7934,0.353,9.7,True,zones,A,save/zones/frontal,downstream_raw_results_kfold_folds5-5.csv
SimCLR,SimCLR-diffage-wasser,diffage,wasserstein,,frontal,all,age,linear_probe,5,0.7787,0.3812,9.57,True,zones,A,save/zones/frontal,downstream_raw_results_kfold_folds5-5.csv
SimCLR,SimCLR-diffage-riemann,diffage,riemann,,frontal,all,age,linear_probe,5,0.7134,0.4857,8.87,True,zones,A,save/zones/frontal,downstream_raw_results_kfold_folds5-5.csv
VAE,VAE,,,,frontal,all,age,linear_probe,5,1.0436,-0.09,13.0,True,zones,A,save/zones/frontal,downstream_raw_results_kfold_folds5-5.csv
SimCLR,SimCLR,augment,,,frontal,all,age,fine_tuning,5,0.3888,0.8468,4.82,True,zones,A,save/zones/frontal,downstream_raw_results_kfold_folds5-5.csv
SimCLR,SimCLR-nbr-cosine,nbr,cosine,,frontal,all,age,fine_tuning,5,0.3074,0.9022,3.76,True,zones,A,save/zones/frontal,downstream_raw_results_kfold_folds5-5.csv
SimCLR,SimCLR-nbr-wasser,nbr,wasserstein,,frontal,all,age,fine_tuning,5,0.3521,0.8717,4.34,True,zones,A,save/zones/frontal,downstream_raw_results_kfold_folds5-5.csv
SimCLR,SimCLR-nbr-riemann,nbr,riemann,,frontal,all,age,fine_tuning,5,0.3311,0.8878,4.06,True,zones,A,save/zones/frontal,downstream_raw_results_kfold_folds5-5.csv
SimCLR,SimCLR-xsubj-cosine,xsubj,cosine,,frontal,all,age,fine_tuning,5,0.3872,0.8476,4.78,True,zones,A,save/zones/frontal,downstream_raw_results_kfold_folds5-5.csv
SimCLR,SimCLR-xsubj-wasser,xsubj,wasserstein,,frontal,all,age,fine_tuning,5,0.3407,0.8758,4.15,True,zones,A,save/zones/frontal,downstream_raw_results_kfold_folds5-5.csv
SimCLR,SimCLR-xsubj-riemann,xsubj,riemann,,frontal,all,age,fine_tuning,5,0.3399,0.8744,4.08,True,zones,A,save/zones/frontal,downstream_raw_results_kfold_folds5-5.csv
SimCLR,SimCLR-diffage-cosine,diffage,cosine,,frontal,all,age,fine_tuning,5,0.3355,0.8828,4.08,True,zones,A,save/zones/frontal,downstream_raw_results_kfold_folds5-5.csv
SimCLR,SimCLR-diffage-wasser,diffage,wasserstein,,frontal,all,age,fine_tuning,5,0.4163,0.8253,5.14,True,zones,A,save/zones/frontal,downstream_raw_results_kfold_folds5-5.csv
SimCLR,SimCLR-diffage-riemann,diffage,riemann,,frontal,all,age,fine_tuning,5,0.2727,0.9212,3.3,True,zones,A,save/zones/frontal,downstream_raw_results_kfold_folds5-5.csv
VAE,VAE,,,,frontal,all,age,fine_tuning,5,0.3785,0.8554,4.69,True,zones,A,save/zones/frontal,downstream_raw_results_kfold_folds5-5.csv
SimCLR,SimCLR,augment,,,frontal,all,age,linear_probe,6,1.4758,-1.5236,10.25,True,zones,A,save/zones/frontal,downstream_raw_results_kfold_folds6-6.csv
SimCLR,SimCLR-nbr-cosine,nbr,cosine,,frontal,all,age,linear_probe,6,1.05,-0.3803,6.8,True,zones,A,save/zones/frontal,downstream_raw_results_kfold_folds6-6.csv
SimCLR,SimCLR-nbr-wasser,nbr,wasserstein,,frontal,all,age,linear_probe,6,1.148,-0.6666,7.38,True,zones,A,save/zones/frontal,downstream_raw_results_kfold_folds6-6.csv
SimCLR,SimCLR-nbr-riemann,nbr,riemann,,frontal,all,age,linear_probe,6,1.0189,-0.2393,6.92,True,zones,A,save/zones/frontal,downstream_raw_results_kfold_folds6-6.csv
SimCLR,SimCLR-xsubj-cosine,xsubj,cosine,,frontal,all,age,linear_probe,6,1.2481,-1.0612,7.71,True,zones,A,save/zones/frontal,downstream_raw_results_kfold_folds6-6.csv
SimCLR,SimCLR-xsubj-wasser,xsubj,wasserstein,,frontal,all,age,linear_probe,6,1.201,-0.9782,7.36,True,zones,A,save/zones/frontal,downstream_raw_results_kfold_folds6-6.csv
SimCLR,SimCLR-xsubj-riemann,xsubj,riemann,,frontal,all,age,linear_probe,6,1.0626,-0.3968,6.96,True,zones,A,save/zones/frontal,downstream_raw_results_kfold_folds6-6.csv
SimCLR,SimCLR-diffage-cosine,diffage,cosine,,frontal,all,age,linear_probe,6,1.4422,-1.8097,9.1,True,zones,A,save/zones/frontal,downstream_raw_results_kfold_folds6-6.csv
SimCLR,SimCLR-diffage-wasser,diffage,wasserstein,,frontal,all,age,linear_probe,6,1.3078,-1.1642,8.6,True,zones,A,save/zones/frontal,downstream_raw_results_kfold_folds6-6.csv
SimCLR,SimCLR-diffage-riemann,diffage,riemann,,frontal,all,age,linear_probe,6,1.459,-1.7881,9.26,True,zones,A,save/zones/frontal,downstream_raw_results_kfold_folds6-6.csv
VAE,VAE,,,,frontal,all,age,linear_probe,6,1.6139,-1.9375,11.53,True,zones,A,save/zones/frontal,downstream_raw_results_kfold_folds6-6.csv
SimCLR,SimCLR,augment,,,frontal,all,age,fine_tuning,6,0.6307,0.4963,4.1,True,zones,A,save/zones/frontal,downstream_raw_results_kfold_folds6-6.csv
SimCLR,SimCLR-nbr-cosine,nbr,cosine,,frontal,all,age,fine_tuning,6,0.5877,0.5409,3.63,True,zones,A,save/zones/frontal,downstream_raw_results_kfold_folds6-6.csv
SimCLR,SimCLR-nbr-wasser,nbr,wasserstein,,frontal,all,age,fine_tuning,6,0.7131,0.3408,4.5,True,zones,A,save/zones/frontal,downstream_raw_results_kfold_folds6-6.csv
SimCLR,SimCLR-nbr-riemann,nbr,riemann,,frontal,all,age,fine_tuning,6,0.9275,-0.1593,5.63,True,zones,A,save/zones/frontal,downstream_raw_results_kfold_folds6-6.csv
SimCLR,SimCLR-xsubj-cosine,xsubj,cosine,,frontal,all,age,fine_tuning,6,0.5777,0.5433,3.46,True,zones,A,save/zones/frontal,downstream_raw_results_kfold_folds6-6.csv
SimCLR,SimCLR-xsubj-wasser,xsubj,wasserstein,,frontal,all,age,fine_tuning,6,0.5841,0.4936,3.29,True,zones,A,save/zones/frontal,downstream_raw_results_kfold_folds6-6.csv
SimCLR,SimCLR-xsubj-riemann,xsubj,riemann,,frontal,all,age,fine_tuning,6,0.7099,0.3121,4.3,True,zones,A,save/zones/frontal,downstream_raw_results_kfold_folds6-6.csv
SimCLR,SimCLR-diffage-cosine,diffage,cosine,,frontal,all,age,fine_tuning,6,0.8463,0.1298,5.69,True,zones,A,save/zones/frontal,downstream_raw_results_kfold_folds6-6.csv
SimCLR,SimCLR-diffage-wasser,diffage,wasserstein,,frontal,all,age,fine_tuning,6,0.778,0.2353,5.08,True,zones,A,save/zones/frontal,downstream_raw_results_kfold_folds6-6.csv
SimCLR,SimCLR-diffage-riemann,diffage,riemann,,frontal,all,age,fine_tuning,6,0.8215,0.1283,5.34,True,zones,A,save/zones/frontal,downstream_raw_results_kfold_folds6-6.csv
VAE,VAE,,,,frontal,all,age,fine_tuning,6,0.7156,0.278,4.19,True,zones,A,save/zones/frontal,downstream_raw_results_kfold_folds6-6.csv
SimCLR,SimCLR,augment,,,frontal,all,age,linear_probe,7,0.9684,0.061,11.15,True,zones,A,save/zones/frontal,downstream_raw_results_kfold_folds7-7.csv
SimCLR,SimCLR-nbr-cosine,nbr,cosine,,frontal,all,age,linear_probe,7,0.6432,0.5792,7.46,True,zones,A,save/zones/frontal,downstream_raw_results_kfold_folds7-7.csv
SimCLR,SimCLR-nbr-wasser,nbr,wasserstein,,frontal,all,age,linear_probe,7,0.6287,0.6022,7.28,True,zones,A,save/zones/frontal,downstream_raw_results_kfold_folds7-7.csv
SimCLR,SimCLR-nbr-riemann,nbr,riemann,,frontal,all,age,linear_probe,7,0.6697,0.5442,7.78,True,zones,A,save/zones/frontal,downstream_raw_results_kfold_folds7-7.csv
SimCLR,SimCLR-xsubj-cosine,xsubj,cosine,,frontal,all,age,linear_probe,7,0.6646,0.5558,7.67,True,zones,A,save/zones/frontal,downstream_raw_results_kfold_folds7-7.csv
SimCLR,SimCLR-xsubj-wasser,xsubj,wasserstein,,frontal,all,age,linear_probe,7,0.6301,0.6021,7.25,True,zones,A,save/zones/frontal,downstream_raw_results_kfold_folds7-7.csv
SimCLR,SimCLR-xsubj-riemann,xsubj,riemann,,frontal,all,age,linear_probe,7,0.6191,0.6156,7.12,True,zones,A,save/zones/frontal,downstream_raw_results_kfold_folds7-7.csv
SimCLR,SimCLR-diffage-cosine,diffage,cosine,,frontal,all,age,linear_probe,7,0.8508,0.2751,9.81,True,zones,A,save/zones/frontal,downstream_raw_results_kfold_folds7-7.csv
SimCLR,SimCLR-diffage-wasser,diffage,wasserstein,,frontal,all,age,linear_probe,7,0.7471,0.44,8.62,True,zones,A,save/zones/frontal,downstream_raw_results_kfold_folds7-7.csv
SimCLR,SimCLR-diffage-riemann,diffage,riemann,,frontal,all,age,linear_probe,7,0.8319,0.3071,9.6,True,zones,A,save/zones/frontal,downstream_raw_results_kfold_folds7-7.csv
VAE,VAE,,,,frontal,all,age,linear_probe,7,1.0251,-0.0512,11.81,True,zones,A,save/zones/frontal,downstream_raw_results_kfold_folds7-7.csv
SimCLR,SimCLR,augment,,,frontal,all,age,fine_tuning,7,0.4361,0.8058,4.99,True,zones,A,save/zones/frontal,downstream_raw_results_kfold_folds7-7.csv
SimCLR,SimCLR-nbr-cosine,nbr,cosine,,frontal,all,age,fine_tuning,7,0.3833,0.8526,4.41,True,zones,A,save/zones/frontal,downstream_raw_results_kfold_folds7-7.csv
SimCLR,SimCLR-nbr-wasser,nbr,wasserstein,,frontal,all,age,fine_tuning,7,0.4352,0.8011,4.96,True,zones,A,save/zones/frontal,downstream_raw_results_kfold_folds7-7.csv
SimCLR,SimCLR-nbr-riemann,nbr,riemann,,frontal,all,age,fine_tuning,7,0.3908,0.8445,4.48,True,zones,A,save/zones/frontal,downstream_raw_results_kfold_folds7-7.csv
SimCLR,SimCLR-xsubj-cosine,xsubj,cosine,,frontal,all,age,fine_tuning,7,0.4224,0.8094,4.82,True,zones,A,save/zones/frontal,downstream_raw_results_kfold_folds7-7.csv
SimCLR,SimCLR-xsubj-wasser,xsubj,wasserstein,,frontal,all,age,fine_tuning,7,0.3616,0.8675,4.14,True,zones,A,save/zones/frontal,downstream_raw_results_kfold_folds7-7.csv
SimCLR,SimCLR-xsubj-riemann,xsubj,riemann,,frontal,all,age,fine_tuning,7,0.42,0.8182,4.81,True,zones,A,save/zones/frontal,downstream_raw_results_kfold_folds7-7.csv
SimCLR,SimCLR-diffage-cosine,diffage,cosine,,frontal,all,age,fine_tuning,7,0.3993,0.8349,4.56,True,zones,A,save/zones/frontal,downstream_raw_results_kfold_folds7-7.csv
SimCLR,SimCLR-diffage-wasser,diffage,wasserstein,,frontal,all,age,fine_tuning,7,0.5203,0.6911,5.89,True,zones,A,save/zones/frontal,downstream_raw_results_kfold_folds7-7.csv
SimCLR,SimCLR-diffage-riemann,diffage,riemann,,frontal,all,age,fine_tuning,7,0.4602,0.7776,5.25,True,zones,A,save/zones/frontal,downstream_raw_results_kfold_folds7-7.csv
VAE,VAE,,,,frontal,all,age,fine_tuning,7,0.3506,0.8769,4.04,True,zones,A,save/zones/frontal,downstream_raw_results_kfold_folds7-7.csv
SimCLR,SimCLR,augment,,,frontal,all,age,linear_probe,8,1.0384,-0.0955,13.33,True,zones,A,save/zones/frontal,downstream_raw_results_kfold_folds8-8.csv
SimCLR,SimCLR-nbr-cosine,nbr,cosine,,frontal,all,age,linear_probe,8,0.6765,0.5203,8.71,True,zones,A,save/zones/frontal,downstream_raw_results_kfold_folds8-8.csv
SimCLR,SimCLR-nbr-wasser,nbr,wasserstein,,frontal,all,age,linear_probe,8,0.6698,0.5369,8.52,True,zones,A,save/zones/frontal,downstream_raw_results_kfold_folds8-8.csv
SimCLR,SimCLR-nbr-riemann,nbr,riemann,,frontal,all,age,linear_probe,8,0.6202,0.6003,7.91,True,zones,A,save/zones/frontal,downstream_raw_results_kfold_folds8-8.csv
SimCLR,SimCLR-xsubj-cosine,xsubj,cosine,,frontal,all,age,linear_probe,8,0.7259,0.46,9.27,True,zones,A,save/zones/frontal,downstream_raw_results_kfold_folds8-8.csv
SimCLR,SimCLR-xsubj-wasser,xsubj,wasserstein,,frontal,all,age,linear_probe,8,0.7522,0.4133,9.68,True,zones,A,save/zones/frontal,downstream_raw_results_kfold_folds8-8.csv
SimCLR,SimCLR-xsubj-riemann,xsubj,riemann,,frontal,all,age,linear_probe,8,0.6673,0.5488,8.57,True,zones,A,save/zones/frontal,downstream_raw_results_kfold_folds8-8.csv
SimCLR,SimCLR-diffage-cosine,diffage,cosine,,frontal,all,age,linear_probe,8,0.9165,0.1214,11.59,True,zones,A,save/zones/frontal,downstream_raw_results_kfold_folds8-8.csv
SimCLR,SimCLR-diffage-wasser,diffage,wasserstein,,frontal,all,age,linear_probe,8,0.9161,0.1431,11.7,True,zones,A,save/zones/frontal,downstream_raw_results_kfold_folds8-8.csv
SimCLR,SimCLR-diffage-riemann,diffage,riemann,,frontal,all,age,linear_probe,8,0.9027,0.1605,11.54,True,zones,A,save/zones/frontal,downstream_raw_results_kfold_folds8-8.csv
VAE,VAE,,,,frontal,all,age,linear_probe,8,1.0735,-0.1561,13.91,True,zones,A,save/zones/frontal,downstream_raw_results_kfold_folds8-8.csv
SimCLR,SimCLR,augment,,,frontal,all,age,fine_tuning,8,0.3369,0.8448,4.08,True,zones,A,save/zones/frontal,downstream_raw_results_kfold_folds8-8.csv
SimCLR,SimCLR-nbr-cosine,nbr,cosine,,frontal,all,age,fine_tuning,8,0.3449,0.8267,4.1,True,zones,A,save/zones/frontal,downstream_raw_results_kfold_folds8-8.csv
SimCLR,SimCLR-nbr-wasser,nbr,wasserstein,,frontal,all,age,fine_tuning,8,0.3647,0.8133,4.36,True,zones,A,save/zones/frontal,downstream_raw_results_kfold_folds8-8.csv
SimCLR,SimCLR-nbr-riemann,nbr,riemann,,frontal,all,age,fine_tuning,8,0.3297,0.8499,3.97,True,zones,A,save/zones/frontal,downstream_raw_results_kfold_folds8-8.csv
SimCLR,SimCLR-xsubj-cosine,xsubj,cosine,,frontal,all,age,fine_tuning,8,0.3423,0.8592,4.22,True,zones,A,save/zones/frontal,downstream_raw_results_kfold_folds8-8.csv
SimCLR,SimCLR-xsubj-wasser,xsubj,wasserstein,,frontal,all,age,fine_tuning,8,0.251,0.9121,3.06,True,zones,A,save/zones/frontal,downstream_raw_results_kfold_folds8-8.csv
SimCLR,SimCLR-xsubj-riemann,xsubj,riemann,,frontal,all,age,fine_tuning,8,0.4011,0.8205,5.0,True,zones,A,save/zones/frontal,downstream_raw_results_kfold_folds8-8.csv
SimCLR,SimCLR-diffage-cosine,diffage,cosine,,frontal,all,age,fine_tuning,8,0.4885,0.7381,6.22,True,zones,A,save/zones/frontal,downstream_raw_results_kfold_folds8-8.csv
SimCLR,SimCLR-diffage-wasser,diffage,wasserstein,,frontal,all,age,fine_tuning,8,0.4216,0.8057,5.31,True,zones,A,save/zones/frontal,downstream_raw_results_kfold_folds8-8.csv
SimCLR,SimCLR-diffage-riemann,diffage,riemann,,frontal,all,age,fine_tuning,8,0.411,0.8178,5.2,True,zones,A,save/zones/frontal,downstream_raw_results_kfold_folds8-8.csv
VAE,VAE,,,,frontal,all,age,fine_tuning,8,0.3934,0.7968,4.79,True,zones,A,save/zones/frontal,downstream_raw_results_kfold_folds8-8.csv
SimCLR,SimCLR,augment,,,frontal,all,age,linear_probe,9,1.6028,-2.1557,13.64,True,zones,A,save/zones/frontal,downstream_raw_results_kfold_folds9-9.csv
SimCLR,SimCLR-nbr-cosine,nbr,cosine,,frontal,all,age,linear_probe,9,1.063,-0.2279,9.87,True,zones,A,save/zones/frontal,downstream_raw_results_kfold_folds9-9.csv
SimCLR,SimCLR-nbr-wasser,nbr,wasserstein,,frontal,all,age,linear_probe,9,1.0913,-0.3332,9.88,True,zones,A,save/zones/frontal,downstream_raw_results_kfold_folds9-9.csv
SimCLR,SimCLR-nbr-riemann,nbr,riemann,,frontal,all,age,linear_probe,9,1.0555,-0.2851,9.35,True,zones,A,save/zones/frontal,downstream_raw_results_kfold_folds9-9.csv
SimCLR,SimCLR-xsubj-cosine,xsubj,cosine,,frontal,all,age,linear_probe,9,1.0129,-0.3063,8.44,True,zones,A,save/zones/frontal,downstream_raw_results_kfold_folds9-9.csv
SimCLR,SimCLR-xsubj-wasser,xsubj,wasserstein,,frontal,all,age,linear_probe,9,0.9077,-0.0371,7.6,True,zones,A,save/zones/frontal,downstream_raw_results_kfold_folds9-9.csv
SimCLR,SimCLR-xsubj-riemann,xsubj,riemann,,frontal,all,age,linear_probe,9,1.0547,-0.3481,9.05,True,zones,A,save/zones/frontal,downstream_raw_results_kfold_folds9-9.csv
SimCLR,SimCLR-diffage-cosine,diffage,cosine,,frontal,all,age,linear_probe,9,1.2869,-1.022,11.02,True,zones,A,save/zones/frontal,downstream_raw_results_kfold_folds9-9.csv
SimCLR,SimCLR-diffage-wasser,diffage,wasserstein,,frontal,all,age,linear_probe,9,1.2242,-0.9523,10.11,True,zones,A,save/zones/frontal,downstream_raw_results_kfold_folds9-9.csv
SimCLR,SimCLR-diffage-riemann,diffage,riemann,,frontal,all,age,linear_probe,9,1.2394,-0.8749,10.59,True,zones,A,save/zones/frontal,downstream_raw_results_kfold_folds9-9.csv
VAE,VAE,,,,frontal,all,age,linear_probe,9,1.4449,-1.601,12.3,True,zones,A,save/zones/frontal,downstream_raw_results_kfold_folds9-9.csv
SimCLR,SimCLR,augment,,,frontal,all,age,fine_tuning,9,0.7574,0.2888,6.49,True,zones,A,save/zones/frontal,downstream_raw_results_kfold_folds9-9.csv
SimCLR,SimCLR-nbr-cosine,nbr,cosine,,frontal,all,age,fine_tuning,9,0.8345,0.2264,7.86,True,zones,A,save/zones/frontal,downstream_raw_results_kfold_folds9-9.csv
SimCLR,SimCLR-nbr-wasser,nbr,wasserstein,,frontal,all,age,fine_tuning,9,0.707,0.3561,6.37,True,zones,A,save/zones/frontal,downstream_raw_results_kfold_folds9-9.csv
SimCLR,SimCLR-nbr-riemann,nbr,riemann,,frontal,all,age,fine_tuning,9,0.6153,0.514,5.43,True,zones,A,save/zones/frontal,downstream_raw_results_kfold_folds9-9.csv
SimCLR,SimCLR-xsubj-cosine,xsubj,cosine,,frontal,all,age,fine_tuning,9,0.531,0.6404,4.47,True,zones,A,save/zones/frontal,downstream_raw_results_kfold_folds9-9.csv
SimCLR,SimCLR-xsubj-wasser,xsubj,wasserstein,,frontal,all,age,fine_tuning,9,0.6285,0.451,5.31,True,zones,A,save/zones/frontal,downstream_raw_results_kfold_folds9-9.csv
SimCLR,SimCLR-xsubj-riemann,xsubj,riemann,,frontal,all,age,fine_tuning,9,0.6725,0.4468,6.09,True,zones,A,save/zones/frontal,downstream_raw_results_kfold_folds9-9.csv
SimCLR,SimCLR-diffage-cosine,diffage,cosine,,frontal,all,age,fine_tuning,9,0.8579,0.1912,8.17,True,zones,A,save/zones/frontal,downstream_raw_results_kfold_folds9-9.csv
SimCLR,SimCLR-diffage-wasser,diffage,wasserstein,,frontal,all,age,fine_tuning,9,0.8382,0.1501,7.24,True,zones,A,save/zones/frontal,downstream_raw_results_kfold_folds9-9.csv
SimCLR,SimCLR-diffage-riemann,diffage,riemann,,frontal,all,age,fine_tuning,9,0.7961,0.1829,7.2,True,zones,A,save/zones/frontal,downstream_raw_results_kfold_folds9-9.csv
VAE,VAE,,,,frontal,all,age,fine_tuning,9,0.564,0.6384,5.23,True,zones,A,save/zones/frontal,downstream_raw_results_kfold_folds9-9.csv
SimCLR,SimCLR,augment,,,all,all,age,linear_probe,0,1.2599,-0.8313,10.57,False,nbr,A,save/nbr,downstream_raw_results_kfold_folds0-0.csv
SimCLR,SimCLR-nbr-cosine,nbr,cosine,,all,all,age,linear_probe,0,1.0654,-0.7629,7.53,False,nbr,A,save/nbr,downstream_raw_results_kfold_folds0-0.csv
SimCLR,SimCLR-nbr-wasser,nbr,wasserstein,,all,all,age,linear_probe,0,0.9847,-0.4834,7.0,False,nbr,A,save/nbr,downstream_raw_results_kfold_folds0-0.csv
SimCLR,SimCLR-nbr-riemann,nbr,riemann,,all,all,age,linear_probe,0,1.0041,-0.5816,7.1,False,nbr,A,save/nbr,downstream_raw_results_kfold_folds0-0.csv
SimCLR,SimCLR-xsubj-cosine,xsubj,cosine,,all,all,age,linear_probe,0,0.8967,-0.2176,6.41,False,nbr,A,save/nbr,downstream_raw_results_kfold_folds0-0.csv
SimCLR,SimCLR-xsubj-wasser,xsubj,wasserstein,,all,all,age,linear_probe,0,0.9526,-0.3552,6.88,False,nbr,A,save/nbr,downstream_raw_results_kfold_folds0-0.csv
SimCLR,SimCLR-xsubj-riemann,xsubj,riemann,,all,all,age,linear_probe,0,0.947,-0.3958,6.69,False,nbr,A,save/nbr,downstream_raw_results_kfold_folds0-0.csv
SimCLR,SimCLR-diffage-cosine,diffage,cosine,,all,all,age,linear_probe,0,1.2118,-1.0314,9.13,False,nbr,A,save/nbr,downstream_raw_results_kfold_folds0-0.csv
SimCLR,SimCLR-diffage-wasser,diffage,wasserstein,,all,all,age,linear_probe,0,1.213,-1.2,8.81,False,nbr,A,save/nbr,downstream_raw_results_kfold_folds0-0.csv
SimCLR,SimCLR-diffage-riemann,diffage,riemann,,all,all,age,linear_probe,0,1.0773,-0.5099,8.38,False,nbr,A,save/nbr,downstream_raw_results_kfold_folds0-0.csv
SimCLR,SimCLR,augment,,,all,all,age,fine_tuning,0,0.7015,0.1894,4.77,False,nbr,A,save/nbr,downstream_raw_results_kfold_folds0-0.csv
SimCLR,SimCLR-nbr-cosine,nbr,cosine,,all,all,age,fine_tuning,0,0.7163,0.202,5.02,False,nbr,A,save/nbr,downstream_raw_results_kfold_folds0-0.csv
SimCLR,SimCLR-nbr-wasser,nbr,wasserstein,,all,all,age,fine_tuning,0,0.6527,0.3441,4.61,False,nbr,A,save/nbr,downstream_raw_results_kfold_folds0-0.csv
SimCLR,SimCLR-nbr-riemann,nbr,riemann,,all,all,age,fine_tuning,0,0.6802,0.27,4.72,False,nbr,A,save/nbr,downstream_raw_results_kfold_folds0-0.csv
SimCLR,SimCLR-xsubj-cosine,xsubj,cosine,,all,all,age,fine_tuning,0,0.5823,0.4586,3.98,False,nbr,A,save/nbr,downstream_raw_results_kfold_folds0-0.csv
SimCLR,SimCLR-xsubj-wasser,xsubj,wasserstein,,all,all,age,fine_tuning,0,0.5457,0.4715,3.57,False,nbr,A,save/nbr,downstream_raw_results_kfold_folds0-0.csv
SimCLR,SimCLR-xsubj-riemann,xsubj,riemann,,all,all,age,fine_tuning,0,0.7427,0.0857,5.12,False,nbr,A,save/nbr,downstream_raw_results_kfold_folds0-0.csv
SimCLR,SimCLR-diffage-cosine,diffage,cosine,,all,all,age,fine_tuning,0,0.5804,0.514,4.32,False,nbr,A,save/nbr,downstream_raw_results_kfold_folds0-0.csv
SimCLR,SimCLR-diffage-wasser,diffage,wasserstein,,all,all,age,fine_tuning,0,0.6736,0.194,4.44,False,nbr,A,save/nbr,downstream_raw_results_kfold_folds0-0.csv
SimCLR,SimCLR-diffage-riemann,diffage,riemann,,all,all,age,fine_tuning,0,0.6797,0.2549,4.78,False,nbr,A,save/nbr,downstream_raw_results_kfold_folds0-0.csv
SimCLR,SimCLR,augment,,,all,all,age,linear_probe,1,1.7162,-2.8749,12.72,False,nbr,A,save/nbr,downstream_raw_results_kfold_folds1-1.csv
SimCLR,SimCLR-nbr-cosine,nbr,cosine,,all,all,age,linear_probe,1,0.9961,-0.282,7.2,False,nbr,A,save/nbr,downstream_raw_results_kfold_folds1-1.csv
SimCLR,SimCLR-nbr-wasser,nbr,wasserstein,,all,all,age,linear_probe,1,1.028,-0.345,7.44,False,nbr,A,save/nbr,downstream_raw_results_kfold_folds1-1.csv
SimCLR,SimCLR-nbr-riemann,nbr,riemann,,all,all,age,linear_probe,1,0.9524,-0.1829,6.81,False,nbr,A,save/nbr,downstream_raw_results_kfold_folds1-1.csv
SimCLR,SimCLR-xsubj-cosine,xsubj,cosine,,all,all,age,linear_probe,1,0.9528,-0.1957,6.75,False,nbr,A,save/nbr,downstream_raw_results_kfold_folds1-1.csv
SimCLR,SimCLR-xsubj-wasser,xsubj,wasserstein,,all,all,age,linear_probe,1,0.9032,-0.1824,6.13,False,nbr,A,save/nbr,downstream_raw_results_kfold_folds1-1.csv
SimCLR,SimCLR-xsubj-riemann,xsubj,riemann,,all,all,age,linear_probe,1,0.9936,-0.5453,6.55,False,nbr,A,save/nbr,downstream_raw_results_kfold_folds1-1.csv
SimCLR,SimCLR-diffage-cosine,diffage,cosine,,all,all,age,linear_probe,1,1.3538,-1.4645,9.55,False,nbr,A,save/nbr,downstream_raw_results_kfold_folds1-1.csv
SimCLR,SimCLR-diffage-wasser,diffage,wasserstein,,all,all,age,linear_probe,1,1.1601,-0.6063,8.79,False,nbr,A,save/nbr,downstream_raw_results_kfold_folds1-1.csv
SimCLR,SimCLR-diffage-riemann,diffage,riemann,,all,all,age,linear_probe,1,1.1921,-0.8054,8.55,False,nbr,A,save/nbr,downstream_raw_results_kfold_folds1-1.csv
SimCLR,SimCLR,augment,,,all,all,age,fine_tuning,1,0.9243,-0.3393,6.15,False,nbr,A,save/nbr,downstream_raw_results_kfold_folds1-1.csv
SimCLR,SimCLR-nbr-cosine,nbr,cosine,,all,all,age,fine_tuning,1,0.9003,-0.2882,5.71,False,nbr,A,save/nbr,downstream_raw_results_kfold_folds1-1.csv
SimCLR,SimCLR-nbr-wasser,nbr,wasserstein,,all,all,age,fine_tuning,1,0.7162,0.2429,4.59,False,nbr,A,save/nbr,downstream_raw_results_kfold_folds1-1.csv
SimCLR,SimCLR-nbr-riemann,nbr,riemann,,all,all,age,fine_tuning,1,0.7234,0.3261,5.27,False,nbr,A,save/nbr,downstream_raw_results_kfold_folds1-1.csv
SimCLR,SimCLR-xsubj-cosine,xsubj,cosine,,all,all,age,fine_tuning,1,0.6617,0.3401,4.18,False,nbr,A,save/nbr,downstream_raw_results_kfold_folds1-1.csv
SimCLR,SimCLR-xsubj-wasser,xsubj,wasserstein,,all,all,age,fine_tuning,1,0.6884,0.3753,4.96,False,nbr,A,save/nbr,downstream_raw_results_kfold_folds1-1.csv
SimCLR,SimCLR-xsubj-riemann,xsubj,riemann,,all,all,age,fine_tuning,1,0.7027,0.2386,4.36,False,nbr,A,save/nbr,downstream_raw_results_kfold_folds1-1.csv
SimCLR,SimCLR-diffage-cosine,diffage,cosine,,all,all,age,fine_tuning,1,0.6031,0.5096,4.13,False,nbr,A,save/nbr,downstream_raw_results_kfold_folds1-1.csv
SimCLR,SimCLR-diffage-wasser,diffage,wasserstein,,all,all,age,fine_tuning,1,0.7106,0.2957,4.82,False,nbr,A,save/nbr,downstream_raw_results_kfold_folds1-1.csv
SimCLR,SimCLR-diffage-riemann,diffage,riemann,,all,all,age,fine_tuning,1,0.7798,0.1505,5.25,False,nbr,A,save/nbr,downstream_raw_results_kfold_folds1-1.csv
SimCLR,SimCLR,augment,,,all,all,age,linear_probe,2,1.125,-0.5266,10.85,False,nbr,A,save/nbr,downstream_raw_results_kfold_folds2-2.csv
SimCLR,SimCLR-nbr-cosine,nbr,cosine,,all,all,age,linear_probe,2,0.8731,-0.0746,7.25,False,nbr,A,save/nbr,downstream_raw_results_kfold_folds2-2.csv
SimCLR,SimCLR-nbr-wasser,nbr,wasserstein,,all,all,age,linear_probe,2,1.0679,-0.8999,8.41,False,nbr,A,save/nbr,downstream_raw_results_kfold_folds2-2.csv
SimCLR,SimCLR-nbr-riemann,nbr,riemann,,all,all,age,linear_probe,2,0.9763,-0.4061,8.24,False,nbr,A,save/nbr,downstream_raw_results_kfold_folds2-2.csv
SimCLR,SimCLR-xsubj-cosine,xsubj,cosine,,all,all,age,linear_probe,2,0.8443,-0.0946,6.47,False,nbr,A,save/nbr,downstream_raw_results_kfold_folds2-2.csv
SimCLR,SimCLR-xsubj-wasser,xsubj,wasserstein,,all,all,age,linear_probe,2,0.772,0.1289,6.38,False,nbr,A,save/nbr,downstream_raw_results_kfold_folds2-2.csv
SimCLR,SimCLR-xsubj-riemann,xsubj,riemann,,all,all,age,linear_probe,2,0.8287,0.068,6.83,False,nbr,A,save/nbr,downstream_raw_results_kfold_folds2-2.csv
SimCLR,SimCLR-diffage-cosine,diffage,cosine,,all,all,age,linear_probe,2,0.9793,-0.1549,9.21,False,nbr,A,save/nbr,downstream_raw_results_kfold_folds2-2.csv
SimCLR,SimCLR-diffage-wasser,diffage,wasserstein,,all,all,age,linear_probe,2,0.9437,-0.0691,8.84,False,nbr,A,save/nbr,downstream_raw_results_kfold_folds2-2.csv
SimCLR,SimCLR-diffage-riemann,diffage,riemann,,all,all,age,linear_probe,2,1.0036,-0.3593,9.42,False,nbr,A,save/nbr,downstream_raw_results_kfold_folds2-2.csv
SimCLR,SimCLR,augment,,,all,all,age,fine_tuning,2,0.6357,0.5042,6.02,False,nbr,A,save/nbr,downstream_raw_results_kfold_folds2-2.csv
SimCLR,SimCLR-nbr-cosine,nbr,cosine,,all,all,age,fine_tuning,2,0.6271,0.4973,5.04,False,nbr,A,save/nbr,downstream_raw_results_kfold_folds2-2.csv
SimCLR,SimCLR-nbr-wasser,nbr,wasserstein,,all,all,age,fine_tuning,2,0.6573,0.3986,4.6,False,nbr,A,save/nbr,downstream_raw_results_kfold_folds2-2.csv
SimCLR,SimCLR-nbr-riemann,nbr,riemann,,all,all,age,fine_tuning,2,0.6486,0.4876,4.55,False,nbr,A,save/nbr,downstream_raw_results_kfold_folds2-2.csv
SimCLR,SimCLR-xsubj-cosine,xsubj,cosine,,all,all,age,fine_tuning,2,0.6339,0.5059,5.63,False,nbr,A,save/nbr,downstream_raw_results_kfold_folds2-2.csv
SimCLR,SimCLR-xsubj-wasser,xsubj,wasserstein,,all,all,age,fine_tuning,2,0.6296,0.5265,5.5,False,nbr,A,save/nbr,downstream_raw_results_kfold_folds2-2.csv
SimCLR,SimCLR-xsubj-riemann,xsubj,riemann,,all,all,age,fine_tuning,2,0.6983,0.3575,4.55,False,nbr,A,save/nbr,downstream_raw_results_kfold_folds2-2.csv
SimCLR,SimCLR-diffage-cosine,diffage,cosine,,all,all,age,fine_tuning,2,0.7364,0.3094,6.35,False,nbr,A,save/nbr,downstream_raw_results_kfold_folds2-2.csv
SimCLR,SimCLR-diffage-wasser,diffage,wasserstein,,all,all,age,fine_tuning,2,0.6636,0.4897,5.94,False,nbr,A,save/nbr,downstream_raw_results_kfold_folds2-2.csv
SimCLR,SimCLR-diffage-riemann,diffage,riemann,,all,all,age,fine_tuning,2,0.6404,0.4869,5.37,False,nbr,A,save/nbr,downstream_raw_results_kfold_folds2-2.csv
SimCLR,SimCLR,augment,,,all,all,age,linear_probe,3,1.2289,-0.8376,10.4,False,nbr,A,save/nbr,downstream_raw_results_kfold_folds3-3.csv
SimCLR,SimCLR-nbr-cosine,nbr,cosine,,all,all,age,linear_probe,3,0.7185,0.3534,5.99,False,nbr,A,save/nbr,downstream_raw_results_kfold_folds3-3.csv
SimCLR,SimCLR-nbr-wasser,nbr,wasserstein,,all,all,age,linear_probe,3,0.7001,0.443,6.08,False,nbr,A,save/nbr,downstream_raw_results_kfold_folds3-3.csv
SimCLR,SimCLR-nbr-riemann,nbr,riemann,,all,all,age,linear_probe,3,0.7232,0.3734,6.12,False,nbr,A,save/nbr,downstream_raw_results_kfold_folds3-3.csv
SimCLR,SimCLR-xsubj-cosine,xsubj,cosine,,all,all,age,linear_probe,3,0.7305,0.3872,6.3,False,nbr,A,save/nbr,downstream_raw_results_kfold_folds3-3.csv
SimCLR,SimCLR-xsubj-wasser,xsubj,wasserstein,,all,all,age,linear_probe,3,0.6796,0.4477,5.77,False,nbr,A,save/nbr,downstream_raw_results_kfold_folds3-3.csv
SimCLR,SimCLR-xsubj-riemann,xsubj,riemann,,all,all,age,linear_probe,3,0.6926,0.4424,5.96,False,nbr,A,save/nbr,downstream_raw_results_kfold_folds3-3.csv
SimCLR,SimCLR-diffage-cosine,diffage,cosine,,all,all,age,linear_probe,3,0.9974,-0.2014,8.41,False,nbr,A,save/nbr,downstream_raw_results_kfold_folds3-3.csv
SimCLR,SimCLR-diffage-wasser,diffage,wasserstein,,all,all,age,linear_probe,3,0.9256,-0.1115,7.63,False,nbr,A,save/nbr,downstream_raw_results_kfold_folds3-3.csv
SimCLR,SimCLR-diffage-riemann,diffage,riemann,,all,all,age,linear_probe,3,0.9242,-0.0911,7.58,False,nbr,A,save/nbr,downstream_raw_results_kfold_folds3-3.csv
SimCLR,SimCLR,augment,,,all,all,age,fine_tuning,3,0.5548,0.603,4.52,False,nbr,A,save/nbr,downstream_raw_results_kfold_folds3-3.csv
SimCLR,SimCLR-nbr-cosine,nbr,cosine,,all,all,age,fine_tuning,3,0.6205,0.472,5.03,False,nbr,A,save/nbr,downstream_raw_results_kfold_folds3-3.csv
SimCLR,SimCLR-nbr-wasser,nbr,wasserstein,,all,all,age,fine_tuning,3,0.5192,0.6929,4.54,False,nbr,A,save/nbr,downstream_raw_results_kfold_folds3-3.csv
SimCLR,SimCLR-nbr-riemann,nbr,riemann,,all,all,age,fine_tuning,3,0.482,0.6977,4.01,False,nbr,A,save/nbr,downstream_raw_results_kfold_folds3-3.csv
SimCLR,SimCLR-xsubj-cosine,xsubj,cosine,,all,all,age,fine_tuning,3,0.6625,0.4189,5.32,False,nbr,A,save/nbr,downstream_raw_results_kfold_folds3-3.csv
SimCLR,SimCLR-xsubj-wasser,xsubj,wasserstein,,all,all,age,fine_tuning,3,0.5479,0.6554,4.69,False,nbr,A,save/nbr,downstream_raw_results_kfold_folds3-3.csv
SimCLR,SimCLR-xsubj-riemann,xsubj,riemann,,all,all,age,fine_tuning,3,0.5906,0.5458,4.82,False,nbr,A,save/nbr,downstream_raw_results_kfold_folds3-3.csv
SimCLR,SimCLR-diffage-cosine,diffage,cosine,,all,all,age,fine_tuning,3,0.7094,0.2395,5.55,False,nbr,A,save/nbr,downstream_raw_results_kfold_folds3-3.csv
SimCLR,SimCLR-diffage-wasser,diffage,wasserstein,,all,all,age,fine_tuning,3,0.6228,0.4916,5.19,False,nbr,A,save/nbr,downstream_raw_results_kfold_folds3-3.csv
SimCLR,SimCLR-diffage-riemann,diffage,riemann,,all,all,age,fine_tuning,3,0.6183,0.412,4.74,False,nbr,A,save/nbr,downstream_raw_results_kfold_folds3-3.csv
SimCLR,SimCLR,augment,,,all,all,age,linear_probe,4,2.7387,-10.3735,10.95,False,nbr,A,save/nbr,downstream_raw_results_kfold_folds4-4.csv
SimCLR,SimCLR-nbr-cosine,nbr,cosine,,all,all,age,linear_probe,4,1.9015,-5.3998,7.06,False,nbr,A,save/nbr,downstream_raw_results_kfold_folds4-4.csv
SimCLR,SimCLR-nbr-wasser,nbr,wasserstein,,all,all,age,linear_probe,4,1.8908,-5.569,6.98,False,nbr,A,save/nbr,downstream_raw_results_kfold_folds4-4.csv
SimCLR,SimCLR-nbr-riemann,nbr,riemann,,all,all,age,linear_probe,4,2.0813,-6.7669,7.75,False,nbr,A,save/nbr,downstream_raw_results_kfold_folds4-4.csv
SimCLR,SimCLR-xsubj-cosine,xsubj,cosine,,all,all,age,linear_probe,4,1.6432,-2.9751,6.57,False,nbr,A,save/nbr,downstream_raw_results_kfold_folds4-4.csv
SimCLR,SimCLR-xsubj-wasser,xsubj,wasserstein,,all,all,age,linear_probe,4,1.95,-5.2591,7.17,False,nbr,A,save/nbr,downstream_raw_results_kfold_folds4-4.csv
SimCLR,SimCLR-xsubj-riemann,xsubj,riemann,,all,all,age,linear_probe,4,1.893,-4.3746,7.64,False,nbr,A,save/nbr,downstream_raw_results_kfold_folds4-4.csv
SimCLR,SimCLR-diffage-cosine,diffage,cosine,,all,all,age,linear_probe,4,2.8633,-13.1573,10.64,False,nbr,A,save/nbr,downstream_raw_results_kfold_folds4-4.csv
SimCLR,SimCLR-diffage-wasser,diffage,wasserstein,,all,all,age,linear_probe,4,2.5782,-10.7257,9.6,False,nbr,A,save/nbr,downstream_raw_results_kfold_folds4-4.csv
SimCLR,SimCLR-diffage-riemann,diffage,riemann,,all,all,age,linear_probe,4,2.3429,-8.9195,8.65,False,nbr,A,save/nbr,downstream_raw_results_kfold_folds4-4.csv
SimCLR,SimCLR,augment,,,all,all,age,fine_tuning,4,1.3313,-1.2942,5.24,False,nbr,A,save/nbr,downstream_raw_results_kfold_folds4-4.csv
SimCLR,SimCLR-nbr-cosine,nbr,cosine,,all,all,age,fine_tuning,4,1.4865,-2.8089,5.02,False,nbr,A,save/nbr,downstream_raw_results_kfold_folds4-4.csv
SimCLR,SimCLR-nbr-wasser,nbr,wasserstein,,all,all,age,fine_tuning,4,1.2869,-1.7115,4.72,False,nbr,A,save/nbr,downstream_raw_results_kfold_folds4-4.csv
SimCLR,SimCLR-nbr-riemann,nbr,riemann,,all,all,age,fine_tuning,4,1.365,-1.858,5.12,False,nbr,A,save/nbr,downstream_raw_results_kfold_folds4-4.csv
SimCLR,SimCLR-xsubj-cosine,xsubj,cosine,,all,all,age,fine_tuning,4,1.3021,-1.2158,5.3,False,nbr,A,save/nbr,downstream_raw_results_kfold_folds4-4.csv
SimCLR,SimCLR-xsubj-wasser,xsubj,wasserstein,,all,all,age,fine_tuning,4,1.3551,-1.7764,4.92,False,nbr,A,save/nbr,downstream_raw_results_kfold_folds4-4.csv
SimCLR,SimCLR-xsubj-riemann,xsubj,riemann,,all,all,age,fine_tuning,4,1.2649,-1.2199,5.14,False,nbr,A,save/nbr,downstream_raw_results_kfold_folds4-4.csv
SimCLR,SimCLR-diffage-cosine,diffage,cosine,,all,all,age,fine_tuning,4,1.3991,-1.6456,5.63,False,nbr,A,save/nbr,downstream_raw_results_kfold_folds4-4.csv
SimCLR,SimCLR-diffage-wasser,diffage,wasserstein,,all,all,age,fine_tuning,4,1.1706,-0.7206,4.99,False,nbr,A,save/nbr,downstream_raw_results_kfold_folds4-4.csv
SimCLR,SimCLR-diffage-riemann,diffage,riemann,,all,all,age,fine_tuning,4,1.1262,-0.6669,4.57,False,nbr,A,save/nbr,downstream_raw_results_kfold_folds4-4.csv
SimCLR,SimCLR,augment,,,all,all,age,linear_probe,5,0.8447,0.2716,10.42,False,nbr,A,save/nbr,downstream_raw_results_kfold_folds5-5.csv
SimCLR,SimCLR-nbr-cosine,nbr,cosine,,all,all,age,linear_probe,5,0.4944,0.7426,6.04,False,nbr,A,save/nbr,downstream_raw_results_kfold_folds5-5.csv
SimCLR,SimCLR-nbr-wasser,nbr,wasserstein,,all,all,age,linear_probe,5,0.552,0.6883,6.78,False,nbr,A,save/nbr,downstream_raw_results_kfold_folds5-5.csv
SimCLR,SimCLR-nbr-riemann,nbr,riemann,,all,all,age,linear_probe,5,0.575,0.6563,7.01,False,nbr,A,save/nbr,downstream_raw_results_kfold_folds5-5.csv
SimCLR,SimCLR-xsubj-cosine,xsubj,cosine,,all,all,age,linear_probe,5,0.486,0.7561,5.96,False,nbr,A,save/nbr,downstream_raw_results_kfold_folds5-5.csv
SimCLR,SimCLR-xsubj-wasser,xsubj,wasserstein,,all,all,age,linear_probe,5,0.5125,0.7203,6.23,False,nbr,A,save/nbr,downstream_raw_results_kfold_folds5-5.csv
SimCLR,SimCLR-xsubj-riemann,xsubj,riemann,,all,all,age,linear_probe,5,0.494,0.741,5.98,False,nbr,A,save/nbr,downstream_raw_results_kfold_folds5-5.csv
SimCLR,SimCLR-diffage-cosine,diffage,cosine,,all,all,age,linear_probe,5,0.5978,0.6067,7.26,False,nbr,A,save/nbr,downstream_raw_results_kfold_folds5-5.csv
SimCLR,SimCLR-diffage-wasser,diffage,wasserstein,,all,all,age,linear_probe,5,0.6745,0.5338,8.3,False,nbr,A,save/nbr,downstream_raw_results_kfold_folds5-5.csv
SimCLR,SimCLR-diffage-riemann,diffage,riemann,,all,all,age,linear_probe,5,0.5583,0.6731,6.79,False,nbr,A,save/nbr,downstream_raw_results_kfold_folds5-5.csv
SimCLR,SimCLR,augment,,,all,all,age,fine_tuning,5,0.4184,0.807,5.02,False,nbr,A,save/nbr,downstream_raw_results_kfold_folds5-5.csv
SimCLR,SimCLR-nbr-cosine,nbr,cosine,,all,all,age,fine_tuning,5,0.4464,0.7461,5.28,False,nbr,A,save/nbr,downstream_raw_results_kfold_folds5-5.csv
SimCLR,SimCLR-nbr-wasser,nbr,wasserstein,,all,all,age,fine_tuning,5,0.402,0.8269,4.85,False,nbr,A,save/nbr,downstream_raw_results_kfold_folds5-5.csv
SimCLR,SimCLR-nbr-riemann,nbr,riemann,,all,all,age,fine_tuning,5,0.3816,0.8418,4.59,False,nbr,A,save/nbr,downstream_raw_results_kfold_folds5-5.csv
SimCLR,SimCLR-xsubj-cosine,xsubj,cosine,,all,all,age,fine_tuning,5,0.4365,0.7663,5.15,False,nbr,A,save/nbr,downstream_raw_results_kfold_folds5-5.csv
SimCLR,SimCLR-xsubj-wasser,xsubj,wasserstein,,all,all,age,fine_tuning,5,0.4247,0.7799,5.02,False,nbr,A,save/nbr,downstream_raw_results_kfold_folds5-5.csv
SimCLR,SimCLR-xsubj-riemann,xsubj,riemann,,all,all,age,fine_tuning,5,0.4143,0.8015,4.93,False,nbr,A,save/nbr,downstream_raw_results_kfold_folds5-5.csv
SimCLR,SimCLR-diffage-cosine,diffage,cosine,,all,all,age,fine_tuning,5,0.4564,0.7641,5.52,False,nbr,A,save/nbr,downstream_raw_results_kfold_folds5-5.csv
SimCLR,SimCLR-diffage-wasser,diffage,wasserstein,,all,all,age,fine_tuning,5,0.4738,0.7601,5.73,False,nbr,A,save/nbr,downstream_raw_results_kfold_folds5-5.csv
SimCLR,SimCLR-diffage-riemann,diffage,riemann,,all,all,age,fine_tuning,5,0.3671,0.8481,4.38,False,nbr,A,save/nbr,downstream_raw_results_kfold_folds5-5.csv
SimCLR,SimCLR,augment,,,all,all,age,linear_probe,6,1.5094,-1.8251,9.93,False,nbr,A,save/nbr,downstream_raw_results_kfold_folds6-6.csv
SimCLR,SimCLR-nbr-cosine,nbr,cosine,,all,all,age,linear_probe,6,0.961,-0.1623,6.22,False,nbr,A,save/nbr,downstream_raw_results_kfold_folds6-6.csv
SimCLR,SimCLR-nbr-wasser,nbr,wasserstein,,all,all,age,linear_probe,6,0.8846,0.0107,5.69,False,nbr,A,save/nbr,downstream_raw_results_kfold_folds6-6.csv
SimCLR,SimCLR-nbr-riemann,nbr,riemann,,all,all,age,linear_probe,6,1.0342,-0.3491,6.66,False,nbr,A,save/nbr,downstream_raw_results_kfold_folds6-6.csv
SimCLR,SimCLR-xsubj-cosine,xsubj,cosine,,all,all,age,linear_probe,6,0.8359,0.1642,5.64,False,nbr,A,save/nbr,downstream_raw_results_kfold_folds6-6.csv
SimCLR,SimCLR-xsubj-wasser,xsubj,wasserstein,,all,all,age,linear_probe,6,0.9718,-0.1663,6.44,False,nbr,A,save/nbr,downstream_raw_results_kfold_folds6-6.csv
SimCLR,SimCLR-xsubj-riemann,xsubj,riemann,,all,all,age,linear_probe,6,0.9468,-0.1356,6.08,False,nbr,A,save/nbr,downstream_raw_results_kfold_folds6-6.csv
SimCLR,SimCLR-diffage-cosine,diffage,cosine,,all,all,age,linear_probe,6,1.1294,-0.6165,7.24,False,nbr,A,save/nbr,downstream_raw_results_kfold_folds6-6.csv
SimCLR,SimCLR-diffage-wasser,diffage,wasserstein,,all,all,age,linear_probe,6,1.2152,-0.8538,7.85,False,nbr,A,save/nbr,downstream_raw_results_kfold_folds6-6.csv
SimCLR,SimCLR-diffage-riemann,diffage,riemann,,all,all,age,linear_probe,6,1.2007,-0.8239,7.75,False,nbr,A,save/nbr,downstream_raw_results_kfold_folds6-6.csv
SimCLR,SimCLR,augment,,,all,all,age,fine_tuning,6,0.9774,-0.3003,5.96,False,nbr,A,save/nbr,downstream_raw_results_kfold_folds6-6.csv
SimCLR,SimCLR-nbr-cosine,nbr,cosine,,all,all,age,fine_tuning,6,0.7046,0.2857,4.14,False,nbr,A,save/nbr,downstream_raw_results_kfold_folds6-6.csv
SimCLR,SimCLR-nbr-wasser,nbr,wasserstein,,all,all,age,fine_tuning,6,0.7391,0.3335,4.96,False,nbr,A,save/nbr,downstream_raw_results_kfold_folds6-6.csv
SimCLR,SimCLR-nbr-riemann,nbr,riemann,,all,all,age,fine_tuning,6,0.7755,0.2649,5.18,False,nbr,A,save/nbr,downstream_raw_results_kfold_folds6-6.csv
SimCLR,SimCLR-xsubj-cosine,xsubj,cosine,,all,all,age,fine_tuning,6,0.809,0.1719,5.22,False,nbr,A,save/nbr,downstream_raw_results_kfold_folds6-6.csv
SimCLR,SimCLR-xsubj-wasser,xsubj,wasserstein,,all,all,age,fine_tuning,6,0.7611,0.2233,4.88,False,nbr,A,save/nbr,downstream_raw_results_kfold_folds6-6.csv
SimCLR,SimCLR-xsubj-riemann,xsubj,riemann,,all,all,age,fine_tuning,6,0.6548,0.431,4.03,False,nbr,A,save/nbr,downstream_raw_results_kfold_folds6-6.csv
SimCLR,SimCLR-diffage-cosine,diffage,cosine,,all,all,age,fine_tuning,6,0.7261,0.3657,4.95,False,nbr,A,save/nbr,downstream_raw_results_kfold_folds6-6.csv
SimCLR,SimCLR-diffage-wasser,diffage,wasserstein,,all,all,age,fine_tuning,6,0.7548,0.2822,4.91,False,nbr,A,save/nbr,downstream_raw_results_kfold_folds6-6.csv
SimCLR,SimCLR-diffage-riemann,diffage,riemann,,all,all,age,fine_tuning,6,0.8225,0.1506,5.36,False,nbr,A,save/nbr,downstream_raw_results_kfold_folds6-6.csv
SimCLR,SimCLR,augment,,,all,all,age,linear_probe,7,0.8677,0.2389,10.03,False,nbr,A,save/nbr,downstream_raw_results_kfold_folds7-7.csv
SimCLR,SimCLR-nbr-cosine,nbr,cosine,,all,all,age,linear_probe,7,0.5424,0.6967,6.31,False,nbr,A,save/nbr,downstream_raw_results_kfold_folds7-7.csv
SimCLR,SimCLR-nbr-wasser,nbr,wasserstein,,all,all,age,linear_probe,7,0.5664,0.6658,6.58,False,nbr,A,save/nbr,downstream_raw_results_kfold_folds7-7.csv
SimCLR,SimCLR-nbr-riemann,nbr,riemann,,all,all,age,linear_probe,7,0.6087,0.6166,7.08,False,nbr,A,save/nbr,downstream_raw_results_kfold_folds7-7.csv
SimCLR,SimCLR-xsubj-cosine,xsubj,cosine,,all,all,age,linear_probe,7,0.586,0.6481,6.81,False,nbr,A,save/nbr,downstream_raw_results_kfold_folds7-7.csv
SimCLR,SimCLR-xsubj-wasser,xsubj,wasserstein,,all,all,age,linear_probe,7,0.5795,0.6597,6.71,False,nbr,A,save/nbr,downstream_raw_results_kfold_folds7-7.csv
SimCLR,SimCLR-xsubj-riemann,xsubj,riemann,,all,all,age,linear_probe,7,0.6093,0.6218,7.06,False,nbr,A,save/nbr,downstream_raw_results_kfold_folds7-7.csv
SimCLR,SimCLR-diffage-cosine,diffage,cosine,,all,all,age,linear_probe,7,0.7317,0.4591,8.48,False,nbr,A,save/nbr,downstream_raw_results_kfold_folds7-7.csv
SimCLR,SimCLR-diffage-wasser,diffage,wasserstein,,all,all,age,linear_probe,7,0.7728,0.3865,8.96,False,nbr,A,save/nbr,downstream_raw_results_kfold_folds7-7.csv
SimCLR,SimCLR-diffage-riemann,diffage,riemann,,all,all,age,linear_probe,7,0.7204,0.4676,8.35,False,nbr,A,save/nbr,downstream_raw_results_kfold_folds7-7.csv
SimCLR,SimCLR,augment,,,all,all,age,fine_tuning,7,0.4702,0.7698,5.45,False,nbr,A,save/nbr,downstream_raw_results_kfold_folds7-7.csv
SimCLR,SimCLR-nbr-cosine,nbr,cosine,,all,all,age,fine_tuning,7,0.525,0.7179,6.11,False,nbr,A,save/nbr,downstream_raw_results_kfold_folds7-7.csv
SimCLR,SimCLR-nbr-wasser,nbr,wasserstein,,all,all,age,fine_tuning,7,0.604,0.61,7.05,False,nbr,A,save/nbr,downstream_raw_results_kfold_folds7-7.csv
SimCLR,SimCLR-nbr-riemann,nbr,riemann,,all,all,age,fine_tuning,7,0.5565,0.6703,6.51,False,nbr,A,save/nbr,downstream_raw_results_kfold_folds7-7.csv
SimCLR,SimCLR-xsubj-cosine,xsubj,cosine,,all,all,age,fine_tuning,7,0.6521,0.5418,7.58,False,nbr,A,save/nbr,downstream_raw_results_kfold_folds7-7.csv
SimCLR,SimCLR-xsubj-wasser,xsubj,wasserstein,,all,all,age,fine_tuning,7,0.6382,0.5667,7.39,False,nbr,A,save/nbr,downstream_raw_results_kfold_folds7-7.csv
SimCLR,SimCLR-xsubj-riemann,xsubj,riemann,,all,all,age,fine_tuning,7,0.4984,0.7432,5.78,False,nbr,A,save/nbr,downstream_raw_results_kfold_folds7-7.csv
SimCLR,SimCLR-diffage-cosine,diffage,cosine,,all,all,age,fine_tuning,7,0.5875,0.6442,6.83,False,nbr,A,save/nbr,downstream_raw_results_kfold_folds7-7.csv
SimCLR,SimCLR-diffage-wasser,diffage,wasserstein,,all,all,age,fine_tuning,7,0.5658,0.6558,6.59,False,nbr,A,save/nbr,downstream_raw_results_kfold_folds7-7.csv
SimCLR,SimCLR-diffage-riemann,diffage,riemann,,all,all,age,fine_tuning,7,0.5866,0.6399,6.85,False,nbr,A,save/nbr,downstream_raw_results_kfold_folds7-7.csv
SimCLR,SimCLR,augment,,,all,all,age,linear_probe,8,0.9797,0.0087,12.49,False,nbr,A,save/nbr,downstream_raw_results_kfold_folds8-8.csv
SimCLR,SimCLR-nbr-cosine,nbr,cosine,,all,all,age,linear_probe,8,0.5047,0.7295,6.53,False,nbr,A,save/nbr,downstream_raw_results_kfold_folds8-8.csv
SimCLR,SimCLR-nbr-wasser,nbr,wasserstein,,all,all,age,linear_probe,8,0.5363,0.6929,6.93,False,nbr,A,save/nbr,downstream_raw_results_kfold_folds8-8.csv
SimCLR,SimCLR-nbr-riemann,nbr,riemann,,all,all,age,linear_probe,8,0.5163,0.7251,6.72,False,nbr,A,save/nbr,downstream_raw_results_kfold_folds8-8.csv
SimCLR,SimCLR-xsubj-cosine,xsubj,cosine,,all,all,age,linear_probe,8,0.5122,0.7073,6.39,False,nbr,A,save/nbr,downstream_raw_results_kfold_folds8-8.csv
SimCLR,SimCLR-xsubj-wasser,xsubj,wasserstein,,all,all,age,linear_probe,8,0.5236,0.7121,6.67,False,nbr,A,save/nbr,downstream_raw_results_kfold_folds8-8.csv
SimCLR,SimCLR-xsubj-riemann,xsubj,riemann,,all,all,age,linear_probe,8,0.5928,0.6272,7.57,False,nbr,A,save/nbr,downstream_raw_results_kfold_folds8-8.csv
SimCLR,SimCLR-diffage-cosine,diffage,cosine,,all,all,age,linear_probe,8,0.6913,0.503,8.85,False,nbr,A,save/nbr,downstream_raw_results_kfold_folds8-8.csv
SimCLR,SimCLR-diffage-wasser,diffage,wasserstein,,all,all,age,linear_probe,8,0.6415,0.5822,8.3,False,nbr,A,save/nbr,downstream_raw_results_kfold_folds8-8.csv
SimCLR,SimCLR-diffage-riemann,diffage,riemann,,all,all,age,linear_probe,8,0.6758,0.5243,8.66,False,nbr,A,save/nbr,downstream_raw_results_kfold_folds8-8.csv
SimCLR,SimCLR,augment,,,all,all,age,fine_tuning,8,0.2538,0.9248,3.11,False,nbr,A,save/nbr,downstream_raw_results_kfold_folds8-8.csv
SimCLR,SimCLR-nbr-cosine,nbr,cosine,,all,all,age,fine_tuning,8,0.5102,0.718,6.56,False,nbr,A,save/nbr,downstream_raw_results_kfold_folds8-8.csv
SimCLR,SimCLR-nbr-wasser,nbr,wasserstein,,all,all,age,fine_tuning,8,0.4188,0.8162,5.37,False,nbr,A,save/nbr,downstream_raw_results_kfold_folds8-8.csv
SimCLR,SimCLR-nbr-riemann,nbr,riemann,,all,all,age,fine_tuning,8,0.5535,0.6752,7.04,False,nbr,A,save/nbr,downstream_raw_results_kfold_folds8-8.csv
SimCLR,SimCLR-xsubj-cosine,xsubj,cosine,,all,all,age,fine_tuning,8,0.4905,0.74,6.19,False,nbr,A,save/nbr,downstream_raw_results_kfold_folds8-8.csv
SimCLR,SimCLR-xsubj-wasser,xsubj,wasserstein,,all,all,age,fine_tuning,8,0.3194,0.8843,4.03,False,nbr,A,save/nbr,downstream_raw_results_kfold_folds8-8.csv
SimCLR,SimCLR-xsubj-riemann,xsubj,riemann,,all,all,age,fine_tuning,8,0.4263,0.8028,5.49,False,nbr,A,save/nbr,downstream_raw_results_kfold_folds8-8.csv
SimCLR,SimCLR-diffage-cosine,diffage,cosine,,all,all,age,fine_tuning,8,0.529,0.7025,6.9,False,nbr,A,save/nbr,downstream_raw_results_kfold_folds8-8.csv
SimCLR,SimCLR-diffage-wasser,diffage,wasserstein,,all,all,age,fine_tuning,8,0.4261,0.8082,5.45,False,nbr,A,save/nbr,downstream_raw_results_kfold_folds8-8.csv
SimCLR,SimCLR-diffage-riemann,diffage,riemann,,all,all,age,fine_tuning,8,0.5261,0.6753,6.87,False,nbr,A,save/nbr,downstream_raw_results_kfold_folds8-8.csv
SimCLR,SimCLR,augment,,,all,all,age,linear_probe,9,1.4737,-1.6511,12.66,False,nbr,A,save/nbr,downstream_raw_results_kfold_folds9-9.csv
SimCLR,SimCLR-nbr-cosine,nbr,cosine,,all,all,age,linear_probe,9,0.8584,0.1968,7.9,False,nbr,A,save/nbr,downstream_raw_results_kfold_folds9-9.csv
SimCLR,SimCLR-nbr-wasser,nbr,wasserstein,,all,all,age,linear_probe,9,0.8119,0.2717,7.43,False,nbr,A,save/nbr,downstream_raw_results_kfold_folds9-9.csv
SimCLR,SimCLR-nbr-riemann,nbr,riemann,,all,all,age,linear_probe,9,0.8286,0.2395,7.58,False,nbr,A,save/nbr,downstream_raw_results_kfold_folds9-9.csv
SimCLR,SimCLR-xsubj-cosine,xsubj,cosine,,all,all,age,linear_probe,9,0.8026,0.2447,7.05,False,nbr,A,save/nbr,downstream_raw_results_kfold_folds9-9.csv
SimCLR,SimCLR-xsubj-wasser,xsubj,wasserstein,,all,all,age,linear_probe,9,0.8653,0.1442,7.71,False,nbr,A,save/nbr,downstream_raw_results_kfold_folds9-9.csv
SimCLR,SimCLR-xsubj-riemann,xsubj,riemann,,all,all,age,linear_probe,9,0.8848,0.1,7.84,False,nbr,A,save/nbr,downstream_raw_results_kfold_folds9-9.csv
SimCLR,SimCLR-diffage-cosine,diffage,cosine,,all,all,age,linear_probe,9,1.1631,-0.6307,10.02,False,nbr,A,save/nbr,downstream_raw_results_kfold_folds9-9.csv
SimCLR,SimCLR-diffage-wasser,diffage,wasserstein,,all,all,age,linear_probe,9,1.1719,-0.7229,9.84,False,nbr,A,save/nbr,downstream_raw_results_kfold_folds9-9.csv
SimCLR,SimCLR-diffage-riemann,diffage,riemann,,all,all,age,linear_probe,9,1.0905,-0.3929,9.55,False,nbr,A,save/nbr,downstream_raw_results_kfold_folds9-9.csv
SimCLR,SimCLR,augment,,,all,all,age,fine_tuning,9,0.8834,0.0629,7.93,False,nbr,A,save/nbr,downstream_raw_results_kfold_folds9-9.csv
SimCLR,SimCLR-nbr-cosine,nbr,cosine,,all,all,age,fine_tuning,9,0.7487,0.2859,6.52,False,nbr,A,save/nbr,downstream_raw_results_kfold_folds9-9.csv
SimCLR,SimCLR-nbr-wasser,nbr,wasserstein,,all,all,age,fine_tuning,9,0.8368,0.1066,7.14,False,nbr,A,save/nbr,downstream_raw_results_kfold_folds9-9.csv
SimCLR,SimCLR-nbr-riemann,nbr,riemann,,all,all,age,fine_tuning,9,0.8373,0.2274,7.67,False,nbr,A,save/nbr,downstream_raw_results_kfold_folds9-9.csv
SimCLR,SimCLR-xsubj-cosine,xsubj,cosine,,all,all,age,fine_tuning,9,0.7539,0.2436,6.28,False,nbr,A,save/nbr,downstream_raw_results_kfold_folds9-9.csv
SimCLR,SimCLR-xsubj-wasser,xsubj,wasserstein,,all,all,age,fine_tuning,9,0.7465,0.2887,6.3,False,nbr,A,save/nbr,downstream_raw_results_kfold_folds9-9.csv
SimCLR,SimCLR-xsubj-riemann,xsubj,riemann,,all,all,age,fine_tuning,9,0.8032,0.1541,6.78,False,nbr,A,save/nbr,downstream_raw_results_kfold_folds9-9.csv
SimCLR,SimCLR-diffage-cosine,diffage,cosine,,all,all,age,fine_tuning,9,0.7682,0.3024,6.76,False,nbr,A,save/nbr,downstream_raw_results_kfold_folds9-9.csv
SimCLR,SimCLR-diffage-wasser,diffage,wasserstein,,all,all,age,fine_tuning,9,0.79,0.1825,6.49,False,nbr,A,save/nbr,downstream_raw_results_kfold_folds9-9.csv
SimCLR,SimCLR-diffage-riemann,diffage,riemann,,all,all,age,fine_tuning,9,0.8995,0.0547,7.98,False,nbr,A,save/nbr,downstream_raw_results_kfold_folds9-9.csv
SimCLR,SimCLR,augment,,,all,all,age,linear_probe,0,1.2711,-0.8816,10.6,False,etapa_a,A,save/etapa_a,downstream_raw_results_kfold_folds0-0.csv
SimCLR,SimCLR-xsubj-cosine,xsubj,cosine,,all,all,age,linear_probe,0,0.9675,-0.2471,7.37,False,etapa_a,A,save/etapa_a,downstream_raw_results_kfold_folds0-0.csv
SimCLR,SimCLR-xsubj-wasser,xsubj,wasserstein,,all,all,age,linear_probe,0,1.0825,-0.7814,7.7,False,etapa_a,A,save/etapa_a,downstream_raw_results_kfold_folds0-0.csv
SimCLR,SimCLR-xsubj-riemann,xsubj,riemann,,all,all,age,linear_probe,0,0.9471,-0.2064,7.2,False,etapa_a,A,save/etapa_a,downstream_raw_results_kfold_folds0-0.csv
SimCLR,SimCLR,augment,,,all,all,age,fine_tuning,0,0.712,0.051,4.59,False,etapa_a,A,save/etapa_a,downstream_raw_results_kfold_folds0-0.csv
SimCLR,SimCLR-xsubj-cosine,xsubj,cosine,,all,all,age,fine_tuning,0,0.7276,0.1171,5.0,False,etapa_a,A,save/etapa_a,downstream_raw_results_kfold_folds0-0.csv
SimCLR,SimCLR-xsubj-wasser,xsubj,wasserstein,,all,all,age,fine_tuning,0,0.8093,0.0284,5.81,False,etapa_a,A,save/etapa_a,downstream_raw_results_kfold_folds0-0.csv
SimCLR,SimCLR-xsubj-riemann,xsubj,riemann,,all,all,age,fine_tuning,0,0.6775,0.0941,4.25,False,etapa_a,A,save/etapa_a,downstream_raw_results_kfold_folds0-0.csv
SimCLR,SimCLR,augment,,,all,all,age,linear_probe,1,1.7509,-3.0901,12.8,False,etapa_a,A,save/etapa_a,downstream_raw_results_kfold_folds1-1.csv
SimCLR,SimCLR-xsubj-cosine,xsubj,cosine,,all,all,age,linear_probe,1,1.2117,-1.0874,8.17,False,etapa_a,A,save/etapa_a,downstream_raw_results_kfold_folds1-1.csv
SimCLR,SimCLR-xsubj-wasser,xsubj,wasserstein,,all,all,age,linear_probe,1,1.1645,-0.8671,8.07,False,etapa_a,A,save/etapa_a,downstream_raw_results_kfold_folds1-1.csv
SimCLR,SimCLR-xsubj-riemann,xsubj,riemann,,all,all,age,linear_probe,1,1.0593,-0.4339,7.62,False,etapa_a,A,save/etapa_a,downstream_raw_results_kfold_folds1-1.csv
SimCLR,SimCLR,augment,,,all,all,age,fine_tuning,1,0.7375,0.2916,5.36,False,etapa_a,A,save/etapa_a,downstream_raw_results_kfold_folds1-1.csv
SimCLR,SimCLR-xsubj-cosine,xsubj,cosine,,all,all,age,fine_tuning,1,0.9275,-0.4214,5.72,False,etapa_a,A,save/etapa_a,downstream_raw_results_kfold_folds1-1.csv
SimCLR,SimCLR-xsubj-wasser,xsubj,wasserstein,,all,all,age,fine_tuning,1,0.8847,-0.1744,5.81,False,etapa_a,A,save/etapa_a,downstream_raw_results_kfold_folds1-1.csv
SimCLR,SimCLR-xsubj-riemann,xsubj,riemann,,all,all,age,fine_tuning,1,0.6481,0.4435,4.53,False,etapa_a,A,save/etapa_a,downstream_raw_results_kfold_folds1-1.csv
SimCLR,SimCLR,augment,,,all,all,age,linear_probe,2,4.354,-0.4744,10.85,False,etapa_a,A,save/etapa_a,downstream_raw_results_kfold_folds2-2.csv
SimCLR,SimCLR-xsubj-cosine,xsubj,cosine,,all,all,age,linear_probe,2,2.7068,-0.292,7.49,False,etapa_a,A,save/etapa_a,downstream_raw_results_kfold_folds2-2.csv
SimCLR,SimCLR-xsubj-wasser,xsubj,wasserstein,,all,all,age,linear_probe,2,2.7664,-0.5722,8.14,False,etapa_a,A,save/etapa_a,downstream_raw_results_kfold_folds2-2.csv
SimCLR,SimCLR-xsubj-riemann,xsubj,riemann,,all,all,age,linear_probe,2,2.8684,-0.0639,8.21,False,etapa_a,A,save/etapa_a,downstream_raw_results_kfold_folds2-2.csv
SimCLR,SimCLR,augment,,,all,all,age,fine_tuning,2,1.5326,0.3476,5.17,False,etapa_a,A,save/etapa_a,downstream_raw_results_kfold_folds2-2.csv
SimCLR,SimCLR-xsubj-cosine,xsubj,cosine,,all,all,age,fine_tuning,2,0.6962,0.3067,4.54,False,etapa_a,A,save/etapa_a,downstream_raw_results_kfold_folds2-2.csv
SimCLR,SimCLR-xsubj-wasser,xsubj,wasserstein,,all,all,age,fine_tuning,2,1.5978,0.3295,5.45,False,etapa_a,A,save/etapa_a,downstream_raw_results_kfold_folds2-2.csv
SimCLR,SimCLR-xsubj-riemann,xsubj,riemann,,all,all,age,fine_tuning,2,0.8392,0.3614,4.87,False,etapa_a,A,save/etapa_a,downstream_raw_results_kfold_folds2-2.csv
SimCLR,SimCLR,augment,,,all,all,age,linear_probe,3,1.2434,-0.9047,10.47,False,etapa_a,A,save/etapa_a,downstream_raw_results_kfold_folds3-3.csv
SimCLR,SimCLR-xsubj-cosine,xsubj,cosine,,all,all,age,linear_probe,3,0.9396,-0.0988,7.85,False,etapa_a,A,save/etapa_a,downstream_raw_results_kfold_folds3-3.csv
SimCLR,SimCLR-xsubj-wasser,xsubj,wasserstein,,all,all,age,linear_probe,3,0.85,0.1411,7.26,False,etapa_a,A,save/etapa_a,downstream_raw_results_kfold_folds3-3.csv
SimCLR,SimCLR-xsubj-riemann,xsubj,riemann,,all,all,age,linear_probe,3,0.8639,0.1344,7.44,False,etapa_a,A,save/etapa_a,downstream_raw_results_kfold_folds3-3.csv
SimCLR,SimCLR,augment,,,all,all,age,fine_tuning,3,0.603,0.5038,4.89,False,etapa_a,A,save/etapa_a,downstream_raw_results_kfold_folds3-3.csv
SimCLR,SimCLR-xsubj-cosine,xsubj,cosine,,all,all,age,fine_tuning,3,0.5721,0.5395,4.53,False,etapa_a,A,save/etapa_a,downstream_raw_results_kfold_folds3-3.csv
SimCLR,SimCLR-xsubj-wasser,xsubj,wasserstein,,all,all,age,fine_tuning,3,0.6272,0.4684,5.04,False,etapa_a,A,save/etapa_a,downstream_raw_results_kfold_folds3-3.csv
SimCLR,SimCLR-xsubj-riemann,xsubj,riemann,,all,all,age,fine_tuning,3,0.5922,0.5125,4.71,False,etapa_a,A,save/etapa_a,downstream_raw_results_kfold_folds3-3.csv
SimCLR,SimCLR,augment,,,all,all,age,linear_probe,4,2.7855,-10.7922,11.05,False,etapa_a,A,save/etapa_a,downstream_raw_results_kfold_folds4-4.csv
SimCLR,SimCLR-xsubj-cosine,xsubj,cosine,,all,all,age,linear_probe,4,1.9963,-5.2006,7.52,False,etapa_a,A,save/etapa_a,downstream_raw_results_kfold_folds4-4.csv
SimCLR,SimCLR-xsubj-wasser,xsubj,wasserstein,,all,all,age,linear_probe,4,2.1075,-6.3954,7.71,False,etapa_a,A,save/etapa_a,downstream_raw_results_kfold_folds4-4.csv
SimCLR,SimCLR-xsubj-riemann,xsubj,riemann,,all,all,age,linear_probe,4,2.2668,-7.8699,8.17,False,etapa_a,A,save/etapa_a,downstream_raw_results_kfold_folds4-4.csv
SimCLR,SimCLR,augment,,,all,all,age,fine_tuning,4,1.2535,-0.7557,5.77,False,etapa_a,A,save/etapa_a,downstream_raw_results_kfold_folds4-4.csv
SimCLR,SimCLR-xsubj-cosine,xsubj,cosine,,all,all,age,fine_tuning,4,1.3889,-2.0677,5.04,False,etapa_a,A,save/etapa_a,downstream_raw_results_kfold_folds4-4.csv
SimCLR,SimCLR-xsubj-wasser,xsubj,wasserstein,,all,all,age,fine_tuning,4,1.5402,-2.6426,5.74,False,etapa_a,A,save/etapa_a,downstream_raw_results_kfold_folds4-4.csv
SimCLR,SimCLR-xsubj-riemann,xsubj,riemann,,all,all,age,fine_tuning,4,1.26,-0.9379,5.65,False,etapa_a,A,save/etapa_a,downstream_raw_results_kfold_folds4-4.csv
SimCLR,SimCLR,augment,,,all,all,age,linear_probe,5,0.8482,0.2652,10.46,False,etapa_a,A,save/etapa_a,downstream_raw_results_kfold_folds5-5.csv
SimCLR,SimCLR-xsubj-cosine,xsubj,cosine,,all,all,age,linear_probe,5,0.6111,0.6126,7.49,False,etapa_a,A,save/etapa_a,downstream_raw_results_kfold_folds5-5.csv
SimCLR,SimCLR-xsubj-wasser,xsubj,wasserstein,,all,all,age,linear_probe,5,0.6379,0.5708,7.74,False,etapa_a,A,save/etapa_a,downstream_raw_results_kfold_folds5-5.csv
SimCLR,SimCLR-xsubj-riemann,xsubj,riemann,,all,all,age,linear_probe,5,0.6013,0.6294,7.38,False,etapa_a,A,save/etapa_a,downstream_raw_results_kfold_folds5-5.csv
SimCLR,SimCLR,augment,,,all,all,age,fine_tuning,5,0.3887,0.8359,4.68,False,etapa_a,A,save/etapa_a,downstream_raw_results_kfold_folds5-5.csv
SimCLR,SimCLR-xsubj-cosine,xsubj,cosine,,all,all,age,fine_tuning,5,0.4203,0.758,4.91,False,etapa_a,A,save/etapa_a,downstream_raw_results_kfold_folds5-5.csv
SimCLR,SimCLR-xsubj-wasser,xsubj,wasserstein,,all,all,age,fine_tuning,5,0.4016,0.7994,4.74,False,etapa_a,A,save/etapa_a,downstream_raw_results_kfold_folds5-5.csv
SimCLR,SimCLR-xsubj-riemann,xsubj,riemann,,all,all,age,fine_tuning,5,0.4211,0.8008,5.07,False,etapa_a,A,save/etapa_a,downstream_raw_results_kfold_folds5-5.csv
SimCLR,SimCLR,augment,,,all,all,age,linear_probe,6,1.542,-1.9843,10.04,False,etapa_a,A,save/etapa_a,downstream_raw_results_kfold_folds6-6.csv
SimCLR,SimCLR-xsubj-cosine,xsubj,cosine,,all,all,age,linear_probe,6,1.1366,-0.616,7.45,False,etapa_a,A,save/etapa_a,downstream_raw_results_kfold_folds6-6.csv
SimCLR,SimCLR-xsubj-wasser,xsubj,wasserstein,,all,all,age,linear_probe,6,1.1366,-0.7264,7.31,False,etapa_a,A,save/etapa_a,downstream_raw_results_kfold_folds6-6.csv
SimCLR,SimCLR-xsubj-riemann,xsubj,riemann,,all,all,age,linear_probe,6,1.0643,-0.3467,7.23,False,etapa_a,A,save/etapa_a,downstream_raw_results_kfold_folds6-6.csv
SimCLR,SimCLR,augment,,,all,all,age,fine_tuning,6,0.7752,0.2192,4.9,False,etapa_a,A,save/etapa_a,downstream_raw_results_kfold_folds6-6.csv
SimCLR,SimCLR-xsubj-cosine,xsubj,cosine,,all,all,age,fine_tuning,6,0.7766,0.238,5.03,False,etapa_a,A,save/etapa_a,downstream_raw_results_kfold_folds6-6.csv
SimCLR,SimCLR-xsubj-wasser,xsubj,wasserstein,,all,all,age,fine_tuning,6,0.7555,0.2333,4.61,False,etapa_a,A,save/etapa_a,downstream_raw_results_kfold_folds6-6.csv
SimCLR,SimCLR-xsubj-riemann,xsubj,riemann,,all,all,age,fine_tuning,6,0.7099,0.3725,4.64,False,etapa_a,A,save/etapa_a,downstream_raw_results_kfold_folds6-6.csv
SimCLR,SimCLR,augment,,,all,all,age,linear_probe,7,0.8567,0.2589,9.9,False,etapa_a,A,save/etapa_a,downstream_raw_results_kfold_folds7-7.csv
SimCLR,SimCLR-xsubj-cosine,xsubj,cosine,,all,all,age,linear_probe,7,0.7179,0.4725,8.33,False,etapa_a,A,save/etapa_a,downstream_raw_results_kfold_folds7-7.csv
SimCLR,SimCLR-xsubj-wasser,xsubj,wasserstein,,all,all,age,linear_probe,7,0.6896,0.5145,8.01,False,etapa_a,A,save/etapa_a,downstream_raw_results_kfold_folds7-7.csv
SimCLR,SimCLR-xsubj-riemann,xsubj,riemann,,all,all,age,linear_probe,7,0.6672,0.5366,7.75,False,etapa_a,A,save/etapa_a,downstream_raw_results_kfold_folds7-7.csv
SimCLR,SimCLR,augment,,,all,all,age,fine_tuning,7,0.5886,0.6383,6.84,False,etapa_a,A,save/etapa_a,downstream_raw_results_kfold_folds7-7.csv
SimCLR,SimCLR-xsubj-cosine,xsubj,cosine,,all,all,age,fine_tuning,7,0.6182,0.5718,7.2,False,etapa_a,A,save/etapa_a,downstream_raw_results_kfold_folds7-7.csv
SimCLR,SimCLR-xsubj-wasser,xsubj,wasserstein,,all,all,age,fine_tuning,7,0.6186,0.6007,7.21,False,etapa_a,A,save/etapa_a,downstream_raw_results_kfold_folds7-7.csv
SimCLR,SimCLR-xsubj-riemann,xsubj,riemann,,all,all,age,fine_tuning,7,0.6355,0.5662,7.4,False,etapa_a,A,save/etapa_a,downstream_raw_results_kfold_folds7-7.csv
SimCLR,SimCLR,augment,,,all,all,age,linear_probe,8,0.9757,0.0112,12.4,False,etapa_a,A,save/etapa_a,downstream_raw_results_kfold_folds8-8.csv
SimCLR,SimCLR-xsubj-cosine,xsubj,cosine,,all,all,age,linear_probe,8,0.6669,0.5384,8.55,False,etapa_a,A,save/etapa_a,downstream_raw_results_kfold_folds8-8.csv
SimCLR,SimCLR-xsubj-wasser,xsubj,wasserstein,,all,all,age,linear_probe,8,0.6579,0.5445,8.36,False,etapa_a,A,save/etapa_a,downstream_raw_results_kfold_folds8-8.csv
SimCLR,SimCLR-xsubj-riemann,xsubj,riemann,,all,all,age,linear_probe,8,0.6401,0.5637,8.07,False,etapa_a,A,save/etapa_a,downstream_raw_results_kfold_folds8-8.csv
SimCLR,SimCLR,augment,,,all,all,age,fine_tuning,8,0.4933,0.7435,6.47,False,etapa_a,A,save/etapa_a,downstream_raw_results_kfold_folds8-8.csv
SimCLR,SimCLR-xsubj-cosine,xsubj,cosine,,all,all,age,fine_tuning,8,0.4654,0.7684,5.96,False,etapa_a,A,save/etapa_a,downstream_raw_results_kfold_folds8-8.csv
SimCLR,SimCLR-xsubj-wasser,xsubj,wasserstein,,all,all,age,fine_tuning,8,0.5185,0.7228,6.67,False,etapa_a,A,save/etapa_a,downstream_raw_results_kfold_folds8-8.csv
SimCLR,SimCLR-xsubj-riemann,xsubj,riemann,,all,all,age,fine_tuning,8,0.4321,0.8071,5.57,False,etapa_a,A,save/etapa_a,downstream_raw_results_kfold_folds8-8.csv
SimCLR,SimCLR,augment,,,all,all,age,linear_probe,9,1.5002,-1.805,12.73,False,etapa_a,A,save/etapa_a,downstream_raw_results_kfold_folds9-9.csv
SimCLR,SimCLR-xsubj-cosine,xsubj,cosine,,all,all,age,linear_probe,9,0.8702,0.1214,7.69,False,etapa_a,A,save/etapa_a,downstream_raw_results_kfold_folds9-9.csv
SimCLR,SimCLR-xsubj-wasser,xsubj,wasserstein,,all,all,age,linear_probe,9,0.9024,-0.0456,7.49,False,etapa_a,A,save/etapa_a,downstream_raw_results_kfold_folds9-9.csv
SimCLR,SimCLR-xsubj-riemann,xsubj,riemann,,all,all,age,linear_probe,9,0.864,0.1565,7.77,False,etapa_a,A,save/etapa_a,downstream_raw_results_kfold_folds9-9.csv
SimCLR,SimCLR,augment,,,all,all,age,fine_tuning,9,0.9215,-0.0027,8.11,False,etapa_a,A,save/etapa_a,downstream_raw_results_kfold_folds9-9.csv
SimCLR,SimCLR-xsubj-cosine,xsubj,cosine,,all,all,age,fine_tuning,9,0.7444,0.2487,6.17,False,etapa_a,A,save/etapa_a,downstream_raw_results_kfold_folds9-9.csv
SimCLR,SimCLR-xsubj-wasser,xsubj,wasserstein,,all,all,age,fine_tuning,9,0.6663,0.4056,5.44,False,etapa_a,A,save/etapa_a,downstream_raw_results_kfold_folds9-9.csv
SimCLR,SimCLR-xsubj-riemann,xsubj,riemann,,all,all,age,fine_tuning,9,0.8477,0.0697,7.1,False,etapa_a,A,save/etapa_a,downstream_raw_results_kfold_folds9-9.csv
PCA,PCA,,,,all,all,age,linear_probe,0,1.5723,-2.5013,11.9,True,baseline_ucles,A,save/baseline_ucles,downstream_raw_results_kfold_folds0-0.csv
SimCLR,SimCLR,augment,,,all,all,age,linear_probe,0,1.2767,-0.8993,10.64,False,baseline_ucles,A,save/baseline_ucles,downstream_raw_results_kfold_folds0-0.csv
AE,AE,,,,all,all,age,linear_probe,0,1.7141,-3.6751,12.18,True,baseline_ucles,A,save/baseline_ucles,downstream_raw_results_kfold_folds0-0.csv
MAE,MAE,,,,all,all,age,linear_probe,0,1.5429,-2.3709,11.61,True,baseline_ucles,A,save/baseline_ucles,downstream_raw_results_kfold_folds0-0.csv
TripletLoss,TripletLoss,,,,all,all,age,linear_probe,0,0.8104,-0.0467,5.64,True,baseline_ucles,A,save/baseline_ucles,downstream_raw_results_kfold_folds0-0.csv
supervised,supervised,,,,all,all,age,fine_tuning,0,0.7494,-0.0955,4.76,True,baseline_ucles,A,save/baseline_ucles,downstream_raw_results_kfold_folds0-0.csv
SimCLR,SimCLR,augment,,,all,all,age,fine_tuning,0,0.7229,-0.0186,4.55,False,baseline_ucles,A,save/baseline_ucles,downstream_raw_results_kfold_folds0-0.csv
AE,AE,,,,all,all,age,fine_tuning,0,0.6952,0.1958,4.66,True,baseline_ucles,A,save/baseline_ucles,downstream_raw_results_kfold_folds0-0.csv
MAE,MAE,,,,all,all,age,fine_tuning,0,0.6566,0.1186,4.04,True,baseline_ucles,A,save/baseline_ucles,downstream_raw_results_kfold_folds0-0.csv
TripletLoss,TripletLoss,,,,all,all,age,fine_tuning,0,0.6308,0.2587,4.05,True,baseline_ucles,A,save/baseline_ucles,downstream_raw_results_kfold_folds0-0.csv
PCA,PCA,,,,all,all,age,linear_probe,1,1.6195,-1.8873,13.16,True,baseline_ucles,A,save/baseline_ucles,downstream_raw_results_kfold_folds1-1.csv
SimCLR,SimCLR,augment,,,all,all,age,linear_probe,1,1.7577,-3.1289,12.81,False,baseline_ucles,A,save/baseline_ucles,downstream_raw_results_kfold_folds1-1.csv
AE,AE,,,,all,all,age,linear_probe,1,1.7026,-2.7418,12.33,True,baseline_ucles,A,save/baseline_ucles,downstream_raw_results_kfold_folds1-1.csv
MAE,MAE,,,,all,all,age,linear_probe,1,1.7325,-2.8865,12.5,True,baseline_ucles,A,save/baseline_ucles,downstream_raw_results_kfold_folds1-1.csv
TripletLoss,TripletLoss,,,,all,all,age,linear_probe,1,0.8377,0.0086,5.57,True,baseline_ucles,A,save/baseline_ucles,downstream_raw_results_kfold_folds1-1.csv
supervised,supervised,,,,all,all,age,fine_tuning,1,0.7561,0.2598,5.33,True,baseline_ucles,A,save/baseline_ucles,downstream_raw_results_kfold_folds1-1.csv
SimCLR,SimCLR,augment,,,all,all,age,fine_tuning,1,0.899,-0.062,6.44,False,baseline_ucles,A,save/baseline_ucles,downstream_raw_results_kfold_folds1-1.csv
AE,AE,,,,all,all,age,fine_tuning,1,0.4941,0.7218,3.93,True,baseline_ucles,A,save/baseline_ucles,downstream_raw_results_kfold_folds1-1.csv
MAE,MAE,,,,all,all,age,fine_tuning,1,0.5813,0.4161,3.3,True,baseline_ucles,A,save/baseline_ucles,downstream_raw_results_kfold_folds1-1.csv
TripletLoss,TripletLoss,,,,all,all,age,fine_tuning,1,0.6757,0.3147,4.3,True,baseline_ucles,A,save/baseline_ucles,downstream_raw_results_kfold_folds1-1.csv
PCA,PCA,,,,all,all,age,linear_probe,2,5.3036,-0.5257,13.5,True,baseline_ucles,A,save/baseline_ucles,downstream_raw_results_kfold_folds2-2.csv
SimCLR,SimCLR,augment,,,all,all,age,linear_probe,2,4.4416,-0.469,10.9,False,baseline_ucles,A,save/baseline_ucles,downstream_raw_results_kfold_folds2-2.csv
AE,AE,,,,all,all,age,linear_probe,2,4.2452,-0.8125,12.28,True,baseline_ucles,A,save/baseline_ucles,downstream_raw_results_kfold_folds2-2.csv
MAE,MAE,,,,all,all,age,linear_probe,2,4.5663,-0.4209,11.41,True,baseline_ucles,A,save/baseline_ucles,downstream_raw_results_kfold_folds2-2.csv
TripletLoss,TripletLoss,,,,all,all,age,linear_probe,2,2.1765,0.2672,6.94,True,baseline_ucles,A,save/baseline_ucles,downstream_raw_results_kfold_folds2-2.csv
supervised,supervised,,,,all,all,age,fine_tuning,2,0.8785,0.2547,5.2,True,baseline_ucles,A,save/baseline_ucles,downstream_raw_results_kfold_folds2-2.csv
SimCLR,SimCLR,augment,,,all,all,age,fine_tuning,2,0.8428,0.4638,3.89,False,baseline_ucles,A,save/baseline_ucles,downstream_raw_results_kfold_folds2-2.csv
AE,AE,,,,all,all,age,fine_tuning,2,0.9415,0.5013,4.08,True,baseline_ucles,A,save/baseline_ucles,downstream_raw_results_kfold_folds2-2.csv
MAE,MAE,,,,all,all,age,fine_tuning,2,0.4934,0.6878,2.32,True,baseline_ucles,A,save/baseline_ucles,downstream_raw_results_kfold_folds2-2.csv
TripletLoss,TripletLoss,,,,all,all,age,fine_tuning,2,1.0146,0.4343,4.88,True,baseline_ucles,A,save/baseline_ucles,downstream_raw_results_kfold_folds2-2.csv
PCA,PCA,,,,all,all,age,linear_probe,3,1.2947,-0.7823,11.7,True,baseline_ucles,A,save/baseline_ucles,downstream_raw_results_kfold_folds3-3.csv
SimCLR,SimCLR,augment,,,all,all,age,linear_probe,3,1.2508,-0.9289,10.52,False,baseline_ucles,A,save/baseline_ucles,downstream_raw_results_kfold_folds3-3.csv
AE,AE,,,,all,all,age,linear_probe,3,1.2914,-0.7825,11.6,True,baseline_ucles,A,save/baseline_ucles,downstream_raw_results_kfold_folds3-3.csv
MAE,MAE,,,,all,all,age,linear_probe,3,1.3757,-1.3446,11.64,True,baseline_ucles,A,save/baseline_ucles,downstream_raw_results_kfold_folds3-3.csv
TripletLoss,TripletLoss,,,,all,all,age,linear_probe,3,0.7372,0.3292,6.14,True,baseline_ucles,A,save/baseline_ucles,downstream_raw_results_kfold_folds3-3.csv
supervised,supervised,,,,all,all,age,fine_tuning,3,0.5705,0.593,4.81,True,baseline_ucles,A,save/baseline_ucles,downstream_raw_results_kfold_folds3-3.csv
SimCLR,SimCLR,augment,,,all,all,age,fine_tuning,3,0.5867,0.5585,4.92,False,baseline_ucles,A,save/baseline_ucles,downstream_raw_results_kfold_folds3-3.csv
AE,AE,,,,all,all,age,fine_tuning,3,0.4599,0.7009,3.66,True,baseline_ucles,A,save/baseline_ucles,downstream_raw_results_kfold_folds3-3.csv
MAE,MAE,,,,all,all,age,fine_tuning,3,0.4334,0.7932,3.82,True,baseline_ucles,A,save/baseline_ucles,downstream_raw_results_kfold_folds3-3.csv
TripletLoss,TripletLoss,,,,all,all,age,fine_tuning,3,0.5061,0.6696,4.15,True,baseline_ucles,A,save/baseline_ucles,downstream_raw_results_kfold_folds3-3.csv
PCA,PCA,,,,all,all,age,linear_probe,4,3.2496,-18.9275,11.47,True,baseline_ucles,A,save/baseline_ucles,downstream_raw_results_kfold_folds4-4.csv
SimCLR,SimCLR,augment,,,all,all,age,linear_probe,4,2.7821,-10.7646,11.03,False,baseline_ucles,A,save/baseline_ucles,downstream_raw_results_kfold_folds4-4.csv
AE,AE,,,,all,all,age,linear_probe,4,3.013,-13.9465,11.26,True,baseline_ucles,A,save/baseline_ucles,downstream_raw_results_kfold_folds4-4.csv
MAE,MAE,,,,all,all,age,linear_probe,4,3.06,-14.921,11.3,True,baseline_ucles,A,save/baseline_ucles,downstream_raw_results_kfold_folds4-4.csv
TripletLoss,TripletLoss,,,,all,all,age,linear_probe,4,1.6706,-4.2794,5.79,True,baseline_ucles,A,save/baseline_ucles,downstream_raw_results_kfold_folds4-4.csv
supervised,supervised,,,,all,all,age,fine_tuning,4,1.5106,-2.7665,5.55,True,baseline_ucles,A,save/baseline_ucles,downstream_raw_results_kfold_folds4-4.csv
SimCLR,SimCLR,augment,,,all,all,age,fine_tuning,4,1.6416,-3.0598,6.23,False,baseline_ucles,A,save/baseline_ucles,downstream_raw_results_kfold_folds4-4.csv
AE,AE,,,,all,all,age,fine_tuning,4,0.9613,-0.1736,3.94,True,baseline_ucles,A,save/baseline_ucles,downstream_raw_results_kfold_folds4-4.csv
MAE,MAE,,,,all,all,age,fine_tuning,4,0.8568,0.0619,3.56,True,baseline_ucles,A,save/baseline_ucles,downstream_raw_results_kfold_folds4-4.csv
TripletLoss,TripletLoss,,,,all,all,age,fine_tuning,4,1.1024,-0.5578,4.43,True,baseline_ucles,A,save/baseline_ucles,downstream_raw_results_kfold_folds4-4.csv
PCA,PCA,,,,all,all,age,linear_probe,5,1.0919,-0.1926,13.65,True,baseline_ucles,A,save/baseline_ucles,downstream_raw_results_kfold_folds5-5.csv
SimCLR,SimCLR,augment,,,all,all,age,linear_probe,5,0.8441,0.2699,10.41,False,baseline_ucles,A,save/baseline_ucles,downstream_raw_results_kfold_folds5-5.csv
AE,AE,,,,all,all,age,linear_probe,5,1.0684,-0.1421,13.32,True,baseline_ucles,A,save/baseline_ucles,downstream_raw_results_kfold_folds5-5.csv
MAE,MAE,,,,all,all,age,linear_probe,5,0.9219,0.1449,11.41,True,baseline_ucles,A,save/baseline_ucles,downstream_raw_results_kfold_folds5-5.csv
TripletLoss,TripletLoss,,,,all,all,age,linear_probe,5,0.4211,0.7894,4.99,True,baseline_ucles,A,save/baseline_ucles,downstream_raw_results_kfold_folds5-5.csv
supervised,supervised,,,,all,all,age,fine_tuning,5,0.3226,0.8733,3.81,True,baseline_ucles,A,save/baseline_ucles,downstream_raw_results_kfold_folds5-5.csv
SimCLR,SimCLR,augment,,,all,all,age,fine_tuning,5,0.4205,0.8039,5.04,False,baseline_ucles,A,save/baseline_ucles,downstream_raw_results_kfold_folds5-5.csv
AE,AE,,,,all,all,age,fine_tuning,5,0.3902,0.8378,4.74,True,baseline_ucles,A,save/baseline_ucles,downstream_raw_results_kfold_folds5-5.csv
MAE,MAE,,,,all,all,age,fine_tuning,5,0.3301,0.8866,4.04,True,baseline_ucles,A,save/baseline_ucles,downstream_raw_results_kfold_folds5-5.csv
TripletLoss,TripletLoss,,,,all,all,age,fine_tuning,5,0.3685,0.8391,4.39,True,baseline_ucles,A,save/baseline_ucles,downstream_raw_results_kfold_folds5-5.csv
PCA,PCA,,,,all,all,age,linear_probe,6,1.5852,-1.7517,11.69,True,baseline_ucles,A,save/baseline_ucles,downstream_raw_results_kfold_folds6-6.csv
SimCLR,SimCLR,augment,,,all,all,age,linear_probe,6,1.5384,-1.9702,10.0,False,baseline_ucles,A,save/baseline_ucles,downstream_raw_results_kfold_folds6-6.csv
AE,AE,,,,all,all,age,linear_probe,6,1.5656,-1.7774,11.16,True,baseline_ucles,A,save/baseline_ucles,downstream_raw_results_kfold_folds6-6.csv
MAE,MAE,,,,all,all,age,linear_probe,6,1.6058,-1.9731,11.22,True,baseline_ucles,A,save/baseline_ucles,downstream_raw_results_kfold_folds6-6.csv
TripletLoss,TripletLoss,,,,all,all,age,linear_probe,6,0.8203,0.1839,5.53,True,baseline_ucles,A,save/baseline_ucles,downstream_raw_results_kfold_folds6-6.csv
supervised,supervised,,,,all,all,age,fine_tuning,6,0.7306,0.3723,5.14,True,baseline_ucles,A,save/baseline_ucles,downstream_raw_results_kfold_folds6-6.csv
SimCLR,SimCLR,augment,,,all,all,age,fine_tuning,6,0.6887,0.4063,4.51,False,baseline_ucles,A,save/baseline_ucles,downstream_raw_results_kfold_folds6-6.csv
AE,AE,,,,all,all,age,fine_tuning,6,0.6892,0.3635,4.23,True,baseline_ucles,A,save/baseline_ucles,downstream_raw_results_kfold_folds6-6.csv
MAE,MAE,,,,all,all,age,fine_tuning,6,0.6099,0.4542,3.44,True,baseline_ucles,A,save/baseline_ucles,downstream_raw_results_kfold_folds6-6.csv
TripletLoss,TripletLoss,,,,all,all,age,fine_tuning,6,0.7097,0.3754,4.65,True,baseline_ucles,A,save/baseline_ucles,downstream_raw_results_kfold_folds6-6.csv
PCA,PCA,,,,all,all,age,linear_probe,7,1.0782,-0.1665,12.4,True,baseline_ucles,A,save/baseline_ucles,downstream_raw_results_kfold_folds7-7.csv
SimCLR,SimCLR,augment,,,all,all,age,linear_probe,7,0.8701,0.2333,10.06,False,baseline_ucles,A,save/baseline_ucles,downstream_raw_results_kfold_folds7-7.csv
AE,AE,,,,all,all,age,linear_probe,7,0.9995,-0.0004,11.52,True,baseline_ucles,A,save/baseline_ucles,downstream_raw_results_kfold_folds7-7.csv
MAE,MAE,,,,all,all,age,linear_probe,7,0.8885,0.2056,10.25,True,baseline_ucles,A,save/baseline_ucles,downstream_raw_results_kfold_folds7-7.csv
TripletLoss,TripletLoss,,,,all,all,age,linear_probe,7,0.6681,0.5033,7.81,True,baseline_ucles,A,save/baseline_ucles,downstream_raw_results_kfold_folds7-7.csv
supervised,supervised,,,,all,all,age,fine_tuning,7,0.6294,0.5888,7.33,True,baseline_ucles,A,save/baseline_ucles,downstream_raw_results_kfold_folds7-7.csv
SimCLR,SimCLR,augment,,,all,all,age,fine_tuning,7,0.583,0.6498,6.74,False,baseline_ucles,A,save/baseline_ucles,downstream_raw_results_kfold_folds7-7.csv
AE,AE,,,,all,all,age,fine_tuning,7,0.4493,0.7963,5.21,True,baseline_ucles,A,save/baseline_ucles,downstream_raw_results_kfold_folds7-7.csv
MAE,MAE,,,,all,all,age,fine_tuning,7,0.3225,0.8954,3.7,True,baseline_ucles,A,save/baseline_ucles,downstream_raw_results_kfold_folds7-7.csv
TripletLoss,TripletLoss,,,,all,all,age,fine_tuning,7,0.5206,0.6923,6.07,True,baseline_ucles,A,save/baseline_ucles,downstream_raw_results_kfold_folds7-7.csv
PCA,PCA,,,,all,all,age,linear_probe,8,1.0895,-0.1885,14.2,True,baseline_ucles,A,save/baseline_ucles,downstream_raw_results_kfold_folds8-8.csv
SimCLR,SimCLR,augment,,,all,all,age,linear_probe,8,0.9805,0.0021,12.47,False,baseline_ucles,A,save/baseline_ucles,downstream_raw_results_kfold_folds8-8.csv
AE,AE,,,,all,all,age,linear_probe,8,1.1922,-0.4922,15.4,True,baseline_ucles,A,save/baseline_ucles,downstream_raw_results_kfold_folds8-8.csv
MAE,MAE,,,,all,all,age,linear_probe,8,0.9104,0.1524,11.62,True,baseline_ucles,A,save/baseline_ucles,downstream_raw_results_kfold_folds8-8.csv
TripletLoss,TripletLoss,,,,all,all,age,linear_probe,8,0.4803,0.7562,6.12,True,baseline_ucles,A,save/baseline_ucles,downstream_raw_results_kfold_folds8-8.csv
supervised,supervised,,,,all,all,age,fine_tuning,8,0.3992,0.8068,5.12,True,baseline_ucles,A,save/baseline_ucles,downstream_raw_results_kfold_folds8-8.csv
SimCLR,SimCLR,augment,,,all,all,age,fine_tuning,8,0.5386,0.6816,6.88,False,baseline_ucles,A,save/baseline_ucles,downstream_raw_results_kfold_folds8-8.csv
AE,AE,,,,all,all,age,fine_tuning,8,0.4134,0.8191,5.23,True,baseline_ucles,A,save/baseline_ucles,downstream_raw_results_kfold_folds8-8.csv
MAE,MAE,,,,all,all,age,fine_tuning,8,0.2688,0.9175,3.36,True,baseline_ucles,A,save/baseline_ucles,downstream_raw_results_kfold_folds8-8.csv
TripletLoss,TripletLoss,,,,all,all,age,fine_tuning,8,0.346,0.8661,4.33,True,baseline_ucles,A,save/baseline_ucles,downstream_raw_results_kfold_folds8-8.csv
PCA,PCA,,,,all,all,age,linear_probe,9,1.4188,-1.41,12.34,True,baseline_ucles,A,save/baseline_ucles,downstream_raw_results_kfold_folds9-9.csv
SimCLR,SimCLR,augment,,,all,all,age,linear_probe,9,1.4932,-1.7699,12.7,False,baseline_ucles,A,save/baseline_ucles,downstream_raw_results_kfold_folds9-9.csv
AE,AE,,,,all,all,age,linear_probe,9,1.4257,-1.5247,12.11,True,baseline_ucles,A,save/baseline_ucles,downstream_raw_results_kfold_folds9-9.csv
MAE,MAE,,,,all,all,age,linear_probe,9,1.4706,-1.6919,12.55,True,baseline_ucles,A,save/baseline_ucles,downstream_raw_results_kfold_folds9-9.csv
TripletLoss,TripletLoss,,,,all,all,age,linear_probe,9,0.8461,0.1643,7.54,True,baseline_ucles,A,save/baseline_ucles,downstream_raw_results_kfold_folds9-9.csv
supervised,supervised,,,,all,all,age,fine_tuning,9,0.7764,0.2948,7.03,True,baseline_ucles,A,save/baseline_ucles,downstream_raw_results_kfold_folds9-9.csv
SimCLR,SimCLR,augment,,,all,all,age,fine_tuning,9,0.7318,0.3102,6.28,False,baseline_ucles,A,save/baseline_ucles,downstream_raw_results_kfold_folds9-9.csv
AE,AE,,,,all,all,age,fine_tuning,9,0.5695,0.5553,4.58,True,baseline_ucles,A,save/baseline_ucles,downstream_raw_results_kfold_folds9-9.csv
MAE,MAE,,,,all,all,age,fine_tuning,9,0.5996,0.4136,4.94,True,baseline_ucles,A,save/baseline_ucles,downstream_raw_results_kfold_folds9-9.csv
TripletLoss,TripletLoss,,,,all,all,age,fine_tuning,9,0.6562,0.4296,5.42,True,baseline_ucles,A,save/baseline_ucles,downstream_raw_results_kfold_folds9-9.csv
InterFusion,InterFusion-c1a,,,,all,all,age,linear_probe,0,1.5588,-2.5202,11.59,True,c1a,A,save/c1a,downstream_raw_results_kfold_folds0-0.csv
InterFusion,InterFusion-c1a,,,,all,all,age,fine_tuning,0,0.6122,0.4543,4.48,True,c1a,A,save/c1a,downstream_raw_results_kfold_folds0-0.csv
InterFusion,InterFusion-c1a,,,,all,all,age,linear_probe,1,1.7197,-2.919,12.55,True,c1a,A,save/c1a,downstream_raw_results_kfold_folds1-1.csv
InterFusion,InterFusion-c1a,,,,all,all,age,fine_tuning,1,0.516,0.632,3.49,True,c1a,A,save/c1a,downstream_raw_results_kfold_folds1-1.csv
InterFusion,InterFusion-c1a,,,,all,all,age,linear_probe,2,1.1314,-0.3317,12.06,True,c1a,A,save/c1a,downstream_raw_results_kfold_folds2-2.csv
InterFusion,InterFusion-c1a,,,,all,all,age,fine_tuning,2,0.7257,0.4332,5.72,True,c1a,A,save/c1a,downstream_raw_results_kfold_folds2-2.csv
InterFusion,InterFusion-c1a,,,,all,all,age,linear_probe,3,1.3958,-1.3064,12.08,True,c1a,A,save/c1a,downstream_raw_results_kfold_folds3-3.csv
InterFusion,InterFusion-c1a,,,,all,all,age,fine_tuning,3,0.5917,0.5721,4.95,True,c1a,A,save/c1a,downstream_raw_results_kfold_folds3-3.csv
InterFusion,InterFusion-c1a,,,,all,all,age,linear_probe,4,3.0189,-14.2886,11.17,True,c1a,A,save/c1a,downstream_raw_results_kfold_folds4-4.csv
InterFusion,InterFusion-c1a,,,,all,all,age,fine_tuning,4,1.5,-3.0687,4.96,True,c1a,A,save/c1a,downstream_raw_results_kfold_folds4-4.csv
InterFusion,InterFusion-c1a,,,,all,all,age,linear_probe,5,1.0133,-0.0283,12.66,True,c1a,A,save/c1a,downstream_raw_results_kfold_folds5-5.csv
InterFusion,InterFusion-c1a,,,,all,all,age,fine_tuning,5,0.4208,0.8001,5.05,True,c1a,A,save/c1a,downstream_raw_results_kfold_folds5-5.csv
InterFusion,InterFusion-c1a,,,,all,all,age,linear_probe,6,1.4863,-1.4465,10.81,True,c1a,A,save/c1a,downstream_raw_results_kfold_folds6-6.csv
InterFusion,InterFusion-c1a,,,,all,all,age,fine_tuning,6,0.7252,0.3361,4.82,True,c1a,A,save/c1a,downstream_raw_results_kfold_folds6-6.csv
InterFusion,InterFusion-c1a,,,,all,all,age,linear_probe,7,0.9737,0.046,11.25,True,c1a,A,save/c1a,downstream_raw_results_kfold_folds7-7.csv
InterFusion,InterFusion-c1a,,,,all,all,age,fine_tuning,7,0.5205,0.713,6.09,True,c1a,A,save/c1a,downstream_raw_results_kfold_folds7-7.csv
InterFusion,InterFusion-c1a,,,,all,all,age,linear_probe,8,1.0446,-0.1287,13.27,True,c1a,A,save/c1a,downstream_raw_results_kfold_folds8-8.csv
InterFusion,InterFusion-c1a,,,,all,all,age,fine_tuning,8,0.444,0.7866,5.89,True,c1a,A,save/c1a,downstream_raw_results_kfold_folds8-8.csv
InterFusion,InterFusion-c1a,,,,all,all,age,linear_probe,9,1.5167,-1.815,12.98,True,c1a,A,save/c1a,downstream_raw_results_kfold_folds9-9.csv
InterFusion,InterFusion-c1a,,,,all,all,age,fine_tuning,9,0.6854,0.5074,6.76,True,c1a,A,save/c1a,downstream_raw_results_kfold_folds9-9.csv
ExpCLR,ExpCLR,,,P_madurativo,all,all,age,linear_probe,0,1.4394,-1.8121,10.98,True,expclr,A,save/expclr/all,downstream_raw_results_kfold_folds0-0.csv
ExpCLR,ExpCLR,,,P_madurativo,all,all,age,fine_tuning,0,0.6329,0.4471,4.81,True,expclr,A,save/expclr/all,downstream_raw_results_kfold_folds0-0.csv
ExpCLR,ExpCLR,,,P_madurativo,all,all,age,linear_probe,1,1.7535,-3.0607,12.58,True,expclr,A,save/expclr/all,downstream_raw_results_kfold_folds1-1.csv
ExpCLR,ExpCLR,,,P_madurativo,all,all,age,fine_tuning,1,0.7194,0.4046,5.64,True,expclr,A,save/expclr/all,downstream_raw_results_kfold_folds1-1.csv
ExpCLR,ExpCLR,,,P_madurativo,all,all,age,linear_probe,2,4.1141,-0.7321,10.46,True,expclr,A,save/expclr/all,downstream_raw_results_kfold_folds2-2.csv
ExpCLR,ExpCLR,,,P_madurativo,all,all,age,fine_tuning,2,2.2119,0.2809,6.52,True,expclr,A,save/expclr/all,downstream_raw_results_kfold_folds2-2.csv
ExpCLR,ExpCLR,,,P_madurativo,all,all,age,linear_probe,3,1.2918,-1.2016,10.55,True,expclr,A,save/expclr/all,downstream_raw_results_kfold_folds3-3.csv
ExpCLR,ExpCLR,,,P_madurativo,all,all,age,fine_tuning,3,0.6017,0.5342,4.91,True,expclr,A,save/expclr/all,downstream_raw_results_kfold_folds3-3.csv
ExpCLR,ExpCLR,,,P_madurativo,all,all,age,linear_probe,4,2.5302,-7.7299,11.22,True,expclr,A,save/expclr/all,downstream_raw_results_kfold_folds4-4.csv
ExpCLR,ExpCLR,,,P_madurativo,all,all,age,fine_tuning,4,1.5063,-2.3881,6.21,True,expclr,A,save/expclr/all,downstream_raw_results_kfold_folds4-4.csv
ExpCLR,ExpCLR,,,P_madurativo,all,all,age,linear_probe,5,0.7585,0.3775,9.26,True,expclr,A,save/expclr/all,downstream_raw_results_kfold_folds5-5.csv
ExpCLR,ExpCLR,,,P_madurativo,all,all,age,fine_tuning,5,0.4535,0.7603,5.42,True,expclr,A,save/expclr/all,downstream_raw_results_kfold_folds5-5.csv
ExpCLR,ExpCLR,,,P_madurativo,all,all,age,linear_probe,6,1.2925,-1.1423,8.23,True,expclr,A,save/expclr/all,downstream_raw_results_kfold_folds6-6.csv
ExpCLR,ExpCLR,,,P_madurativo,all,all,age,fine_tuning,6,0.7571,0.3858,5.87,True,expclr,A,save/expclr/all,downstream_raw_results_kfold_folds6-6.csv
ExpCLR,ExpCLR,,,P_madurativo,all,all,age,linear_probe,7,0.977,0.0447,11.28,True,expclr,A,save/expclr/all,downstream_raw_results_kfold_folds7-7.csv
ExpCLR,ExpCLR,,,P_madurativo,all,all,age,fine_tuning,7,0.5458,0.6987,6.33,True,expclr,A,save/expclr/all,downstream_raw_results_kfold_folds7-7.csv
ExpCLR,ExpCLR,,,P_madurativo,all,all,age,linear_probe,8,1.0851,-0.1857,14.0,True,expclr,A,save/expclr/all,downstream_raw_results_kfold_folds8-8.csv
ExpCLR,ExpCLR,,,P_madurativo,all,all,age,fine_tuning,8,0.4598,0.7644,6.04,True,expclr,A,save/expclr/all,downstream_raw_results_kfold_folds8-8.csv
ExpCLR,ExpCLR,,,P_madurativo,all,all,age,linear_probe,9,1.2879,-1.0699,10.89,True,expclr,A,save/expclr/all,downstream_raw_results_kfold_folds9-9.csv
ExpCLR,ExpCLR,,,P_madurativo,all,all,age,fine_tuning,9,0.8693,0.1255,7.75,True,expclr,A,save/expclr/all,downstream_raw_results_kfold_folds9-9.csv
VAE,VAE,,,,all,all,age,linear_probe,0,1.6151,-2.8461,11.92,False,vae10,A,save/vae10,downstream_raw_results_kfold_folds0-0.csv
VAE,VAE,,,,all,all,age,fine_tuning,0,0.6666,0.2969,4.75,False,vae10,A,save/vae10,downstream_raw_results_kfold_folds0-0.csv
VAE,VAE,,,,all,all,age,linear_probe,1,1.6609,-2.3626,12.47,False,vae10,A,save/vae10,downstream_raw_results_kfold_folds1-1.csv
VAE,VAE,,,,all,all,age,fine_tuning,1,0.7462,0.1111,4.56,False,vae10,A,save/vae10,downstream_raw_results_kfold_folds1-1.csv
VAE,VAE,,,,all,all,age,linear_probe,2,1.1976,-0.4699,12.17,False,vae10,A,save/vae10,downstream_raw_results_kfold_folds2-2.csv
VAE,VAE,,,,all,all,age,fine_tuning,2,0.5488,0.6471,5.6,False,vae10,A,save/vae10,downstream_raw_results_kfold_folds2-2.csv
VAE,VAE,,,,all,all,age,linear_probe,3,1.323,-0.9132,11.76,False,vae10,A,save/vae10,downstream_raw_results_kfold_folds3-3.csv
VAE,VAE,,,,all,all,age,fine_tuning,3,0.548,0.6448,4.66,False,vae10,A,save/vae10,downstream_raw_results_kfold_folds3-3.csv
VAE,VAE,,,,all,all,age,linear_probe,4,3.0206,-14.3388,11.25,False,vae10,A,save/vae10,downstream_raw_results_kfold_folds4-4.csv
VAE,VAE,,,,all,all,age,fine_tuning,4,1.3154,-1.6499,4.99,False,vae10,A,save/vae10,downstream_raw_results_kfold_folds4-4.csv
VAE,VAE,,,,all,all,age,linear_probe,5,1.05,-0.103,13.09,False,vae10,A,save/vae10,downstream_raw_results_kfold_folds5-5.csv
VAE,VAE,,,,all,all,age,fine_tuning,5,0.4004,0.7872,4.71,False,vae10,A,save/vae10,downstream_raw_results_kfold_folds5-5.csv
VAE,VAE,,,,all,all,age,linear_probe,6,1.5939,-1.8414,11.5,False,vae10,A,save/vae10,downstream_raw_results_kfold_folds6-6.csv
VAE,VAE,,,,all,all,age,fine_tuning,6,0.708,0.3943,4.82,False,vae10,A,save/vae10,downstream_raw_results_kfold_folds6-6.csv
VAE,VAE,,,,all,all,age,linear_probe,7,1.0412,-0.0847,12.0,False,vae10,A,save/vae10,downstream_raw_results_kfold_folds7-7.csv
VAE,VAE,,,,all,all,age,fine_tuning,7,0.521,0.6977,6.1,False,vae10,A,save/vae10,downstream_raw_results_kfold_folds7-7.csv
VAE,VAE,,,,all,all,age,linear_probe,8,1.0743,-0.1569,13.94,False,vae10,A,save/vae10,downstream_raw_results_kfold_folds8-8.csv
VAE,VAE,,,,all,all,age,fine_tuning,8,0.3478,0.8709,4.41,False,vae10,A,save/vae10,downstream_raw_results_kfold_folds8-8.csv
VAE,VAE,,,,all,all,age,linear_probe,9,1.4458,-1.5992,12.33,False,vae10,A,save/vae10,downstream_raw_results_kfold_folds9-9.csv
VAE,VAE,,,,all,all,age,fine_tuning,9,0.7079,0.3789,6.08,False,vae10,A,save/vae10,downstream_raw_results_kfold_folds9-9.csv
SimCLR,SimCLR,augment,,,all,all,age,linear_probe,0,1.2708,-0.8739,10.63,True,zones,B,save/zones/all,downstream_raw_results_kfold_folds0-0.csv
SimCLR,SimCLR-nbr-cosine,nbr,cosine,,all,all,age,linear_probe,0,1.0295,-0.6214,7.28,True,zones,B,save/zones/all,downstream_raw_results_kfold_folds0-0.csv
SimCLR,SimCLR-nbr-wasser,nbr,wasserstein,,all,all,age,linear_probe,0,1.0331,-0.5703,7.47,True,zones,B,save/zones/all,downstream_raw_results_kfold_folds0-0.csv
SimCLR,SimCLR-nbr-riemann,nbr,riemann,,all,all,age,linear_probe,0,1.1409,-1.0706,7.95,True,zones,B,save/zones/all,downstream_raw_results_kfold_folds0-0.csv
SimCLR,SimCLR-xsubj-cosine,xsubj,cosine,,all,all,age,linear_probe,0,1.0322,-0.5418,7.55,True,zones,B,save/zones/all,downstream_raw_results_kfold_folds0-0.csv
SimCLR,SimCLR-xsubj-wasser,xsubj,wasserstein,,all,all,age,linear_probe,0,1.0981,-0.9022,7.67,True,zones,B,save/zones/all,downstream_raw_results_kfold_folds0-0.csv
SimCLR,SimCLR-xsubj-riemann,xsubj,riemann,,all,all,age,linear_probe,0,0.921,-0.0581,7.29,True,zones,B,save/zones/all,downstream_raw_results_kfold_folds0-0.csv
SimCLR,SimCLR-diffage-cosine,diffage,cosine,,all,all,age,linear_probe,0,1.2739,-1.3148,9.38,True,zones,B,save/zones/all,downstream_raw_results_kfold_folds0-0.csv
SimCLR,SimCLR-diffage-wasser,diffage,wasserstein,,all,all,age,linear_probe,0,1.1683,-0.7686,9.04,True,zones,B,save/zones/all,downstream_raw_results_kfold_folds0-0.csv
SimCLR,SimCLR-diffage-riemann,diffage,riemann,,all,all,age,linear_probe,0,1.1774,-0.7856,9.17,True,zones,B,save/zones/all,downstream_raw_results_kfold_folds0-0.csv
VAE,VAE,,,,all,all,age,linear_probe,0,1.5943,-2.72,11.81,True,zones,B,save/zones/all,downstream_raw_results_kfold_folds0-0.csv
SimCLR,SimCLR,augment,,,all,all,age,fine_tuning,0,0.7028,0.0794,4.51,True,zones,B,save/zones/all,downstream_raw_results_kfold_folds0-0.csv
SimCLR,SimCLR-nbr-cosine,nbr,cosine,,all,all,age,fine_tuning,0,0.7435,0.0918,5.11,True,zones,B,save/zones/all,downstream_raw_results_kfold_folds0-0.csv
SimCLR,SimCLR-nbr-wasser,nbr,wasserstein,,all,all,age,fine_tuning,0,0.7258,0.0808,4.8,True,zones,B,save/zones/all,downstream_raw_results_kfold_folds0-0.csv
SimCLR,SimCLR-nbr-riemann,nbr,riemann,,all,all,age,fine_tuning,0,0.8084,-0.0769,5.55,True,zones,B,save/zones/all,downstream_raw_results_kfold_folds0-0.csv
SimCLR,SimCLR-xsubj-cosine,xsubj,cosine,,all,all,age,fine_tuning,0,0.688,-0.0059,4.12,True,zones,B,save/zones/all,downstream_raw_results_kfold_folds0-0.csv
SimCLR,SimCLR-xsubj-wasser,xsubj,wasserstein,,all,all,age,fine_tuning,0,0.6774,0.0494,4.17,True,zones,B,save/zones/all,downstream_raw_results_kfold_folds0-0.csv
SimCLR,SimCLR-xsubj-riemann,xsubj,riemann,,all,all,age,fine_tuning,0,0.6777,0.2811,4.75,True,zones,B,save/zones/all,downstream_raw_results_kfold_folds0-0.csv
SimCLR,SimCLR-diffage-cosine,diffage,cosine,,all,all,age,fine_tuning,0,0.6846,0.1989,4.58,True,zones,B,save/zones/all,downstream_raw_results_kfold_folds0-0.csv
SimCLR,SimCLR-diffage-wasser,diffage,wasserstein,,all,all,age,fine_tuning,0,0.7925,-0.1487,5.23,True,zones,B,save/zones/all,downstream_raw_results_kfold_folds0-0.csv
SimCLR,SimCLR-diffage-riemann,diffage,riemann,,all,all,age,fine_tuning,0,0.8082,-0.2849,5.07,True,zones,B,save/zones/all,downstream_raw_results_kfold_folds0-0.csv
VAE,VAE,,,,all,all,age,fine_tuning,0,0.6686,0.0583,4.1,True,zones,B,save/zones/all,downstream_raw_results_kfold_folds0-0.csv
SimCLR,SimCLR,augment,,,all,all,age,linear_probe,1,1.7468,-3.072,12.75,True,zones,B,save/zones/all,downstream_raw_results_kfold_folds1-1.csv
SimCLR,SimCLR-nbr-cosine,nbr,cosine,,all,all,age,linear_probe,1,1.1187,-0.819,7.81,True,zones,B,save/zones/all,downstream_raw_results_kfold_folds1-1.csv
SimCLR,SimCLR-nbr-wasser,nbr,wasserstein,,all,all,age,linear_probe,1,1.2042,-1.17,8.48,True,zones,B,save/zones/all,downstream_raw_results_kfold_folds1-1.csv
SimCLR,SimCLR-nbr-riemann,nbr,riemann,,all,all,age,linear_probe,1,0.9703,-0.2543,7.1,True,zones,B,save/zones/all,downstream_raw_results_kfold_folds1-1.csv
SimCLR,SimCLR-xsubj-cosine,xsubj,cosine,,all,all,age,linear_probe,1,1.2065,-1.1304,8.02,True,zones,B,save/zones/all,downstream_raw_results_kfold_folds1-1.csv
SimCLR,SimCLR-xsubj-wasser,xsubj,wasserstein,,all,all,age,linear_probe,1,1.0652,-0.4772,7.65,True,zones,B,save/zones/all,downstream_raw_results_kfold_folds1-1.csv
SimCLR,SimCLR-xsubj-riemann,xsubj,riemann,,all,all,age,linear_probe,1,1.0778,-0.5473,7.67,True,zones,B,save/zones/all,downstream_raw_results_kfold_folds1-1.csv
SimCLR,SimCLR-diffage-cosine,diffage,cosine,,all,all,age,linear_probe,1,1.3677,-1.1806,10.49,True,zones,B,save/zones/all,downstream_raw_results_kfold_folds1-1.csv
SimCLR,SimCLR-diffage-wasser,diffage,wasserstein,,all,all,age,linear_probe,1,1.2895,-1.0259,9.72,True,zones,B,save/zones/all,downstream_raw_results_kfold_folds1-1.csv
SimCLR,SimCLR-diffage-riemann,diffage,riemann,,all,all,age,linear_probe,1,1.3448,-1.463,9.52,True,zones,B,save/zones/all,downstream_raw_results_kfold_folds1-1.csv
VAE,VAE,,,,all,all,age,linear_probe,1,1.7213,-2.7129,12.63,True,zones,B,save/zones/all,downstream_raw_results_kfold_folds1-1.csv
SimCLR,SimCLR,augment,,,all,all,age,fine_tuning,1,0.7098,0.3067,4.92,True,zones,B,save/zones/all,downstream_raw_results_kfold_folds1-1.csv
SimCLR,SimCLR-nbr-cosine,nbr,cosine,,all,all,age,fine_tuning,1,0.7098,0.4215,5.51,True,zones,B,save/zones/all,downstream_raw_results_kfold_folds1-1.csv
SimCLR,SimCLR-nbr-wasser,nbr,wasserstein,,all,all,age,fine_tuning,1,0.6782,0.3452,4.47,True,zones,B,save/zones/all,downstream_raw_results_kfold_folds1-1.csv
SimCLR,SimCLR-nbr-riemann,nbr,riemann,,all,all,age,fine_tuning,1,0.76,0.3048,5.7,True,zones,B,save/zones/all,downstream_raw_results_kfold_folds1-1.csv
SimCLR,SimCLR-xsubj-cosine,xsubj,cosine,,all,all,age,fine_tuning,1,0.7373,0.2537,5.04,True,zones,B,save/zones/all,downstream_raw_results_kfold_folds1-1.csv
SimCLR,SimCLR-xsubj-wasser,xsubj,wasserstein,,all,all,age,fine_tuning,1,0.8821,-0.1063,6.01,True,zones,B,save/zones/all,downstream_raw_results_kfold_folds1-1.csv
SimCLR,SimCLR-xsubj-riemann,xsubj,riemann,,all,all,age,fine_tuning,1,0.7343,0.2576,5.01,True,zones,B,save/zones/all,downstream_raw_results_kfold_folds1-1.csv
SimCLR,SimCLR-diffage-cosine,diffage,cosine,,all,all,age,fine_tuning,1,0.6275,0.4705,4.39,True,zones,B,save/zones/all,downstream_raw_results_kfold_folds1-1.csv
SimCLR,SimCLR-diffage-wasser,diffage,wasserstein,,all,all,age,fine_tuning,1,0.8449,0.0201,5.8,True,zones,B,save/zones/all,downstream_raw_results_kfold_folds1-1.csv
SimCLR,SimCLR-diffage-riemann,diffage,riemann,,all,all,age,fine_tuning,1,0.7872,0.0949,5.14,True,zones,B,save/zones/all,downstream_raw_results_kfold_folds1-1.csv
VAE,VAE,,,,all,all,age,fine_tuning,1,0.6601,0.4406,4.7,True,zones,B,save/zones/all,downstream_raw_results_kfold_folds1-1.csv
SimCLR,SimCLR,augment,,,all,all,age,linear_probe,2,4.3738,-0.4876,10.86,True,zones,B,save/zones/all,downstream_raw_results_kfold_folds2-2.csv
SimCLR,SimCLR-nbr-cosine,nbr,cosine,,all,all,age,linear_probe,2,3.7389,-0.5895,9.02,True,zones,B,save/zones/all,downstream_raw_results_kfold_folds2-2.csv
SimCLR,SimCLR-nbr-wasser,nbr,wasserstein,,all,all,age,linear_probe,2,3.6587,-0.5642,8.75,True,zones,B,save/zones/all,downstream_raw_results_kfold_folds2-2.csv
SimCLR,SimCLR-nbr-riemann,nbr,riemann,,all,all,age,linear_probe,2,3.4824,-0.4291,8.8,True,zones,B,save/zones/all,downstream_raw_results_kfold_folds2-2.csv
SimCLR,SimCLR-xsubj-cosine,xsubj,cosine,,all,all,age,linear_probe,2,2.7936,-0.1141,7.47,True,zones,B,save/zones/all,downstream_raw_results_kfold_folds2-2.csv
SimCLR,SimCLR-xsubj-wasser,xsubj,wasserstein,,all,all,age,linear_probe,2,3.0222,-0.5048,8.19,True,zones,B,save/zones/all,downstream_raw_results_kfold_folds2-2.csv
SimCLR,SimCLR-xsubj-riemann,xsubj,riemann,,all,all,age,linear_probe,2,2.7672,-0.0341,8.07,True,zones,B,save/zones/all,downstream_raw_results_kfold_folds2-2.csv
SimCLR,SimCLR-diffage-cosine,diffage,cosine,,all,all,age,linear_probe,2,3.7869,-0.2973,9.6,True,zones,B,save/zones/all,downstream_raw_results_kfold_folds2-2.csv
SimCLR,SimCLR-diffage-wasser,diffage,wasserstein,,all,all,age,linear_probe,2,3.2395,-0.041,8.73,True,zones,B,save/zones/all,downstream_raw_results_kfold_folds2-2.csv
SimCLR,SimCLR-diffage-riemann,diffage,riemann,,all,all,age,linear_probe,2,3.6317,0.0346,9.03,True,zones,B,save/zones/all,downstream_raw_results_kfold_folds2-2.csv
VAE,VAE,,,,all,all,age,linear_probe,2,4.3589,-0.4619,12.16,True,zones,B,save/zones/all,downstream_raw_results_kfold_folds2-2.csv
SimCLR,SimCLR,augment,,,all,all,age,fine_tuning,2,1.2992,0.3843,4.42,True,zones,B,save/zones/all,downstream_raw_results_kfold_folds2-2.csv
SimCLR,SimCLR-nbr-cosine,nbr,cosine,,all,all,age,fine_tuning,2,1.8092,0.3979,5.71,True,zones,B,save/zones/all,downstream_raw_results_kfold_folds2-2.csv
SimCLR,SimCLR-nbr-wasser,nbr,wasserstein,,all,all,age,fine_tuning,2,2.1929,0.2283,6.49,True,zones,B,save/zones/all,downstream_raw_results_kfold_folds2-2.csv
SimCLR,SimCLR-nbr-riemann,nbr,riemann,,all,all,age,fine_tuning,2,1.5604,0.342,5.51,True,zones,B,save/zones/all,downstream_raw_results_kfold_folds2-2.csv
SimCLR,SimCLR-xsubj-cosine,xsubj,cosine,,all,all,age,fine_tuning,2,1.6302,0.3292,5.27,True,zones,B,save/zones/all,downstream_raw_results_kfold_folds2-2.csv
SimCLR,SimCLR-xsubj-wasser,xsubj,wasserstein,,all,all,age,fine_tuning,2,1.1776,0.3623,4.8,True,zones,B,save/zones/all,downstream_raw_results_kfold_folds2-2.csv
SimCLR,SimCLR-xsubj-riemann,xsubj,riemann,,all,all,age,fine_tuning,2,1.7297,0.1903,6.12,True,zones,B,save/zones/all,downstream_raw_results_kfold_folds2-2.csv
SimCLR,SimCLR-diffage-cosine,diffage,cosine,,all,all,age,fine_tuning,2,2.0193,0.464,5.43,True,zones,B,save/zones/all,downstream_raw_results_kfold_folds2-2.csv
SimCLR,SimCLR-diffage-wasser,diffage,wasserstein,,all,all,age,fine_tuning,2,2.0841,0.4602,5.67,True,zones,B,save/zones/all,downstream_raw_results_kfold_folds2-2.csv
SimCLR,SimCLR-diffage-riemann,diffage,riemann,,all,all,age,fine_tuning,2,1.5126,0.2913,5.92,True,zones,B,save/zones/all,downstream_raw_results_kfold_folds2-2.csv
VAE,VAE,,,,all,all,age,fine_tuning,2,1.3238,0.5056,4.28,True,zones,B,save/zones/all,downstream_raw_results_kfold_folds2-2.csv
SimCLR,SimCLR,augment,,,all,all,age,linear_probe,3,1.2422,-0.9037,10.45,True,zones,B,save/zones/all,downstream_raw_results_kfold_folds3-3.csv
SimCLR,SimCLR-nbr-cosine,nbr,cosine,,all,all,age,linear_probe,3,0.9549,-0.1819,7.82,True,zones,B,save/zones/all,downstream_raw_results_kfold_folds3-3.csv
SimCLR,SimCLR-nbr-wasser,nbr,wasserstein,,all,all,age,linear_probe,3,0.8937,-0.0215,7.4,True,zones,B,save/zones/all,downstream_raw_results_kfold_folds3-3.csv
SimCLR,SimCLR-nbr-riemann,nbr,riemann,,all,all,age,linear_probe,3,0.9348,-0.1285,7.67,True,zones,B,save/zones/all,downstream_raw_results_kfold_folds3-3.csv
SimCLR,SimCLR-xsubj-cosine,xsubj,cosine,,all,all,age,linear_probe,3,0.9489,-0.1402,7.87,True,zones,B,save/zones/all,downstream_raw_results_kfold_folds3-3.csv
SimCLR,SimCLR-xsubj-wasser,xsubj,wasserstein,,all,all,age,linear_probe,3,0.8586,0.1116,7.28,True,zones,B,save/zones/all,downstream_raw_results_kfold_folds3-3.csv
SimCLR,SimCLR-xsubj-riemann,xsubj,riemann,,all,all,age,linear_probe,3,0.8462,0.2061,7.43,True,zones,B,save/zones/all,downstream_raw_results_kfold_folds3-3.csv
SimCLR,SimCLR-diffage-cosine,diffage,cosine,,all,all,age,linear_probe,3,1.1319,-0.6194,9.38,True,zones,B,save/zones/all,downstream_raw_results_kfold_folds3-3.csv
SimCLR,SimCLR-diffage-wasser,diffage,wasserstein,,all,all,age,linear_probe,3,1.1508,-0.6088,9.73,True,zones,B,save/zones/all,downstream_raw_results_kfold_folds3-3.csv
SimCLR,SimCLR-diffage-riemann,diffage,riemann,,all,all,age,linear_probe,3,1.0819,-0.4401,9.12,True,zones,B,save/zones/all,downstream_raw_results_kfold_folds3-3.csv
VAE,VAE,,,,all,all,age,linear_probe,3,1.3276,-0.9322,11.77,True,zones,B,save/zones/all,downstream_raw_results_kfold_folds3-3.csv
SimCLR,SimCLR,augment,,,all,all,age,fine_tuning,3,0.479,0.7089,3.99,True,zones,B,save/zones/all,downstream_raw_results_kfold_folds3-3.csv
SimCLR,SimCLR-nbr-cosine,nbr,cosine,,all,all,age,fine_tuning,3,0.6346,0.4992,5.29,True,zones,B,save/zones/all,downstream_raw_results_kfold_folds3-3.csv
SimCLR,SimCLR-nbr-wasser,nbr,wasserstein,,all,all,age,fine_tuning,3,0.5848,0.5976,5.04,True,zones,B,save/zones/all,downstream_raw_results_kfold_folds3-3.csv
SimCLR,SimCLR-nbr-riemann,nbr,riemann,,all,all,age,fine_tuning,3,0.6134,0.4754,4.94,True,zones,B,save/zones/all,downstream_raw_results_kfold_folds3-3.csv
SimCLR,SimCLR-xsubj-cosine,xsubj,cosine,,all,all,age,fine_tuning,3,0.665,0.2797,5.06,True,zones,B,save/zones/all,downstream_raw_results_kfold_folds3-3.csv
SimCLR,SimCLR-xsubj-wasser,xsubj,wasserstein,,all,all,age,fine_tuning,3,0.4935,0.7032,4.11,True,zones,B,save/zones/all,downstream_raw_results_kfold_folds3-3.csv
SimCLR,SimCLR-xsubj-riemann,xsubj,riemann,,all,all,age,fine_tuning,3,0.5978,0.5614,4.99,True,zones,B,save/zones/all,downstream_raw_results_kfold_folds3-3.csv
SimCLR,SimCLR-diffage-cosine,diffage,cosine,,all,all,age,fine_tuning,3,0.6704,0.2878,5.19,True,zones,B,save/zones/all,downstream_raw_results_kfold_folds3-3.csv
SimCLR,SimCLR-diffage-wasser,diffage,wasserstein,,all,all,age,fine_tuning,3,0.7398,0.2574,6.1,True,zones,B,save/zones/all,downstream_raw_results_kfold_folds3-3.csv
SimCLR,SimCLR-diffage-riemann,diffage,riemann,,all,all,age,fine_tuning,3,0.692,0.3762,5.81,True,zones,B,save/zones/all,downstream_raw_results_kfold_folds3-3.csv
VAE,VAE,,,,all,all,age,fine_tuning,3,0.552,0.5276,4.3,True,zones,B,save/zones/all,downstream_raw_results_kfold_folds3-3.csv
SimCLR,SimCLR,augment,,,all,all,age,linear_probe,4,2.7925,-10.9331,11.05,True,zones,B,save/zones/all,downstream_raw_results_kfold_folds4-4.csv
SimCLR,SimCLR-nbr-cosine,nbr,cosine,,all,all,age,linear_probe,4,2.153,-6.8334,7.93,True,zones,B,save/zones/all,downstream_raw_results_kfold_folds4-4.csv
SimCLR,SimCLR-nbr-wasser,nbr,wasserstein,,all,all,age,linear_probe,4,1.9438,-5.2957,7.3,True,zones,B,save/zones/all,downstream_raw_results_kfold_folds4-4.csv
SimCLR,SimCLR-nbr-riemann,nbr,riemann,,all,all,age,linear_probe,4,2.1279,-7.4345,7.54,True,zones,B,save/zones/all,downstream_raw_results_kfold_folds4-4.csv
SimCLR,SimCLR-xsubj-cosine,xsubj,cosine,,all,all,age,linear_probe,4,2.0667,-6.1503,7.55,True,zones,B,save/zones/all,downstream_raw_results_kfold_folds4-4.csv
SimCLR,SimCLR-xsubj-wasser,xsubj,wasserstein,,all,all,age,linear_probe,4,2.0284,-5.7504,7.46,True,zones,B,save/zones/all,downstream_raw_results_kfold_folds4-4.csv
SimCLR,SimCLR-xsubj-riemann,xsubj,riemann,,all,all,age,linear_probe,4,2.2084,-7.3244,8.11,True,zones,B,save/zones/all,downstream_raw_results_kfold_folds4-4.csv
SimCLR,SimCLR-diffage-cosine,diffage,cosine,,all,all,age,linear_probe,4,2.7009,-9.6498,10.58,True,zones,B,save/zones/all,downstream_raw_results_kfold_folds4-4.csv
SimCLR,SimCLR-diffage-wasser,diffage,wasserstein,,all,all,age,linear_probe,4,2.6404,-11.6207,9.47,True,zones,B,save/zones/all,downstream_raw_results_kfold_folds4-4.csv
SimCLR,SimCLR-diffage-riemann,diffage,riemann,,all,all,age,linear_probe,4,2.2413,-6.1775,9.02,True,zones,B,save/zones/all,downstream_raw_results_kfold_folds4-4.csv
VAE,VAE,,,,all,all,age,linear_probe,4,3.0934,-15.263,11.43,True,zones,B,save/zones/all,downstream_raw_results_kfold_folds4-4.csv
SimCLR,SimCLR,augment,,,all,all,age,fine_tuning,4,1.2905,-1.0035,5.63,True,zones,B,save/zones/all,downstream_raw_results_kfold_folds4-4.csv
SimCLR,SimCLR-nbr-cosine,nbr,cosine,,all,all,age,fine_tuning,4,1.3107,-1.3378,5.15,True,zones,B,save/zones/all,downstream_raw_results_kfold_folds4-4.csv
SimCLR,SimCLR-nbr-wasser,nbr,wasserstein,,all,all,age,fine_tuning,4,1.1381,-0.8811,4.25,True,zones,B,save/zones/all,downstream_raw_results_kfold_folds4-4.csv
SimCLR,SimCLR-nbr-riemann,nbr,riemann,,all,all,age,fine_tuning,4,1.3356,-1.7615,4.93,True,zones,B,save/zones/all,downstream_raw_results_kfold_folds4-4.csv
SimCLR,SimCLR-xsubj-cosine,xsubj,cosine,,all,all,age,fine_tuning,4,1.8083,-5.9153,5.77,True,zones,B,save/zones/all,downstream_raw_results_kfold_folds4-4.csv
SimCLR,SimCLR-xsubj-wasser,xsubj,wasserstein,,all,all,age,fine_tuning,4,1.4417,-2.5245,5.04,True,zones,B,save/zones/all,downstream_raw_results_kfold_folds4-4.csv
SimCLR,SimCLR-xsubj-riemann,xsubj,riemann,,all,all,age,fine_tuning,4,1.4767,-2.6397,5.29,True,zones,B,save/zones/all,downstream_raw_results_kfold_folds4-4.csv
SimCLR,SimCLR-diffage-cosine,diffage,cosine,,all,all,age,fine_tuning,4,1.3927,-1.7167,5.52,True,zones,B,save/zones/all,downstream_raw_results_kfold_folds4-4.csv
SimCLR,SimCLR-diffage-wasser,diffage,wasserstein,,all,all,age,fine_tuning,4,1.2679,-1.11,5.18,True,zones,B,save/zones/all,downstream_raw_results_kfold_folds4-4.csv
SimCLR,SimCLR-diffage-riemann,diffage,riemann,,all,all,age,fine_tuning,4,1.3239,-1.0816,5.97,True,zones,B,save/zones/all,downstream_raw_results_kfold_folds4-4.csv
VAE,VAE,,,,all,all,age,fine_tuning,4,1.3952,-2.6405,4.74,True,zones,B,save/zones/all,downstream_raw_results_kfold_folds4-4.csv
SimCLR,SimCLR,augment,,,all,all,age,linear_probe,5,0.8511,0.2608,10.51,True,zones,B,save/zones/all,downstream_raw_results_kfold_folds5-5.csv
SimCLR,SimCLR-nbr-cosine,nbr,cosine,,all,all,age,linear_probe,5,0.5503,0.68,6.78,True,zones,B,save/zones/all,downstream_raw_results_kfold_folds5-5.csv
SimCLR,SimCLR-nbr-wasser,nbr,wasserstein,,all,all,age,linear_probe,5,0.4896,0.7395,5.96,True,zones,B,save/zones/all,downstream_raw_results_kfold_folds5-5.csv
SimCLR,SimCLR-nbr-riemann,nbr,riemann,,all,all,age,linear_probe,5,0.5138,0.7188,6.25,True,zones,B,save/zones/all,downstream_raw_results_kfold_folds5-5.csv
SimCLR,SimCLR-xsubj-cosine,xsubj,cosine,,all,all,age,linear_probe,5,0.5507,0.6731,6.66,True,zones,B,save/zones/all,downstream_raw_results_kfold_folds5-5.csv
SimCLR,SimCLR-xsubj-wasser,xsubj,wasserstein,,all,all,age,linear_probe,5,0.6189,0.5982,7.54,True,zones,B,save/zones/all,downstream_raw_results_kfold_folds5-5.csv
SimCLR,SimCLR-xsubj-riemann,xsubj,riemann,,all,all,age,linear_probe,5,0.6047,0.6258,7.42,True,zones,B,save/zones/all,downstream_raw_results_kfold_folds5-5.csv
SimCLR,SimCLR-diffage-cosine,diffage,cosine,,all,all,age,linear_probe,5,0.777,0.3624,9.46,True,zones,B,save/zones/all,downstream_raw_results_kfold_folds5-5.csv
SimCLR,SimCLR-diffage-wasser,diffage,wasserstein,,all,all,age,linear_probe,5,0.641,0.5521,7.81,True,zones,B,save/zones/all,downstream_raw_results_kfold_folds5-5.csv
SimCLR,SimCLR-diffage-riemann,diffage,riemann,,all,all,age,linear_probe,5,0.6533,0.5381,7.96,True,zones,B,save/zones/all,downstream_raw_results_kfold_folds5-5.csv
VAE,VAE,,,,all,all,age,linear_probe,5,1.0395,-0.0814,12.94,True,zones,B,save/zones/all,downstream_raw_results_kfold_folds5-5.csv
SimCLR,SimCLR,augment,,,all,all,age,fine_tuning,5,0.3771,0.8351,4.48,True,zones,B,save/zones/all,downstream_raw_results_kfold_folds5-5.csv
SimCLR,SimCLR-nbr-cosine,nbr,cosine,,all,all,age,fine_tuning,5,0.433,0.7956,5.23,True,zones,B,save/zones/all,downstream_raw_results_kfold_folds5-5.csv
SimCLR,SimCLR-nbr-wasser,nbr,wasserstein,,all,all,age,fine_tuning,5,0.4586,0.7705,5.64,True,zones,B,save/zones/all,downstream_raw_results_kfold_folds5-5.csv
SimCLR,SimCLR-nbr-riemann,nbr,riemann,,all,all,age,fine_tuning,5,0.3701,0.8503,4.46,True,zones,B,save/zones/all,downstream_raw_results_kfold_folds5-5.csv
SimCLR,SimCLR-xsubj-cosine,xsubj,cosine,,all,all,age,fine_tuning,5,0.3386,0.8577,3.96,True,zones,B,save/zones/all,downstream_raw_results_kfold_folds5-5.csv
SimCLR,SimCLR-xsubj-wasser,xsubj,wasserstein,,all,all,age,fine_tuning,5,0.4516,0.7471,5.39,True,zones,B,save/zones/all,downstream_raw_results_kfold_folds5-5.csv
SimCLR,SimCLR-xsubj-riemann,xsubj,riemann,,all,all,age,fine_tuning,5,0.4063,0.7897,4.76,True,zones,B,save/zones/all,downstream_raw_results_kfold_folds5-5.csv
SimCLR,SimCLR-diffage-cosine,diffage,cosine,,all,all,age,fine_tuning,5,0.4525,0.7728,5.43,True,zones,B,save/zones/all,downstream_raw_results_kfold_folds5-5.csv
SimCLR,SimCLR-diffage-wasser,diffage,wasserstein,,all,all,age,fine_tuning,5,0.4481,0.7429,5.28,True,zones,B,save/zones/all,downstream_raw_results_kfold_folds5-5.csv
SimCLR,SimCLR-diffage-riemann,diffage,riemann,,all,all,age,fine_tuning,5,0.3605,0.8493,4.29,True,zones,B,save/zones/all,downstream_raw_results_kfold_folds5-5.csv
VAE,VAE,,,,all,all,age,fine_tuning,5,0.4158,0.7962,4.94,True,zones,B,save/zones/all,downstream_raw_results_kfold_folds5-5.csv
SimCLR,SimCLR,augment,,,all,all,age,linear_probe,8,0.982,-0.0008,12.5,True,zones,B,save/zones/all,downstream_raw_results_kfold_folds8-8.csv
SimCLR,SimCLR-nbr-cosine,nbr,cosine,,all,all,age,linear_probe,8,0.5169,0.7165,6.65,True,zones,B,save/zones/all,downstream_raw_results_kfold_folds8-8.csv
SimCLR,SimCLR-nbr-wasser,nbr,wasserstein,,all,all,age,linear_probe,8,0.5015,0.7395,6.46,True,zones,B,save/zones/all,downstream_raw_results_kfold_folds8-8.csv
SimCLR,SimCLR-nbr-riemann,nbr,riemann,,all,all,age,linear_probe,8,0.5223,0.7122,6.66,True,zones,B,save/zones/all,downstream_raw_results_kfold_folds8-8.csv
SimCLR,SimCLR-xsubj-cosine,xsubj,cosine,,all,all,age,linear_probe,8,0.657,0.5523,8.48,True,zones,B,save/zones/all,downstream_raw_results_kfold_folds8-8.csv
SimCLR,SimCLR-xsubj-wasser,xsubj,wasserstein,,all,all,age,linear_probe,8,0.6836,0.5052,8.66,True,zones,B,save/zones/all,downstream_raw_results_kfold_folds8-8.csv
SimCLR,SimCLR-xsubj-riemann,xsubj,riemann,,all,all,age,linear_probe,8,0.6515,0.546,8.22,True,zones,B,save/zones/all,downstream_raw_results_kfold_folds8-8.csv
SimCLR,SimCLR-diffage-cosine,diffage,cosine,,all,all,age,linear_probe,8,0.938,0.0877,12.0,True,zones,B,save/zones/all,downstream_raw_results_kfold_folds8-8.csv
SimCLR,SimCLR-diffage-wasser,diffage,wasserstein,,all,all,age,linear_probe,8,0.7861,0.3618,10.14,True,zones,B,save/zones/all,downstream_raw_results_kfold_folds8-8.csv
SimCLR,SimCLR-diffage-riemann,diffage,riemann,,all,all,age,linear_probe,8,0.7134,0.4749,9.1,True,zones,B,save/zones/all,downstream_raw_results_kfold_folds8-8.csv
VAE,VAE,,,,all,all,age,linear_probe,8,1.0715,-0.1512,13.89,True,zones,B,save/zones/all,downstream_raw_results_kfold_folds8-8.csv
SimCLR,SimCLR,augment,,,all,all,age,fine_tuning,8,0.4542,0.7812,5.8,True,zones,B,save/zones/all,downstream_raw_results_kfold_folds8-8.csv
SimCLR,SimCLR-nbr-cosine,nbr,cosine,,all,all,age,fine_tuning,8,0.3182,0.8758,3.98,True,zones,B,save/zones/all,downstream_raw_results_kfold_folds8-8.csv
SimCLR,SimCLR-nbr-wasser,nbr,wasserstein,,all,all,age,fine_tuning,8,0.3648,0.8604,4.65,True,zones,B,save/zones/all,downstream_raw_results_kfold_folds8-8.csv
SimCLR,SimCLR-nbr-riemann,nbr,riemann,,all,all,age,fine_tuning,8,0.518,0.7184,6.7,True,zones,B,save/zones/all,downstream_raw_results_kfold_folds8-8.csv
SimCLR,SimCLR-xsubj-cosine,xsubj,cosine,,all,all,age,fine_tuning,8,0.5311,0.6772,6.64,True,zones,B,save/zones/all,downstream_raw_results_kfold_folds8-8.csv
SimCLR,SimCLR-xsubj-wasser,xsubj,wasserstein,,all,all,age,fine_tuning,8,0.4688,0.7653,6.0,True,zones,B,save/zones/all,downstream_raw_results_kfold_folds8-8.csv
SimCLR,SimCLR-xsubj-riemann,xsubj,riemann,,all,all,age,fine_tuning,8,0.447,0.7807,5.74,True,zones,B,save/zones/all,downstream_raw_results_kfold_folds8-8.csv
SimCLR,SimCLR-diffage-cosine,diffage,cosine,,all,all,age,fine_tuning,8,0.5034,0.7135,6.56,True,zones,B,save/zones/all,downstream_raw_results_kfold_folds8-8.csv
SimCLR,SimCLR-diffage-wasser,diffage,wasserstein,,all,all,age,fine_tuning,8,0.5404,0.6803,6.92,True,zones,B,save/zones/all,downstream_raw_results_kfold_folds8-8.csv
SimCLR,SimCLR-diffage-riemann,diffage,riemann,,all,all,age,fine_tuning,8,0.4877,0.7368,6.41,True,zones,B,save/zones/all,downstream_raw_results_kfold_folds8-8.csv
VAE,VAE,,,,all,all,age,fine_tuning,8,0.4706,0.7584,5.92,True,zones,B,save/zones/all,downstream_raw_results_kfold_folds8-8.csv
SimCLR,SimCLR,augment,,,central,all,age,linear_probe,0,1.2938,-1.1131,10.29,True,zones,B,save/zones/central,downstream_raw_results_kfold_folds0-0.csv
SimCLR,SimCLR-nbr-cosine,nbr,cosine,,central,all,age,linear_probe,0,1.0726,-0.602,7.98,True,zones,B,save/zones/central,downstream_raw_results_kfold_folds0-0.csv
SimCLR,SimCLR-nbr-wasser,nbr,wasserstein,,central,all,age,linear_probe,0,1.1127,-0.7789,8.2,True,zones,B,save/zones/central,downstream_raw_results_kfold_folds0-0.csv
SimCLR,SimCLR-nbr-riemann,nbr,riemann,,central,all,age,linear_probe,0,1.0753,-0.7209,7.78,True,zones,B,save/zones/central,downstream_raw_results_kfold_folds0-0.csv
SimCLR,SimCLR-xsubj-cosine,xsubj,cosine,,central,all,age,linear_probe,0,0.9737,-0.2569,7.42,True,zones,B,save/zones/central,downstream_raw_results_kfold_folds0-0.csv
SimCLR,SimCLR-xsubj-wasser,xsubj,wasserstein,,central,all,age,linear_probe,0,1.0291,-0.4217,7.85,True,zones,B,save/zones/central,downstream_raw_results_kfold_folds0-0.csv
SimCLR,SimCLR-xsubj-riemann,xsubj,riemann,,central,all,age,linear_probe,0,1.198,-1.0205,8.92,True,zones,B,save/zones/central,downstream_raw_results_kfold_folds0-0.csv
SimCLR,SimCLR-diffage-cosine,diffage,cosine,,central,all,age,linear_probe,0,1.4317,-1.9365,10.62,True,zones,B,save/zones/central,downstream_raw_results_kfold_folds0-0.csv
SimCLR,SimCLR-diffage-wasser,diffage,wasserstein,,central,all,age,linear_probe,0,1.3668,-1.462,10.49,True,zones,B,save/zones/central,downstream_raw_results_kfold_folds0-0.csv
SimCLR,SimCLR-diffage-riemann,diffage,riemann,,central,all,age,linear_probe,0,1.3489,-1.7233,9.68,True,zones,B,save/zones/central,downstream_raw_results_kfold_folds0-0.csv
VAE,VAE,,,,central,all,age,linear_probe,0,1.5916,-2.6655,11.85,True,zones,B,save/zones/central,downstream_raw_results_kfold_folds0-0.csv
SimCLR,SimCLR,augment,,,central,all,age,fine_tuning,0,0.7937,0.0819,5.74,True,zones,B,save/zones/central,downstream_raw_results_kfold_folds0-0.csv
SimCLR,SimCLR-nbr-cosine,nbr,cosine,,central,all,age,fine_tuning,0,0.8069,-0.1228,5.51,True,zones,B,save/zones/central,downstream_raw_results_kfold_folds0-0.csv
SimCLR,SimCLR-nbr-wasser,nbr,wasserstein,,central,all,age,fine_tuning,0,0.8671,-0.1699,6.09,True,zones,B,save/zones/central,downstream_raw_results_kfold_folds0-0.csv
SimCLR,SimCLR-nbr-riemann,nbr,riemann,,central,all,age,fine_tuning,0,0.7415,0.0463,5.03,True,zones,B,save/zones/central,downstream_raw_results_kfold_folds0-0.csv
SimCLR,SimCLR-xsubj-cosine,xsubj,cosine,,central,all,age,fine_tuning,0,0.815,0.0478,6.07,True,zones,B,save/zones/central,downstream_raw_results_kfold_folds0-0.csv
SimCLR,SimCLR-xsubj-wasser,xsubj,wasserstein,,central,all,age,fine_tuning,0,0.7088,0.0929,4.63,True,zones,B,save/zones/central,downstream_raw_results_kfold_folds0-0.csv
SimCLR,SimCLR-xsubj-riemann,xsubj,riemann,,central,all,age,fine_tuning,0,0.743,0.1612,5.34,True,zones,B,save/zones/central,downstream_raw_results_kfold_folds0-0.csv
SimCLR,SimCLR-diffage-cosine,diffage,cosine,,central,all,age,fine_tuning,0,0.8091,0.0869,6.11,True,zones,B,save/zones/central,downstream_raw_results_kfold_folds0-0.csv
SimCLR,SimCLR-diffage-wasser,diffage,wasserstein,,central,all,age,fine_tuning,0,0.8669,-0.1163,6.32,True,zones,B,save/zones/central,downstream_raw_results_kfold_folds0-0.csv
SimCLR,SimCLR-diffage-riemann,diffage,riemann,,central,all,age,fine_tuning,0,0.6898,0.3122,5.13,True,zones,B,save/zones/central,downstream_raw_results_kfold_folds0-0.csv
VAE,VAE,,,,central,all,age,fine_tuning,0,0.7343,0.1465,5.09,True,zones,B,save/zones/central,downstream_raw_results_kfold_folds0-0.csv
SimCLR,SimCLR,augment,,,central,all,age,linear_probe,1,1.9036,-4.5376,12.71,True,zones,B,save/zones/central,downstream_raw_results_kfold_folds1-1.csv
SimCLR,SimCLR-nbr-cosine,nbr,cosine,,central,all,age,linear_probe,1,1.4891,-3.2803,9.05,True,zones,B,save/zones/central,downstream_raw_results_kfold_folds1-1.csv
SimCLR,SimCLR-nbr-wasser,nbr,wasserstein,,central,all,age,linear_probe,1,1.5341,-3.4652,9.31,True,zones,B,save/zones/central,downstream_raw_results_kfold_folds1-1.csv
SimCLR,SimCLR-nbr-riemann,nbr,riemann,,central,all,age,linear_probe,1,1.5911,-3.6549,9.79,True,zones,B,save/zones/central,downstream_raw_results_kfold_folds1-1.csv
SimCLR,SimCLR-xsubj-cosine,xsubj,cosine,,central,all,age,linear_probe,1,1.2198,-1.3036,8.09,True,zones,B,save/zones/central,downstream_raw_results_kfold_folds1-1.csv
SimCLR,SimCLR-xsubj-wasser,xsubj,wasserstein,,central,all,age,linear_probe,1,1.4319,-2.974,8.6,True,zones,B,save/zones/central,downstream_raw_results_kfold_folds1-1.csv
SimCLR,SimCLR-xsubj-riemann,xsubj,riemann,,central,all,age,linear_probe,1,1.4656,-2.8934,9.11,True,zones,B,save/zones/central,downstream_raw_results_kfold_folds1-1.csv
SimCLR,SimCLR-diffage-cosine,diffage,cosine,,central,all,age,linear_probe,1,1.8107,-4.367,11.99,True,zones,B,save/zones/central,downstream_raw_results_kfold_folds1-1.csv
SimCLR,SimCLR-diffage-wasser,diffage,wasserstein,,central,all,age,linear_probe,1,1.6371,-2.8725,11.26,True,zones,B,save/zones/central,downstream_raw_results_kfold_folds1-1.csv
SimCLR,SimCLR-diffage-riemann,diffage,riemann,,central,all,age,linear_probe,1,1.5888,-2.9967,10.94,True,zones,B,save/zones/central,downstream_raw_results_kfold_folds1-1.csv
VAE,VAE,,,,central,all,age,linear_probe,1,1.7224,-2.8027,12.53,True,zones,B,save/zones/central,downstream_raw_results_kfold_folds1-1.csv
SimCLR,SimCLR,augment,,,central,all,age,fine_tuning,1,1.0331,-0.7462,6.8,True,zones,B,save/zones/central,downstream_raw_results_kfold_folds1-1.csv
SimCLR,SimCLR-nbr-cosine,nbr,cosine,,central,all,age,fine_tuning,1,0.9399,-0.6659,5.46,True,zones,B,save/zones/central,downstream_raw_results_kfold_folds1-1.csv
SimCLR,SimCLR-nbr-wasser,nbr,wasserstein,,central,all,age,fine_tuning,1,1.139,-1.5028,6.76,True,zones,B,save/zones/central,downstream_raw_results_kfold_folds1-1.csv
SimCLR,SimCLR-nbr-riemann,nbr,riemann,,central,all,age,fine_tuning,1,1.0261,-0.8718,6.13,True,zones,B,save/zones/central,downstream_raw_results_kfold_folds1-1.csv
SimCLR,SimCLR-xsubj-cosine,xsubj,cosine,,central,all,age,fine_tuning,1,1.0688,-1.0281,6.65,True,zones,B,save/zones/central,downstream_raw_results_kfold_folds1-1.csv
SimCLR,SimCLR-xsubj-wasser,xsubj,wasserstein,,central,all,age,fine_tuning,1,1.3521,-2.4935,8.12,True,zones,B,save/zones/central,downstream_raw_results_kfold_folds1-1.csv
SimCLR,SimCLR-xsubj-riemann,xsubj,riemann,,central,all,age,fine_tuning,1,0.9966,-0.7158,6.16,True,zones,B,save/zones/central,downstream_raw_results_kfold_folds1-1.csv
SimCLR,SimCLR-diffage-cosine,diffage,cosine,,central,all,age,fine_tuning,1,1.2307,-1.5285,7.84,True,zones,B,save/zones/central,downstream_raw_results_kfold_folds1-1.csv
SimCLR,SimCLR-diffage-wasser,diffage,wasserstein,,central,all,age,fine_tuning,1,1.3545,-3.0057,7.77,True,zones,B,save/zones/central,downstream_raw_results_kfold_folds1-1.csv
SimCLR,SimCLR-diffage-riemann,diffage,riemann,,central,all,age,fine_tuning,1,1.2908,-2.1675,7.69,True,zones,B,save/zones/central,downstream_raw_results_kfold_folds1-1.csv
VAE,VAE,,,,central,all,age,fine_tuning,1,1.0024,-0.8446,6.22,True,zones,B,save/zones/central,downstream_raw_results_kfold_folds1-1.csv
SimCLR,SimCLR,augment,,,central,all,age,linear_probe,2,4.3102,-0.4453,10.82,True,zones,B,save/zones/central,downstream_raw_results_kfold_folds2-2.csv
SimCLR,SimCLR-nbr-cosine,nbr,cosine,,central,all,age,linear_probe,2,4.0335,0.1515,9.25,True,zones,B,save/zones/central,downstream_raw_results_kfold_folds2-2.csv
SimCLR,SimCLR-nbr-wasser,nbr,wasserstein,,central,all,age,linear_probe,2,3.9266,-0.0847,9.26,True,zones,B,save/zones/central,downstream_raw_results_kfold_folds2-2.csv
SimCLR,SimCLR-nbr-riemann,nbr,riemann,,central,all,age,linear_probe,2,3.828,-0.0574,9.08,True,zones,B,save/zones/central,downstream_raw_results_kfold_folds2-2.csv
SimCLR,SimCLR-xsubj-cosine,xsubj,cosine,,central,all,age,linear_probe,2,3.8059,-0.0601,9.26,True,zones,B,save/zones/central,downstream_raw_results_kfold_folds2-2.csv
SimCLR,SimCLR-xsubj-wasser,xsubj,wasserstein,,central,all,age,linear_probe,2,3.5461,0.0128,8.9,True,zones,B,save/zones/central,downstream_raw_results_kfold_folds2-2.csv
SimCLR,SimCLR-xsubj-riemann,xsubj,riemann,,central,all,age,linear_probe,2,3.9988,0.0224,8.88,True,zones,B,save/zones/central,downstream_raw_results_kfold_folds2-2.csv
SimCLR,SimCLR-diffage-cosine,diffage,cosine,,central,all,age,linear_probe,2,4.5971,-0.264,10.65,True,zones,B,save/zones/central,downstream_raw_results_kfold_folds2-2.csv
SimCLR,SimCLR-diffage-wasser,diffage,wasserstein,,central,all,age,linear_probe,2,4.263,-0.2395,10.13,True,zones,B,save/zones/central,downstream_raw_results_kfold_folds2-2.csv
SimCLR,SimCLR-diffage-riemann,diffage,riemann,,central,all,age,linear_probe,2,4.2667,0.0614,9.69,True,zones,B,save/zones/central,downstream_raw_results_kfold_folds2-2.csv
VAE,VAE,,,,central,all,age,linear_probe,2,4.5012,-0.4152,12.19,True,zones,B,save/zones/central,downstream_raw_results_kfold_folds2-2.csv
SimCLR,SimCLR,augment,,,central,all,age,fine_tuning,2,1.7729,0.5727,4.39,True,zones,B,save/zones/central,downstream_raw_results_kfold_folds2-2.csv
SimCLR,SimCLR-nbr-cosine,nbr,cosine,,central,all,age,fine_tuning,2,2.9534,0.4654,6.74,True,zones,B,save/zones/central,downstream_raw_results_kfold_folds2-2.csv
SimCLR,SimCLR-nbr-wasser,nbr,wasserstein,,central,all,age,fine_tuning,2,2.7175,0.5345,5.79,True,zones,B,save/zones/central,downstream_raw_results_kfold_folds2-2.csv
SimCLR,SimCLR-nbr-riemann,nbr,riemann,,central,all,age,fine_tuning,2,3.4166,0.5825,6.38,True,zones,B,save/zones/central,downstream_raw_results_kfold_folds2-2.csv
SimCLR,SimCLR-xsubj-cosine,xsubj,cosine,,central,all,age,fine_tuning,2,2.1576,0.3841,6.34,True,zones,B,save/zones/central,downstream_raw_results_kfold_folds2-2.csv
SimCLR,SimCLR-xsubj-wasser,xsubj,wasserstein,,central,all,age,fine_tuning,2,3.3553,0.4634,7.28,True,zones,B,save/zones/central,downstream_raw_results_kfold_folds2-2.csv
SimCLR,SimCLR-xsubj-riemann,xsubj,riemann,,central,all,age,fine_tuning,2,4.8104,0.2885,9.57,True,zones,B,save/zones/central,downstream_raw_results_kfold_folds2-2.csv
SimCLR,SimCLR-diffage-cosine,diffage,cosine,,central,all,age,fine_tuning,2,2.4341,0.4483,6.11,True,zones,B,save/zones/central,downstream_raw_results_kfold_folds2-2.csv
SimCLR,SimCLR-diffage-wasser,diffage,wasserstein,,central,all,age,fine_tuning,2,2.0872,0.5307,4.96,True,zones,B,save/zones/central,downstream_raw_results_kfold_folds2-2.csv
SimCLR,SimCLR-diffage-riemann,diffage,riemann,,central,all,age,fine_tuning,2,2.5955,0.4362,6.42,True,zones,B,save/zones/central,downstream_raw_results_kfold_folds2-2.csv
VAE,VAE,,,,central,all,age,fine_tuning,2,1.7648,0.6472,3.89,True,zones,B,save/zones/central,downstream_raw_results_kfold_folds2-2.csv
SimCLR,SimCLR,augment,,,central,all,age,linear_probe,3,1.2486,-0.8696,10.59,True,zones,B,save/zones/central,downstream_raw_results_kfold_folds3-3.csv
SimCLR,SimCLR-nbr-cosine,nbr,cosine,,central,all,age,linear_probe,3,0.9305,-0.0859,7.76,True,zones,B,save/zones/central,downstream_raw_results_kfold_folds3-3.csv
SimCLR,SimCLR-nbr-wasser,nbr,wasserstein,,central,all,age,linear_probe,3,0.9704,-0.1393,8.28,True,zones,B,save/zones/central,downstream_raw_results_kfold_folds3-3.csv
SimCLR,SimCLR-nbr-riemann,nbr,riemann,,central,all,age,linear_probe,3,0.9182,-0.0599,7.67,True,zones,B,save/zones/central,downstream_raw_results_kfold_folds3-3.csv
SimCLR,SimCLR-xsubj-cosine,xsubj,cosine,,central,all,age,linear_probe,3,1.0517,-0.3182,8.93,True,zones,B,save/zones/central,downstream_raw_results_kfold_folds3-3.csv
SimCLR,SimCLR-xsubj-wasser,xsubj,wasserstein,,central,all,age,linear_probe,3,1.0036,-0.1729,8.66,True,zones,B,save/zones/central,downstream_raw_results_kfold_folds3-3.csv
SimCLR,SimCLR-xsubj-riemann,xsubj,riemann,,central,all,age,linear_probe,3,1.0863,-0.3639,9.42,True,zones,B,save/zones/central,downstream_raw_results_kfold_folds3-3.csv
SimCLR,SimCLR-diffage-cosine,diffage,cosine,,central,all,age,linear_probe,3,1.2871,-1.1866,10.52,True,zones,B,save/zones/central,downstream_raw_results_kfold_folds3-3.csv
SimCLR,SimCLR-diffage-wasser,diffage,wasserstein,,central,all,age,linear_probe,3,1.1882,-0.7626,9.98,True,zones,B,save/zones/central,downstream_raw_results_kfold_folds3-3.csv
SimCLR,SimCLR-diffage-riemann,diffage,riemann,,central,all,age,linear_probe,3,1.3174,-1.17,11.2,True,zones,B,save/zones/central,downstream_raw_results_kfold_folds3-3.csv
VAE,VAE,,,,central,all,age,linear_probe,3,1.3325,-0.9553,11.8,True,zones,B,save/zones/central,downstream_raw_results_kfold_folds3-3.csv
SimCLR,SimCLR,augment,,,central,all,age,fine_tuning,3,0.6988,0.4308,6.21,True,zones,B,save/zones/central,downstream_raw_results_kfold_folds3-3.csv
SimCLR,SimCLR-nbr-cosine,nbr,cosine,,central,all,age,fine_tuning,3,0.6512,0.4855,6.02,True,zones,B,save/zones/central,downstream_raw_results_kfold_folds3-3.csv
SimCLR,SimCLR-nbr-wasser,nbr,wasserstein,,central,all,age,fine_tuning,3,0.7394,0.3554,6.44,True,zones,B,save/zones/central,downstream_raw_results_kfold_folds3-3.csv
SimCLR,SimCLR-nbr-riemann,nbr,riemann,,central,all,age,fine_tuning,3,0.6391,0.5291,5.64,True,zones,B,save/zones/central,downstream_raw_results_kfold_folds3-3.csv
SimCLR,SimCLR-xsubj-cosine,xsubj,cosine,,central,all,age,fine_tuning,3,0.6655,0.495,5.94,True,zones,B,save/zones/central,downstream_raw_results_kfold_folds3-3.csv
SimCLR,SimCLR-xsubj-wasser,xsubj,wasserstein,,central,all,age,fine_tuning,3,0.5963,0.5525,5.38,True,zones,B,save/zones/central,downstream_raw_results_kfold_folds3-3.csv
SimCLR,SimCLR-xsubj-riemann,xsubj,riemann,,central,all,age,fine_tuning,3,0.8945,0.0995,7.95,True,zones,B,save/zones/central,downstream_raw_results_kfold_folds3-3.csv
SimCLR,SimCLR-diffage-cosine,diffage,cosine,,central,all,age,fine_tuning,3,0.582,0.6126,5.33,True,zones,B,save/zones/central,downstream_raw_results_kfold_folds3-3.csv
SimCLR,SimCLR-diffage-wasser,diffage,wasserstein,,central,all,age,fine_tuning,3,0.921,0.048,8.12,True,zones,B,save/zones/central,downstream_raw_results_kfold_folds3-3.csv
SimCLR,SimCLR-diffage-riemann,diffage,riemann,,central,all,age,fine_tuning,3,0.7659,0.3285,6.9,True,zones,B,save/zones/central,downstream_raw_results_kfold_folds3-3.csv
VAE,VAE,,,,central,all,age,fine_tuning,3,0.5468,0.6665,4.89,True,zones,B,save/zones/central,downstream_raw_results_kfold_folds3-3.csv
SimCLR,SimCLR,augment,,,central,all,age,linear_probe,4,2.8244,-11.3188,10.88,True,zones,B,save/zones/central,downstream_raw_results_kfold_folds4-4.csv
SimCLR,SimCLR-nbr-cosine,nbr,cosine,,central,all,age,linear_probe,4,2.5321,-9.7095,9.46,True,zones,B,save/zones/central,downstream_raw_results_kfold_folds4-4.csv
SimCLR,SimCLR-nbr-wasser,nbr,wasserstein,,central,all,age,linear_probe,4,2.5848,-11.3468,9.54,True,zones,B,save/zones/central,downstream_raw_results_kfold_folds4-4.csv
SimCLR,SimCLR-nbr-riemann,nbr,riemann,,central,all,age,linear_probe,4,2.7426,-12.2692,10.04,True,zones,B,save/zones/central,downstream_raw_results_kfold_folds4-4.csv
SimCLR,SimCLR-xsubj-cosine,xsubj,cosine,,central,all,age,linear_probe,4,2.7343,-11.5073,9.79,True,zones,B,save/zones/central,downstream_raw_results_kfold_folds4-4.csv
SimCLR,SimCLR-xsubj-wasser,xsubj,wasserstein,,central,all,age,linear_probe,4,2.4122,-8.2601,8.75,True,zones,B,save/zones/central,downstream_raw_results_kfold_folds4-4.csv
SimCLR,SimCLR-xsubj-riemann,xsubj,riemann,,central,all,age,linear_probe,4,2.5614,-9.4761,9.51,True,zones,B,save/zones/central,downstream_raw_results_kfold_folds4-4.csv
SimCLR,SimCLR-diffage-cosine,diffage,cosine,,central,all,age,linear_probe,4,3.3823,-19.1715,12.07,True,zones,B,save/zones/central,downstream_raw_results_kfold_folds4-4.csv
SimCLR,SimCLR-diffage-wasser,diffage,wasserstein,,central,all,age,linear_probe,4,3.2852,-16.9275,12.14,True,zones,B,save/zones/central,downstream_raw_results_kfold_folds4-4.csv
SimCLR,SimCLR-diffage-riemann,diffage,riemann,,central,all,age,linear_probe,4,3.2711,-18.2521,11.62,True,zones,B,save/zones/central,downstream_raw_results_kfold_folds4-4.csv
VAE,VAE,,,,central,all,age,linear_probe,4,3.0804,-15.1552,11.36,True,zones,B,save/zones/central,downstream_raw_results_kfold_folds4-4.csv
SimCLR,SimCLR,augment,,,central,all,age,fine_tuning,4,1.4393,-2.6866,4.88,True,zones,B,save/zones/central,downstream_raw_results_kfold_folds4-4.csv
SimCLR,SimCLR-nbr-cosine,nbr,cosine,,central,all,age,fine_tuning,4,1.3454,-2.2142,4.54,True,zones,B,save/zones/central,downstream_raw_results_kfold_folds4-4.csv
SimCLR,SimCLR-nbr-wasser,nbr,wasserstein,,central,all,age,fine_tuning,4,1.4473,-2.583,4.84,True,zones,B,save/zones/central,downstream_raw_results_kfold_folds4-4.csv
SimCLR,SimCLR-nbr-riemann,nbr,riemann,,central,all,age,fine_tuning,4,1.3654,-1.8901,5.09,True,zones,B,save/zones/central,downstream_raw_results_kfold_folds4-4.csv
SimCLR,SimCLR-xsubj-cosine,xsubj,cosine,,central,all,age,fine_tuning,4,1.4051,-2.023,5.2,True,zones,B,save/zones/central,downstream_raw_results_kfold_folds4-4.csv
SimCLR,SimCLR-xsubj-wasser,xsubj,wasserstein,,central,all,age,fine_tuning,4,1.3316,-1.916,4.79,True,zones,B,save/zones/central,downstream_raw_results_kfold_folds4-4.csv
SimCLR,SimCLR-xsubj-riemann,xsubj,riemann,,central,all,age,fine_tuning,4,1.5251,-2.8196,5.35,True,zones,B,save/zones/central,downstream_raw_results_kfold_folds4-4.csv
SimCLR,SimCLR-diffage-cosine,diffage,cosine,,central,all,age,fine_tuning,4,1.9721,-4.4221,7.93,True,zones,B,save/zones/central,downstream_raw_results_kfold_folds4-4.csv
SimCLR,SimCLR-diffage-wasser,diffage,wasserstein,,central,all,age,fine_tuning,4,1.6767,-2.319,7.54,True,zones,B,save/zones/central,downstream_raw_results_kfold_folds4-4.csv
SimCLR,SimCLR-diffage-riemann,diffage,riemann,,central,all,age,fine_tuning,4,2.4918,-12.4889,7.71,True,zones,B,save/zones/central,downstream_raw_results_kfold_folds4-4.csv
VAE,VAE,,,,central,all,age,fine_tuning,4,1.2925,-1.9115,4.26,True,zones,B,save/zones/central,downstream_raw_results_kfold_folds4-4.csv
SimCLR,SimCLR,augment,,,central,all,age,linear_probe,5,0.8757,0.2193,10.87,True,zones,B,save/zones/central,downstream_raw_results_kfold_folds5-5.csv
SimCLR,SimCLR-nbr-cosine,nbr,cosine,,central,all,age,linear_probe,5,0.4981,0.7387,6.05,True,zones,B,save/zones/central,downstream_raw_results_kfold_folds5-5.csv
SimCLR,SimCLR-nbr-wasser,nbr,wasserstein,,central,all,age,linear_probe,5,0.5721,0.6647,7.01,True,zones,B,save/zones/central,downstream_raw_results_kfold_folds5-5.csv
SimCLR,SimCLR-nbr-riemann,nbr,riemann,,central,all,age,linear_probe,5,0.5946,0.6392,7.34,True,zones,B,save/zones/central,downstream_raw_results_kfold_folds5-5.csv
SimCLR,SimCLR-xsubj-cosine,xsubj,cosine,,central,all,age,linear_probe,5,0.6078,0.6103,7.37,True,zones,B,save/zones/central,downstream_raw_results_kfold_folds5-5.csv
SimCLR,SimCLR-xsubj-wasser,xsubj,wasserstein,,central,all,age,linear_probe,5,0.5532,0.6807,6.8,True,zones,B,save/zones/central,downstream_raw_results_kfold_folds5-5.csv
SimCLR,SimCLR-xsubj-riemann,xsubj,riemann,,central,all,age,linear_probe,5,0.579,0.6474,7.08,True,zones,B,save/zones/central,downstream_raw_results_kfold_folds5-5.csv
SimCLR,SimCLR-diffage-cosine,diffage,cosine,,central,all,age,linear_probe,5,0.7909,0.368,9.83,True,zones,B,save/zones/central,downstream_raw_results_kfold_folds5-5.csv
SimCLR,SimCLR-diffage-wasser,diffage,wasserstein,,central,all,age,linear_probe,5,0.8714,0.2354,10.79,True,zones,B,save/zones/central,downstream_raw_results_kfold_folds5-5.csv
SimCLR,SimCLR-diffage-riemann,diffage,riemann,,central,all,age,linear_probe,5,0.7689,0.3914,9.41,True,zones,B,save/zones/central,downstream_raw_results_kfold_folds5-5.csv
VAE,VAE,,,,central,all,age,linear_probe,5,1.0322,-0.0659,12.87,True,zones,B,save/zones/central,downstream_raw_results_kfold_folds5-5.csv
SimCLR,SimCLR,augment,,,central,all,age,fine_tuning,5,0.4136,0.8134,4.99,True,zones,B,save/zones/central,downstream_raw_results_kfold_folds5-5.csv
SimCLR,SimCLR-nbr-cosine,nbr,cosine,,central,all,age,fine_tuning,5,0.4464,0.7725,5.35,True,zones,B,save/zones/central,downstream_raw_results_kfold_folds5-5.csv
SimCLR,SimCLR-nbr-wasser,nbr,wasserstein,,central,all,age,fine_tuning,5,0.4628,0.7756,5.62,True,zones,B,save/zones/central,downstream_raw_results_kfold_folds5-5.csv
SimCLR,SimCLR-nbr-riemann,nbr,riemann,,central,all,age,fine_tuning,5,0.4203,0.8154,5.12,True,zones,B,save/zones/central,downstream_raw_results_kfold_folds5-5.csv
SimCLR,SimCLR-xsubj-cosine,xsubj,cosine,,central,all,age,fine_tuning,5,0.4569,0.7825,5.58,True,zones,B,save/zones/central,downstream_raw_results_kfold_folds5-5.csv
SimCLR,SimCLR-xsubj-wasser,xsubj,wasserstein,,central,all,age,fine_tuning,5,0.4084,0.8135,4.94,True,zones,B,save/zones/central,downstream_raw_results_kfold_folds5-5.csv
SimCLR,SimCLR-xsubj-riemann,xsubj,riemann,,central,all,age,fine_tuning,5,0.4117,0.8126,4.96,True,zones,B,save/zones/central,downstream_raw_results_kfold_folds5-5.csv
SimCLR,SimCLR-diffage-cosine,diffage,cosine,,central,all,age,fine_tuning,5,0.4471,0.7742,5.33,True,zones,B,save/zones/central,downstream_raw_results_kfold_folds5-5.csv
SimCLR,SimCLR-diffage-wasser,diffage,wasserstein,,central,all,age,fine_tuning,5,0.4473,0.7762,5.34,True,zones,B,save/zones/central,downstream_raw_results_kfold_folds5-5.csv
SimCLR,SimCLR-diffage-riemann,diffage,riemann,,central,all,age,fine_tuning,5,0.514,0.6933,6.25,True,zones,B,save/zones/central,downstream_raw_results_kfold_folds5-5.csv
VAE,VAE,,,,central,all,age,fine_tuning,5,0.4836,0.7607,5.93,True,zones,B,save/zones/central,downstream_raw_results_kfold_folds5-5.csv
SimCLR,SimCLR,augment,,,central,all,age,linear_probe,6,1.603,-2.0545,10.89,True,zones,B,save/zones/central,downstream_raw_results_kfold_folds6-6.csv
SimCLR,SimCLR-nbr-cosine,nbr,cosine,,central,all,age,linear_probe,6,1.5186,-1.9593,9.69,True,zones,B,save/zones/central,downstream_raw_results_kfold_folds6-6.csv
SimCLR,SimCLR-nbr-wasser,nbr,wasserstein,,central,all,age,linear_probe,6,1.4877,-1.7764,9.67,True,zones,B,save/zones/central,downstream_raw_results_kfold_folds6-6.csv
SimCLR,SimCLR-nbr-riemann,nbr,riemann,,central,all,age,linear_probe,6,1.5045,-2.0055,9.37,True,zones,B,save/zones/central,downstream_raw_results_kfold_folds6-6.csv
SimCLR,SimCLR-xsubj-cosine,xsubj,cosine,,central,all,age,linear_probe,6,1.5049,-1.8583,9.94,True,zones,B,save/zones/central,downstream_raw_results_kfold_folds6-6.csv
SimCLR,SimCLR-xsubj-wasser,xsubj,wasserstein,,central,all,age,linear_probe,6,1.6059,-2.131,10.96,True,zones,B,save/zones/central,downstream_raw_results_kfold_folds6-6.csv
SimCLR,SimCLR-xsubj-riemann,xsubj,riemann,,central,all,age,linear_probe,6,1.3129,-0.9723,9.73,True,zones,B,save/zones/central,downstream_raw_results_kfold_folds6-6.csv
SimCLR,SimCLR-diffage-cosine,diffage,cosine,,central,all,age,linear_probe,6,1.6107,-2.23,10.77,True,zones,B,save/zones/central,downstream_raw_results_kfold_folds6-6.csv
SimCLR,SimCLR-diffage-wasser,diffage,wasserstein,,central,all,age,linear_probe,6,1.7467,-3.0941,11.34,True,zones,B,save/zones/central,downstream_raw_results_kfold_folds6-6.csv
SimCLR,SimCLR-diffage-riemann,diffage,riemann,,central,all,age,linear_probe,6,1.4758,-1.5943,10.16,True,zones,B,save/zones/central,downstream_raw_results_kfold_folds6-6.csv
VAE,VAE,,,,central,all,age,linear_probe,6,1.6405,-2.0692,11.6,True,zones,B,save/zones/central,downstream_raw_results_kfold_folds6-6.csv
SimCLR,SimCLR,augment,,,central,all,age,fine_tuning,6,1.2488,-0.9698,8.59,True,zones,B,save/zones/central,downstream_raw_results_kfold_folds6-6.csv
SimCLR,SimCLR-nbr-cosine,nbr,cosine,,central,all,age,fine_tuning,6,1.1978,-0.821,8.28,True,zones,B,save/zones/central,downstream_raw_results_kfold_folds6-6.csv
SimCLR,SimCLR-nbr-wasser,nbr,wasserstein,,central,all,age,fine_tuning,6,1.2186,-0.8275,8.57,True,zones,B,save/zones/central,downstream_raw_results_kfold_folds6-6.csv
SimCLR,SimCLR-nbr-riemann,nbr,riemann,,central,all,age,fine_tuning,6,1.1146,-0.5949,7.59,True,zones,B,save/zones/central,downstream_raw_results_kfold_folds6-6.csv
SimCLR,SimCLR-xsubj-cosine,xsubj,cosine,,central,all,age,fine_tuning,6,1.1139,-0.5052,7.94,True,zones,B,save/zones/central,downstream_raw_results_kfold_folds6-6.csv
SimCLR,SimCLR-xsubj-wasser,xsubj,wasserstein,,central,all,age,fine_tuning,6,1.2022,-0.8063,8.28,True,zones,B,save/zones/central,downstream_raw_results_kfold_folds6-6.csv
SimCLR,SimCLR-xsubj-riemann,xsubj,riemann,,central,all,age,fine_tuning,6,1.0761,-0.3768,7.83,True,zones,B,save/zones/central,downstream_raw_results_kfold_folds6-6.csv
SimCLR,SimCLR-diffage-cosine,diffage,cosine,,central,all,age,fine_tuning,6,1.3265,-1.0138,10.18,True,zones,B,save/zones/central,downstream_raw_results_kfold_folds6-6.csv
SimCLR,SimCLR-diffage-wasser,diffage,wasserstein,,central,all,age,fine_tuning,6,1.353,-1.0415,10.33,True,zones,B,save/zones/central,downstream_raw_results_kfold_folds6-6.csv
SimCLR,SimCLR-diffage-riemann,diffage,riemann,,central,all,age,fine_tuning,6,1.0976,-0.2633,9.12,True,zones,B,save/zones/central,downstream_raw_results_kfold_folds6-6.csv
VAE,VAE,,,,central,all,age,fine_tuning,6,0.8462,0.1523,5.81,True,zones,B,save/zones/central,downstream_raw_results_kfold_folds6-6.csv
SimCLR,SimCLR,augment,,,central,all,age,linear_probe,7,0.8642,0.2386,10.0,True,zones,B,save/zones/central,downstream_raw_results_kfold_folds7-7.csv
SimCLR,SimCLR-nbr-cosine,nbr,cosine,,central,all,age,linear_probe,7,0.6817,0.5291,7.87,True,zones,B,save/zones/central,downstream_raw_results_kfold_folds7-7.csv
SimCLR,SimCLR-nbr-wasser,nbr,wasserstein,,central,all,age,linear_probe,7,0.6673,0.5519,7.71,True,zones,B,save/zones/central,downstream_raw_results_kfold_folds7-7.csv
SimCLR,SimCLR-nbr-riemann,nbr,riemann,,central,all,age,linear_probe,7,0.6637,0.5508,7.65,True,zones,B,save/zones/central,downstream_raw_results_kfold_folds7-7.csv
SimCLR,SimCLR-xsubj-cosine,xsubj,cosine,,central,all,age,linear_probe,7,0.7479,0.4335,8.61,True,zones,B,save/zones/central,downstream_raw_results_kfold_folds7-7.csv
SimCLR,SimCLR-xsubj-wasser,xsubj,wasserstein,,central,all,age,linear_probe,7,0.6825,0.5292,7.86,True,zones,B,save/zones/central,downstream_raw_results_kfold_folds7-7.csv
SimCLR,SimCLR-xsubj-riemann,xsubj,riemann,,central,all,age,linear_probe,7,0.7235,0.4726,8.33,True,zones,B,save/zones/central,downstream_raw_results_kfold_folds7-7.csv
SimCLR,SimCLR-diffage-cosine,diffage,cosine,,central,all,age,linear_probe,7,0.7508,0.4185,8.63,True,zones,B,save/zones/central,downstream_raw_results_kfold_folds7-7.csv
SimCLR,SimCLR-diffage-wasser,diffage,wasserstein,,central,all,age,linear_probe,7,0.8506,0.2497,9.76,True,zones,B,save/zones/central,downstream_raw_results_kfold_folds7-7.csv
SimCLR,SimCLR-diffage-riemann,diffage,riemann,,central,all,age,linear_probe,7,0.7879,0.3703,9.09,True,zones,B,save/zones/central,downstream_raw_results_kfold_folds7-7.csv
VAE,VAE,,,,central,all,age,linear_probe,7,1.0037,-0.008,11.57,True,zones,B,save/zones/central,downstream_raw_results_kfold_folds7-7.csv
SimCLR,SimCLR,augment,,,central,all,age,fine_tuning,7,0.4382,0.7815,4.98,True,zones,B,save/zones/central,downstream_raw_results_kfold_folds7-7.csv
SimCLR,SimCLR-nbr-cosine,nbr,cosine,,central,all,age,fine_tuning,7,0.7777,0.3384,8.95,True,zones,B,save/zones/central,downstream_raw_results_kfold_folds7-7.csv
SimCLR,SimCLR-nbr-wasser,nbr,wasserstein,,central,all,age,fine_tuning,7,0.4033,0.826,4.58,True,zones,B,save/zones/central,downstream_raw_results_kfold_folds7-7.csv
SimCLR,SimCLR-nbr-riemann,nbr,riemann,,central,all,age,fine_tuning,7,0.4148,0.8126,4.73,True,zones,B,save/zones/central,downstream_raw_results_kfold_folds7-7.csv
SimCLR,SimCLR-xsubj-cosine,xsubj,cosine,,central,all,age,fine_tuning,7,0.4812,0.7496,5.54,True,zones,B,save/zones/central,downstream_raw_results_kfold_folds7-7.csv
SimCLR,SimCLR-xsubj-wasser,xsubj,wasserstein,,central,all,age,fine_tuning,7,0.4072,0.8209,4.61,True,zones,B,save/zones/central,downstream_raw_results_kfold_folds7-7.csv
SimCLR,SimCLR-xsubj-riemann,xsubj,riemann,,central,all,age,fine_tuning,7,0.4408,0.7895,5.02,True,zones,B,save/zones/central,downstream_raw_results_kfold_folds7-7.csv
SimCLR,SimCLR-diffage-cosine,diffage,cosine,,central,all,age,fine_tuning,7,0.6437,0.5636,7.37,True,zones,B,save/zones/central,downstream_raw_results_kfold_folds7-7.csv
SimCLR,SimCLR-diffage-wasser,diffage,wasserstein,,central,all,age,fine_tuning,7,0.5432,0.6839,6.21,True,zones,B,save/zones/central,downstream_raw_results_kfold_folds7-7.csv
SimCLR,SimCLR-diffage-riemann,diffage,riemann,,central,all,age,fine_tuning,7,0.4797,0.7446,5.47,True,zones,B,save/zones/central,downstream_raw_results_kfold_folds7-7.csv
VAE,VAE,,,,central,all,age,fine_tuning,7,0.4105,0.8232,4.69,True,zones,B,save/zones/central,downstream_raw_results_kfold_folds7-7.csv
SimCLR,SimCLR,augment,,,central,all,age,linear_probe,8,0.9978,-0.0228,12.72,True,zones,B,save/zones/central,downstream_raw_results_kfold_folds8-8.csv
SimCLR,SimCLR-nbr-cosine,nbr,cosine,,central,all,age,linear_probe,8,0.624,0.6093,8.11,True,zones,B,save/zones/central,downstream_raw_results_kfold_folds8-8.csv
SimCLR,SimCLR-nbr-wasser,nbr,wasserstein,,central,all,age,linear_probe,8,0.6308,0.5995,8.16,True,zones,B,save/zones/central,downstream_raw_results_kfold_folds8-8.csv
SimCLR,SimCLR-nbr-riemann,nbr,riemann,,central,all,age,linear_probe,8,0.631,0.5984,8.32,True,zones,B,save/zones/central,downstream_raw_results_kfold_folds8-8.csv
SimCLR,SimCLR-xsubj-cosine,xsubj,cosine,,central,all,age,linear_probe,8,0.6373,0.5508,7.99,True,zones,B,save/zones/central,downstream_raw_results_kfold_folds8-8.csv
SimCLR,SimCLR-xsubj-wasser,xsubj,wasserstein,,central,all,age,linear_probe,8,0.6788,0.5012,8.53,True,zones,B,save/zones/central,downstream_raw_results_kfold_folds8-8.csv
SimCLR,SimCLR-xsubj-riemann,xsubj,riemann,,central,all,age,linear_probe,8,0.7384,0.4532,9.58,True,zones,B,save/zones/central,downstream_raw_results_kfold_folds8-8.csv
SimCLR,SimCLR-diffage-cosine,diffage,cosine,,central,all,age,linear_probe,8,1.0251,-0.1133,12.9,True,zones,B,save/zones/central,downstream_raw_results_kfold_folds8-8.csv
SimCLR,SimCLR-diffage-wasser,diffage,wasserstein,,central,all,age,linear_probe,8,0.9837,0.0186,12.7,True,zones,B,save/zones/central,downstream_raw_results_kfold_folds8-8.csv
SimCLR,SimCLR-diffage-riemann,diffage,riemann,,central,all,age,linear_probe,8,0.9391,0.104,12.04,True,zones,B,save/zones/central,downstream_raw_results_kfold_folds8-8.csv
VAE,VAE,,,,central,all,age,linear_probe,8,1.0754,-0.1599,13.94,True,zones,B,save/zones/central,downstream_raw_results_kfold_folds8-8.csv
SimCLR,SimCLR,augment,,,central,all,age,fine_tuning,8,0.4293,0.8003,5.43,True,zones,B,save/zones/central,downstream_raw_results_kfold_folds8-8.csv
SimCLR,SimCLR-nbr-cosine,nbr,cosine,,central,all,age,fine_tuning,8,0.4399,0.7868,5.64,True,zones,B,save/zones/central,downstream_raw_results_kfold_folds8-8.csv
SimCLR,SimCLR-nbr-wasser,nbr,wasserstein,,central,all,age,fine_tuning,8,0.389,0.8049,4.69,True,zones,B,save/zones/central,downstream_raw_results_kfold_folds8-8.csv
SimCLR,SimCLR-nbr-riemann,nbr,riemann,,central,all,age,fine_tuning,8,0.3435,0.8568,4.2,True,zones,B,save/zones/central,downstream_raw_results_kfold_folds8-8.csv
SimCLR,SimCLR-xsubj-cosine,xsubj,cosine,,central,all,age,fine_tuning,8,0.4026,0.7888,4.86,True,zones,B,save/zones/central,downstream_raw_results_kfold_folds8-8.csv
SimCLR,SimCLR-xsubj-wasser,xsubj,wasserstein,,central,all,age,fine_tuning,8,0.2925,0.8807,3.49,True,zones,B,save/zones/central,downstream_raw_results_kfold_folds8-8.csv
SimCLR,SimCLR-xsubj-riemann,xsubj,riemann,,central,all,age,fine_tuning,8,0.4537,0.703,5.36,True,zones,B,save/zones/central,downstream_raw_results_kfold_folds8-8.csv
SimCLR,SimCLR-diffage-cosine,diffage,cosine,,central,all,age,fine_tuning,8,0.7052,0.3973,8.6,True,zones,B,save/zones/central,downstream_raw_results_kfold_folds8-8.csv
SimCLR,SimCLR-diffage-wasser,diffage,wasserstein,,central,all,age,fine_tuning,8,0.5349,0.681,6.72,True,zones,B,save/zones/central,downstream_raw_results_kfold_folds8-8.csv
SimCLR,SimCLR-diffage-riemann,diffage,riemann,,central,all,age,fine_tuning,8,0.5871,0.6262,7.46,True,zones,B,save/zones/central,downstream_raw_results_kfold_folds8-8.csv
VAE,VAE,,,,central,all,age,fine_tuning,8,0.3526,0.8348,4.25,True,zones,B,save/zones/central,downstream_raw_results_kfold_folds8-8.csv
SimCLR,SimCLR,augment,,,central,all,age,linear_probe,9,1.492,-1.8346,12.51,True,zones,B,save/zones/central,downstream_raw_results_kfold_folds9-9.csv
SimCLR,SimCLR-nbr-cosine,nbr,cosine,,central,all,age,linear_probe,9,0.8223,0.2399,7.42,True,zones,B,save/zones/central,downstream_raw_results_kfold_folds9-9.csv
SimCLR,SimCLR-nbr-wasser,nbr,wasserstein,,central,all,age,linear_probe,9,0.8939,-0.0761,7.26,True,zones,B,save/zones/central,downstream_raw_results_kfold_folds9-9.csv
SimCLR,SimCLR-nbr-riemann,nbr,riemann,,central,all,age,linear_probe,9,0.8599,0.1116,7.44,True,zones,B,save/zones/central,downstream_raw_results_kfold_folds9-9.csv
SimCLR,SimCLR-xsubj-cosine,xsubj,cosine,,central,all,age,linear_probe,9,1.0762,-0.6411,8.5,True,zones,B,save/zones/central,downstream_raw_results_kfold_folds9-9.csv
SimCLR,SimCLR-xsubj-wasser,xsubj,wasserstein,,central,all,age,linear_probe,9,0.9394,-0.0773,8.03,True,zones,B,save/zones/central,downstream_raw_results_kfold_folds9-9.csv
SimCLR,SimCLR-xsubj-riemann,xsubj,riemann,,central,all,age,linear_probe,9,0.967,-0.2657,7.83,True,zones,B,save/zones/central,downstream_raw_results_kfold_folds9-9.csv
SimCLR,SimCLR-diffage-cosine,diffage,cosine,,central,all,age,linear_probe,9,1.2149,-0.6868,10.87,True,zones,B,save/zones/central,downstream_raw_results_kfold_folds9-9.csv
SimCLR,SimCLR-diffage-wasser,diffage,wasserstein,,central,all,age,linear_probe,9,1.1324,-0.6098,9.63,True,zones,B,save/zones/central,downstream_raw_results_kfold_folds9-9.csv
SimCLR,SimCLR-diffage-riemann,diffage,riemann,,central,all,age,linear_probe,9,1.1186,-0.4205,10.11,True,zones,B,save/zones/central,downstream_raw_results_kfold_folds9-9.csv
VAE,VAE,,,,central,all,age,linear_probe,9,1.4609,-1.6392,12.49,True,zones,B,save/zones/central,downstream_raw_results_kfold_folds9-9.csv
SimCLR,SimCLR,augment,,,central,all,age,fine_tuning,9,0.5239,0.5678,3.9,True,zones,B,save/zones/central,downstream_raw_results_kfold_folds9-9.csv
SimCLR,SimCLR-nbr-cosine,nbr,cosine,,central,all,age,fine_tuning,9,0.5978,0.4788,4.62,True,zones,B,save/zones/central,downstream_raw_results_kfold_folds9-9.csv
SimCLR,SimCLR-nbr-wasser,nbr,wasserstein,,central,all,age,fine_tuning,9,0.6142,0.4143,4.62,True,zones,B,save/zones/central,downstream_raw_results_kfold_folds9-9.csv
SimCLR,SimCLR-nbr-riemann,nbr,riemann,,central,all,age,fine_tuning,9,0.6653,0.4255,5.51,True,zones,B,save/zones/central,downstream_raw_results_kfold_folds9-9.csv
SimCLR,SimCLR-xsubj-cosine,xsubj,cosine,,central,all,age,fine_tuning,9,0.696,0.3637,5.73,True,zones,B,save/zones/central,downstream_raw_results_kfold_folds9-9.csv
SimCLR,SimCLR-xsubj-wasser,xsubj,wasserstein,,central,all,age,fine_tuning,9,0.4815,0.6706,3.82,True,zones,B,save/zones/central,downstream_raw_results_kfold_folds9-9.csv
SimCLR,SimCLR-xsubj-riemann,xsubj,riemann,,central,all,age,fine_tuning,9,0.7414,0.3534,6.48,True,zones,B,save/zones/central,downstream_raw_results_kfold_folds9-9.csv
SimCLR,SimCLR-diffage-cosine,diffage,cosine,,central,all,age,fine_tuning,9,0.663,0.3823,5.23,True,zones,B,save/zones/central,downstream_raw_results_kfold_folds9-9.csv
SimCLR,SimCLR-diffage-wasser,diffage,wasserstein,,central,all,age,fine_tuning,9,0.5718,0.5442,4.57,True,zones,B,save/zones/central,downstream_raw_results_kfold_folds9-9.csv
SimCLR,SimCLR-diffage-riemann,diffage,riemann,,central,all,age,fine_tuning,9,0.9188,-0.2033,7.19,True,zones,B,save/zones/central,downstream_raw_results_kfold_folds9-9.csv
VAE,VAE,,,,central,all,age,fine_tuning,9,0.6034,0.4359,4.51,True,zones,B,save/zones/central,downstream_raw_results_kfold_folds9-9.csv
ExpCLR,ExpCLR-aper,,,P_aper,all,all,age,linear_probe,0,1.6111,-2.7241,12.0,True,expclr_P_aper,B,save/expclr_P_aper/all,downstream_raw_results_kfold_folds0-0.csv
ExpCLR,ExpCLR-aper,,,P_aper,all,all,age,fine_tuning,0,0.736,0.1496,5.1,True,expclr_P_aper,B,save/expclr_P_aper/all,downstream_raw_results_kfold_folds0-0.csv
ExpCLR,ExpCLR-aper,,,P_aper,all,all,age,linear_probe,1,1.7915,-3.0947,13.28,True,expclr_P_aper,B,save/expclr_P_aper/all,downstream_raw_results_kfold_folds1-1.csv
ExpCLR,ExpCLR-aper,,,P_aper,all,all,age,fine_tuning,1,0.7943,0.0841,5.4,True,expclr_P_aper,B,save/expclr_P_aper/all,downstream_raw_results_kfold_folds1-1.csv
ExpCLR,ExpCLR-aper,,,P_aper,all,all,age,linear_probe,2,4.8394,-0.7671,12.3,True,expclr_P_aper,B,save/expclr_P_aper/all,downstream_raw_results_kfold_folds2-2.csv
ExpCLR,ExpCLR-aper,,,P_aper,all,all,age,fine_tuning,2,1.9835,0.3799,5.29,True,expclr_P_aper,B,save/expclr_P_aper/all,downstream_raw_results_kfold_folds2-2.csv
ExpCLR,ExpCLR-aper,,,P_aper,all,all,age,linear_probe,3,1.361,-1.0928,11.88,True,expclr_P_aper,B,save/expclr_P_aper/all,downstream_raw_results_kfold_folds3-3.csv
ExpCLR,ExpCLR-aper,,,P_aper,all,all,age,fine_tuning,3,0.602,0.5687,5.13,True,expclr_P_aper,B,save/expclr_P_aper/all,downstream_raw_results_kfold_folds3-3.csv
ExpCLR,ExpCLR-aper,,,P_aper,all,all,age,linear_probe,4,2.9488,-12.8931,11.49,True,expclr_P_aper,B,save/expclr_P_aper/all,downstream_raw_results_kfold_folds4-4.csv
ExpCLR,ExpCLR-aper,,,P_aper,all,all,age,fine_tuning,4,1.1768,-0.657,5.15,True,expclr_P_aper,B,save/expclr_P_aper/all,downstream_raw_results_kfold_folds4-4.csv
ExpCLR,ExpCLR-aper,,,P_aper,all,all,age,linear_probe,5,0.9987,-0.0005,12.39,True,expclr_P_aper,B,save/expclr_P_aper/all,downstream_raw_results_kfold_folds5-5.csv
ExpCLR,ExpCLR-aper,,,P_aper,all,all,age,fine_tuning,5,0.396,0.836,4.84,True,expclr_P_aper,B,save/expclr_P_aper/all,downstream_raw_results_kfold_folds5-5.csv
ExpCLR,ExpCLR-aper,,,P_aper,all,all,age,linear_probe,6,1.5667,-1.8116,11.01,True,expclr_P_aper,B,save/expclr_P_aper/all,downstream_raw_results_kfold_folds6-6.csv
ExpCLR,ExpCLR-aper,,,P_aper,all,all,age,fine_tuning,6,1.0577,-0.4557,6.75,True,expclr_P_aper,B,save/expclr_P_aper/all,downstream_raw_results_kfold_folds6-6.csv
ExpCLR,ExpCLR-aper,,,P_aper,all,all,age,linear_probe,7,1.0044,-0.0214,11.64,True,expclr_P_aper,B,save/expclr_P_aper/all,downstream_raw_results_kfold_folds7-7.csv
ExpCLR,ExpCLR-aper,,,P_aper,all,all,age,fine_tuning,7,0.7447,0.4159,8.65,True,expclr_P_aper,B,save/expclr_P_aper/all,downstream_raw_results_kfold_folds7-7.csv
ExpCLR,ExpCLR-aper,,,P_aper,all,all,age,linear_probe,8,1.0508,-0.1122,13.6,True,expclr_P_aper,B,save/expclr_P_aper/all,downstream_raw_results_kfold_folds8-8.csv
ExpCLR,ExpCLR-aper,,,P_aper,all,all,age,fine_tuning,8,0.6223,0.5546,7.81,True,expclr_P_aper,B,save/expclr_P_aper/all,downstream_raw_results_kfold_folds8-8.csv
ExpCLR,ExpCLR-aper,,,P_aper,all,all,age,linear_probe,9,1.6713,-2.5029,14.11,True,expclr_P_aper,B,save/expclr_P_aper/all,downstream_raw_results_kfold_folds9-9.csv
ExpCLR,ExpCLR-aper,,,P_aper,all,all,age,fine_tuning,9,1.0787,-0.4115,9.59,True,expclr_P_aper,B,save/expclr_P_aper/all,downstream_raw_results_kfold_folds9-9.csv
InterFusion,InterFusion-c1a,,,,frontal,all,age,linear_probe,0,1.713,-3.3956,12.53,True,c1a,C,save/c1a_frontal,downstream_raw_results_kfold_folds0-0.csv
InterFusion,InterFusion-c1a,,,,frontal,all,age,fine_tuning,0,0.6239,0.5226,5.13,True,c1a,C,save/c1a_frontal,downstream_raw_results_kfold_folds0-0.csv
InterFusion,InterFusion-c1a,,,,frontal,all,age,linear_probe,1,1.5751,-1.9148,12.01,True,c1a,C,save/c1a_frontal,downstream_raw_results_kfold_folds1-1.csv
InterFusion,InterFusion-c1a,,,,frontal,all,age,fine_tuning,1,0.9082,0.002,7.69,True,c1a,C,save/c1a_frontal,downstream_raw_results_kfold_folds1-1.csv
InterFusion,InterFusion-c1a,,,,frontal,all,age,linear_probe,2,4.3101,-0.4137,12.74,True,c1a,C,save/c1a_frontal,downstream_raw_results_kfold_folds2-2.csv
InterFusion,InterFusion-c1a,,,,frontal,all,age,fine_tuning,2,0.9142,-0.1689,4.72,True,c1a,C,save/c1a_frontal,downstream_raw_results_kfold_folds2-2.csv
InterFusion,InterFusion-c1a,,,,frontal,all,age,linear_probe,3,1.2509,-0.6454,11.37,True,c1a,C,save/c1a_frontal,downstream_raw_results_kfold_folds3-3.csv
InterFusion,InterFusion-c1a,,,,frontal,all,age,fine_tuning,3,0.6475,0.5563,6.0,True,c1a,C,save/c1a_frontal,downstream_raw_results_kfold_folds3-3.csv
InterFusion,InterFusion-c1a,,,,frontal,all,age,linear_probe,4,2.6997,-10.774,10.46,True,c1a,C,save/c1a_frontal,downstream_raw_results_kfold_folds4-4.csv
InterFusion,InterFusion-c1a,,,,frontal,all,age,fine_tuning,4,1.9727,-6.9339,6.25,True,c1a,C,save/c1a_frontal,downstream_raw_results_kfold_folds4-4.csv
InterFusion,InterFusion-c1a,,,,frontal,all,age,linear_probe,5,1.1316,-0.2824,14.1,True,c1a,C,save/c1a_frontal,downstream_raw_results_kfold_folds5-5.csv
InterFusion,InterFusion-c1a,,,,frontal,all,age,fine_tuning,5,0.2648,0.929,3.27,True,c1a,C,save/c1a_frontal,downstream_raw_results_kfold_folds5-5.csv
InterFusion,InterFusion-c1a,,,,frontal,all,age,linear_probe,6,1.5267,-1.5525,11.24,True,c1a,C,save/c1a_frontal,downstream_raw_results_kfold_folds6-6.csv
InterFusion,InterFusion-c1a,,,,frontal,all,age,fine_tuning,6,0.8806,0.0139,5.67,True,c1a,C,save/c1a_frontal,downstream_raw_results_kfold_folds6-6.csv
InterFusion,InterFusion-c1a,,,,frontal,all,age,linear_probe,7,1.0167,-0.0346,11.71,True,c1a,C,save/c1a_frontal,downstream_raw_results_kfold_folds7-7.csv
InterFusion,InterFusion-c1a,,,,frontal,all,age,fine_tuning,7,0.3859,0.8495,4.43,True,c1a,C,save/c1a_frontal,downstream_raw_results_kfold_folds7-7.csv
InterFusion,InterFusion-c1a,,,,frontal,all,age,linear_probe,8,1.0836,-0.1786,14.06,True,c1a,C,save/c1a_frontal,downstream_raw_results_kfold_folds8-8.csv
InterFusion,InterFusion-c1a,,,,frontal,all,age,fine_tuning,8,0.4266,0.8154,5.62,True,c1a,C,save/c1a_frontal,downstream_raw_results_kfold_folds8-8.csv
InterFusion,InterFusion-c1a,,,,frontal,all,age,linear_probe,9,1.347,-1.1132,11.9,True,c1a,C,save/c1a_frontal,downstream_raw_results_kfold_folds9-9.csv
InterFusion,InterFusion-c1a,,,,frontal,all,age,fine_tuning,9,0.7483,0.3664,6.78,True,c1a,C,save/c1a_frontal,downstream_raw_results_kfold_folds9-9.csv
InterFusion,InterFusion-c1a,,,,occipital,all,age,linear_probe,0,1.6055,-2.5181,12.32,True,c1a,C,save/c1a_occipital,downstream_raw_results_kfold_folds0-0.csv
InterFusion,InterFusion-c1a,,,,occipital,all,age,fine_tuning,0,1.5889,-2.6462,11.82,True,c1a,C,save/c1a_occipital,downstream_raw_results_kfold_folds0-0.csv
InterFusion,InterFusion-c1a,,,,occipital,all,age,linear_probe,1,1.5603,-1.669,12.92,True,c1a,C,save/c1a_occipital,downstream_raw_results_kfold_folds1-1.csv
InterFusion,InterFusion-c1a,,,,occipital,all,age,fine_tuning,1,1.2801,-0.7237,11.64,True,c1a,C,save/c1a_occipital,downstream_raw_results_kfold_folds1-1.csv
InterFusion,InterFusion-c1a,,,,occipital,all,age,linear_probe,2,4.4864,-0.3834,12.42,True,c1a,C,save/c1a_occipital,downstream_raw_results_kfold_folds2-2.csv
InterFusion,InterFusion-c1a,,,,occipital,all,age,fine_tuning,2,4.8372,-1.0227,12.24,True,c1a,C,save/c1a_occipital,downstream_raw_results_kfold_folds2-2.csv
InterFusion,InterFusion-c1a,,,,occipital,all,age,linear_probe,3,1.3083,-0.7648,12.28,True,c1a,C,save/c1a_occipital,downstream_raw_results_kfold_folds3-3.csv
InterFusion,InterFusion-c1a,,,,occipital,all,age,fine_tuning,3,1.411,-1.6717,11.5,True,c1a,C,save/c1a_occipital,downstream_raw_results_kfold_folds3-3.csv
InterFusion,InterFusion-c1a,,,,occipital,all,age,linear_probe,4,3.1229,-14.6491,12.02,True,c1a,C,save/c1a_occipital,downstream_raw_results_kfold_folds4-4.csv
InterFusion,InterFusion-c1a,,,,occipital,all,age,fine_tuning,4,2.6725,-10.6364,10.51,True,c1a,C,save/c1a_occipital,downstream_raw_results_kfold_folds4-4.csv
InterFusion,InterFusion-c1a,,,,occipital,all,age,linear_probe,5,1.05,-0.103,13.1,True,c1a,C,save/c1a_occipital,downstream_raw_results_kfold_folds5-5.csv
InterFusion,InterFusion-c1a,,,,occipital,all,age,fine_tuning,5,0.8901,0.1937,11.11,True,c1a,C,save/c1a_occipital,downstream_raw_results_kfold_folds5-5.csv
InterFusion,InterFusion-c1a,,,,occipital,all,age,linear_probe,6,1.5412,-1.5964,11.38,True,c1a,C,save/c1a_occipital,downstream_raw_results_kfold_folds6-6.csv
InterFusion,InterFusion-c1a,,,,occipital,all,age,fine_tuning,6,1.3669,-1.4364,9.0,True,c1a,C,save/c1a_occipital,downstream_raw_results_kfold_folds6-6.csv
InterFusion,InterFusion-c1a,,,,occipital,all,age,linear_probe,7,1.1887,-0.4139,13.71,True,c1a,C,save/c1a_occipital,downstream_raw_results_kfold_folds7-7.csv
InterFusion,InterFusion-c1a,,,,occipital,all,age,fine_tuning,7,0.9124,0.1572,10.57,True,c1a,C,save/c1a_occipital,downstream_raw_results_kfold_folds7-7.csv
InterFusion,InterFusion-c1a,,,,occipital,all,age,linear_probe,8,1.1156,-0.2483,14.57,True,c1a,C,save/c1a_occipital,downstream_raw_results_kfold_folds8-8.csv
InterFusion,InterFusion-c1a,,,,occipital,all,age,fine_tuning,8,0.9814,-0.1086,12.07,True,c1a,C,save/c1a_occipital,downstream_raw_results_kfold_folds8-8.csv
InterFusion,InterFusion-c1a,,,,occipital,all,age,linear_probe,9,1.4266,-1.4883,12.29,True,c1a,C,save/c1a_occipital,downstream_raw_results_kfold_folds9-9.csv
InterFusion,InterFusion-c1a,,,,occipital,all,age,fine_tuning,9,1.5783,-2.4731,12.75,True,c1a,C,save/c1a_occipital,downstream_raw_results_kfold_folds9-9.csv
InterFusion,InterFusion-c1a,,,,parietal,all,age,linear_probe,0,1.739,-3.5242,12.77,True,c1a,C,save/c1a_parietal,downstream_raw_results_kfold_folds0-0.csv
InterFusion,InterFusion-c1a,,,,parietal,all,age,fine_tuning,0,0.8375,0.0595,6.33,True,c1a,C,save/c1a_parietal,downstream_raw_results_kfold_folds0-0.csv
InterFusion,InterFusion-c1a,,,,parietal,all,age,linear_probe,1,1.6697,-2.4225,12.45,True,c1a,C,save/c1a_parietal,downstream_raw_results_kfold_folds1-1.csv
InterFusion,InterFusion-c1a,,,,parietal,all,age,fine_tuning,1,0.943,-0.049,7.17,True,c1a,C,save/c1a_parietal,downstream_raw_results_kfold_folds1-1.csv
InterFusion,InterFusion-c1a,,,,parietal,all,age,linear_probe,2,4.6886,-0.4964,12.56,True,c1a,C,save/c1a_parietal,downstream_raw_results_kfold_folds2-2.csv
InterFusion,InterFusion-c1a,,,,parietal,all,age,fine_tuning,2,2.8597,0.0897,7.99,True,c1a,C,save/c1a_parietal,downstream_raw_results_kfold_folds2-2.csv
InterFusion,InterFusion-c1a,,,,parietal,all,age,linear_probe,3,1.3595,-0.9965,12.2,True,c1a,C,save/c1a_parietal,downstream_raw_results_kfold_folds3-3.csv
InterFusion,InterFusion-c1a,,,,parietal,all,age,fine_tuning,3,0.8425,0.0517,6.99,True,c1a,C,save/c1a_parietal,downstream_raw_results_kfold_folds3-3.csv
InterFusion,InterFusion-c1a,,,,parietal,all,age,linear_probe,4,3.0538,-14.2674,11.53,True,c1a,C,save/c1a_parietal,downstream_raw_results_kfold_folds4-4.csv
InterFusion,InterFusion-c1a,,,,parietal,all,age,fine_tuning,4,1.6413,-3.2486,6.08,True,c1a,C,save/c1a_parietal,downstream_raw_results_kfold_folds4-4.csv
InterFusion,InterFusion-c1a,,,,parietal,all,age,linear_probe,5,1.1058,-0.2231,13.82,True,c1a,C,save/c1a_parietal,downstream_raw_results_kfold_folds5-5.csv
InterFusion,InterFusion-c1a,,,,parietal,all,age,fine_tuning,5,0.4755,0.7135,5.64,True,c1a,C,save/c1a_parietal,downstream_raw_results_kfold_folds5-5.csv
InterFusion,InterFusion-c1a,,,,parietal,all,age,linear_probe,6,1.5982,-1.7655,11.96,True,c1a,C,save/c1a_parietal,downstream_raw_results_kfold_folds6-6.csv
InterFusion,InterFusion-c1a,,,,parietal,all,age,fine_tuning,6,0.7444,0.3495,5.17,True,c1a,C,save/c1a_parietal,downstream_raw_results_kfold_folds6-6.csv
InterFusion,InterFusion-c1a,,,,parietal,all,age,linear_probe,7,1.005,-0.0247,11.62,True,c1a,C,save/c1a_parietal,downstream_raw_results_kfold_folds7-7.csv
InterFusion,InterFusion-c1a,,,,parietal,all,age,fine_tuning,7,0.7736,0.294,9.08,True,c1a,C,save/c1a_parietal,downstream_raw_results_kfold_folds7-7.csv
InterFusion,InterFusion-c1a,,,,parietal,all,age,linear_probe,8,1.1442,-0.3165,15.02,True,c1a,C,save/c1a_parietal,downstream_raw_results_kfold_folds8-8.csv
InterFusion,InterFusion-c1a,,,,parietal,all,age,fine_tuning,8,0.5954,0.6026,7.43,True,c1a,C,save/c1a_parietal,downstream_raw_results_kfold_folds8-8.csv
InterFusion,InterFusion-c1a,,,,parietal,all,age,linear_probe,9,1.4917,-1.847,12.54,True,c1a,C,save/c1a_parietal,downstream_raw_results_kfold_folds9-9.csv
InterFusion,InterFusion-c1a,,,,parietal,all,age,fine_tuning,9,1.0399,-0.2491,9.34,True,c1a,C,save/c1a_parietal,downstream_raw_results_kfold_folds9-9.csv
InterFusion,InterFusion-c1a,,,,all,all,age,linear_probe,0,1.5117,-2.2539,11.34,False,c1a,D,save/c1a_all,downstream_raw_results_kfold_folds0-0.csv
InterFusion,InterFusion-c1a,,,,all,all,age,fine_tuning,0,0.6197,0.4611,5.01,False,c1a,D,save/c1a_all,downstream_raw_results_kfold_folds0-0.csv
InterFusion,InterFusion-c1a,,,,all,all,age,linear_probe,1,1.7362,-2.8628,12.81,False,c1a,D,save/c1a_all,downstream_raw_results_kfold_folds1-1.csv
InterFusion,InterFusion-c1a,,,,all,all,age,fine_tuning,1,0.6212,0.478,4.25,False,c1a,D,save/c1a_all,downstream_raw_results_kfold_folds1-1.csv
InterFusion,InterFusion-c1a,,,,all,all,age,linear_probe,2,4.8437,-0.2436,12.04,False,c1a,D,save/c1a_all,downstream_raw_results_kfold_folds2-2.csv
InterFusion,InterFusion-c1a,,,,all,all,age,fine_tuning,2,1.1151,0.3433,5.06,False,c1a,D,save/c1a_all,downstream_raw_results_kfold_folds2-2.csv
InterFusion,InterFusion-c1a,,,,all,all,age,linear_probe,3,1.3904,-1.2776,12.02,False,c1a,D,save/c1a_all,downstream_raw_results_kfold_folds3-3.csv
InterFusion,InterFusion-c1a,,,,all,all,age,fine_tuning,3,0.4969,0.6833,4.07,False,c1a,D,save/c1a_all,downstream_raw_results_kfold_folds3-3.csv
InterFusion,InterFusion-c1a,,,,all,all,age,linear_probe,4,2.9752,-13.6373,11.12,False,c1a,D,save/c1a_all,downstream_raw_results_kfold_folds4-4.csv
InterFusion,InterFusion-c1a,,,,all,all,age,fine_tuning,4,1.222,-0.993,4.85,False,c1a,D,save/c1a_all,downstream_raw_results_kfold_folds4-4.csv
InterFusion,InterFusion-c1a,,,,all,all,age,linear_probe,5,1.046,-0.0957,13.08,False,c1a,D,save/c1a_all,downstream_raw_results_kfold_folds5-5.csv
InterFusion,InterFusion-c1a,,,,all,all,age,fine_tuning,5,0.4177,0.7989,5.0,False,c1a,D,save/c1a_all,downstream_raw_results_kfold_folds5-5.csv
InterFusion,InterFusion-c1a,,,,all,all,age,linear_probe,6,1.4714,-1.3453,10.98,False,c1a,D,save/c1a_all,downstream_raw_results_kfold_folds6-6.csv
InterFusion,InterFusion-c1a,,,,all,all,age,fine_tuning,6,0.7063,0.3759,4.72,False,c1a,D,save/c1a_all,downstream_raw_results_kfold_folds6-6.csv
InterFusion,InterFusion-c1a,,,,all,all,age,linear_probe,7,0.989,0.0171,11.41,False,c1a,D,save/c1a_all,downstream_raw_results_kfold_folds7-7.csv
InterFusion,InterFusion-c1a,,,,all,all,age,fine_tuning,7,0.5138,0.725,5.94,False,c1a,D,save/c1a_all,downstream_raw_results_kfold_folds7-7.csv
InterFusion,InterFusion-c1a,,,,all,all,age,linear_probe,8,1.0686,-0.1808,13.58,False,c1a,D,save/c1a_all,downstream_raw_results_kfold_folds8-8.csv
InterFusion,InterFusion-c1a,,,,all,all,age,fine_tuning,8,0.4388,0.7706,5.7,False,c1a,D,save/c1a_all,downstream_raw_results_kfold_folds8-8.csv
InterFusion,InterFusion-c1a,,,,all,all,age,linear_probe,9,1.5694,-2.0479,13.37,False,c1a,D,save/c1a_all,downstream_raw_results_kfold_folds9-9.csv
InterFusion,InterFusion-c1a,,,,all,all,age,fine_tuning,9,0.7167,0.4007,6.51,False,c1a,D,save/c1a_all,downstream_raw_results_kfold_folds9-9.csv
SimCLR,SimCLR,augment,,,all,all,age,linear_probe,6,1.5444,-2.0002,10.04,True,zones,D,save/zones/all,downstream_raw_results_kfold_folds6-6.csv
SimCLR,SimCLR-nbr-cosine,nbr,cosine,,all,all,age,linear_probe,6,1.0451,-0.3939,6.71,True,zones,D,save/zones/all,downstream_raw_results_kfold_folds6-6.csv
SimCLR,SimCLR-nbr-wasser,nbr,wasserstein,,all,all,age,linear_probe,6,1.0766,-0.4252,7.11,True,zones,D,save/zones/all,downstream_raw_results_kfold_folds6-6.csv
SimCLR,SimCLR-nbr-riemann,nbr,riemann,,all,all,age,linear_probe,6,0.9989,-0.1965,6.79,True,zones,D,save/zones/all,downstream_raw_results_kfold_folds6-6.csv
SimCLR,SimCLR-xsubj-cosine,xsubj,cosine,,all,all,age,linear_probe,6,1.1444,-0.6708,7.38,True,zones,D,save/zones/all,downstream_raw_results_kfold_folds6-6.csv
SimCLR,SimCLR-xsubj-wasser,xsubj,wasserstein,,all,all,age,linear_probe,6,1.081,-0.4752,7.21,True,zones,D,save/zones/all,downstream_raw_results_kfold_folds6-6.csv
SimCLR,SimCLR-xsubj-riemann,xsubj,riemann,,all,all,age,linear_probe,6,1.0651,-0.3689,7.13,True,zones,D,save/zones/all,downstream_raw_results_kfold_folds6-6.csv
SimCLR,SimCLR-diffage-cosine,diffage,cosine,,all,all,age,linear_probe,6,1.4621,-1.7422,9.3,True,zones,D,save/zones/all,downstream_raw_results_kfold_folds6-6.csv
SimCLR,SimCLR-diffage-wasser,diffage,wasserstein,,all,all,age,linear_probe,6,1.3559,-1.428,8.46,True,zones,D,save/zones/all,downstream_raw_results_kfold_folds6-6.csv
SimCLR,SimCLR-diffage-riemann,diffage,riemann,,all,all,age,linear_probe,6,1.2223,-0.9116,7.86,True,zones,D,save/zones/all,downstream_raw_results_kfold_folds6-6.csv
VAE,VAE,,,,all,all,age,linear_probe,6,1.6308,-2.0103,11.61,True,zones,D,save/zones/all,downstream_raw_results_kfold_folds6-6.csv
SimCLR,SimCLR,augment,,,all,all,age,fine_tuning,6,0.6998,0.3435,4.29,True,zones,D,save/zones/all,downstream_raw_results_kfold_folds6-6.csv
SimCLR,SimCLR-nbr-cosine,nbr,cosine,,all,all,age,fine_tuning,6,0.6623,0.4828,4.58,True,zones,D,save/zones/all,downstream_raw_results_kfold_folds6-6.csv
SimCLR,SimCLR-nbr-wasser,nbr,wasserstein,,all,all,age,fine_tuning,6,0.7401,0.3375,5.04,True,zones,D,save/zones/all,downstream_raw_results_kfold_folds6-6.csv
SimCLR,SimCLR-nbr-riemann,nbr,riemann,,all,all,age,fine_tuning,6,0.7272,0.3177,4.62,True,zones,D,save/zones/all,downstream_raw_results_kfold_folds6-6.csv
SimCLR,SimCLR-xsubj-cosine,xsubj,cosine,,all,all,age,fine_tuning,6,0.9213,0.0688,6.91,True,zones,D,save/zones/all,downstream_raw_results_kfold_folds6-6.csv
SimCLR,SimCLR-xsubj-wasser,xsubj,wasserstein,,all,all,age,fine_tuning,6,0.7295,0.3067,4.56,True,zones,D,save/zones/all,downstream_raw_results_kfold_folds6-6.csv
SimCLR,SimCLR-xsubj-riemann,xsubj,riemann,,all,all,age,fine_tuning,6,0.7719,0.2335,4.96,True,zones,D,save/zones/all,downstream_raw_results_kfold_folds6-6.csv
SimCLR,SimCLR-diffage-cosine,diffage,cosine,,all,all,age,fine_tuning,6,0.7543,0.3327,5.23,True,zones,D,save/zones/all,downstream_raw_results_kfold_folds6-6.csv
SimCLR,SimCLR-diffage-wasser,diffage,wasserstein,,all,all,age,fine_tuning,6,0.6771,0.4497,4.57,True,zones,D,save/zones/all,downstream_raw_results_kfold_folds6-6.csv
SimCLR,SimCLR-diffage-riemann,diffage,riemann,,all,all,age,fine_tuning,6,0.8251,0.1782,5.54,True,zones,D,save/zones/all,downstream_raw_results_kfold_folds6-6.csv
VAE,VAE,,,,all,all,age,fine_tuning,6,0.6791,0.4354,4.5,True,zones,D,save/zones/all,downstream_raw_results_kfold_folds6-6.csv
SimCLR,SimCLR,augment,,,all,all,age,linear_probe,7,0.8574,0.2567,9.91,True,zones,D,save/zones/all,downstream_raw_results_kfold_folds7-7.csv
SimCLR,SimCLR-nbr-cosine,nbr,cosine,,all,all,age,linear_probe,7,0.5989,0.6369,6.94,True,zones,D,save/zones/all,downstream_raw_results_kfold_folds7-7.csv
SimCLR,SimCLR-nbr-wasser,nbr,wasserstein,,all,all,age,linear_probe,7,0.6305,0.591,7.27,True,zones,D,save/zones/all,downstream_raw_results_kfold_folds7-7.csv
SimCLR,SimCLR-nbr-riemann,nbr,riemann,,all,all,age,linear_probe,7,0.6594,0.5475,7.66,True,zones,D,save/zones/all,downstream_raw_results_kfold_folds7-7.csv
SimCLR,SimCLR-xsubj-cosine,xsubj,cosine,,all,all,age,linear_probe,7,0.7352,0.4397,8.53,True,zones,D,save/zones/all,downstream_raw_results_kfold_folds7-7.csv
SimCLR,SimCLR-xsubj-wasser,xsubj,wasserstein,,all,all,age,linear_probe,7,0.6584,0.5544,7.65,True,zones,D,save/zones/all,downstream_raw_results_kfold_folds7-7.csv
SimCLR,SimCLR-xsubj-riemann,xsubj,riemann,,all,all,age,linear_probe,7,0.6671,0.5401,7.75,True,zones,D,save/zones/all,downstream_raw_results_kfold_folds7-7.csv
SimCLR,SimCLR-diffage-cosine,diffage,cosine,,all,all,age,linear_probe,7,0.778,0.3832,8.95,True,zones,D,save/zones/all,downstream_raw_results_kfold_folds7-7.csv
SimCLR,SimCLR-diffage-wasser,diffage,wasserstein,,all,all,age,linear_probe,7,0.8052,0.338,9.33,True,zones,D,save/zones/all,downstream_raw_results_kfold_folds7-7.csv
SimCLR,SimCLR-diffage-riemann,diffage,riemann,,all,all,age,linear_probe,7,0.7807,0.3823,9.04,True,zones,D,save/zones/all,downstream_raw_results_kfold_folds7-7.csv
VAE,VAE,,,,all,all,age,linear_probe,7,1.0294,-0.0604,11.86,True,zones,D,save/zones/all,downstream_raw_results_kfold_folds7-7.csv
SimCLR,SimCLR,augment,,,all,all,age,fine_tuning,7,0.5695,0.6697,6.6,True,zones,D,save/zones/all,downstream_raw_results_kfold_folds7-7.csv
SimCLR,SimCLR-nbr-cosine,nbr,cosine,,all,all,age,fine_tuning,7,0.601,0.6161,7.03,True,zones,D,save/zones/all,downstream_raw_results_kfold_folds7-7.csv
SimCLR,SimCLR-nbr-wasser,nbr,wasserstein,,all,all,age,fine_tuning,7,0.5399,0.6965,6.27,True,zones,D,save/zones/all,downstream_raw_results_kfold_folds7-7.csv
SimCLR,SimCLR-nbr-riemann,nbr,riemann,,all,all,age,fine_tuning,7,0.5782,0.6361,6.78,True,zones,D,save/zones/all,downstream_raw_results_kfold_folds7-7.csv
SimCLR,SimCLR-xsubj-cosine,xsubj,cosine,,all,all,age,fine_tuning,7,0.563,0.6651,6.49,True,zones,D,save/zones/all,downstream_raw_results_kfold_folds7-7.csv
SimCLR,SimCLR-xsubj-wasser,xsubj,wasserstein,,all,all,age,fine_tuning,7,0.5969,0.6142,6.96,True,zones,D,save/zones/all,downstream_raw_results_kfold_folds7-7.csv
SimCLR,SimCLR-xsubj-riemann,xsubj,riemann,,all,all,age,fine_tuning,7,0.643,0.5503,7.49,True,zones,D,save/zones/all,downstream_raw_results_kfold_folds7-7.csv
SimCLR,SimCLR-diffage-cosine,diffage,cosine,,all,all,age,fine_tuning,7,0.5921,0.6194,6.9,True,zones,D,save/zones/all,downstream_raw_results_kfold_folds7-7.csv
SimCLR,SimCLR-diffage-wasser,diffage,wasserstein,,all,all,age,fine_tuning,7,0.6251,0.5823,7.32,True,zones,D,save/zones/all,downstream_raw_results_kfold_folds7-7.csv
SimCLR,SimCLR-diffage-riemann,diffage,riemann,,all,all,age,fine_tuning,7,0.5604,0.6749,6.48,True,zones,D,save/zones/all,downstream_raw_results_kfold_folds7-7.csv
VAE,VAE,,,,all,all,age,fine_tuning,7,0.5533,0.6551,6.48,True,zones,D,save/zones/all,downstream_raw_results_kfold_folds7-7.csv
SimCLR,SimCLR,augment,,,all,all,age,linear_probe,9,1.5005,-1.801,12.74,True,zones,D,save/zones/all,downstream_raw_results_kfold_folds9-9.csv
SimCLR,SimCLR-nbr-cosine,nbr,cosine,,all,all,age,linear_probe,9,0.813,0.2187,7.09,True,zones,D,save/zones/all,downstream_raw_results_kfold_folds9-9.csv
SimCLR,SimCLR-nbr-wasser,nbr,wasserstein,,all,all,age,linear_probe,9,0.8659,0.0963,7.45,True,zones,D,save/zones/all,downstream_raw_results_kfold_folds9-9.csv
SimCLR,SimCLR-nbr-riemann,nbr,riemann,,all,all,age,linear_probe,9,0.8543,0.1323,7.42,True,zones,D,save/zones/all,downstream_raw_results_kfold_folds9-9.csv
SimCLR,SimCLR-xsubj-cosine,xsubj,cosine,,all,all,age,linear_probe,9,0.8316,0.1844,7.25,True,zones,D,save/zones/all,downstream_raw_results_kfold_folds9-9.csv
SimCLR,SimCLR-xsubj-wasser,xsubj,wasserstein,,all,all,age,linear_probe,9,0.8662,0.0772,7.36,True,zones,D,save/zones/all,downstream_raw_results_kfold_folds9-9.csv
SimCLR,SimCLR-xsubj-riemann,xsubj,riemann,,all,all,age,linear_probe,9,0.9078,0.0346,7.96,True,zones,D,save/zones/all,downstream_raw_results_kfold_folds9-9.csv
SimCLR,SimCLR-diffage-cosine,diffage,cosine,,all,all,age,linear_probe,9,1.2109,-0.7658,10.45,True,zones,D,save/zones/all,downstream_raw_results_kfold_folds9-9.csv
SimCLR,SimCLR-diffage-wasser,diffage,wasserstein,,all,all,age,linear_probe,9,1.1754,-0.6331,10.34,True,zones,D,save/zones/all,downstream_raw_results_kfold_folds9-9.csv
SimCLR,SimCLR-diffage-riemann,diffage,riemann,,all,all,age,linear_probe,9,1.1429,-0.5753,9.83,True,zones,D,save/zones/all,downstream_raw_results_kfold_folds9-9.csv
VAE,VAE,,,,all,all,age,linear_probe,9,1.4477,-1.6034,12.36,True,zones,D,save/zones/all,downstream_raw_results_kfold_folds9-9.csv
SimCLR,SimCLR,augment,,,all,all,age,fine_tuning,9,0.7878,0.2368,6.8,True,zones,D,save/zones/all,downstream_raw_results_kfold_folds9-9.csv
SimCLR,SimCLR-nbr-cosine,nbr,cosine,,all,all,age,fine_tuning,9,0.7848,0.2313,6.79,True,zones,D,save/zones/all,downstream_raw_results_kfold_folds9-9.csv
SimCLR,SimCLR-nbr-wasser,nbr,wasserstein,,all,all,age,fine_tuning,9,0.7578,0.3061,6.64,True,zones,D,save/zones/all,downstream_raw_results_kfold_folds9-9.csv
SimCLR,SimCLR-nbr-riemann,nbr,riemann,,all,all,age,fine_tuning,9,0.7608,0.2551,6.46,True,zones,D,save/zones/all,downstream_raw_results_kfold_folds9-9.csv
SimCLR,SimCLR-xsubj-cosine,xsubj,cosine,,all,all,age,fine_tuning,9,0.7317,0.2984,6.24,True,zones,D,save/zones/all,downstream_raw_results_kfold_folds9-9.csv
SimCLR,SimCLR-xsubj-wasser,xsubj,wasserstein,,all,all,age,fine_tuning,9,0.6231,0.4375,4.94,True,zones,D,save/zones/all,downstream_raw_results_kfold_folds9-9.csv
SimCLR,SimCLR-xsubj-riemann,xsubj,riemann,,all,all,age,fine_tuning,9,0.8225,0.1755,7.21,True,zones,D,save/zones/all,downstream_raw_results_kfold_folds9-9.csv
SimCLR,SimCLR-diffage-cosine,diffage,cosine,,all,all,age,fine_tuning,9,0.7495,0.2402,6.08,True,zones,D,save/zones/all,downstream_raw_results_kfold_folds9-9.csv
SimCLR,SimCLR-diffage-wasser,diffage,wasserstein,,all,all,age,fine_tuning,9,0.7746,0.2546,6.73,True,zones,D,save/zones/all,downstream_raw_results_kfold_folds9-9.csv
SimCLR,SimCLR-diffage-riemann,diffage,riemann,,all,all,age,fine_tuning,9,0.8512,0.0915,7.29,True,zones,D,save/zones/all,downstream_raw_results_kfold_folds9-9.csv
VAE,VAE,,,,all,all,age,fine_tuning,9,0.7732,0.2378,6.85,True,zones,D,save/zones/all,downstream_raw_results_kfold_folds9-9.csv
ExpCLR,ExpCLR-full,,,P_full,all,all,age,linear_probe,0,1.4269,-1.6626,11.11,True,expclr_P_full,D,save/expclr_P_full/all,downstream_raw_results_kfold_folds0-0.csv
ExpCLR,ExpCLR-full,,,P_full,all,all,age,fine_tuning,0,0.6679,0.3547,4.86,True,expclr_P_full,D,save/expclr_P_full/all,downstream_raw_results_kfold_folds0-0.csv
ExpCLR,ExpCLR-full,,,P_full,all,all,age,linear_probe,1,1.7443,-3.0232,12.55,True,expclr_P_full,D,save/expclr_P_full/all,downstream_raw_results_kfold_folds1-1.csv
ExpCLR,ExpCLR-full,,,P_full,all,all,age,fine_tuning,1,0.8875,0.047,6.62,True,expclr_P_full,D,save/expclr_P_full/all,downstream_raw_results_kfold_folds1-1.csv
ExpCLR,ExpCLR-full,,,P_full,all,all,age,linear_probe,2,4.4371,-0.6219,12.04,True,expclr_P_full,D,save/expclr_P_full/all,downstream_raw_results_kfold_folds2-2.csv
ExpCLR,ExpCLR-full,,,P_full,all,all,age,fine_tuning,2,1.6316,0.2369,5.67,True,expclr_P_full,D,save/expclr_P_full/all,downstream_raw_results_kfold_folds2-2.csv
ExpCLR,ExpCLR-full,,,P_full,all,all,age,linear_probe,3,1.3502,-1.3526,11.18,True,expclr_P_full,D,save/expclr_P_full/all,downstream_raw_results_kfold_folds3-3.csv
ExpCLR,ExpCLR-full,,,P_full,all,all,age,fine_tuning,3,0.6072,0.5089,4.95,True,expclr_P_full,D,save/expclr_P_full/all,downstream_raw_results_kfold_folds3-3.csv
ExpCLR,ExpCLR-full,,,P_full,all,all,age,linear_probe,4,2.9179,-12.1951,11.46,True,expclr_P_full,D,save/expclr_P_full/all,downstream_raw_results_kfold_folds4-4.csv
ExpCLR,ExpCLR-full,,,P_full,all,all,age,fine_tuning,4,1.6275,-2.6864,6.65,True,expclr_P_full,D,save/expclr_P_full/all,downstream_raw_results_kfold_folds4-4.csv
ExpCLR,ExpCLR-full,,,P_full,all,all,age,linear_probe,5,0.9692,0.0548,11.99,True,expclr_P_full,D,save/expclr_P_full/all,downstream_raw_results_kfold_folds5-5.csv
ExpCLR,ExpCLR-full,,,P_full,all,all,age,fine_tuning,5,0.4247,0.8001,5.09,True,expclr_P_full,D,save/expclr_P_full/all,downstream_raw_results_kfold_folds5-5.csv
ExpCLR,ExpCLR-full,,,P_full,all,all,age,linear_probe,6,1.4178,-1.3689,9.69,True,expclr_P_full,D,save/expclr_P_full/all,downstream_raw_results_kfold_folds6-6.csv
ExpCLR,ExpCLR-full,,,P_full,all,all,age,fine_tuning,6,0.9382,-0.103,6.12,True,expclr_P_full,D,save/expclr_P_full/all,downstream_raw_results_kfold_folds6-6.csv
ExpCLR,ExpCLR-full,,,P_full,all,all,age,linear_probe,7,0.9986,0.0013,11.5,True,expclr_P_full,D,save/expclr_P_full/all,downstream_raw_results_kfold_folds7-7.csv
ExpCLR,ExpCLR-full,,,P_full,all,all,age,fine_tuning,7,0.6184,0.6131,7.11,True,expclr_P_full,D,save/expclr_P_full/all,downstream_raw_results_kfold_folds7-7.csv
ExpCLR,ExpCLR-full,,,P_full,all,all,age,linear_probe,8,1.0293,-0.074,13.23,True,expclr_P_full,D,save/expclr_P_full/all,downstream_raw_results_kfold_folds8-8.csv
ExpCLR,ExpCLR-full,,,P_full,all,all,age,fine_tuning,8,0.5335,0.7044,6.87,True,expclr_P_full,D,save/expclr_P_full/all,downstream_raw_results_kfold_folds8-8.csv
ExpCLR,ExpCLR-full,,,P_full,all,all,age,linear_probe,9,1.498,-1.7889,12.77,True,expclr_P_full,D,save/expclr_P_full/all,downstream_raw_results_kfold_folds9-9.csv
ExpCLR,ExpCLR-full,,,P_full,all,all,age,fine_tuning,9,0.9117,0.0285,8.17,True,expclr_P_full,D,save/expclr_P_full/all,downstream_raw_results_kfold_folds9-9.csv
InterFusion,InterFusion-c1a,,,,central,all,age,linear_probe,0,1.3939,-1.6065,10.77,True,c1a,D,save/c1a_central,downstream_raw_results_kfold_folds0-0.csv
InterFusion,InterFusion-c1a,,,,central,all,age,fine_tuning,0,0.6704,0.4608,5.53,True,c1a,D,save/c1a_central,downstream_raw_results_kfold_folds0-0.csv
InterFusion,InterFusion-c1a,,,,central,all,age,linear_probe,1,1.9435,-5.0855,13.49,True,c1a,D,save/c1a_central,downstream_raw_results_kfold_folds1-1.csv
InterFusion,InterFusion-c1a,,,,central,all,age,fine_tuning,1,1.1069,-1.3136,6.81,True,c1a,D,save/c1a_central,downstream_raw_results_kfold_folds1-1.csv
InterFusion,InterFusion-c1a,,,,central,all,age,linear_probe,2,5.0746,-0.5242,12.12,True,c1a,D,save/c1a_central,downstream_raw_results_kfold_folds2-2.csv
InterFusion,InterFusion-c1a,,,,central,all,age,fine_tuning,2,3.2275,-1.7291,7.76,True,c1a,D,save/c1a_central,downstream_raw_results_kfold_folds2-2.csv
InterFusion,InterFusion-c1a,,,,central,all,age,linear_probe,3,1.3394,-1.2461,11.24,True,c1a,D,save/c1a_central,downstream_raw_results_kfold_folds3-3.csv
InterFusion,InterFusion-c1a,,,,central,all,age,fine_tuning,3,0.6706,0.4629,5.68,True,c1a,D,save/c1a_central,downstream_raw_results_kfold_folds3-3.csv
InterFusion,InterFusion-c1a,,,,central,all,age,linear_probe,4,2.879,-12.7444,10.91,True,c1a,D,save/c1a_central,downstream_raw_results_kfold_folds4-4.csv
InterFusion,InterFusion-c1a,,,,central,all,age,fine_tuning,4,2.1191,-4.0813,10.17,True,c1a,D,save/c1a_central,downstream_raw_results_kfold_folds4-4.csv
InterFusion,InterFusion-c1a,,,,central,all,age,linear_probe,5,0.8983,0.1823,11.07,True,c1a,D,save/c1a_central,downstream_raw_results_kfold_folds5-5.csv
InterFusion,InterFusion-c1a,,,,central,all,age,fine_tuning,5,0.5848,0.6519,7.36,True,c1a,D,save/c1a_central,downstream_raw_results_kfold_folds5-5.csv
InterFusion,InterFusion-c1a,,,,central,all,age,linear_probe,6,1.5722,-1.6974,11.67,True,c1a,D,save/c1a_central,downstream_raw_results_kfold_folds6-6.csv
InterFusion,InterFusion-c1a,,,,central,all,age,fine_tuning,6,1.0787,-0.399,8.19,True,c1a,D,save/c1a_central,downstream_raw_results_kfold_folds6-6.csv
InterFusion,InterFusion-c1a,,,,central,all,age,linear_probe,7,1.0222,-0.0455,11.77,True,c1a,D,save/c1a_central,downstream_raw_results_kfold_folds7-7.csv
InterFusion,InterFusion-c1a,,,,central,all,age,fine_tuning,7,0.6055,0.615,6.95,True,c1a,D,save/c1a_central,downstream_raw_results_kfold_folds7-7.csv
InterFusion,InterFusion-c1a,,,,central,all,age,linear_probe,8,1.0117,-0.0583,12.86,True,c1a,D,save/c1a_central,downstream_raw_results_kfold_folds8-8.csv
InterFusion,InterFusion-c1a,,,,central,all,age,fine_tuning,8,0.4046,0.8304,5.18,True,c1a,D,save/c1a_central,downstream_raw_results_kfold_folds8-8.csv
InterFusion,InterFusion-c1a,,,,central,all,age,linear_probe,9,1.3006,-1.027,11.34,True,c1a,D,save/c1a_central,downstream_raw_results_kfold_folds9-9.csv
InterFusion,InterFusion-c1a,,,,central,all,age,fine_tuning,9,0.9713,-0.0068,9.24,True,c1a,D,save/c1a_central,downstream_raw_results_kfold_folds9-9.csv
