family,variant,strategy,metric,descriptor,zone,frequency,target,eval_mode,fold,subject_index,y_true,y_pred,canonical,campaign,machine,source_dir
SimCLR,SimCLR,augment,,,parietal,all,age,linear_probe,0,0,23.1,21.863312,True,zones,A,save/zones/parietal
SimCLR,SimCLR,augment,,,parietal,all,age,linear_probe,0,1,7.809524,14.433256,True,zones,A,save/zones/parietal
SimCLR,SimCLR,augment,,,parietal,all,age,linear_probe,0,2,24.571428,15.9227,True,zones,A,save/zones/parietal
SimCLR,SimCLR,augment,,,parietal,all,age,linear_probe,0,3,17.265957,18.946852,True,zones,A,save/zones/parietal
SimCLR,SimCLR,augment,,,parietal,all,age,linear_probe,0,4,14.981818,16.836136,True,zones,A,save/zones/parietal
SimCLR,SimCLR-nbr-cosine,nbr,cosine,,parietal,all,age,linear_probe,0,0,23.1,25.612156,True,zones,A,save/zones/parietal
SimCLR,SimCLR-nbr-cosine,nbr,cosine,,parietal,all,age,linear_probe,0,1,7.809524,12.135459,True,zones,A,save/zones/parietal
SimCLR,SimCLR-nbr-cosine,nbr,cosine,,parietal,all,age,linear_probe,0,2,24.571428,19.587172,True,zones,A,save/zones/parietal
SimCLR,SimCLR-nbr-cosine,nbr,cosine,,parietal,all,age,linear_probe,0,3,17.265957,16.224363,True,zones,A,save/zones/parietal
SimCLR,SimCLR-nbr-cosine,nbr,cosine,,parietal,all,age,linear_probe,0,4,14.981818,14.444775,True,zones,A,save/zones/parietal
SimCLR,SimCLR-nbr-wasser,nbr,wasserstein,,parietal,all,age,linear_probe,0,0,23.1,26.057184,True,zones,A,save/zones/parietal
SimCLR,SimCLR-nbr-wasser,nbr,wasserstein,,parietal,all,age,linear_probe,0,1,7.809524,13.554518,True,zones,A,save/zones/parietal
SimCLR,SimCLR-nbr-wasser,nbr,wasserstein,,parietal,all,age,linear_probe,0,2,24.571428,19.869886,True,zones,A,save/zones/parietal
SimCLR,SimCLR-nbr-wasser,nbr,wasserstein,,parietal,all,age,linear_probe,0,3,17.265957,16.434582,True,zones,A,save/zones/parietal
SimCLR,SimCLR-nbr-wasser,nbr,wasserstein,,parietal,all,age,linear_probe,0,4,14.981818,13.806629,True,zones,A,save/zones/parietal
SimCLR,SimCLR-nbr-riemann,nbr,riemann,,parietal,all,age,linear_probe,0,0,23.1,23.697771,True,zones,A,save/zones/parietal
SimCLR,SimCLR-nbr-riemann,nbr,riemann,,parietal,all,age,linear_probe,0,1,7.809524,11.701113,True,zones,A,save/zones/parietal
SimCLR,SimCLR-nbr-riemann,nbr,riemann,,parietal,all,age,linear_probe,0,2,24.571428,19.78964,True,zones,A,save/zones/parietal
SimCLR,SimCLR-nbr-riemann,nbr,riemann,,parietal,all,age,linear_probe,0,3,17.265957,16.00943,True,zones,A,save/zones/parietal
SimCLR,SimCLR-nbr-riemann,nbr,riemann,,parietal,all,age,linear_probe,0,4,14.981818,14.173412,True,zones,A,save/zones/parietal
SimCLR,SimCLR-xsubj-cosine,xsubj,cosine,,parietal,all,age,linear_probe,0,0,23.1,22.516146,True,zones,A,save/zones/parietal
SimCLR,SimCLR-xsubj-cosine,xsubj,cosine,,parietal,all,age,linear_probe,0,1,7.809524,9.346398,True,zones,A,save/zones/parietal
SimCLR,SimCLR-xsubj-cosine,xsubj,cosine,,parietal,all,age,linear_probe,0,2,24.571428,19.415146,True,zones,A,save/zones/parietal
SimCLR,SimCLR-xsubj-cosine,xsubj,cosine,,parietal,all,age,linear_probe,0,3,17.265957,15.609087,True,zones,A,save/zones/parietal
SimCLR,SimCLR-xsubj-cosine,xsubj,cosine,,parietal,all,age,linear_probe,0,4,14.981818,14.747619,True,zones,A,save/zones/parietal
SimCLR,SimCLR-xsubj-wasser,xsubj,wasserstein,,parietal,all,age,linear_probe,0,0,23.1,21.252867,True,zones,A,save/zones/parietal
SimCLR,SimCLR-xsubj-wasser,xsubj,wasserstein,,parietal,all,age,linear_probe,0,1,7.809524,12.720487,True,zones,A,save/zones/parietal
SimCLR,SimCLR-xsubj-wasser,xsubj,wasserstein,,parietal,all,age,linear_probe,0,2,24.571428,19.26565,True,zones,A,save/zones/parietal
SimCLR,SimCLR-xsubj-wasser,xsubj,wasserstein,,parietal,all,age,linear_probe,0,3,17.265957,16.460512,True,zones,A,save/zones/parietal
SimCLR,SimCLR-xsubj-wasser,xsubj,wasserstein,,parietal,all,age,linear_probe,0,4,14.981818,13.511082,True,zones,A,save/zones/parietal
SimCLR,SimCLR-xsubj-riemann,xsubj,riemann,,parietal,all,age,linear_probe,0,0,23.1,23.14402,True,zones,A,save/zones/parietal
SimCLR,SimCLR-xsubj-riemann,xsubj,riemann,,parietal,all,age,linear_probe,0,1,7.809524,9.365573,True,zones,A,save/zones/parietal
SimCLR,SimCLR-xsubj-riemann,xsubj,riemann,,parietal,all,age,linear_probe,0,2,24.571428,20.182266,True,zones,A,save/zones/parietal
SimCLR,SimCLR-xsubj-riemann,xsubj,riemann,,parietal,all,age,linear_probe,0,3,17.265957,15.241458,True,zones,A,save/zones/parietal
SimCLR,SimCLR-xsubj-riemann,xsubj,riemann,,parietal,all,age,linear_probe,0,4,14.981818,13.350317,True,zones,A,save/zones/parietal
SimCLR,SimCLR-diffage-cosine,diffage,cosine,,parietal,all,age,linear_probe,0,0,23.1,21.778685,True,zones,A,save/zones/parietal
SimCLR,SimCLR-diffage-cosine,diffage,cosine,,parietal,all,age,linear_probe,0,1,7.809524,13.857344,True,zones,A,save/zones/parietal
SimCLR,SimCLR-diffage-cosine,diffage,cosine,,parietal,all,age,linear_probe,0,2,24.571428,16.088846,True,zones,A,save/zones/parietal
SimCLR,SimCLR-diffage-cosine,diffage,cosine,,parietal,all,age,linear_probe,0,3,17.265957,18.640408,True,zones,A,save/zones/parietal
SimCLR,SimCLR-diffage-cosine,diffage,cosine,,parietal,all,age,linear_probe,0,4,14.981818,15.810497,True,zones,A,save/zones/parietal
SimCLR,SimCLR-diffage-wasser,diffage,wasserstein,,parietal,all,age,linear_probe,0,0,23.1,20.904367,True,zones,A,save/zones/parietal
SimCLR,SimCLR-diffage-wasser,diffage,wasserstein,,parietal,all,age,linear_probe,0,1,7.809524,11.19805,True,zones,A,save/zones/parietal
SimCLR,SimCLR-diffage-wasser,diffage,wasserstein,,parietal,all,age,linear_probe,0,2,24.571428,16.220638,True,zones,A,save/zones/parietal
SimCLR,SimCLR-diffage-wasser,diffage,wasserstein,,parietal,all,age,linear_probe,0,3,17.265957,17.245083,True,zones,A,save/zones/parietal
SimCLR,SimCLR-diffage-wasser,diffage,wasserstein,,parietal,all,age,linear_probe,0,4,14.981818,15.202123,True,zones,A,save/zones/parietal
SimCLR,SimCLR-diffage-riemann,diffage,riemann,,parietal,all,age,linear_probe,0,0,23.1,22.095924,True,zones,A,save/zones/parietal
SimCLR,SimCLR-diffage-riemann,diffage,riemann,,parietal,all,age,linear_probe,0,1,7.809524,9.793316,True,zones,A,save/zones/parietal
SimCLR,SimCLR-diffage-riemann,diffage,riemann,,parietal,all,age,linear_probe,0,2,24.571428,17.844885,True,zones,A,save/zones/parietal
SimCLR,SimCLR-diffage-riemann,diffage,riemann,,parietal,all,age,linear_probe,0,3,17.265957,16.804888,True,zones,A,save/zones/parietal
SimCLR,SimCLR-diffage-riemann,diffage,riemann,,parietal,all,age,linear_probe,0,4,14.981818,14.328261,True,zones,A,save/zones/parietal
VAE,VAE,,,,parietal,all,age,linear_probe,0,0,23.1,18.951265,True,zones,A,save/zones/parietal
VAE,VAE,,,,parietal,all,age,linear_probe,0,1,7.809524,18.141123,True,zones,A,save/zones/parietal
VAE,VAE,,,,parietal,all,age,linear_probe,0,2,24.571428,18.314899,True,zones,A,save/zones/parietal
VAE,VAE,,,,parietal,all,age,linear_probe,0,3,17.265957,18.807152,True,zones,A,save/zones/parietal
VAE,VAE,,,,parietal,all,age,linear_probe,0,4,14.981818,18.790464,True,zones,A,save/zones/parietal
SimCLR,SimCLR,augment,,,parietal,all,age,fine_tuning,0,0,23.1,25.201811,True,zones,A,save/zones/parietal
SimCLR,SimCLR,augment,,,parietal,all,age,fine_tuning,0,1,7.809524,10.331393,True,zones,A,save/zones/parietal
SimCLR,SimCLR,augment,,,parietal,all,age,fine_tuning,0,2,24.571428,20.552305,True,zones,A,save/zones/parietal
SimCLR,SimCLR,augment,,,parietal,all,age,fine_tuning,0,3,17.265957,17.695807,True,zones,A,save/zones/parietal
SimCLR,SimCLR,augment,,,parietal,all,age,fine_tuning,0,4,14.981818,15.462868,True,zones,A,save/zones/parietal
SimCLR,SimCLR-nbr-cosine,nbr,cosine,,parietal,all,age,fine_tuning,0,0,23.1,23.827374,True,zones,A,save/zones/parietal
SimCLR,SimCLR-nbr-cosine,nbr,cosine,,parietal,all,age,fine_tuning,0,1,7.809524,9.955516,True,zones,A,save/zones/parietal
SimCLR,SimCLR-nbr-cosine,nbr,cosine,,parietal,all,age,fine_tuning,0,2,24.571428,22.498184,True,zones,A,save/zones/parietal
SimCLR,SimCLR-nbr-cosine,nbr,cosine,,parietal,all,age,fine_tuning,0,3,17.265957,17.478958,True,zones,A,save/zones/parietal
SimCLR,SimCLR-nbr-cosine,nbr,cosine,,parietal,all,age,fine_tuning,0,4,14.981818,15.263581,True,zones,A,save/zones/parietal
SimCLR,SimCLR-nbr-wasser,nbr,wasserstein,,parietal,all,age,fine_tuning,0,0,23.1,23.844774,True,zones,A,save/zones/parietal
SimCLR,SimCLR-nbr-wasser,nbr,wasserstein,,parietal,all,age,fine_tuning,0,1,7.809524,9.021467,True,zones,A,save/zones/parietal
SimCLR,SimCLR-nbr-wasser,nbr,wasserstein,,parietal,all,age,fine_tuning,0,2,24.571428,22.263126,True,zones,A,save/zones/parietal
SimCLR,SimCLR-nbr-wasser,nbr,wasserstein,,parietal,all,age,fine_tuning,0,3,17.265957,17.331196,True,zones,A,save/zones/parietal
SimCLR,SimCLR-nbr-wasser,nbr,wasserstein,,parietal,all,age,fine_tuning,0,4,14.981818,14.718091,True,zones,A,save/zones/parietal
SimCLR,SimCLR-nbr-riemann,nbr,riemann,,parietal,all,age,fine_tuning,0,0,23.1,24.5527,True,zones,A,save/zones/parietal
SimCLR,SimCLR-nbr-riemann,nbr,riemann,,parietal,all,age,fine_tuning,0,1,7.809524,10.788271,True,zones,A,save/zones/parietal
SimCLR,SimCLR-nbr-riemann,nbr,riemann,,parietal,all,age,fine_tuning,0,2,24.571428,23.734312,True,zones,A,save/zones/parietal
SimCLR,SimCLR-nbr-riemann,nbr,riemann,,parietal,all,age,fine_tuning,0,3,17.265957,18.450552,True,zones,A,save/zones/parietal
SimCLR,SimCLR-nbr-riemann,nbr,riemann,,parietal,all,age,fine_tuning,0,4,14.981818,15.659362,True,zones,A,save/zones/parietal
SimCLR,SimCLR-xsubj-cosine,xsubj,cosine,,parietal,all,age,fine_tuning,0,0,23.1,24.254248,True,zones,A,save/zones/parietal
SimCLR,SimCLR-xsubj-cosine,xsubj,cosine,,parietal,all,age,fine_tuning,0,1,7.809524,9.150261,True,zones,A,save/zones/parietal
SimCLR,SimCLR-xsubj-cosine,xsubj,cosine,,parietal,all,age,fine_tuning,0,2,24.571428,22.974241,True,zones,A,save/zones/parietal
SimCLR,SimCLR-xsubj-cosine,xsubj,cosine,,parietal,all,age,fine_tuning,0,3,17.265957,17.754692,True,zones,A,save/zones/parietal
SimCLR,SimCLR-xsubj-cosine,xsubj,cosine,,parietal,all,age,fine_tuning,0,4,14.981818,14.442058,True,zones,A,save/zones/parietal
SimCLR,SimCLR-xsubj-wasser,xsubj,wasserstein,,parietal,all,age,fine_tuning,0,0,23.1,23.737438,True,zones,A,save/zones/parietal
SimCLR,SimCLR-xsubj-wasser,xsubj,wasserstein,,parietal,all,age,fine_tuning,0,1,7.809524,10.166753,True,zones,A,save/zones/parietal
SimCLR,SimCLR-xsubj-wasser,xsubj,wasserstein,,parietal,all,age,fine_tuning,0,2,24.571428,22.386936,True,zones,A,save/zones/parietal
SimCLR,SimCLR-xsubj-wasser,xsubj,wasserstein,,parietal,all,age,fine_tuning,0,3,17.265957,17.150715,True,zones,A,save/zones/parietal
SimCLR,SimCLR-xsubj-wasser,xsubj,wasserstein,,parietal,all,age,fine_tuning,0,4,14.981818,14.813313,True,zones,A,save/zones/parietal
SimCLR,SimCLR-xsubj-riemann,xsubj,riemann,,parietal,all,age,fine_tuning,0,0,23.1,26.018776,True,zones,A,save/zones/parietal
SimCLR,SimCLR-xsubj-riemann,xsubj,riemann,,parietal,all,age,fine_tuning,0,1,7.809524,13.48533,True,zones,A,save/zones/parietal
SimCLR,SimCLR-xsubj-riemann,xsubj,riemann,,parietal,all,age,fine_tuning,0,2,24.571428,24.933538,True,zones,A,save/zones/parietal
SimCLR,SimCLR-xsubj-riemann,xsubj,riemann,,parietal,all,age,fine_tuning,0,3,17.265957,17.684813,True,zones,A,save/zones/parietal
SimCLR,SimCLR-xsubj-riemann,xsubj,riemann,,parietal,all,age,fine_tuning,0,4,14.981818,16.834455,True,zones,A,save/zones/parietal
SimCLR,SimCLR-diffage-cosine,diffage,cosine,,parietal,all,age,fine_tuning,0,0,23.1,24.451933,True,zones,A,save/zones/parietal
SimCLR,SimCLR-diffage-cosine,diffage,cosine,,parietal,all,age,fine_tuning,0,1,7.809524,10.065379,True,zones,A,save/zones/parietal
SimCLR,SimCLR-diffage-cosine,diffage,cosine,,parietal,all,age,fine_tuning,0,2,24.571428,21.769192,True,zones,A,save/zones/parietal
SimCLR,SimCLR-diffage-cosine,diffage,cosine,,parietal,all,age,fine_tuning,0,3,17.265957,16.838726,True,zones,A,save/zones/parietal
SimCLR,SimCLR-diffage-cosine,diffage,cosine,,parietal,all,age,fine_tuning,0,4,14.981818,13.697104,True,zones,A,save/zones/parietal
SimCLR,SimCLR-diffage-wasser,diffage,wasserstein,,parietal,all,age,fine_tuning,0,0,23.1,24.970707,True,zones,A,save/zones/parietal
SimCLR,SimCLR-diffage-wasser,diffage,wasserstein,,parietal,all,age,fine_tuning,0,1,7.809524,11.84168,True,zones,A,save/zones/parietal
SimCLR,SimCLR-diffage-wasser,diffage,wasserstein,,parietal,all,age,fine_tuning,0,2,24.571428,21.34815,True,zones,A,save/zones/parietal
SimCLR,SimCLR-diffage-wasser,diffage,wasserstein,,parietal,all,age,fine_tuning,0,3,17.265957,17.883539,True,zones,A,save/zones/parietal
SimCLR,SimCLR-diffage-wasser,diffage,wasserstein,,parietal,all,age,fine_tuning,0,4,14.981818,14.468926,True,zones,A,save/zones/parietal
SimCLR,SimCLR-diffage-riemann,diffage,riemann,,parietal,all,age,fine_tuning,0,0,23.1,24.32922,True,zones,A,save/zones/parietal
SimCLR,SimCLR-diffage-riemann,diffage,riemann,,parietal,all,age,fine_tuning,0,1,7.809524,9.398984,True,zones,A,save/zones/parietal
SimCLR,SimCLR-diffage-riemann,diffage,riemann,,parietal,all,age,fine_tuning,0,2,24.571428,21.796204,True,zones,A,save/zones/parietal
SimCLR,SimCLR-diffage-riemann,diffage,riemann,,parietal,all,age,fine_tuning,0,3,17.265957,16.138006,True,zones,A,save/zones/parietal
SimCLR,SimCLR-diffage-riemann,diffage,riemann,,parietal,all,age,fine_tuning,0,4,14.981818,13.583632,True,zones,A,save/zones/parietal
VAE,VAE,,,,parietal,all,age,fine_tuning,0,0,23.1,23.511293,True,zones,A,save/zones/parietal
VAE,VAE,,,,parietal,all,age,fine_tuning,0,1,7.809524,9.961468,True,zones,A,save/zones/parietal
VAE,VAE,,,,parietal,all,age,fine_tuning,0,2,24.571428,20.757113,True,zones,A,save/zones/parietal
VAE,VAE,,,,parietal,all,age,fine_tuning,0,3,17.265957,17.50956,True,zones,A,save/zones/parietal
VAE,VAE,,,,parietal,all,age,fine_tuning,0,4,14.981818,14.451888,True,zones,A,save/zones/parietal
SimCLR,SimCLR,augment,,,parietal,all,age,linear_probe,1,0,22.484848,17.084337,True,zones,A,save/zones/parietal
SimCLR,SimCLR,augment,,,parietal,all,age,linear_probe,1,1,23.361702,21.18511,True,zones,A,save/zones/parietal
SimCLR,SimCLR,augment,,,parietal,all,age,linear_probe,1,2,8.131579,21.082874,True,zones,A,save/zones/parietal
SimCLR,SimCLR,augment,,,parietal,all,age,linear_probe,1,3,24.431654,23.431417,True,zones,A,save/zones/parietal
SimCLR,SimCLR,augment,,,parietal,all,age,linear_probe,1,4,10.466666,16.466999,True,zones,A,save/zones/parietal
SimCLR,SimCLR-nbr-cosine,nbr,cosine,,parietal,all,age,linear_probe,1,0,22.484848,22.054407,True,zones,A,save/zones/parietal
SimCLR,SimCLR-nbr-cosine,nbr,cosine,,parietal,all,age,linear_probe,1,1,23.361702,22.667006,True,zones,A,save/zones/parietal
SimCLR,SimCLR-nbr-cosine,nbr,cosine,,parietal,all,age,linear_probe,1,2,8.131579,14.101448,True,zones,A,save/zones/parietal
SimCLR,SimCLR-nbr-cosine,nbr,cosine,,parietal,all,age,linear_probe,1,3,24.431654,24.996038,True,zones,A,save/zones/parietal
SimCLR,SimCLR-nbr-cosine,nbr,cosine,,parietal,all,age,linear_probe,1,4,10.466666,15.460513,True,zones,A,save/zones/parietal
SimCLR,SimCLR-nbr-wasser,nbr,wasserstein,,parietal,all,age,linear_probe,1,0,22.484848,22.137163,True,zones,A,save/zones/parietal
SimCLR,SimCLR-nbr-wasser,nbr,wasserstein,,parietal,all,age,linear_probe,1,1,23.361702,21.738031,True,zones,A,save/zones/parietal
SimCLR,SimCLR-nbr-wasser,nbr,wasserstein,,parietal,all,age,linear_probe,1,2,8.131579,11.928864,True,zones,A,save/zones/parietal
SimCLR,SimCLR-nbr-wasser,nbr,wasserstein,,parietal,all,age,linear_probe,1,3,24.431654,24.855053,True,zones,A,save/zones/parietal
SimCLR,SimCLR-nbr-wasser,nbr,wasserstein,,parietal,all,age,linear_probe,1,4,10.466666,15.940331,True,zones,A,save/zones/parietal
SimCLR,SimCLR-nbr-riemann,nbr,riemann,,parietal,all,age,linear_probe,1,0,22.484848,20.782539,True,zones,A,save/zones/parietal
SimCLR,SimCLR-nbr-riemann,nbr,riemann,,parietal,all,age,linear_probe,1,1,23.361702,21.594919,True,zones,A,save/zones/parietal
SimCLR,SimCLR-nbr-riemann,nbr,riemann,,parietal,all,age,linear_probe,1,2,8.131579,12.903356,True,zones,A,save/zones/parietal
SimCLR,SimCLR-nbr-riemann,nbr,riemann,,parietal,all,age,linear_probe,1,3,24.431654,24.309534,True,zones,A,save/zones/parietal
SimCLR,SimCLR-nbr-riemann,nbr,riemann,,parietal,all,age,linear_probe,1,4,10.466666,14.519116,True,zones,A,save/zones/parietal
SimCLR,SimCLR-xsubj-cosine,xsubj,cosine,,parietal,all,age,linear_probe,1,0,22.484848,22.307093,True,zones,A,save/zones/parietal
SimCLR,SimCLR-xsubj-cosine,xsubj,cosine,,parietal,all,age,linear_probe,1,1,23.361702,22.391815,True,zones,A,save/zones/parietal
SimCLR,SimCLR-xsubj-cosine,xsubj,cosine,,parietal,all,age,linear_probe,1,2,8.131579,13.461947,True,zones,A,save/zones/parietal
SimCLR,SimCLR-xsubj-cosine,xsubj,cosine,,parietal,all,age,linear_probe,1,3,24.431654,25.962389,True,zones,A,save/zones/parietal
SimCLR,SimCLR-xsubj-cosine,xsubj,cosine,,parietal,all,age,linear_probe,1,4,10.466666,16.385334,True,zones,A,save/zones/parietal
SimCLR,SimCLR-xsubj-wasser,xsubj,wasserstein,,parietal,all,age,linear_probe,1,0,22.484848,20.080492,True,zones,A,save/zones/parietal
SimCLR,SimCLR-xsubj-wasser,xsubj,wasserstein,,parietal,all,age,linear_probe,1,1,23.361702,23.24967,True,zones,A,save/zones/parietal
SimCLR,SimCLR-xsubj-wasser,xsubj,wasserstein,,parietal,all,age,linear_probe,1,2,8.131579,13.193719,True,zones,A,save/zones/parietal
SimCLR,SimCLR-xsubj-wasser,xsubj,wasserstein,,parietal,all,age,linear_probe,1,3,24.431654,25.482281,True,zones,A,save/zones/parietal
SimCLR,SimCLR-xsubj-wasser,xsubj,wasserstein,,parietal,all,age,linear_probe,1,4,10.466666,14.901173,True,zones,A,save/zones/parietal
SimCLR,SimCLR-xsubj-riemann,xsubj,riemann,,parietal,all,age,linear_probe,1,0,22.484848,22.058039,True,zones,A,save/zones/parietal
SimCLR,SimCLR-xsubj-riemann,xsubj,riemann,,parietal,all,age,linear_probe,1,1,23.361702,23.051466,True,zones,A,save/zones/parietal
SimCLR,SimCLR-xsubj-riemann,xsubj,riemann,,parietal,all,age,linear_probe,1,2,8.131579,12.842311,True,zones,A,save/zones/parietal
SimCLR,SimCLR-xsubj-riemann,xsubj,riemann,,parietal,all,age,linear_probe,1,3,24.431654,24.291016,True,zones,A,save/zones/parietal
SimCLR,SimCLR-xsubj-riemann,xsubj,riemann,,parietal,all,age,linear_probe,1,4,10.466666,14.316069,True,zones,A,save/zones/parietal
SimCLR,SimCLR-diffage-cosine,diffage,cosine,,parietal,all,age,linear_probe,1,0,22.484848,19.087788,True,zones,A,save/zones/parietal
SimCLR,SimCLR-diffage-cosine,diffage,cosine,,parietal,all,age,linear_probe,1,1,23.361702,19.481453,True,zones,A,save/zones/parietal
SimCLR,SimCLR-diffage-cosine,diffage,cosine,,parietal,all,age,linear_probe,1,2,8.131579,13.430086,True,zones,A,save/zones/parietal
SimCLR,SimCLR-diffage-cosine,diffage,cosine,,parietal,all,age,linear_probe,1,3,24.431654,24.369905,True,zones,A,save/zones/parietal
SimCLR,SimCLR-diffage-cosine,diffage,cosine,,parietal,all,age,linear_probe,1,4,10.466666,17.594637,True,zones,A,save/zones/parietal
SimCLR,SimCLR-diffage-wasser,diffage,wasserstein,,parietal,all,age,linear_probe,1,0,22.484848,21.234591,True,zones,A,save/zones/parietal
SimCLR,SimCLR-diffage-wasser,diffage,wasserstein,,parietal,all,age,linear_probe,1,1,23.361702,21.723181,True,zones,A,save/zones/parietal
SimCLR,SimCLR-diffage-wasser,diffage,wasserstein,,parietal,all,age,linear_probe,1,2,8.131579,14.840879,True,zones,A,save/zones/parietal
SimCLR,SimCLR-diffage-wasser,diffage,wasserstein,,parietal,all,age,linear_probe,1,3,24.431654,24.671219,True,zones,A,save/zones/parietal
SimCLR,SimCLR-diffage-wasser,diffage,wasserstein,,parietal,all,age,linear_probe,1,4,10.466666,17.717375,True,zones,A,save/zones/parietal
SimCLR,SimCLR-diffage-riemann,diffage,riemann,,parietal,all,age,linear_probe,1,0,22.484848,21.83584,True,zones,A,save/zones/parietal
SimCLR,SimCLR-diffage-riemann,diffage,riemann,,parietal,all,age,linear_probe,1,1,23.361702,21.382858,True,zones,A,save/zones/parietal
SimCLR,SimCLR-diffage-riemann,diffage,riemann,,parietal,all,age,linear_probe,1,2,8.131579,12.233525,True,zones,A,save/zones/parietal
SimCLR,SimCLR-diffage-riemann,diffage,riemann,,parietal,all,age,linear_probe,1,3,24.431654,24.522268,True,zones,A,save/zones/parietal
SimCLR,SimCLR-diffage-riemann,diffage,riemann,,parietal,all,age,linear_probe,1,4,10.466666,15.843805,True,zones,A,save/zones/parietal
VAE,VAE,,,,parietal,all,age,linear_probe,1,0,22.484848,18.601652,True,zones,A,save/zones/parietal
VAE,VAE,,,,parietal,all,age,linear_probe,1,1,23.361702,18.968451,True,zones,A,save/zones/parietal
VAE,VAE,,,,parietal,all,age,linear_probe,1,2,8.131579,18.913454,True,zones,A,save/zones/parietal
VAE,VAE,,,,parietal,all,age,linear_probe,1,3,24.431654,19.082323,True,zones,A,save/zones/parietal
VAE,VAE,,,,parietal,all,age,linear_probe,1,4,10.466666,18.756451,True,zones,A,save/zones/parietal
SimCLR,SimCLR,augment,,,parietal,all,age,fine_tuning,1,0,22.484848,22.932228,True,zones,A,save/zones/parietal
SimCLR,SimCLR,augment,,,parietal,all,age,fine_tuning,1,1,23.361702,25.93714,True,zones,A,save/zones/parietal
SimCLR,SimCLR,augment,,,parietal,all,age,fine_tuning,1,2,8.131579,10.929588,True,zones,A,save/zones/parietal
SimCLR,SimCLR,augment,,,parietal,all,age,fine_tuning,1,3,24.431654,28.832743,True,zones,A,save/zones/parietal
SimCLR,SimCLR,augment,,,parietal,all,age,fine_tuning,1,4,10.466666,13.737108,True,zones,A,save/zones/parietal
SimCLR,SimCLR-nbr-cosine,nbr,cosine,,parietal,all,age,fine_tuning,1,0,22.484848,20.638018,True,zones,A,save/zones/parietal
SimCLR,SimCLR-nbr-cosine,nbr,cosine,,parietal,all,age,fine_tuning,1,1,23.361702,23.729336,True,zones,A,save/zones/parietal
SimCLR,SimCLR-nbr-cosine,nbr,cosine,,parietal,all,age,fine_tuning,1,2,8.131579,10.624813,True,zones,A,save/zones/parietal
SimCLR,SimCLR-nbr-cosine,nbr,cosine,,parietal,all,age,fine_tuning,1,3,24.431654,25.2857,True,zones,A,save/zones/parietal
SimCLR,SimCLR-nbr-cosine,nbr,cosine,,parietal,all,age,fine_tuning,1,4,10.466666,10.472569,True,zones,A,save/zones/parietal
SimCLR,SimCLR-nbr-wasser,nbr,wasserstein,,parietal,all,age,fine_tuning,1,0,22.484848,21.328026,True,zones,A,save/zones/parietal
SimCLR,SimCLR-nbr-wasser,nbr,wasserstein,,parietal,all,age,fine_tuning,1,1,23.361702,22.836088,True,zones,A,save/zones/parietal
SimCLR,SimCLR-nbr-wasser,nbr,wasserstein,,parietal,all,age,fine_tuning,1,2,8.131579,10.453932,True,zones,A,save/zones/parietal
SimCLR,SimCLR-nbr-wasser,nbr,wasserstein,,parietal,all,age,fine_tuning,1,3,24.431654,25.935768,True,zones,A,save/zones/parietal
SimCLR,SimCLR-nbr-wasser,nbr,wasserstein,,parietal,all,age,fine_tuning,1,4,10.466666,10.675001,True,zones,A,save/zones/parietal
SimCLR,SimCLR-nbr-riemann,nbr,riemann,,parietal,all,age,fine_tuning,1,0,22.484848,24.079035,True,zones,A,save/zones/parietal
SimCLR,SimCLR-nbr-riemann,nbr,riemann,,parietal,all,age,fine_tuning,1,1,23.361702,25.027983,True,zones,A,save/zones/parietal
SimCLR,SimCLR-nbr-riemann,nbr,riemann,,parietal,all,age,fine_tuning,1,2,8.131579,10.823112,True,zones,A,save/zones/parietal
SimCLR,SimCLR-nbr-riemann,nbr,riemann,,parietal,all,age,fine_tuning,1,3,24.431654,28.348991,True,zones,A,save/zones/parietal
SimCLR,SimCLR-nbr-riemann,nbr,riemann,,parietal,all,age,fine_tuning,1,4,10.466666,12.463673,True,zones,A,save/zones/parietal
SimCLR,SimCLR-xsubj-cosine,xsubj,cosine,,parietal,all,age,fine_tuning,1,0,22.484848,20.282259,True,zones,A,save/zones/parietal
SimCLR,SimCLR-xsubj-cosine,xsubj,cosine,,parietal,all,age,fine_tuning,1,1,23.361702,23.93396,True,zones,A,save/zones/parietal
SimCLR,SimCLR-xsubj-cosine,xsubj,cosine,,parietal,all,age,fine_tuning,1,2,8.131579,10.959988,True,zones,A,save/zones/parietal
SimCLR,SimCLR-xsubj-cosine,xsubj,cosine,,parietal,all,age,fine_tuning,1,3,24.431654,27.090666,True,zones,A,save/zones/parietal
SimCLR,SimCLR-xsubj-cosine,xsubj,cosine,,parietal,all,age,fine_tuning,1,4,10.466666,12.049506,True,zones,A,save/zones/parietal
SimCLR,SimCLR-xsubj-wasser,xsubj,wasserstein,,parietal,all,age,fine_tuning,1,0,22.484848,21.810633,True,zones,A,save/zones/parietal
SimCLR,SimCLR-xsubj-wasser,xsubj,wasserstein,,parietal,all,age,fine_tuning,1,1,23.361702,22.104034,True,zones,A,save/zones/parietal
SimCLR,SimCLR-xsubj-wasser,xsubj,wasserstein,,parietal,all,age,fine_tuning,1,2,8.131579,10.391999,True,zones,A,save/zones/parietal
SimCLR,SimCLR-xsubj-wasser,xsubj,wasserstein,,parietal,all,age,fine_tuning,1,3,24.431654,23.745865,True,zones,A,save/zones/parietal
SimCLR,SimCLR-xsubj-wasser,xsubj,wasserstein,,parietal,all,age,fine_tuning,1,4,10.466666,10.327048,True,zones,A,save/zones/parietal
SimCLR,SimCLR-xsubj-riemann,xsubj,riemann,,parietal,all,age,fine_tuning,1,0,22.484848,22.052414,True,zones,A,save/zones/parietal
SimCLR,SimCLR-xsubj-riemann,xsubj,riemann,,parietal,all,age,fine_tuning,1,1,23.361702,24.071972,True,zones,A,save/zones/parietal
SimCLR,SimCLR-xsubj-riemann,xsubj,riemann,,parietal,all,age,fine_tuning,1,2,8.131579,11.205478,True,zones,A,save/zones/parietal
SimCLR,SimCLR-xsubj-riemann,xsubj,riemann,,parietal,all,age,fine_tuning,1,3,24.431654,25.42609,True,zones,A,save/zones/parietal
SimCLR,SimCLR-xsubj-riemann,xsubj,riemann,,parietal,all,age,fine_tuning,1,4,10.466666,11.89922,True,zones,A,save/zones/parietal
SimCLR,SimCLR-diffage-cosine,diffage,cosine,,parietal,all,age,fine_tuning,1,0,22.484848,20.529991,True,zones,A,save/zones/parietal
SimCLR,SimCLR-diffage-cosine,diffage,cosine,,parietal,all,age,fine_tuning,1,1,23.361702,21.308214,True,zones,A,save/zones/parietal
SimCLR,SimCLR-diffage-cosine,diffage,cosine,,parietal,all,age,fine_tuning,1,2,8.131579,10.555057,True,zones,A,save/zones/parietal
SimCLR,SimCLR-diffage-cosine,diffage,cosine,,parietal,all,age,fine_tuning,1,3,24.431654,24.789804,True,zones,A,save/zones/parietal
SimCLR,SimCLR-diffage-cosine,diffage,cosine,,parietal,all,age,fine_tuning,1,4,10.466666,11.418396,True,zones,A,save/zones/parietal
SimCLR,SimCLR-diffage-wasser,diffage,wasserstein,,parietal,all,age,fine_tuning,1,0,22.484848,21.691319,True,zones,A,save/zones/parietal
SimCLR,SimCLR-diffage-wasser,diffage,wasserstein,,parietal,all,age,fine_tuning,1,1,23.361702,22.708958,True,zones,A,save/zones/parietal
SimCLR,SimCLR-diffage-wasser,diffage,wasserstein,,parietal,all,age,fine_tuning,1,2,8.131579,10.058261,True,zones,A,save/zones/parietal
SimCLR,SimCLR-diffage-wasser,diffage,wasserstein,,parietal,all,age,fine_tuning,1,3,24.431654,25.96711,True,zones,A,save/zones/parietal
SimCLR,SimCLR-diffage-wasser,diffage,wasserstein,,parietal,all,age,fine_tuning,1,4,10.466666,11.279864,True,zones,A,save/zones/parietal
SimCLR,SimCLR-diffage-riemann,diffage,riemann,,parietal,all,age,fine_tuning,1,0,22.484848,23.427864,True,zones,A,save/zones/parietal
SimCLR,SimCLR-diffage-riemann,diffage,riemann,,parietal,all,age,fine_tuning,1,1,23.361702,22.760546,True,zones,A,save/zones/parietal
SimCLR,SimCLR-diffage-riemann,diffage,riemann,,parietal,all,age,fine_tuning,1,2,8.131579,10.886333,True,zones,A,save/zones/parietal
SimCLR,SimCLR-diffage-riemann,diffage,riemann,,parietal,all,age,fine_tuning,1,3,24.431654,25.696114,True,zones,A,save/zones/parietal
SimCLR,SimCLR-diffage-riemann,diffage,riemann,,parietal,all,age,fine_tuning,1,4,10.466666,13.116353,True,zones,A,save/zones/parietal
VAE,VAE,,,,parietal,all,age,fine_tuning,1,0,22.484848,21.317755,True,zones,A,save/zones/parietal
VAE,VAE,,,,parietal,all,age,fine_tuning,1,1,23.361702,23.127094,True,zones,A,save/zones/parietal
VAE,VAE,,,,parietal,all,age,fine_tuning,1,2,8.131579,10.296165,True,zones,A,save/zones/parietal
VAE,VAE,,,,parietal,all,age,fine_tuning,1,3,24.431654,24.597744,True,zones,A,save/zones/parietal
VAE,VAE,,,,parietal,all,age,fine_tuning,1,4,10.466666,10.670676,True,zones,A,save/zones/parietal
SimCLR,SimCLR,augment,,,parietal,all,age,linear_probe,2,0,13.857142,22.978939,True,zones,A,save/zones/parietal
SimCLR,SimCLR,augment,,,parietal,all,age,linear_probe,2,1,16.74074,22.306723,True,zones,A,save/zones/parietal
SimCLR,SimCLR,augment,,,parietal,all,age,linear_probe,2,2,27.48,22.397478,True,zones,A,save/zones/parietal
SimCLR,SimCLR,augment,,,parietal,all,age,linear_probe,2,3,17.288889,18.750528,True,zones,A,save/zones/parietal
SimCLR,SimCLR,augment,,,parietal,all,age,linear_probe,2,4,36.0,16.019674,True,zones,A,save/zones/parietal
SimCLR,SimCLR-nbr-cosine,nbr,cosine,,parietal,all,age,linear_probe,2,0,13.857142,11.562554,True,zones,A,save/zones/parietal
SimCLR,SimCLR-nbr-cosine,nbr,cosine,,parietal,all,age,linear_probe,2,1,16.74074,16.710756,True,zones,A,save/zones/parietal
SimCLR,SimCLR-nbr-cosine,nbr,cosine,,parietal,all,age,linear_probe,2,2,27.48,28.604464,True,zones,A,save/zones/parietal
SimCLR,SimCLR-nbr-cosine,nbr,cosine,,parietal,all,age,linear_probe,2,3,17.288889,17.724926,True,zones,A,save/zones/parietal
SimCLR,SimCLR-nbr-cosine,nbr,cosine,,parietal,all,age,linear_probe,2,4,36.0,26.806763,True,zones,A,save/zones/parietal
SimCLR,SimCLR-nbr-wasser,nbr,wasserstein,,parietal,all,age,linear_probe,2,0,13.857142,11.67079,True,zones,A,save/zones/parietal
SimCLR,SimCLR-nbr-wasser,nbr,wasserstein,,parietal,all,age,linear_probe,2,1,16.74074,15.860967,True,zones,A,save/zones/parietal
SimCLR,SimCLR-nbr-wasser,nbr,wasserstein,,parietal,all,age,linear_probe,2,2,27.48,27.930981,True,zones,A,save/zones/parietal
SimCLR,SimCLR-nbr-wasser,nbr,wasserstein,,parietal,all,age,linear_probe,2,3,17.288889,17.488375,True,zones,A,save/zones/parietal
SimCLR,SimCLR-nbr-wasser,nbr,wasserstein,,parietal,all,age,linear_probe,2,4,36.0,25.929317,True,zones,A,save/zones/parietal
SimCLR,SimCLR-nbr-riemann,nbr,riemann,,parietal,all,age,linear_probe,2,0,13.857142,12.594064,True,zones,A,save/zones/parietal
SimCLR,SimCLR-nbr-riemann,nbr,riemann,,parietal,all,age,linear_probe,2,1,16.74074,15.342213,True,zones,A,save/zones/parietal
SimCLR,SimCLR-nbr-riemann,nbr,riemann,,parietal,all,age,linear_probe,2,2,27.48,29.792995,True,zones,A,save/zones/parietal
SimCLR,SimCLR-nbr-riemann,nbr,riemann,,parietal,all,age,linear_probe,2,3,17.288889,17.788172,True,zones,A,save/zones/parietal
SimCLR,SimCLR-nbr-riemann,nbr,riemann,,parietal,all,age,linear_probe,2,4,36.0,24.57328,True,zones,A,save/zones/parietal
SimCLR,SimCLR-xsubj-cosine,xsubj,cosine,,parietal,all,age,linear_probe,2,0,13.857142,11.81796,True,zones,A,save/zones/parietal
SimCLR,SimCLR-xsubj-cosine,xsubj,cosine,,parietal,all,age,linear_probe,2,1,16.74074,14.973886,True,zones,A,save/zones/parietal
SimCLR,SimCLR-xsubj-cosine,xsubj,cosine,,parietal,all,age,linear_probe,2,2,27.48,22.904703,True,zones,A,save/zones/parietal
SimCLR,SimCLR-xsubj-cosine,xsubj,cosine,,parietal,all,age,linear_probe,2,3,17.288889,16.419413,True,zones,A,save/zones/parietal
SimCLR,SimCLR-xsubj-cosine,xsubj,cosine,,parietal,all,age,linear_probe,2,4,36.0,27.749447,True,zones,A,save/zones/parietal
SimCLR,SimCLR-xsubj-wasser,xsubj,wasserstein,,parietal,all,age,linear_probe,2,0,13.857142,10.661176,True,zones,A,save/zones/parietal
SimCLR,SimCLR-xsubj-wasser,xsubj,wasserstein,,parietal,all,age,linear_probe,2,1,16.74074,15.246197,True,zones,A,save/zones/parietal
SimCLR,SimCLR-xsubj-wasser,xsubj,wasserstein,,parietal,all,age,linear_probe,2,2,27.48,22.568155,True,zones,A,save/zones/parietal
SimCLR,SimCLR-xsubj-wasser,xsubj,wasserstein,,parietal,all,age,linear_probe,2,3,17.288889,16.578362,True,zones,A,save/zones/parietal
SimCLR,SimCLR-xsubj-wasser,xsubj,wasserstein,,parietal,all,age,linear_probe,2,4,36.0,26.403965,True,zones,A,save/zones/parietal
SimCLR,SimCLR-xsubj-riemann,xsubj,riemann,,parietal,all,age,linear_probe,2,0,13.857142,10.535243,True,zones,A,save/zones/parietal
SimCLR,SimCLR-xsubj-riemann,xsubj,riemann,,parietal,all,age,linear_probe,2,1,16.74074,16.29479,True,zones,A,save/zones/parietal
SimCLR,SimCLR-xsubj-riemann,xsubj,riemann,,parietal,all,age,linear_probe,2,2,27.48,26.425371,True,zones,A,save/zones/parietal
SimCLR,SimCLR-xsubj-riemann,xsubj,riemann,,parietal,all,age,linear_probe,2,3,17.288889,16.328594,True,zones,A,save/zones/parietal
SimCLR,SimCLR-xsubj-riemann,xsubj,riemann,,parietal,all,age,linear_probe,2,4,36.0,25.594879,True,zones,A,save/zones/parietal
SimCLR,SimCLR-diffage-cosine,diffage,cosine,,parietal,all,age,linear_probe,2,0,13.857142,15.700362,True,zones,A,save/zones/parietal
SimCLR,SimCLR-diffage-cosine,diffage,cosine,,parietal,all,age,linear_probe,2,1,16.74074,18.593494,True,zones,A,save/zones/parietal
SimCLR,SimCLR-diffage-cosine,diffage,cosine,,parietal,all,age,linear_probe,2,2,27.48,22.175997,True,zones,A,save/zones/parietal
SimCLR,SimCLR-diffage-cosine,diffage,cosine,,parietal,all,age,linear_probe,2,3,17.288889,16.799959,True,zones,A,save/zones/parietal
SimCLR,SimCLR-diffage-cosine,diffage,cosine,,parietal,all,age,linear_probe,2,4,36.0,20.195204,True,zones,A,save/zones/parietal
SimCLR,SimCLR-diffage-wasser,diffage,wasserstein,,parietal,all,age,linear_probe,2,0,13.857142,13.892668,True,zones,A,save/zones/parietal
SimCLR,SimCLR-diffage-wasser,diffage,wasserstein,,parietal,all,age,linear_probe,2,1,16.74074,18.852308,True,zones,A,save/zones/parietal
SimCLR,SimCLR-diffage-wasser,diffage,wasserstein,,parietal,all,age,linear_probe,2,2,27.48,25.794893,True,zones,A,save/zones/parietal
SimCLR,SimCLR-diffage-wasser,diffage,wasserstein,,parietal,all,age,linear_probe,2,3,17.288889,17.025816,True,zones,A,save/zones/parietal
SimCLR,SimCLR-diffage-wasser,diffage,wasserstein,,parietal,all,age,linear_probe,2,4,36.0,22.966471,True,zones,A,save/zones/parietal
SimCLR,SimCLR-diffage-riemann,diffage,riemann,,parietal,all,age,linear_probe,2,0,13.857142,14.89722,True,zones,A,save/zones/parietal
SimCLR,SimCLR-diffage-riemann,diffage,riemann,,parietal,all,age,linear_probe,2,1,16.74074,16.838394,True,zones,A,save/zones/parietal
SimCLR,SimCLR-diffage-riemann,diffage,riemann,,parietal,all,age,linear_probe,2,2,27.48,25.359249,True,zones,A,save/zones/parietal
SimCLR,SimCLR-diffage-riemann,diffage,riemann,,parietal,all,age,linear_probe,2,3,17.288889,16.870388,True,zones,A,save/zones/parietal
SimCLR,SimCLR-diffage-riemann,diffage,riemann,,parietal,all,age,linear_probe,2,4,36.0,23.5219,True,zones,A,save/zones/parietal
VAE,VAE,,,,parietal,all,age,linear_probe,2,0,13.857142,19.040781,True,zones,A,save/zones/parietal
VAE,VAE,,,,parietal,all,age,linear_probe,2,1,16.74074,19.154238,True,zones,A,save/zones/parietal
VAE,VAE,,,,parietal,all,age,linear_probe,2,2,27.48,18.974792,True,zones,A,save/zones/parietal
VAE,VAE,,,,parietal,all,age,linear_probe,2,3,17.288889,18.7862,True,zones,A,save/zones/parietal
VAE,VAE,,,,parietal,all,age,linear_probe,2,4,36.0,19.008949,True,zones,A,save/zones/parietal
SimCLR,SimCLR,augment,,,parietal,all,age,fine_tuning,2,0,13.857142,13.172949,True,zones,A,save/zones/parietal
SimCLR,SimCLR,augment,,,parietal,all,age,fine_tuning,2,1,16.74074,14.245378,True,zones,A,save/zones/parietal
SimCLR,SimCLR,augment,,,parietal,all,age,fine_tuning,2,2,27.48,28.260469,True,zones,A,save/zones/parietal
SimCLR,SimCLR,augment,,,parietal,all,age,fine_tuning,2,3,17.288889,17.706245,True,zones,A,save/zones/parietal
SimCLR,SimCLR,augment,,,parietal,all,age,fine_tuning,2,4,36.0,32.085873,True,zones,A,save/zones/parietal
SimCLR,SimCLR-nbr-cosine,nbr,cosine,,parietal,all,age,fine_tuning,2,0,13.857142,12.013002,True,zones,A,save/zones/parietal
SimCLR,SimCLR-nbr-cosine,nbr,cosine,,parietal,all,age,fine_tuning,2,1,16.74074,15.75485,True,zones,A,save/zones/parietal
SimCLR,SimCLR-nbr-cosine,nbr,cosine,,parietal,all,age,fine_tuning,2,2,27.48,25.742821,True,zones,A,save/zones/parietal
SimCLR,SimCLR-nbr-cosine,nbr,cosine,,parietal,all,age,fine_tuning,2,3,17.288889,16.277876,True,zones,A,save/zones/parietal
SimCLR,SimCLR-nbr-cosine,nbr,cosine,,parietal,all,age,fine_tuning,2,4,36.0,31.466793,True,zones,A,save/zones/parietal
SimCLR,SimCLR-nbr-wasser,nbr,wasserstein,,parietal,all,age,fine_tuning,2,0,13.857142,14.601552,True,zones,A,save/zones/parietal
SimCLR,SimCLR-nbr-wasser,nbr,wasserstein,,parietal,all,age,fine_tuning,2,1,16.74074,17.659853,True,zones,A,save/zones/parietal
SimCLR,SimCLR-nbr-wasser,nbr,wasserstein,,parietal,all,age,fine_tuning,2,2,27.48,27.852612,True,zones,A,save/zones/parietal
SimCLR,SimCLR-nbr-wasser,nbr,wasserstein,,parietal,all,age,fine_tuning,2,3,17.288889,17.958611,True,zones,A,save/zones/parietal
SimCLR,SimCLR-nbr-wasser,nbr,wasserstein,,parietal,all,age,fine_tuning,2,4,36.0,36.80444,True,zones,A,save/zones/parietal
SimCLR,SimCLR-nbr-riemann,nbr,riemann,,parietal,all,age,fine_tuning,2,0,13.857142,13.994655,True,zones,A,save/zones/parietal
SimCLR,SimCLR-nbr-riemann,nbr,riemann,,parietal,all,age,fine_tuning,2,1,16.74074,17.149609,True,zones,A,save/zones/parietal
SimCLR,SimCLR-nbr-riemann,nbr,riemann,,parietal,all,age,fine_tuning,2,2,27.48,29.008171,True,zones,A,save/zones/parietal
SimCLR,SimCLR-nbr-riemann,nbr,riemann,,parietal,all,age,fine_tuning,2,3,17.288889,18.499222,True,zones,A,save/zones/parietal
SimCLR,SimCLR-nbr-riemann,nbr,riemann,,parietal,all,age,fine_tuning,2,4,36.0,35.709335,True,zones,A,save/zones/parietal
SimCLR,SimCLR-xsubj-cosine,xsubj,cosine,,parietal,all,age,fine_tuning,2,0,13.857142,12.866133,True,zones,A,save/zones/parietal
SimCLR,SimCLR-xsubj-cosine,xsubj,cosine,,parietal,all,age,fine_tuning,2,1,16.74074,16.64953,True,zones,A,save/zones/parietal
SimCLR,SimCLR-xsubj-cosine,xsubj,cosine,,parietal,all,age,fine_tuning,2,2,27.48,27.883186,True,zones,A,save/zones/parietal
SimCLR,SimCLR-xsubj-cosine,xsubj,cosine,,parietal,all,age,fine_tuning,2,3,17.288889,18.227566,True,zones,A,save/zones/parietal
SimCLR,SimCLR-xsubj-cosine,xsubj,cosine,,parietal,all,age,fine_tuning,2,4,36.0,36.485809,True,zones,A,save/zones/parietal
SimCLR,SimCLR-xsubj-wasser,xsubj,wasserstein,,parietal,all,age,fine_tuning,2,0,13.857142,17.116432,True,zones,A,save/zones/parietal
SimCLR,SimCLR-xsubj-wasser,xsubj,wasserstein,,parietal,all,age,fine_tuning,2,1,16.74074,19.692223,True,zones,A,save/zones/parietal
SimCLR,SimCLR-xsubj-wasser,xsubj,wasserstein,,parietal,all,age,fine_tuning,2,2,27.48,29.118767,True,zones,A,save/zones/parietal
SimCLR,SimCLR-xsubj-wasser,xsubj,wasserstein,,parietal,all,age,fine_tuning,2,3,17.288889,20.117928,True,zones,A,save/zones/parietal
SimCLR,SimCLR-xsubj-wasser,xsubj,wasserstein,,parietal,all,age,fine_tuning,2,4,36.0,35.521683,True,zones,A,save/zones/parietal
SimCLR,SimCLR-xsubj-riemann,xsubj,riemann,,parietal,all,age,fine_tuning,2,0,13.857142,13.014918,True,zones,A,save/zones/parietal
SimCLR,SimCLR-xsubj-riemann,xsubj,riemann,,parietal,all,age,fine_tuning,2,1,16.74074,15.351434,True,zones,A,save/zones/parietal
SimCLR,SimCLR-xsubj-riemann,xsubj,riemann,,parietal,all,age,fine_tuning,2,2,27.48,28.052454,True,zones,A,save/zones/parietal
SimCLR,SimCLR-xsubj-riemann,xsubj,riemann,,parietal,all,age,fine_tuning,2,3,17.288889,18.032366,True,zones,A,save/zones/parietal
SimCLR,SimCLR-xsubj-riemann,xsubj,riemann,,parietal,all,age,fine_tuning,2,4,36.0,32.231808,True,zones,A,save/zones/parietal
SimCLR,SimCLR-diffage-cosine,diffage,cosine,,parietal,all,age,fine_tuning,2,0,13.857142,14.276308,True,zones,A,save/zones/parietal
SimCLR,SimCLR-diffage-cosine,diffage,cosine,,parietal,all,age,fine_tuning,2,1,16.74074,16.389879,True,zones,A,save/zones/parietal
SimCLR,SimCLR-diffage-cosine,diffage,cosine,,parietal,all,age,fine_tuning,2,2,27.48,28.740284,True,zones,A,save/zones/parietal
SimCLR,SimCLR-diffage-cosine,diffage,cosine,,parietal,all,age,fine_tuning,2,3,17.288889,19.263081,True,zones,A,save/zones/parietal
SimCLR,SimCLR-diffage-cosine,diffage,cosine,,parietal,all,age,fine_tuning,2,4,36.0,35.657482,True,zones,A,save/zones/parietal
SimCLR,SimCLR-diffage-wasser,diffage,wasserstein,,parietal,all,age,fine_tuning,2,0,13.857142,12.782273,True,zones,A,save/zones/parietal
SimCLR,SimCLR-diffage-wasser,diffage,wasserstein,,parietal,all,age,fine_tuning,2,1,16.74074,14.254439,True,zones,A,save/zones/parietal
SimCLR,SimCLR-diffage-wasser,diffage,wasserstein,,parietal,all,age,fine_tuning,2,2,27.48,27.381054,True,zones,A,save/zones/parietal
SimCLR,SimCLR-diffage-wasser,diffage,wasserstein,,parietal,all,age,fine_tuning,2,3,17.288889,17.676821,True,zones,A,save/zones/parietal
SimCLR,SimCLR-diffage-wasser,diffage,wasserstein,,parietal,all,age,fine_tuning,2,4,36.0,33.039574,True,zones,A,save/zones/parietal
SimCLR,SimCLR-diffage-riemann,diffage,riemann,,parietal,all,age,fine_tuning,2,0,13.857142,12.379506,True,zones,A,save/zones/parietal
SimCLR,SimCLR-diffage-riemann,diffage,riemann,,parietal,all,age,fine_tuning,2,1,16.74074,15.810266,True,zones,A,save/zones/parietal
SimCLR,SimCLR-diffage-riemann,diffage,riemann,,parietal,all,age,fine_tuning,2,2,27.48,28.738985,True,zones,A,save/zones/parietal
SimCLR,SimCLR-diffage-riemann,diffage,riemann,,parietal,all,age,fine_tuning,2,3,17.288889,17.671406,True,zones,A,save/zones/parietal
SimCLR,SimCLR-diffage-riemann,diffage,riemann,,parietal,all,age,fine_tuning,2,4,36.0,37.579624,True,zones,A,save/zones/parietal
VAE,VAE,,,,parietal,all,age,fine_tuning,2,0,13.857142,12.380595,True,zones,A,save/zones/parietal
VAE,VAE,,,,parietal,all,age,fine_tuning,2,1,16.74074,17.131609,True,zones,A,save/zones/parietal
VAE,VAE,,,,parietal,all,age,fine_tuning,2,2,27.48,27.531744,True,zones,A,save/zones/parietal
VAE,VAE,,,,parietal,all,age,fine_tuning,2,3,17.288889,17.354059,True,zones,A,save/zones/parietal
VAE,VAE,,,,parietal,all,age,fine_tuning,2,4,36.0,34.854794,True,zones,A,save/zones/parietal
SimCLR,SimCLR,augment,,,parietal,all,age,linear_probe,3,0,20.033897,17.782591,True,zones,A,save/zones/parietal
SimCLR,SimCLR,augment,,,parietal,all,age,linear_probe,3,1,10.086957,21.228758,True,zones,A,save/zones/parietal
SimCLR,SimCLR,augment,,,parietal,all,age,linear_probe,3,2,12.6,15.669461,True,zones,A,save/zones/parietal
SimCLR,SimCLR,augment,,,parietal,all,age,linear_probe,3,3,13.517241,17.036549,True,zones,A,save/zones/parietal
SimCLR,SimCLR,augment,,,parietal,all,age,linear_probe,3,4,25.104347,19.166121,True,zones,A,save/zones/parietal
SimCLR,SimCLR-nbr-cosine,nbr,cosine,,parietal,all,age,linear_probe,3,0,20.033897,18.57427,True,zones,A,save/zones/parietal
SimCLR,SimCLR-nbr-cosine,nbr,cosine,,parietal,all,age,linear_probe,3,1,10.086957,15.649596,True,zones,A,save/zones/parietal
SimCLR,SimCLR-nbr-cosine,nbr,cosine,,parietal,all,age,linear_probe,3,2,12.6,13.192186,True,zones,A,save/zones/parietal
SimCLR,SimCLR-nbr-cosine,nbr,cosine,,parietal,all,age,linear_probe,3,3,13.517241,11.74333,True,zones,A,save/zones/parietal
SimCLR,SimCLR-nbr-cosine,nbr,cosine,,parietal,all,age,linear_probe,3,4,25.104347,22.158991,True,zones,A,save/zones/parietal
SimCLR,SimCLR-nbr-wasser,nbr,wasserstein,,parietal,all,age,linear_probe,3,0,20.033897,18.241079,True,zones,A,save/zones/parietal
SimCLR,SimCLR-nbr-wasser,nbr,wasserstein,,parietal,all,age,linear_probe,3,1,10.086957,14.762279,True,zones,A,save/zones/parietal
SimCLR,SimCLR-nbr-wasser,nbr,wasserstein,,parietal,all,age,linear_probe,3,2,12.6,13.131808,True,zones,A,save/zones/parietal
SimCLR,SimCLR-nbr-wasser,nbr,wasserstein,,parietal,all,age,linear_probe,3,3,13.517241,11.510465,True,zones,A,save/zones/parietal
SimCLR,SimCLR-nbr-wasser,nbr,wasserstein,,parietal,all,age,linear_probe,3,4,25.104347,22.994068,True,zones,A,save/zones/parietal
SimCLR,SimCLR-nbr-riemann,nbr,riemann,,parietal,all,age,linear_probe,3,0,20.033897,19.436289,True,zones,A,save/zones/parietal
SimCLR,SimCLR-nbr-riemann,nbr,riemann,,parietal,all,age,linear_probe,3,1,10.086957,16.588791,True,zones,A,save/zones/parietal
SimCLR,SimCLR-nbr-riemann,nbr,riemann,,parietal,all,age,linear_probe,3,2,12.6,14.581748,True,zones,A,save/zones/parietal
SimCLR,SimCLR-nbr-riemann,nbr,riemann,,parietal,all,age,linear_probe,3,3,13.517241,10.647168,True,zones,A,save/zones/parietal
SimCLR,SimCLR-nbr-riemann,nbr,riemann,,parietal,all,age,linear_probe,3,4,25.104347,23.871889,True,zones,A,save/zones/parietal
SimCLR,SimCLR-xsubj-cosine,xsubj,cosine,,parietal,all,age,linear_probe,3,0,20.033897,17.943838,True,zones,A,save/zones/parietal
SimCLR,SimCLR-xsubj-cosine,xsubj,cosine,,parietal,all,age,linear_probe,3,1,10.086957,14.747766,True,zones,A,save/zones/parietal
SimCLR,SimCLR-xsubj-cosine,xsubj,cosine,,parietal,all,age,linear_probe,3,2,12.6,11.423388,True,zones,A,save/zones/parietal
SimCLR,SimCLR-xsubj-cosine,xsubj,cosine,,parietal,all,age,linear_probe,3,3,13.517241,14.521261,True,zones,A,save/zones/parietal
SimCLR,SimCLR-xsubj-cosine,xsubj,cosine,,parietal,all,age,linear_probe,3,4,25.104347,24.096655,True,zones,A,save/zones/parietal
SimCLR,SimCLR-xsubj-wasser,xsubj,wasserstein,,parietal,all,age,linear_probe,3,0,20.033897,17.24033,True,zones,A,save/zones/parietal
SimCLR,SimCLR-xsubj-wasser,xsubj,wasserstein,,parietal,all,age,linear_probe,3,1,10.086957,12.664209,True,zones,A,save/zones/parietal
SimCLR,SimCLR-xsubj-wasser,xsubj,wasserstein,,parietal,all,age,linear_probe,3,2,12.6,10.076903,True,zones,A,save/zones/parietal
SimCLR,SimCLR-xsubj-wasser,xsubj,wasserstein,,parietal,all,age,linear_probe,3,3,13.517241,15.243394,True,zones,A,save/zones/parietal
SimCLR,SimCLR-xsubj-wasser,xsubj,wasserstein,,parietal,all,age,linear_probe,3,4,25.104347,21.983494,True,zones,A,save/zones/parietal
SimCLR,SimCLR-xsubj-riemann,xsubj,riemann,,parietal,all,age,linear_probe,3,0,20.033897,17.43926,True,zones,A,save/zones/parietal
SimCLR,SimCLR-xsubj-riemann,xsubj,riemann,,parietal,all,age,linear_probe,3,1,10.086957,13.91433,True,zones,A,save/zones/parietal
SimCLR,SimCLR-xsubj-riemann,xsubj,riemann,,parietal,all,age,linear_probe,3,2,12.6,12.644373,True,zones,A,save/zones/parietal
SimCLR,SimCLR-xsubj-riemann,xsubj,riemann,,parietal,all,age,linear_probe,3,3,13.517241,13.295631,True,zones,A,save/zones/parietal
SimCLR,SimCLR-xsubj-riemann,xsubj,riemann,,parietal,all,age,linear_probe,3,4,25.104347,22.628588,True,zones,A,save/zones/parietal
SimCLR,SimCLR-diffage-cosine,diffage,cosine,,parietal,all,age,linear_probe,3,0,20.033897,18.772053,True,zones,A,save/zones/parietal
SimCLR,SimCLR-diffage-cosine,diffage,cosine,,parietal,all,age,linear_probe,3,1,10.086957,17.564634,True,zones,A,save/zones/parietal
SimCLR,SimCLR-diffage-cosine,diffage,cosine,,parietal,all,age,linear_probe,3,2,12.6,15.661793,True,zones,A,save/zones/parietal
SimCLR,SimCLR-diffage-cosine,diffage,cosine,,parietal,all,age,linear_probe,3,3,13.517241,16.331814,True,zones,A,save/zones/parietal
SimCLR,SimCLR-diffage-cosine,diffage,cosine,,parietal,all,age,linear_probe,3,4,25.104347,23.506832,True,zones,A,save/zones/parietal
SimCLR,SimCLR-diffage-wasser,diffage,wasserstein,,parietal,all,age,linear_probe,3,0,20.033897,17.960558,True,zones,A,save/zones/parietal
SimCLR,SimCLR-diffage-wasser,diffage,wasserstein,,parietal,all,age,linear_probe,3,1,10.086957,16.180475,True,zones,A,save/zones/parietal
SimCLR,SimCLR-diffage-wasser,diffage,wasserstein,,parietal,all,age,linear_probe,3,2,12.6,12.986455,True,zones,A,save/zones/parietal
SimCLR,SimCLR-diffage-wasser,diffage,wasserstein,,parietal,all,age,linear_probe,3,3,13.517241,14.907534,True,zones,A,save/zones/parietal
SimCLR,SimCLR-diffage-wasser,diffage,wasserstein,,parietal,all,age,linear_probe,3,4,25.104347,24.431021,True,zones,A,save/zones/parietal
SimCLR,SimCLR-diffage-riemann,diffage,riemann,,parietal,all,age,linear_probe,3,0,20.033897,20.578053,True,zones,A,save/zones/parietal
SimCLR,SimCLR-diffage-riemann,diffage,riemann,,parietal,all,age,linear_probe,3,1,10.086957,15.670197,True,zones,A,save/zones/parietal
SimCLR,SimCLR-diffage-riemann,diffage,riemann,,parietal,all,age,linear_probe,3,2,12.6,15.141568,True,zones,A,save/zones/parietal
SimCLR,SimCLR-diffage-riemann,diffage,riemann,,parietal,all,age,linear_probe,3,3,13.517241,15.53479,True,zones,A,save/zones/parietal
SimCLR,SimCLR-diffage-riemann,diffage,riemann,,parietal,all,age,linear_probe,3,4,25.104347,24.168455,True,zones,A,save/zones/parietal
VAE,VAE,,,,parietal,all,age,linear_probe,3,0,20.033897,19.262012,True,zones,A,save/zones/parietal
VAE,VAE,,,,parietal,all,age,linear_probe,3,1,10.086957,19.075609,True,zones,A,save/zones/parietal
VAE,VAE,,,,parietal,all,age,linear_probe,3,2,12.6,18.734285,True,zones,A,save/zones/parietal
VAE,VAE,,,,parietal,all,age,linear_probe,3,3,13.517241,18.69593,True,zones,A,save/zones/parietal
VAE,VAE,,,,parietal,all,age,linear_probe,3,4,25.104347,19.176897,True,zones,A,save/zones/parietal
SimCLR,SimCLR,augment,,,parietal,all,age,fine_tuning,3,0,20.033897,17.400143,True,zones,A,save/zones/parietal
SimCLR,SimCLR,augment,,,parietal,all,age,fine_tuning,3,1,10.086957,13.306603,True,zones,A,save/zones/parietal
SimCLR,SimCLR,augment,,,parietal,all,age,fine_tuning,3,2,12.6,10.796359,True,zones,A,save/zones/parietal
SimCLR,SimCLR,augment,,,parietal,all,age,fine_tuning,3,3,13.517241,13.463912,True,zones,A,save/zones/parietal
SimCLR,SimCLR,augment,,,parietal,all,age,fine_tuning,3,4,25.104347,24.23871,True,zones,A,save/zones/parietal
SimCLR,SimCLR-nbr-cosine,nbr,cosine,,parietal,all,age,fine_tuning,3,0,20.033897,18.378813,True,zones,A,save/zones/parietal
SimCLR,SimCLR-nbr-cosine,nbr,cosine,,parietal,all,age,fine_tuning,3,1,10.086957,11.670649,True,zones,A,save/zones/parietal
SimCLR,SimCLR-nbr-cosine,nbr,cosine,,parietal,all,age,fine_tuning,3,2,12.6,11.882957,True,zones,A,save/zones/parietal
SimCLR,SimCLR-nbr-cosine,nbr,cosine,,parietal,all,age,fine_tuning,3,3,13.517241,13.466424,True,zones,A,save/zones/parietal
SimCLR,SimCLR-nbr-cosine,nbr,cosine,,parietal,all,age,fine_tuning,3,4,25.104347,24.155842,True,zones,A,save/zones/parietal
SimCLR,SimCLR-nbr-wasser,nbr,wasserstein,,parietal,all,age,fine_tuning,3,0,20.033897,17.335728,True,zones,A,save/zones/parietal
SimCLR,SimCLR-nbr-wasser,nbr,wasserstein,,parietal,all,age,fine_tuning,3,1,10.086957,10.637229,True,zones,A,save/zones/parietal
SimCLR,SimCLR-nbr-wasser,nbr,wasserstein,,parietal,all,age,fine_tuning,3,2,12.6,11.732251,True,zones,A,save/zones/parietal
SimCLR,SimCLR-nbr-wasser,nbr,wasserstein,,parietal,all,age,fine_tuning,3,3,13.517241,11.988638,True,zones,A,save/zones/parietal
SimCLR,SimCLR-nbr-wasser,nbr,wasserstein,,parietal,all,age,fine_tuning,3,4,25.104347,23.485319,True,zones,A,save/zones/parietal
SimCLR,SimCLR-nbr-riemann,nbr,riemann,,parietal,all,age,fine_tuning,3,0,20.033897,18.037991,True,zones,A,save/zones/parietal
SimCLR,SimCLR-nbr-riemann,nbr,riemann,,parietal,all,age,fine_tuning,3,1,10.086957,11.754153,True,zones,A,save/zones/parietal
SimCLR,SimCLR-nbr-riemann,nbr,riemann,,parietal,all,age,fine_tuning,3,2,12.6,11.674148,True,zones,A,save/zones/parietal
SimCLR,SimCLR-nbr-riemann,nbr,riemann,,parietal,all,age,fine_tuning,3,3,13.517241,12.511397,True,zones,A,save/zones/parietal
SimCLR,SimCLR-nbr-riemann,nbr,riemann,,parietal,all,age,fine_tuning,3,4,25.104347,24.873335,True,zones,A,save/zones/parietal
SimCLR,SimCLR-xsubj-cosine,xsubj,cosine,,parietal,all,age,fine_tuning,3,0,20.033897,18.380198,True,zones,A,save/zones/parietal
SimCLR,SimCLR-xsubj-cosine,xsubj,cosine,,parietal,all,age,fine_tuning,3,1,10.086957,12.1759,True,zones,A,save/zones/parietal
SimCLR,SimCLR-xsubj-cosine,xsubj,cosine,,parietal,all,age,fine_tuning,3,2,12.6,13.289053,True,zones,A,save/zones/parietal
SimCLR,SimCLR-xsubj-cosine,xsubj,cosine,,parietal,all,age,fine_tuning,3,3,13.517241,14.097755,True,zones,A,save/zones/parietal
SimCLR,SimCLR-xsubj-cosine,xsubj,cosine,,parietal,all,age,fine_tuning,3,4,25.104347,24.507011,True,zones,A,save/zones/parietal
SimCLR,SimCLR-xsubj-wasser,xsubj,wasserstein,,parietal,all,age,fine_tuning,3,0,20.033897,15.826898,True,zones,A,save/zones/parietal
SimCLR,SimCLR-xsubj-wasser,xsubj,wasserstein,,parietal,all,age,fine_tuning,3,1,10.086957,9.988189,True,zones,A,save/zones/parietal
SimCLR,SimCLR-xsubj-wasser,xsubj,wasserstein,,parietal,all,age,fine_tuning,3,2,12.6,8.551501,True,zones,A,save/zones/parietal
SimCLR,SimCLR-xsubj-wasser,xsubj,wasserstein,,parietal,all,age,fine_tuning,3,3,13.517241,11.947239,True,zones,A,save/zones/parietal
SimCLR,SimCLR-xsubj-wasser,xsubj,wasserstein,,parietal,all,age,fine_tuning,3,4,25.104347,23.177267,True,zones,A,save/zones/parietal
SimCLR,SimCLR-xsubj-riemann,xsubj,riemann,,parietal,all,age,fine_tuning,3,0,20.033897,18.870012,True,zones,A,save/zones/parietal
SimCLR,SimCLR-xsubj-riemann,xsubj,riemann,,parietal,all,age,fine_tuning,3,1,10.086957,13.82039,True,zones,A,save/zones/parietal
SimCLR,SimCLR-xsubj-riemann,xsubj,riemann,,parietal,all,age,fine_tuning,3,2,12.6,13.024348,True,zones,A,save/zones/parietal
SimCLR,SimCLR-xsubj-riemann,xsubj,riemann,,parietal,all,age,fine_tuning,3,3,13.517241,14.495305,True,zones,A,save/zones/parietal
SimCLR,SimCLR-xsubj-riemann,xsubj,riemann,,parietal,all,age,fine_tuning,3,4,25.104347,25.823566,True,zones,A,save/zones/parietal
SimCLR,SimCLR-diffage-cosine,diffage,cosine,,parietal,all,age,fine_tuning,3,0,20.033897,18.690599,True,zones,A,save/zones/parietal
SimCLR,SimCLR-diffage-cosine,diffage,cosine,,parietal,all,age,fine_tuning,3,1,10.086957,11.986012,True,zones,A,save/zones/parietal
SimCLR,SimCLR-diffage-cosine,diffage,cosine,,parietal,all,age,fine_tuning,3,2,12.6,9.894756,True,zones,A,save/zones/parietal
SimCLR,SimCLR-diffage-cosine,diffage,cosine,,parietal,all,age,fine_tuning,3,3,13.517241,13.317127,True,zones,A,save/zones/parietal
SimCLR,SimCLR-diffage-cosine,diffage,cosine,,parietal,all,age,fine_tuning,3,4,25.104347,24.349644,True,zones,A,save/zones/parietal
SimCLR,SimCLR-diffage-wasser,diffage,wasserstein,,parietal,all,age,fine_tuning,3,0,20.033897,18.232317,True,zones,A,save/zones/parietal
SimCLR,SimCLR-diffage-wasser,diffage,wasserstein,,parietal,all,age,fine_tuning,3,1,10.086957,10.803703,True,zones,A,save/zones/parietal
SimCLR,SimCLR-diffage-wasser,diffage,wasserstein,,parietal,all,age,fine_tuning,3,2,12.6,12.726631,True,zones,A,save/zones/parietal
SimCLR,SimCLR-diffage-wasser,diffage,wasserstein,,parietal,all,age,fine_tuning,3,3,13.517241,13.763086,True,zones,A,save/zones/parietal
SimCLR,SimCLR-diffage-wasser,diffage,wasserstein,,parietal,all,age,fine_tuning,3,4,25.104347,24.562326,True,zones,A,save/zones/parietal
SimCLR,SimCLR-diffage-riemann,diffage,riemann,,parietal,all,age,fine_tuning,3,0,20.033897,16.770769,True,zones,A,save/zones/parietal
SimCLR,SimCLR-diffage-riemann,diffage,riemann,,parietal,all,age,fine_tuning,3,1,10.086957,13.704929,True,zones,A,save/zones/parietal
SimCLR,SimCLR-diffage-riemann,diffage,riemann,,parietal,all,age,fine_tuning,3,2,12.6,12.883196,True,zones,A,save/zones/parietal
SimCLR,SimCLR-diffage-riemann,diffage,riemann,,parietal,all,age,fine_tuning,3,3,13.517241,14.00352,True,zones,A,save/zones/parietal
SimCLR,SimCLR-diffage-riemann,diffage,riemann,,parietal,all,age,fine_tuning,3,4,25.104347,24.388931,True,zones,A,save/zones/parietal
VAE,VAE,,,,parietal,all,age,fine_tuning,3,0,20.033897,17.811049,True,zones,A,save/zones/parietal
VAE,VAE,,,,parietal,all,age,fine_tuning,3,1,10.086957,13.006732,True,zones,A,save/zones/parietal
VAE,VAE,,,,parietal,all,age,fine_tuning,3,2,12.6,11.151005,True,zones,A,save/zones/parietal
VAE,VAE,,,,parietal,all,age,fine_tuning,3,3,13.517241,14.469359,True,zones,A,save/zones/parietal
VAE,VAE,,,,parietal,all,age,fine_tuning,3,4,25.104347,24.293547,True,zones,A,save/zones/parietal
SimCLR,SimCLR,augment,,,parietal,all,age,linear_probe,4,0,12.185185,18.032604,True,zones,A,save/zones/parietal
SimCLR,SimCLR,augment,,,parietal,all,age,linear_probe,4,1,10.902439,17.119516,True,zones,A,save/zones/parietal
SimCLR,SimCLR,augment,,,parietal,all,age,linear_probe,4,2,7.125,17.494816,True,zones,A,save/zones/parietal
SimCLR,SimCLR,augment,,,parietal,all,age,linear_probe,4,3,31.799999,19.894442,True,zones,A,save/zones/parietal
SimCLR,SimCLR,augment,,,parietal,all,age,linear_probe,4,4,10.609756,20.886099,True,zones,A,save/zones/parietal
SimCLR,SimCLR-nbr-cosine,nbr,cosine,,parietal,all,age,linear_probe,4,0,12.185185,14.025305,True,zones,A,save/zones/parietal
SimCLR,SimCLR-nbr-cosine,nbr,cosine,,parietal,all,age,linear_probe,4,1,10.902439,8.237625,True,zones,A,save/zones/parietal
SimCLR,SimCLR-nbr-cosine,nbr,cosine,,parietal,all,age,linear_probe,4,2,7.125,17.017733,True,zones,A,save/zones/parietal
SimCLR,SimCLR-nbr-cosine,nbr,cosine,,parietal,all,age,linear_probe,4,3,31.799999,28.829004,True,zones,A,save/zones/parietal
SimCLR,SimCLR-nbr-cosine,nbr,cosine,,parietal,all,age,linear_probe,4,4,10.609756,14.327897,True,zones,A,save/zones/parietal
SimCLR,SimCLR-nbr-wasser,nbr,wasserstein,,parietal,all,age,linear_probe,4,0,12.185185,12.97358,True,zones,A,save/zones/parietal
SimCLR,SimCLR-nbr-wasser,nbr,wasserstein,,parietal,all,age,linear_probe,4,1,10.902439,6.895451,True,zones,A,save/zones/parietal
SimCLR,SimCLR-nbr-wasser,nbr,wasserstein,,parietal,all,age,linear_probe,4,2,7.125,16.324842,True,zones,A,save/zones/parietal
SimCLR,SimCLR-nbr-wasser,nbr,wasserstein,,parietal,all,age,linear_probe,4,3,31.799999,28.418652,True,zones,A,save/zones/parietal
SimCLR,SimCLR-nbr-wasser,nbr,wasserstein,,parietal,all,age,linear_probe,4,4,10.609756,15.661362,True,zones,A,save/zones/parietal
SimCLR,SimCLR-nbr-riemann,nbr,riemann,,parietal,all,age,linear_probe,4,0,12.185185,14.057711,True,zones,A,save/zones/parietal
SimCLR,SimCLR-nbr-riemann,nbr,riemann,,parietal,all,age,linear_probe,4,1,10.902439,8.984731,True,zones,A,save/zones/parietal
SimCLR,SimCLR-nbr-riemann,nbr,riemann,,parietal,all,age,linear_probe,4,2,7.125,13.023227,True,zones,A,save/zones/parietal
SimCLR,SimCLR-nbr-riemann,nbr,riemann,,parietal,all,age,linear_probe,4,3,31.799999,28.830847,True,zones,A,save/zones/parietal
SimCLR,SimCLR-nbr-riemann,nbr,riemann,,parietal,all,age,linear_probe,4,4,10.609756,13.917369,True,zones,A,save/zones/parietal
SimCLR,SimCLR-xsubj-cosine,xsubj,cosine,,parietal,all,age,linear_probe,4,0,12.185185,11.08008,True,zones,A,save/zones/parietal
SimCLR,SimCLR-xsubj-cosine,xsubj,cosine,,parietal,all,age,linear_probe,4,1,10.902439,10.678718,True,zones,A,save/zones/parietal
SimCLR,SimCLR-xsubj-cosine,xsubj,cosine,,parietal,all,age,linear_probe,4,2,7.125,12.947341,True,zones,A,save/zones/parietal
SimCLR,SimCLR-xsubj-cosine,xsubj,cosine,,parietal,all,age,linear_probe,4,3,31.799999,30.444441,True,zones,A,save/zones/parietal
SimCLR,SimCLR-xsubj-cosine,xsubj,cosine,,parietal,all,age,linear_probe,4,4,10.609756,11.618183,True,zones,A,save/zones/parietal
SimCLR,SimCLR-xsubj-wasser,xsubj,wasserstein,,parietal,all,age,linear_probe,4,0,12.185185,11.045554,True,zones,A,save/zones/parietal
SimCLR,SimCLR-xsubj-wasser,xsubj,wasserstein,,parietal,all,age,linear_probe,4,1,10.902439,9.685785,True,zones,A,save/zones/parietal
SimCLR,SimCLR-xsubj-wasser,xsubj,wasserstein,,parietal,all,age,linear_probe,4,2,7.125,11.324821,True,zones,A,save/zones/parietal
SimCLR,SimCLR-xsubj-wasser,xsubj,wasserstein,,parietal,all,age,linear_probe,4,3,31.799999,27.430258,True,zones,A,save/zones/parietal
SimCLR,SimCLR-xsubj-wasser,xsubj,wasserstein,,parietal,all,age,linear_probe,4,4,10.609756,9.581636,True,zones,A,save/zones/parietal
SimCLR,SimCLR-xsubj-riemann,xsubj,riemann,,parietal,all,age,linear_probe,4,0,12.185185,12.130383,True,zones,A,save/zones/parietal
SimCLR,SimCLR-xsubj-riemann,xsubj,riemann,,parietal,all,age,linear_probe,4,1,10.902439,12.855939,True,zones,A,save/zones/parietal
SimCLR,SimCLR-xsubj-riemann,xsubj,riemann,,parietal,all,age,linear_probe,4,2,7.125,12.861465,True,zones,A,save/zones/parietal
SimCLR,SimCLR-xsubj-riemann,xsubj,riemann,,parietal,all,age,linear_probe,4,3,31.799999,26.839911,True,zones,A,save/zones/parietal
SimCLR,SimCLR-xsubj-riemann,xsubj,riemann,,parietal,all,age,linear_probe,4,4,10.609756,13.716526,True,zones,A,save/zones/parietal
SimCLR,SimCLR-diffage-cosine,diffage,cosine,,parietal,all,age,linear_probe,4,0,12.185185,16.008205,True,zones,A,save/zones/parietal
SimCLR,SimCLR-diffage-cosine,diffage,cosine,,parietal,all,age,linear_probe,4,1,10.902439,14.076578,True,zones,A,save/zones/parietal
SimCLR,SimCLR-diffage-cosine,diffage,cosine,,parietal,all,age,linear_probe,4,2,7.125,16.186558,True,zones,A,save/zones/parietal
SimCLR,SimCLR-diffage-cosine,diffage,cosine,,parietal,all,age,linear_probe,4,3,31.799999,23.86688,True,zones,A,save/zones/parietal
SimCLR,SimCLR-diffage-cosine,diffage,cosine,,parietal,all,age,linear_probe,4,4,10.609756,15.221019,True,zones,A,save/zones/parietal
SimCLR,SimCLR-diffage-wasser,diffage,wasserstein,,parietal,all,age,linear_probe,4,0,12.185185,14.297187,True,zones,A,save/zones/parietal
SimCLR,SimCLR-diffage-wasser,diffage,wasserstein,,parietal,all,age,linear_probe,4,1,10.902439,12.914689,True,zones,A,save/zones/parietal
SimCLR,SimCLR-diffage-wasser,diffage,wasserstein,,parietal,all,age,linear_probe,4,2,7.125,14.936702,True,zones,A,save/zones/parietal
SimCLR,SimCLR-diffage-wasser,diffage,wasserstein,,parietal,all,age,linear_probe,4,3,31.799999,24.419338,True,zones,A,save/zones/parietal
SimCLR,SimCLR-diffage-wasser,diffage,wasserstein,,parietal,all,age,linear_probe,4,4,10.609756,15.303658,True,zones,A,save/zones/parietal
SimCLR,SimCLR-diffage-riemann,diffage,riemann,,parietal,all,age,linear_probe,4,0,12.185185,16.127382,True,zones,A,save/zones/parietal
SimCLR,SimCLR-diffage-riemann,diffage,riemann,,parietal,all,age,linear_probe,4,1,10.902439,14.683701,True,zones,A,save/zones/parietal
SimCLR,SimCLR-diffage-riemann,diffage,riemann,,parietal,all,age,linear_probe,4,2,7.125,15.7705,True,zones,A,save/zones/parietal
SimCLR,SimCLR-diffage-riemann,diffage,riemann,,parietal,all,age,linear_probe,4,3,31.799999,26.107683,True,zones,A,save/zones/parietal
SimCLR,SimCLR-diffage-riemann,diffage,riemann,,parietal,all,age,linear_probe,4,4,10.609756,14.378452,True,zones,A,save/zones/parietal
VAE,VAE,,,,parietal,all,age,linear_probe,4,0,12.185185,18.939054,True,zones,A,save/zones/parietal
VAE,VAE,,,,parietal,all,age,linear_probe,4,1,10.902439,18.746252,True,zones,A,save/zones/parietal
VAE,VAE,,,,parietal,all,age,linear_probe,4,2,7.125,19.167522,True,zones,A,save/zones/parietal
VAE,VAE,,,,parietal,all,age,linear_probe,4,3,31.799999,18.848261,True,zones,A,save/zones/parietal
VAE,VAE,,,,parietal,all,age,linear_probe,4,4,10.609756,19.13949,True,zones,A,save/zones/parietal
SimCLR,SimCLR,augment,,,parietal,all,age,fine_tuning,4,0,12.185185,11.335515,True,zones,A,save/zones/parietal
SimCLR,SimCLR,augment,,,parietal,all,age,fine_tuning,4,1,10.902439,11.076359,True,zones,A,save/zones/parietal
SimCLR,SimCLR,augment,,,parietal,all,age,fine_tuning,4,2,7.125,10.686464,True,zones,A,save/zones/parietal
SimCLR,SimCLR,augment,,,parietal,all,age,fine_tuning,4,3,31.799999,30.783964,True,zones,A,save/zones/parietal
SimCLR,SimCLR,augment,,,parietal,all,age,fine_tuning,4,4,10.609756,11.535104,True,zones,A,save/zones/parietal
SimCLR,SimCLR-nbr-cosine,nbr,cosine,,parietal,all,age,fine_tuning,4,0,12.185185,11.580107,True,zones,A,save/zones/parietal
SimCLR,SimCLR-nbr-cosine,nbr,cosine,,parietal,all,age,fine_tuning,4,1,10.902439,11.297291,True,zones,A,save/zones/parietal
SimCLR,SimCLR-nbr-cosine,nbr,cosine,,parietal,all,age,fine_tuning,4,2,7.125,11.663713,True,zones,A,save/zones/parietal
SimCLR,SimCLR-nbr-cosine,nbr,cosine,,parietal,all,age,fine_tuning,4,3,31.799999,32.740761,True,zones,A,save/zones/parietal
SimCLR,SimCLR-nbr-cosine,nbr,cosine,,parietal,all,age,fine_tuning,4,4,10.609756,12.245657,True,zones,A,save/zones/parietal
SimCLR,SimCLR-nbr-wasser,nbr,wasserstein,,parietal,all,age,fine_tuning,4,0,12.185185,10.900416,True,zones,A,save/zones/parietal
SimCLR,SimCLR-nbr-wasser,nbr,wasserstein,,parietal,all,age,fine_tuning,4,1,10.902439,11.61144,True,zones,A,save/zones/parietal
SimCLR,SimCLR-nbr-wasser,nbr,wasserstein,,parietal,all,age,fine_tuning,4,2,7.125,10.163536,True,zones,A,save/zones/parietal
SimCLR,SimCLR-nbr-wasser,nbr,wasserstein,,parietal,all,age,fine_tuning,4,3,31.799999,30.90941,True,zones,A,save/zones/parietal
SimCLR,SimCLR-nbr-wasser,nbr,wasserstein,,parietal,all,age,fine_tuning,4,4,10.609756,11.966549,True,zones,A,save/zones/parietal
SimCLR,SimCLR-nbr-riemann,nbr,riemann,,parietal,all,age,fine_tuning,4,0,12.185185,11.820849,True,zones,A,save/zones/parietal
SimCLR,SimCLR-nbr-riemann,nbr,riemann,,parietal,all,age,fine_tuning,4,1,10.902439,12.487792,True,zones,A,save/zones/parietal
SimCLR,SimCLR-nbr-riemann,nbr,riemann,,parietal,all,age,fine_tuning,4,2,7.125,10.964634,True,zones,A,save/zones/parietal
SimCLR,SimCLR-nbr-riemann,nbr,riemann,,parietal,all,age,fine_tuning,4,3,31.799999,32.627476,True,zones,A,save/zones/parietal
SimCLR,SimCLR-nbr-riemann,nbr,riemann,,parietal,all,age,fine_tuning,4,4,10.609756,13.132948,True,zones,A,save/zones/parietal
SimCLR,SimCLR-xsubj-cosine,xsubj,cosine,,parietal,all,age,fine_tuning,4,0,12.185185,11.107957,True,zones,A,save/zones/parietal
SimCLR,SimCLR-xsubj-cosine,xsubj,cosine,,parietal,all,age,fine_tuning,4,1,10.902439,11.411465,True,zones,A,save/zones/parietal
SimCLR,SimCLR-xsubj-cosine,xsubj,cosine,,parietal,all,age,fine_tuning,4,2,7.125,9.011184,True,zones,A,save/zones/parietal
SimCLR,SimCLR-xsubj-cosine,xsubj,cosine,,parietal,all,age,fine_tuning,4,3,31.799999,31.109772,True,zones,A,save/zones/parietal
SimCLR,SimCLR-xsubj-cosine,xsubj,cosine,,parietal,all,age,fine_tuning,4,4,10.609756,11.856534,True,zones,A,save/zones/parietal
SimCLR,SimCLR-xsubj-wasser,xsubj,wasserstein,,parietal,all,age,fine_tuning,4,0,12.185185,12.215302,True,zones,A,save/zones/parietal
SimCLR,SimCLR-xsubj-wasser,xsubj,wasserstein,,parietal,all,age,fine_tuning,4,1,10.902439,12.218786,True,zones,A,save/zones/parietal
SimCLR,SimCLR-xsubj-wasser,xsubj,wasserstein,,parietal,all,age,fine_tuning,4,2,7.125,9.750734,True,zones,A,save/zones/parietal
SimCLR,SimCLR-xsubj-wasser,xsubj,wasserstein,,parietal,all,age,fine_tuning,4,3,31.799999,32.301563,True,zones,A,save/zones/parietal
SimCLR,SimCLR-xsubj-wasser,xsubj,wasserstein,,parietal,all,age,fine_tuning,4,4,10.609756,12.762201,True,zones,A,save/zones/parietal
SimCLR,SimCLR-xsubj-riemann,xsubj,riemann,,parietal,all,age,fine_tuning,4,0,12.185185,12.136132,True,zones,A,save/zones/parietal
SimCLR,SimCLR-xsubj-riemann,xsubj,riemann,,parietal,all,age,fine_tuning,4,1,10.902439,12.304607,True,zones,A,save/zones/parietal
SimCLR,SimCLR-xsubj-riemann,xsubj,riemann,,parietal,all,age,fine_tuning,4,2,7.125,11.268418,True,zones,A,save/zones/parietal
SimCLR,SimCLR-xsubj-riemann,xsubj,riemann,,parietal,all,age,fine_tuning,4,3,31.799999,30.657448,True,zones,A,save/zones/parietal
SimCLR,SimCLR-xsubj-riemann,xsubj,riemann,,parietal,all,age,fine_tuning,4,4,10.609756,11.892444,True,zones,A,save/zones/parietal
SimCLR,SimCLR-diffage-cosine,diffage,cosine,,parietal,all,age,fine_tuning,4,0,12.185185,10.067566,True,zones,A,save/zones/parietal
SimCLR,SimCLR-diffage-cosine,diffage,cosine,,parietal,all,age,fine_tuning,4,1,10.902439,11.607526,True,zones,A,save/zones/parietal
SimCLR,SimCLR-diffage-cosine,diffage,cosine,,parietal,all,age,fine_tuning,4,2,7.125,8.832706,True,zones,A,save/zones/parietal
SimCLR,SimCLR-diffage-cosine,diffage,cosine,,parietal,all,age,fine_tuning,4,3,31.799999,30.309931,True,zones,A,save/zones/parietal
SimCLR,SimCLR-diffage-cosine,diffage,cosine,,parietal,all,age,fine_tuning,4,4,10.609756,11.058568,True,zones,A,save/zones/parietal
SimCLR,SimCLR-diffage-wasser,diffage,wasserstein,,parietal,all,age,fine_tuning,4,0,12.185185,10.669441,True,zones,A,save/zones/parietal
SimCLR,SimCLR-diffage-wasser,diffage,wasserstein,,parietal,all,age,fine_tuning,4,1,10.902439,11.421474,True,zones,A,save/zones/parietal
SimCLR,SimCLR-diffage-wasser,diffage,wasserstein,,parietal,all,age,fine_tuning,4,2,7.125,9.615734,True,zones,A,save/zones/parietal
SimCLR,SimCLR-diffage-wasser,diffage,wasserstein,,parietal,all,age,fine_tuning,4,3,31.799999,31.092894,True,zones,A,save/zones/parietal
SimCLR,SimCLR-diffage-wasser,diffage,wasserstein,,parietal,all,age,fine_tuning,4,4,10.609756,11.747755,True,zones,A,save/zones/parietal
SimCLR,SimCLR-diffage-riemann,diffage,riemann,,parietal,all,age,fine_tuning,4,0,12.185185,10.924848,True,zones,A,save/zones/parietal
SimCLR,SimCLR-diffage-riemann,diffage,riemann,,parietal,all,age,fine_tuning,4,1,10.902439,11.281354,True,zones,A,save/zones/parietal
SimCLR,SimCLR-diffage-riemann,diffage,riemann,,parietal,all,age,fine_tuning,4,2,7.125,8.774379,True,zones,A,save/zones/parietal
SimCLR,SimCLR-diffage-riemann,diffage,riemann,,parietal,all,age,fine_tuning,4,3,31.799999,30.725065,True,zones,A,save/zones/parietal
SimCLR,SimCLR-diffage-riemann,diffage,riemann,,parietal,all,age,fine_tuning,4,4,10.609756,12.591197,True,zones,A,save/zones/parietal
VAE,VAE,,,,parietal,all,age,fine_tuning,4,0,12.185185,11.720008,True,zones,A,save/zones/parietal
VAE,VAE,,,,parietal,all,age,fine_tuning,4,1,10.902439,12.776349,True,zones,A,save/zones/parietal
VAE,VAE,,,,parietal,all,age,fine_tuning,4,2,7.125,9.455152,True,zones,A,save/zones/parietal
VAE,VAE,,,,parietal,all,age,fine_tuning,4,3,31.799999,32.563347,True,zones,A,save/zones/parietal
VAE,VAE,,,,parietal,all,age,fine_tuning,4,4,10.609756,12.317128,True,zones,A,save/zones/parietal
SimCLR,SimCLR,augment,,,parietal,all,age,linear_probe,5,0,21.299999,21.386784,True,zones,A,save/zones/parietal
SimCLR,SimCLR,augment,,,parietal,all,age,linear_probe,5,1,16.439024,14.179605,True,zones,A,save/zones/parietal
SimCLR,SimCLR,augment,,,parietal,all,age,linear_probe,5,2,14.341772,16.200029,True,zones,A,save/zones/parietal
SimCLR,SimCLR,augment,,,parietal,all,age,linear_probe,5,3,22.196079,18.523897,True,zones,A,save/zones/parietal
SimCLR,SimCLR-nbr-cosine,nbr,cosine,,parietal,all,age,linear_probe,5,0,21.299999,22.072935,True,zones,A,save/zones/parietal
SimCLR,SimCLR-nbr-cosine,nbr,cosine,,parietal,all,age,linear_probe,5,1,16.439024,14.006132,True,zones,A,save/zones/parietal
SimCLR,SimCLR-nbr-cosine,nbr,cosine,,parietal,all,age,linear_probe,5,2,14.341772,16.235298,True,zones,A,save/zones/parietal
SimCLR,SimCLR-nbr-cosine,nbr,cosine,,parietal,all,age,linear_probe,5,3,22.196079,24.095573,True,zones,A,save/zones/parietal
SimCLR,SimCLR-nbr-wasser,nbr,wasserstein,,parietal,all,age,linear_probe,5,0,21.299999,22.909857,True,zones,A,save/zones/parietal
SimCLR,SimCLR-nbr-wasser,nbr,wasserstein,,parietal,all,age,linear_probe,5,1,16.439024,13.975764,True,zones,A,save/zones/parietal
SimCLR,SimCLR-nbr-wasser,nbr,wasserstein,,parietal,all,age,linear_probe,5,2,14.341772,16.427567,True,zones,A,save/zones/parietal
SimCLR,SimCLR-nbr-wasser,nbr,wasserstein,,parietal,all,age,linear_probe,5,3,22.196079,24.979265,True,zones,A,save/zones/parietal
SimCLR,SimCLR-nbr-riemann,nbr,riemann,,parietal,all,age,linear_probe,5,0,21.299999,22.161589,True,zones,A,save/zones/parietal
SimCLR,SimCLR-nbr-riemann,nbr,riemann,,parietal,all,age,linear_probe,5,1,16.439024,12.703337,True,zones,A,save/zones/parietal
SimCLR,SimCLR-nbr-riemann,nbr,riemann,,parietal,all,age,linear_probe,5,2,14.341772,14.276798,True,zones,A,save/zones/parietal
SimCLR,SimCLR-nbr-riemann,nbr,riemann,,parietal,all,age,linear_probe,5,3,22.196079,24.760891,True,zones,A,save/zones/parietal
SimCLR,SimCLR-xsubj-cosine,xsubj,cosine,,parietal,all,age,linear_probe,5,0,21.299999,22.127134,True,zones,A,save/zones/parietal
SimCLR,SimCLR-xsubj-cosine,xsubj,cosine,,parietal,all,age,linear_probe,5,1,16.439024,13.927798,True,zones,A,save/zones/parietal
SimCLR,SimCLR-xsubj-cosine,xsubj,cosine,,parietal,all,age,linear_probe,5,2,14.341772,15.619248,True,zones,A,save/zones/parietal
SimCLR,SimCLR-xsubj-cosine,xsubj,cosine,,parietal,all,age,linear_probe,5,3,22.196079,23.607613,True,zones,A,save/zones/parietal
SimCLR,SimCLR-xsubj-wasser,xsubj,wasserstein,,parietal,all,age,linear_probe,5,0,21.299999,23.528185,True,zones,A,save/zones/parietal
SimCLR,SimCLR-xsubj-wasser,xsubj,wasserstein,,parietal,all,age,linear_probe,5,1,16.439024,16.282759,True,zones,A,save/zones/parietal
SimCLR,SimCLR-xsubj-wasser,xsubj,wasserstein,,parietal,all,age,linear_probe,5,2,14.341772,16.145817,True,zones,A,save/zones/parietal
SimCLR,SimCLR-xsubj-wasser,xsubj,wasserstein,,parietal,all,age,linear_probe,5,3,22.196079,25.702072,True,zones,A,save/zones/parietal
SimCLR,SimCLR-xsubj-riemann,xsubj,riemann,,parietal,all,age,linear_probe,5,0,21.299999,25.852615,True,zones,A,save/zones/parietal
SimCLR,SimCLR-xsubj-riemann,xsubj,riemann,,parietal,all,age,linear_probe,5,1,16.439024,13.916958,True,zones,A,save/zones/parietal
SimCLR,SimCLR-xsubj-riemann,xsubj,riemann,,parietal,all,age,linear_probe,5,2,14.341772,16.347212,True,zones,A,save/zones/parietal
SimCLR,SimCLR-xsubj-riemann,xsubj,riemann,,parietal,all,age,linear_probe,5,3,22.196079,22.62315,True,zones,A,save/zones/parietal
SimCLR,SimCLR-diffage-cosine,diffage,cosine,,parietal,all,age,linear_probe,5,0,21.299999,27.377569,True,zones,A,save/zones/parietal
SimCLR,SimCLR-diffage-cosine,diffage,cosine,,parietal,all,age,linear_probe,5,1,16.439024,13.483929,True,zones,A,save/zones/parietal
SimCLR,SimCLR-diffage-cosine,diffage,cosine,,parietal,all,age,linear_probe,5,2,14.341772,17.321171,True,zones,A,save/zones/parietal
SimCLR,SimCLR-diffage-cosine,diffage,cosine,,parietal,all,age,linear_probe,5,3,22.196079,19.126677,True,zones,A,save/zones/parietal
SimCLR,SimCLR-diffage-wasser,diffage,wasserstein,,parietal,all,age,linear_probe,5,0,21.299999,24.967316,True,zones,A,save/zones/parietal
SimCLR,SimCLR-diffage-wasser,diffage,wasserstein,,parietal,all,age,linear_probe,5,1,16.439024,14.219875,True,zones,A,save/zones/parietal
SimCLR,SimCLR-diffage-wasser,diffage,wasserstein,,parietal,all,age,linear_probe,5,2,14.341772,16.822744,True,zones,A,save/zones/parietal
SimCLR,SimCLR-diffage-wasser,diffage,wasserstein,,parietal,all,age,linear_probe,5,3,22.196079,17.701151,True,zones,A,save/zones/parietal
SimCLR,SimCLR-diffage-riemann,diffage,riemann,,parietal,all,age,linear_probe,5,0,21.299999,25.049269,True,zones,A,save/zones/parietal
SimCLR,SimCLR-diffage-riemann,diffage,riemann,,parietal,all,age,linear_probe,5,1,16.439024,13.741696,True,zones,A,save/zones/parietal
SimCLR,SimCLR-diffage-riemann,diffage,riemann,,parietal,all,age,linear_probe,5,2,14.341772,17.925161,True,zones,A,save/zones/parietal
SimCLR,SimCLR-diffage-riemann,diffage,riemann,,parietal,all,age,linear_probe,5,3,22.196079,20.044258,True,zones,A,save/zones/parietal
VAE,VAE,,,,parietal,all,age,linear_probe,5,0,21.299999,19.105328,True,zones,A,save/zones/parietal
VAE,VAE,,,,parietal,all,age,linear_probe,5,1,16.439024,17.980165,True,zones,A,save/zones/parietal
VAE,VAE,,,,parietal,all,age,linear_probe,5,2,14.341772,18.530396,True,zones,A,save/zones/parietal
VAE,VAE,,,,parietal,all,age,linear_probe,5,3,22.196079,18.937149,True,zones,A,save/zones/parietal
SimCLR,SimCLR,augment,,,parietal,all,age,fine_tuning,5,0,21.299999,23.224367,True,zones,A,save/zones/parietal
SimCLR,SimCLR,augment,,,parietal,all,age,fine_tuning,5,1,16.439024,13.684915,True,zones,A,save/zones/parietal
SimCLR,SimCLR,augment,,,parietal,all,age,fine_tuning,5,2,14.341772,16.329041,True,zones,A,save/zones/parietal
SimCLR,SimCLR,augment,,,parietal,all,age,fine_tuning,5,3,22.196079,23.125282,True,zones,A,save/zones/parietal
SimCLR,SimCLR-nbr-cosine,nbr,cosine,,parietal,all,age,fine_tuning,5,0,21.299999,23.237309,True,zones,A,save/zones/parietal
SimCLR,SimCLR-nbr-cosine,nbr,cosine,,parietal,all,age,fine_tuning,5,1,16.439024,14.595432,True,zones,A,save/zones/parietal
SimCLR,SimCLR-nbr-cosine,nbr,cosine,,parietal,all,age,fine_tuning,5,2,14.341772,16.115843,True,zones,A,save/zones/parietal
SimCLR,SimCLR-nbr-cosine,nbr,cosine,,parietal,all,age,fine_tuning,5,3,22.196079,24.470535,True,zones,A,save/zones/parietal
SimCLR,SimCLR-nbr-wasser,nbr,wasserstein,,parietal,all,age,fine_tuning,5,0,21.299999,24.177055,True,zones,A,save/zones/parietal
SimCLR,SimCLR-nbr-wasser,nbr,wasserstein,,parietal,all,age,fine_tuning,5,1,16.439024,16.329967,True,zones,A,save/zones/parietal
SimCLR,SimCLR-nbr-wasser,nbr,wasserstein,,parietal,all,age,fine_tuning,5,2,14.341772,17.287821,True,zones,A,save/zones/parietal
SimCLR,SimCLR-nbr-wasser,nbr,wasserstein,,parietal,all,age,fine_tuning,5,3,22.196079,24.306652,True,zones,A,save/zones/parietal
SimCLR,SimCLR-nbr-riemann,nbr,riemann,,parietal,all,age,fine_tuning,5,0,21.299999,23.824278,True,zones,A,save/zones/parietal
SimCLR,SimCLR-nbr-riemann,nbr,riemann,,parietal,all,age,fine_tuning,5,1,16.439024,16.640089,True,zones,A,save/zones/parietal
SimCLR,SimCLR-nbr-riemann,nbr,riemann,,parietal,all,age,fine_tuning,5,2,14.341772,17.365574,True,zones,A,save/zones/parietal
SimCLR,SimCLR-nbr-riemann,nbr,riemann,,parietal,all,age,fine_tuning,5,3,22.196079,24.577883,True,zones,A,save/zones/parietal
SimCLR,SimCLR-xsubj-cosine,xsubj,cosine,,parietal,all,age,fine_tuning,5,0,21.299999,23.155354,True,zones,A,save/zones/parietal
SimCLR,SimCLR-xsubj-cosine,xsubj,cosine,,parietal,all,age,fine_tuning,5,1,16.439024,16.988226,True,zones,A,save/zones/parietal
SimCLR,SimCLR-xsubj-cosine,xsubj,cosine,,parietal,all,age,fine_tuning,5,2,14.341772,16.699562,True,zones,A,save/zones/parietal
SimCLR,SimCLR-xsubj-cosine,xsubj,cosine,,parietal,all,age,fine_tuning,5,3,22.196079,24.310751,True,zones,A,save/zones/parietal
SimCLR,SimCLR-xsubj-wasser,xsubj,wasserstein,,parietal,all,age,fine_tuning,5,0,21.299999,23.317301,True,zones,A,save/zones/parietal
SimCLR,SimCLR-xsubj-wasser,xsubj,wasserstein,,parietal,all,age,fine_tuning,5,1,16.439024,18.824463,True,zones,A,save/zones/parietal
SimCLR,SimCLR-xsubj-wasser,xsubj,wasserstein,,parietal,all,age,fine_tuning,5,2,14.341772,17.130898,True,zones,A,save/zones/parietal
SimCLR,SimCLR-xsubj-wasser,xsubj,wasserstein,,parietal,all,age,fine_tuning,5,3,22.196079,25.327158,True,zones,A,save/zones/parietal
SimCLR,SimCLR-xsubj-riemann,xsubj,riemann,,parietal,all,age,fine_tuning,5,0,21.299999,23.541615,True,zones,A,save/zones/parietal
SimCLR,SimCLR-xsubj-riemann,xsubj,riemann,,parietal,all,age,fine_tuning,5,1,16.439024,16.335409,True,zones,A,save/zones/parietal
SimCLR,SimCLR-xsubj-riemann,xsubj,riemann,,parietal,all,age,fine_tuning,5,2,14.341772,15.956351,True,zones,A,save/zones/parietal
SimCLR,SimCLR-xsubj-riemann,xsubj,riemann,,parietal,all,age,fine_tuning,5,3,22.196079,24.688404,True,zones,A,save/zones/parietal
SimCLR,SimCLR-diffage-cosine,diffage,cosine,,parietal,all,age,fine_tuning,5,0,21.299999,24.188,True,zones,A,save/zones/parietal
SimCLR,SimCLR-diffage-cosine,diffage,cosine,,parietal,all,age,fine_tuning,5,1,16.439024,16.209345,True,zones,A,save/zones/parietal
SimCLR,SimCLR-diffage-cosine,diffage,cosine,,parietal,all,age,fine_tuning,5,2,14.341772,17.36499,True,zones,A,save/zones/parietal
SimCLR,SimCLR-diffage-cosine,diffage,cosine,,parietal,all,age,fine_tuning,5,3,22.196079,23.894863,True,zones,A,save/zones/parietal
SimCLR,SimCLR-diffage-wasser,diffage,wasserstein,,parietal,all,age,fine_tuning,5,0,21.299999,24.330067,True,zones,A,save/zones/parietal
SimCLR,SimCLR-diffage-wasser,diffage,wasserstein,,parietal,all,age,fine_tuning,5,1,16.439024,12.825763,True,zones,A,save/zones/parietal
SimCLR,SimCLR-diffage-wasser,diffage,wasserstein,,parietal,all,age,fine_tuning,5,2,14.341772,16.596287,True,zones,A,save/zones/parietal
SimCLR,SimCLR-diffage-wasser,diffage,wasserstein,,parietal,all,age,fine_tuning,5,3,22.196079,22.311316,True,zones,A,save/zones/parietal
SimCLR,SimCLR-diffage-riemann,diffage,riemann,,parietal,all,age,fine_tuning,5,0,21.299999,24.327873,True,zones,A,save/zones/parietal
SimCLR,SimCLR-diffage-riemann,diffage,riemann,,parietal,all,age,fine_tuning,5,1,16.439024,15.442388,True,zones,A,save/zones/parietal
SimCLR,SimCLR-diffage-riemann,diffage,riemann,,parietal,all,age,fine_tuning,5,2,14.341772,16.779684,True,zones,A,save/zones/parietal
SimCLR,SimCLR-diffage-riemann,diffage,riemann,,parietal,all,age,fine_tuning,5,3,22.196079,24.725138,True,zones,A,save/zones/parietal
VAE,VAE,,,,parietal,all,age,fine_tuning,5,0,21.299999,23.742315,True,zones,A,save/zones/parietal
VAE,VAE,,,,parietal,all,age,fine_tuning,5,1,16.439024,16.303007,True,zones,A,save/zones/parietal
VAE,VAE,,,,parietal,all,age,fine_tuning,5,2,14.341772,17.270594,True,zones,A,save/zones/parietal
VAE,VAE,,,,parietal,all,age,fine_tuning,5,3,22.196079,24.930489,True,zones,A,save/zones/parietal
SimCLR,SimCLR,augment,,,parietal,all,age,linear_probe,6,0,23.77,17.946791,True,zones,A,save/zones/parietal
SimCLR,SimCLR,augment,,,parietal,all,age,linear_probe,6,1,10.272727,15.901312,True,zones,A,save/zones/parietal
SimCLR,SimCLR,augment,,,parietal,all,age,linear_probe,6,2,22.170732,20.319002,True,zones,A,save/zones/parietal
SimCLR,SimCLR,augment,,,parietal,all,age,linear_probe,6,3,11.014925,19.466251,True,zones,A,save/zones/parietal
SimCLR,SimCLR-nbr-cosine,nbr,cosine,,parietal,all,age,linear_probe,6,0,23.77,23.254761,True,zones,A,save/zones/parietal
SimCLR,SimCLR-nbr-cosine,nbr,cosine,,parietal,all,age,linear_probe,6,1,10.272727,14.96889,True,zones,A,save/zones/parietal
SimCLR,SimCLR-nbr-cosine,nbr,cosine,,parietal,all,age,linear_probe,6,2,22.170732,20.839201,True,zones,A,save/zones/parietal
SimCLR,SimCLR-nbr-cosine,nbr,cosine,,parietal,all,age,linear_probe,6,3,11.014925,14.097888,True,zones,A,save/zones/parietal
SimCLR,SimCLR-nbr-wasser,nbr,wasserstein,,parietal,all,age,linear_probe,6,0,23.77,23.700029,True,zones,A,save/zones/parietal
SimCLR,SimCLR-nbr-wasser,nbr,wasserstein,,parietal,all,age,linear_probe,6,1,10.272727,13.744104,True,zones,A,save/zones/parietal
SimCLR,SimCLR-nbr-wasser,nbr,wasserstein,,parietal,all,age,linear_probe,6,2,22.170732,22.186005,True,zones,A,save/zones/parietal
SimCLR,SimCLR-nbr-wasser,nbr,wasserstein,,parietal,all,age,linear_probe,6,3,11.014925,14.258445,True,zones,A,save/zones/parietal
SimCLR,SimCLR-nbr-riemann,nbr,riemann,,parietal,all,age,linear_probe,6,0,23.77,22.36515,True,zones,A,save/zones/parietal
SimCLR,SimCLR-nbr-riemann,nbr,riemann,,parietal,all,age,linear_probe,6,1,10.272727,13.423415,True,zones,A,save/zones/parietal
SimCLR,SimCLR-nbr-riemann,nbr,riemann,,parietal,all,age,linear_probe,6,2,22.170732,19.331455,True,zones,A,save/zones/parietal
SimCLR,SimCLR-nbr-riemann,nbr,riemann,,parietal,all,age,linear_probe,6,3,11.014925,14.4599,True,zones,A,save/zones/parietal
SimCLR,SimCLR-xsubj-cosine,xsubj,cosine,,parietal,all,age,linear_probe,6,0,23.77,22.167702,True,zones,A,save/zones/parietal
SimCLR,SimCLR-xsubj-cosine,xsubj,cosine,,parietal,all,age,linear_probe,6,1,10.272727,12.474255,True,zones,A,save/zones/parietal
SimCLR,SimCLR-xsubj-cosine,xsubj,cosine,,parietal,all,age,linear_probe,6,2,22.170732,19.66803,True,zones,A,save/zones/parietal
SimCLR,SimCLR-xsubj-cosine,xsubj,cosine,,parietal,all,age,linear_probe,6,3,11.014925,10.419555,True,zones,A,save/zones/parietal
SimCLR,SimCLR-xsubj-wasser,xsubj,wasserstein,,parietal,all,age,linear_probe,6,0,23.77,22.596491,True,zones,A,save/zones/parietal
SimCLR,SimCLR-xsubj-wasser,xsubj,wasserstein,,parietal,all,age,linear_probe,6,1,10.272727,13.671416,True,zones,A,save/zones/parietal
SimCLR,SimCLR-xsubj-wasser,xsubj,wasserstein,,parietal,all,age,linear_probe,6,2,22.170732,18.86964,True,zones,A,save/zones/parietal
SimCLR,SimCLR-xsubj-wasser,xsubj,wasserstein,,parietal,all,age,linear_probe,6,3,11.014925,15.335797,True,zones,A,save/zones/parietal
SimCLR,SimCLR-xsubj-riemann,xsubj,riemann,,parietal,all,age,linear_probe,6,0,23.77,20.287054,True,zones,A,save/zones/parietal
SimCLR,SimCLR-xsubj-riemann,xsubj,riemann,,parietal,all,age,linear_probe,6,1,10.272727,11.841076,True,zones,A,save/zones/parietal
SimCLR,SimCLR-xsubj-riemann,xsubj,riemann,,parietal,all,age,linear_probe,6,2,22.170732,19.013699,True,zones,A,save/zones/parietal
SimCLR,SimCLR-xsubj-riemann,xsubj,riemann,,parietal,all,age,linear_probe,6,3,11.014925,14.009372,True,zones,A,save/zones/parietal
SimCLR,SimCLR-diffage-cosine,diffage,cosine,,parietal,all,age,linear_probe,6,0,23.77,23.722185,True,zones,A,save/zones/parietal
SimCLR,SimCLR-diffage-cosine,diffage,cosine,,parietal,all,age,linear_probe,6,1,10.272727,14.490927,True,zones,A,save/zones/parietal
SimCLR,SimCLR-diffage-cosine,diffage,cosine,,parietal,all,age,linear_probe,6,2,22.170732,20.019043,True,zones,A,save/zones/parietal
SimCLR,SimCLR-diffage-cosine,diffage,cosine,,parietal,all,age,linear_probe,6,3,11.014925,15.53088,True,zones,A,save/zones/parietal
SimCLR,SimCLR-diffage-wasser,diffage,wasserstein,,parietal,all,age,linear_probe,6,0,23.77,25.566917,True,zones,A,save/zones/parietal
SimCLR,SimCLR-diffage-wasser,diffage,wasserstein,,parietal,all,age,linear_probe,6,1,10.272727,16.860435,True,zones,A,save/zones/parietal
SimCLR,SimCLR-diffage-wasser,diffage,wasserstein,,parietal,all,age,linear_probe,6,2,22.170732,22.503481,True,zones,A,save/zones/parietal
SimCLR,SimCLR-diffage-wasser,diffage,wasserstein,,parietal,all,age,linear_probe,6,3,11.014925,16.106335,True,zones,A,save/zones/parietal
SimCLR,SimCLR-diffage-riemann,diffage,riemann,,parietal,all,age,linear_probe,6,0,23.77,26.016037,True,zones,A,save/zones/parietal
SimCLR,SimCLR-diffage-riemann,diffage,riemann,,parietal,all,age,linear_probe,6,1,10.272727,13.633343,True,zones,A,save/zones/parietal
SimCLR,SimCLR-diffage-riemann,diffage,riemann,,parietal,all,age,linear_probe,6,2,22.170732,22.248631,True,zones,A,save/zones/parietal
SimCLR,SimCLR-diffage-riemann,diffage,riemann,,parietal,all,age,linear_probe,6,3,11.014925,16.917747,True,zones,A,save/zones/parietal
VAE,VAE,,,,parietal,all,age,linear_probe,6,0,23.77,19.281279,True,zones,A,save/zones/parietal
VAE,VAE,,,,parietal,all,age,linear_probe,6,1,10.272727,18.860115,True,zones,A,save/zones/parietal
VAE,VAE,,,,parietal,all,age,linear_probe,6,2,22.170732,19.16745,True,zones,A,save/zones/parietal
VAE,VAE,,,,parietal,all,age,linear_probe,6,3,11.014925,18.886786,True,zones,A,save/zones/parietal
SimCLR,SimCLR,augment,,,parietal,all,age,fine_tuning,6,0,23.77,23.564098,True,zones,A,save/zones/parietal
SimCLR,SimCLR,augment,,,parietal,all,age,fine_tuning,6,1,10.272727,10.092246,True,zones,A,save/zones/parietal
SimCLR,SimCLR,augment,,,parietal,all,age,fine_tuning,6,2,22.170732,21.265974,True,zones,A,save/zones/parietal
SimCLR,SimCLR,augment,,,parietal,all,age,fine_tuning,6,3,11.014925,9.924766,True,zones,A,save/zones/parietal
SimCLR,SimCLR-nbr-cosine,nbr,cosine,,parietal,all,age,fine_tuning,6,0,23.77,23.855175,True,zones,A,save/zones/parietal
SimCLR,SimCLR-nbr-cosine,nbr,cosine,,parietal,all,age,fine_tuning,6,1,10.272727,8.552906,True,zones,A,save/zones/parietal
SimCLR,SimCLR-nbr-cosine,nbr,cosine,,parietal,all,age,fine_tuning,6,2,22.170732,21.268707,True,zones,A,save/zones/parietal
SimCLR,SimCLR-nbr-cosine,nbr,cosine,,parietal,all,age,fine_tuning,6,3,11.014925,9.316847,True,zones,A,save/zones/parietal
SimCLR,SimCLR-nbr-wasser,nbr,wasserstein,,parietal,all,age,fine_tuning,6,0,23.77,22.704771,True,zones,A,save/zones/parietal
SimCLR,SimCLR-nbr-wasser,nbr,wasserstein,,parietal,all,age,fine_tuning,6,1,10.272727,10.922839,True,zones,A,save/zones/parietal
SimCLR,SimCLR-nbr-wasser,nbr,wasserstein,,parietal,all,age,fine_tuning,6,2,22.170732,21.316946,True,zones,A,save/zones/parietal
SimCLR,SimCLR-nbr-wasser,nbr,wasserstein,,parietal,all,age,fine_tuning,6,3,11.014925,9.919617,True,zones,A,save/zones/parietal
SimCLR,SimCLR-nbr-riemann,nbr,riemann,,parietal,all,age,fine_tuning,6,0,23.77,23.404175,True,zones,A,save/zones/parietal
SimCLR,SimCLR-nbr-riemann,nbr,riemann,,parietal,all,age,fine_tuning,6,1,10.272727,9.503679,True,zones,A,save/zones/parietal
SimCLR,SimCLR-nbr-riemann,nbr,riemann,,parietal,all,age,fine_tuning,6,2,22.170732,21.286415,True,zones,A,save/zones/parietal
SimCLR,SimCLR-nbr-riemann,nbr,riemann,,parietal,all,age,fine_tuning,6,3,11.014925,9.663442,True,zones,A,save/zones/parietal
SimCLR,SimCLR-xsubj-cosine,xsubj,cosine,,parietal,all,age,fine_tuning,6,0,23.77,23.483522,True,zones,A,save/zones/parietal
SimCLR,SimCLR-xsubj-cosine,xsubj,cosine,,parietal,all,age,fine_tuning,6,1,10.272727,8.938528,True,zones,A,save/zones/parietal
SimCLR,SimCLR-xsubj-cosine,xsubj,cosine,,parietal,all,age,fine_tuning,6,2,22.170732,21.41984,True,zones,A,save/zones/parietal
SimCLR,SimCLR-xsubj-cosine,xsubj,cosine,,parietal,all,age,fine_tuning,6,3,11.014925,8.468783,True,zones,A,save/zones/parietal
SimCLR,SimCLR-xsubj-wasser,xsubj,wasserstein,,parietal,all,age,fine_tuning,6,0,23.77,22.7845,True,zones,A,save/zones/parietal
SimCLR,SimCLR-xsubj-wasser,xsubj,wasserstein,,parietal,all,age,fine_tuning,6,1,10.272727,10.076698,True,zones,A,save/zones/parietal
SimCLR,SimCLR-xsubj-wasser,xsubj,wasserstein,,parietal,all,age,fine_tuning,6,2,22.170732,21.440437,True,zones,A,save/zones/parietal
SimCLR,SimCLR-xsubj-wasser,xsubj,wasserstein,,parietal,all,age,fine_tuning,6,3,11.014925,9.69281,True,zones,A,save/zones/parietal
SimCLR,SimCLR-xsubj-riemann,xsubj,riemann,,parietal,all,age,fine_tuning,6,0,23.77,23.3575,True,zones,A,save/zones/parietal
SimCLR,SimCLR-xsubj-riemann,xsubj,riemann,,parietal,all,age,fine_tuning,6,1,10.272727,9.273574,True,zones,A,save/zones/parietal
SimCLR,SimCLR-xsubj-riemann,xsubj,riemann,,parietal,all,age,fine_tuning,6,2,22.170732,20.973227,True,zones,A,save/zones/parietal
SimCLR,SimCLR-xsubj-riemann,xsubj,riemann,,parietal,all,age,fine_tuning,6,3,11.014925,10.418712,True,zones,A,save/zones/parietal
SimCLR,SimCLR-diffage-cosine,diffage,cosine,,parietal,all,age,fine_tuning,6,0,23.77,21.609207,True,zones,A,save/zones/parietal
SimCLR,SimCLR-diffage-cosine,diffage,cosine,,parietal,all,age,fine_tuning,6,1,10.272727,9.38133,True,zones,A,save/zones/parietal
SimCLR,SimCLR-diffage-cosine,diffage,cosine,,parietal,all,age,fine_tuning,6,2,22.170732,20.05537,True,zones,A,save/zones/parietal
SimCLR,SimCLR-diffage-cosine,diffage,cosine,,parietal,all,age,fine_tuning,6,3,11.014925,9.12289,True,zones,A,save/zones/parietal
SimCLR,SimCLR-diffage-wasser,diffage,wasserstein,,parietal,all,age,fine_tuning,6,0,23.77,22.981186,True,zones,A,save/zones/parietal
SimCLR,SimCLR-diffage-wasser,diffage,wasserstein,,parietal,all,age,fine_tuning,6,1,10.272727,10.180694,True,zones,A,save/zones/parietal
SimCLR,SimCLR-diffage-wasser,diffage,wasserstein,,parietal,all,age,fine_tuning,6,2,22.170732,21.15192,True,zones,A,save/zones/parietal
SimCLR,SimCLR-diffage-wasser,diffage,wasserstein,,parietal,all,age,fine_tuning,6,3,11.014925,9.104794,True,zones,A,save/zones/parietal
SimCLR,SimCLR-diffage-riemann,diffage,riemann,,parietal,all,age,fine_tuning,6,0,23.77,23.270771,True,zones,A,save/zones/parietal
SimCLR,SimCLR-diffage-riemann,diffage,riemann,,parietal,all,age,fine_tuning,6,1,10.272727,9.714931,True,zones,A,save/zones/parietal
SimCLR,SimCLR-diffage-riemann,diffage,riemann,,parietal,all,age,fine_tuning,6,2,22.170732,20.403006,True,zones,A,save/zones/parietal
SimCLR,SimCLR-diffage-riemann,diffage,riemann,,parietal,all,age,fine_tuning,6,3,11.014925,7.931633,True,zones,A,save/zones/parietal
VAE,VAE,,,,parietal,all,age,fine_tuning,6,0,23.77,23.006626,True,zones,A,save/zones/parietal
VAE,VAE,,,,parietal,all,age,fine_tuning,6,1,10.272727,8.979178,True,zones,A,save/zones/parietal
VAE,VAE,,,,parietal,all,age,fine_tuning,6,2,22.170732,20.460573,True,zones,A,save/zones/parietal
VAE,VAE,,,,parietal,all,age,fine_tuning,6,3,11.014925,8.332726,True,zones,A,save/zones/parietal
SimCLR,SimCLR,augment,,,parietal,all,age,linear_probe,7,0,22.506172,20.546972,True,zones,A,save/zones/parietal
SimCLR,SimCLR,augment,,,parietal,all,age,linear_probe,7,1,18.200001,14.921203,True,zones,A,save/zones/parietal
SimCLR,SimCLR,augment,,,parietal,all,age,linear_probe,7,2,17.319635,16.058279,True,zones,A,save/zones/parietal
SimCLR,SimCLR,augment,,,parietal,all,age,linear_probe,7,3,20.962963,17.15868,True,zones,A,save/zones/parietal
SimCLR,SimCLR-nbr-cosine,nbr,cosine,,parietal,all,age,linear_probe,7,0,22.506172,22.907173,True,zones,A,save/zones/parietal
SimCLR,SimCLR-nbr-cosine,nbr,cosine,,parietal,all,age,linear_probe,7,1,18.200001,13.158385,True,zones,A,save/zones/parietal
SimCLR,SimCLR-nbr-cosine,nbr,cosine,,parietal,all,age,linear_probe,7,2,17.319635,16.425011,True,zones,A,save/zones/parietal
SimCLR,SimCLR-nbr-cosine,nbr,cosine,,parietal,all,age,linear_probe,7,3,20.962963,21.76158,True,zones,A,save/zones/parietal
SimCLR,SimCLR-nbr-wasser,nbr,wasserstein,,parietal,all,age,linear_probe,7,0,22.506172,22.583715,True,zones,A,save/zones/parietal
SimCLR,SimCLR-nbr-wasser,nbr,wasserstein,,parietal,all,age,linear_probe,7,1,18.200001,13.422131,True,zones,A,save/zones/parietal
SimCLR,SimCLR-nbr-wasser,nbr,wasserstein,,parietal,all,age,linear_probe,7,2,17.319635,16.38015,True,zones,A,save/zones/parietal
SimCLR,SimCLR-nbr-wasser,nbr,wasserstein,,parietal,all,age,linear_probe,7,3,20.962963,21.688057,True,zones,A,save/zones/parietal
SimCLR,SimCLR-nbr-riemann,nbr,riemann,,parietal,all,age,linear_probe,7,0,22.506172,23.858545,True,zones,A,save/zones/parietal
SimCLR,SimCLR-nbr-riemann,nbr,riemann,,parietal,all,age,linear_probe,7,1,18.200001,13.298498,True,zones,A,save/zones/parietal
SimCLR,SimCLR-nbr-riemann,nbr,riemann,,parietal,all,age,linear_probe,7,2,17.319635,16.303879,True,zones,A,save/zones/parietal
SimCLR,SimCLR-nbr-riemann,nbr,riemann,,parietal,all,age,linear_probe,7,3,20.962963,21.771793,True,zones,A,save/zones/parietal
SimCLR,SimCLR-xsubj-cosine,xsubj,cosine,,parietal,all,age,linear_probe,7,0,22.506172,22.627712,True,zones,A,save/zones/parietal
SimCLR,SimCLR-xsubj-cosine,xsubj,cosine,,parietal,all,age,linear_probe,7,1,18.200001,11.45812,True,zones,A,save/zones/parietal
SimCLR,SimCLR-xsubj-cosine,xsubj,cosine,,parietal,all,age,linear_probe,7,2,17.319635,15.217254,True,zones,A,save/zones/parietal
SimCLR,SimCLR-xsubj-cosine,xsubj,cosine,,parietal,all,age,linear_probe,7,3,20.962963,20.367243,True,zones,A,save/zones/parietal
SimCLR,SimCLR-xsubj-wasser,xsubj,wasserstein,,parietal,all,age,linear_probe,7,0,22.506172,21.163721,True,zones,A,save/zones/parietal
SimCLR,SimCLR-xsubj-wasser,xsubj,wasserstein,,parietal,all,age,linear_probe,7,1,18.200001,14.909327,True,zones,A,save/zones/parietal
SimCLR,SimCLR-xsubj-wasser,xsubj,wasserstein,,parietal,all,age,linear_probe,7,2,17.319635,16.809338,True,zones,A,save/zones/parietal
SimCLR,SimCLR-xsubj-wasser,xsubj,wasserstein,,parietal,all,age,linear_probe,7,3,20.962963,20.970425,True,zones,A,save/zones/parietal
SimCLR,SimCLR-xsubj-riemann,xsubj,riemann,,parietal,all,age,linear_probe,7,0,22.506172,22.505482,True,zones,A,save/zones/parietal
SimCLR,SimCLR-xsubj-riemann,xsubj,riemann,,parietal,all,age,linear_probe,7,1,18.200001,11.438281,True,zones,A,save/zones/parietal
SimCLR,SimCLR-xsubj-riemann,xsubj,riemann,,parietal,all,age,linear_probe,7,2,17.319635,15.935057,True,zones,A,save/zones/parietal
SimCLR,SimCLR-xsubj-riemann,xsubj,riemann,,parietal,all,age,linear_probe,7,3,20.962963,20.157288,True,zones,A,save/zones/parietal
SimCLR,SimCLR-diffage-cosine,diffage,cosine,,parietal,all,age,linear_probe,7,0,22.506172,20.066254,True,zones,A,save/zones/parietal
SimCLR,SimCLR-diffage-cosine,diffage,cosine,,parietal,all,age,linear_probe,7,1,18.200001,13.91094,True,zones,A,save/zones/parietal
SimCLR,SimCLR-diffage-cosine,diffage,cosine,,parietal,all,age,linear_probe,7,2,17.319635,16.87182,True,zones,A,save/zones/parietal
SimCLR,SimCLR-diffage-cosine,diffage,cosine,,parietal,all,age,linear_probe,7,3,20.962963,21.206316,True,zones,A,save/zones/parietal
SimCLR,SimCLR-diffage-wasser,diffage,wasserstein,,parietal,all,age,linear_probe,7,0,22.506172,22.264624,True,zones,A,save/zones/parietal
SimCLR,SimCLR-diffage-wasser,diffage,wasserstein,,parietal,all,age,linear_probe,7,1,18.200001,10.212893,True,zones,A,save/zones/parietal
SimCLR,SimCLR-diffage-wasser,diffage,wasserstein,,parietal,all,age,linear_probe,7,2,17.319635,15.114489,True,zones,A,save/zones/parietal
SimCLR,SimCLR-diffage-wasser,diffage,wasserstein,,parietal,all,age,linear_probe,7,3,20.962963,21.238859,True,zones,A,save/zones/parietal
SimCLR,SimCLR-diffage-riemann,diffage,riemann,,parietal,all,age,linear_probe,7,0,22.506172,22.671017,True,zones,A,save/zones/parietal
SimCLR,SimCLR-diffage-riemann,diffage,riemann,,parietal,all,age,linear_probe,7,1,18.200001,10.648532,True,zones,A,save/zones/parietal
SimCLR,SimCLR-diffage-riemann,diffage,riemann,,parietal,all,age,linear_probe,7,2,17.319635,15.048817,True,zones,A,save/zones/parietal
SimCLR,SimCLR-diffage-riemann,diffage,riemann,,parietal,all,age,linear_probe,7,3,20.962963,20.135408,True,zones,A,save/zones/parietal
VAE,VAE,,,,parietal,all,age,linear_probe,7,0,22.506172,18.376423,True,zones,A,save/zones/parietal
VAE,VAE,,,,parietal,all,age,linear_probe,7,1,18.200001,17.783915,True,zones,A,save/zones/parietal
VAE,VAE,,,,parietal,all,age,linear_probe,7,2,17.319635,17.984081,True,zones,A,save/zones/parietal
VAE,VAE,,,,parietal,all,age,linear_probe,7,3,20.962963,18.761631,True,zones,A,save/zones/parietal
SimCLR,SimCLR,augment,,,parietal,all,age,fine_tuning,7,0,22.506172,24.339445,True,zones,A,save/zones/parietal
SimCLR,SimCLR,augment,,,parietal,all,age,fine_tuning,7,1,18.200001,12.560912,True,zones,A,save/zones/parietal
SimCLR,SimCLR,augment,,,parietal,all,age,fine_tuning,7,2,17.319635,16.313173,True,zones,A,save/zones/parietal
SimCLR,SimCLR,augment,,,parietal,all,age,fine_tuning,7,3,20.962963,19.437714,True,zones,A,save/zones/parietal
SimCLR,SimCLR-nbr-cosine,nbr,cosine,,parietal,all,age,fine_tuning,7,0,22.506172,24.805847,True,zones,A,save/zones/parietal
SimCLR,SimCLR-nbr-cosine,nbr,cosine,,parietal,all,age,fine_tuning,7,1,18.200001,10.673705,True,zones,A,save/zones/parietal
SimCLR,SimCLR-nbr-cosine,nbr,cosine,,parietal,all,age,fine_tuning,7,2,17.319635,16.096491,True,zones,A,save/zones/parietal
SimCLR,SimCLR-nbr-cosine,nbr,cosine,,parietal,all,age,fine_tuning,7,3,20.962963,19.262354,True,zones,A,save/zones/parietal
SimCLR,SimCLR-nbr-wasser,nbr,wasserstein,,parietal,all,age,fine_tuning,7,0,22.506172,26.303263,True,zones,A,save/zones/parietal
SimCLR,SimCLR-nbr-wasser,nbr,wasserstein,,parietal,all,age,fine_tuning,7,1,18.200001,10.863211,True,zones,A,save/zones/parietal
SimCLR,SimCLR-nbr-wasser,nbr,wasserstein,,parietal,all,age,fine_tuning,7,2,17.319635,15.712139,True,zones,A,save/zones/parietal
SimCLR,SimCLR-nbr-wasser,nbr,wasserstein,,parietal,all,age,fine_tuning,7,3,20.962963,18.925837,True,zones,A,save/zones/parietal
SimCLR,SimCLR-nbr-riemann,nbr,riemann,,parietal,all,age,fine_tuning,7,0,22.506172,23.795536,True,zones,A,save/zones/parietal
SimCLR,SimCLR-nbr-riemann,nbr,riemann,,parietal,all,age,fine_tuning,7,1,18.200001,12.390122,True,zones,A,save/zones/parietal
SimCLR,SimCLR-nbr-riemann,nbr,riemann,,parietal,all,age,fine_tuning,7,2,17.319635,17.317917,True,zones,A,save/zones/parietal
SimCLR,SimCLR-nbr-riemann,nbr,riemann,,parietal,all,age,fine_tuning,7,3,20.962963,20.038805,True,zones,A,save/zones/parietal
SimCLR,SimCLR-xsubj-cosine,xsubj,cosine,,parietal,all,age,fine_tuning,7,0,22.506172,23.65868,True,zones,A,save/zones/parietal
SimCLR,SimCLR-xsubj-cosine,xsubj,cosine,,parietal,all,age,fine_tuning,7,1,18.200001,11.205142,True,zones,A,save/zones/parietal
SimCLR,SimCLR-xsubj-cosine,xsubj,cosine,,parietal,all,age,fine_tuning,7,2,17.319635,16.968349,True,zones,A,save/zones/parietal
SimCLR,SimCLR-xsubj-cosine,xsubj,cosine,,parietal,all,age,fine_tuning,7,3,20.962963,20.170364,True,zones,A,save/zones/parietal
SimCLR,SimCLR-xsubj-wasser,xsubj,wasserstein,,parietal,all,age,fine_tuning,7,0,22.506172,25.973743,True,zones,A,save/zones/parietal
SimCLR,SimCLR-xsubj-wasser,xsubj,wasserstein,,parietal,all,age,fine_tuning,7,1,18.200001,13.212998,True,zones,A,save/zones/parietal
SimCLR,SimCLR-xsubj-wasser,xsubj,wasserstein,,parietal,all,age,fine_tuning,7,2,17.319635,16.53492,True,zones,A,save/zones/parietal
SimCLR,SimCLR-xsubj-wasser,xsubj,wasserstein,,parietal,all,age,fine_tuning,7,3,20.962963,19.876425,True,zones,A,save/zones/parietal
SimCLR,SimCLR-xsubj-riemann,xsubj,riemann,,parietal,all,age,fine_tuning,7,0,22.506172,20.847509,True,zones,A,save/zones/parietal
SimCLR,SimCLR-xsubj-riemann,xsubj,riemann,,parietal,all,age,fine_tuning,7,1,18.200001,9.524517,True,zones,A,save/zones/parietal
SimCLR,SimCLR-xsubj-riemann,xsubj,riemann,,parietal,all,age,fine_tuning,7,2,17.319635,15.943795,True,zones,A,save/zones/parietal
SimCLR,SimCLR-xsubj-riemann,xsubj,riemann,,parietal,all,age,fine_tuning,7,3,20.962963,18.247646,True,zones,A,save/zones/parietal
SimCLR,SimCLR-diffage-cosine,diffage,cosine,,parietal,all,age,fine_tuning,7,0,22.506172,20.706675,True,zones,A,save/zones/parietal
SimCLR,SimCLR-diffage-cosine,diffage,cosine,,parietal,all,age,fine_tuning,7,1,18.200001,12.249905,True,zones,A,save/zones/parietal
SimCLR,SimCLR-diffage-cosine,diffage,cosine,,parietal,all,age,fine_tuning,7,2,17.319635,16.488745,True,zones,A,save/zones/parietal
SimCLR,SimCLR-diffage-cosine,diffage,cosine,,parietal,all,age,fine_tuning,7,3,20.962963,19.681097,True,zones,A,save/zones/parietal
SimCLR,SimCLR-diffage-wasser,diffage,wasserstein,,parietal,all,age,fine_tuning,7,0,22.506172,23.503098,True,zones,A,save/zones/parietal
SimCLR,SimCLR-diffage-wasser,diffage,wasserstein,,parietal,all,age,fine_tuning,7,1,18.200001,12.982938,True,zones,A,save/zones/parietal
SimCLR,SimCLR-diffage-wasser,diffage,wasserstein,,parietal,all,age,fine_tuning,7,2,17.319635,17.206944,True,zones,A,save/zones/parietal
SimCLR,SimCLR-diffage-wasser,diffage,wasserstein,,parietal,all,age,fine_tuning,7,3,20.962963,19.653122,True,zones,A,save/zones/parietal
SimCLR,SimCLR-diffage-riemann,diffage,riemann,,parietal,all,age,fine_tuning,7,0,22.506172,21.441984,True,zones,A,save/zones/parietal
SimCLR,SimCLR-diffage-riemann,diffage,riemann,,parietal,all,age,fine_tuning,7,1,18.200001,12.809069,True,zones,A,save/zones/parietal
SimCLR,SimCLR-diffage-riemann,diffage,riemann,,parietal,all,age,fine_tuning,7,2,17.319635,16.465401,True,zones,A,save/zones/parietal
SimCLR,SimCLR-diffage-riemann,diffage,riemann,,parietal,all,age,fine_tuning,7,3,20.962963,20.979399,True,zones,A,save/zones/parietal
VAE,VAE,,,,parietal,all,age,fine_tuning,7,0,22.506172,24.232885,True,zones,A,save/zones/parietal
VAE,VAE,,,,parietal,all,age,fine_tuning,7,1,18.200001,12.518525,True,zones,A,save/zones/parietal
VAE,VAE,,,,parietal,all,age,fine_tuning,7,2,17.319635,16.318384,True,zones,A,save/zones/parietal
VAE,VAE,,,,parietal,all,age,fine_tuning,7,3,20.962963,19.176859,True,zones,A,save/zones/parietal
SimCLR,SimCLR,augment,,,parietal,all,age,linear_probe,8,0,25.25,21.141253,True,zones,A,save/zones/parietal
SimCLR,SimCLR,augment,,,parietal,all,age,linear_probe,8,1,19.92,17.505619,True,zones,A,save/zones/parietal
SimCLR,SimCLR,augment,,,parietal,all,age,linear_probe,8,2,22.776316,20.264795,True,zones,A,save/zones/parietal
SimCLR,SimCLR,augment,,,parietal,all,age,linear_probe,8,3,13.230769,19.44788,True,zones,A,save/zones/parietal
SimCLR,SimCLR-nbr-cosine,nbr,cosine,,parietal,all,age,linear_probe,8,0,25.25,22.072412,True,zones,A,save/zones/parietal
SimCLR,SimCLR-nbr-cosine,nbr,cosine,,parietal,all,age,linear_probe,8,1,19.92,21.136534,True,zones,A,save/zones/parietal
SimCLR,SimCLR-nbr-cosine,nbr,cosine,,parietal,all,age,linear_probe,8,2,22.776316,20.763052,True,zones,A,save/zones/parietal
SimCLR,SimCLR-nbr-cosine,nbr,cosine,,parietal,all,age,linear_probe,8,3,13.230769,13.63118,True,zones,A,save/zones/parietal
SimCLR,SimCLR-nbr-wasser,nbr,wasserstein,,parietal,all,age,linear_probe,8,0,25.25,25.995178,True,zones,A,save/zones/parietal
SimCLR,SimCLR-nbr-wasser,nbr,wasserstein,,parietal,all,age,linear_probe,8,1,19.92,21.025537,True,zones,A,save/zones/parietal
SimCLR,SimCLR-nbr-wasser,nbr,wasserstein,,parietal,all,age,linear_probe,8,2,22.776316,18.93812,True,zones,A,save/zones/parietal
SimCLR,SimCLR-nbr-wasser,nbr,wasserstein,,parietal,all,age,linear_probe,8,3,13.230769,16.160904,True,zones,A,save/zones/parietal
SimCLR,SimCLR-nbr-riemann,nbr,riemann,,parietal,all,age,linear_probe,8,0,25.25,24.81159,True,zones,A,save/zones/parietal
SimCLR,SimCLR-nbr-riemann,nbr,riemann,,parietal,all,age,linear_probe,8,1,19.92,22.044189,True,zones,A,save/zones/parietal
SimCLR,SimCLR-nbr-riemann,nbr,riemann,,parietal,all,age,linear_probe,8,2,22.776316,19.2041,True,zones,A,save/zones/parietal
SimCLR,SimCLR-nbr-riemann,nbr,riemann,,parietal,all,age,linear_probe,8,3,13.230769,15.142091,True,zones,A,save/zones/parietal
SimCLR,SimCLR-xsubj-cosine,xsubj,cosine,,parietal,all,age,linear_probe,8,0,25.25,21.642029,True,zones,A,save/zones/parietal
SimCLR,SimCLR-xsubj-cosine,xsubj,cosine,,parietal,all,age,linear_probe,8,1,19.92,18.532618,True,zones,A,save/zones/parietal
SimCLR,SimCLR-xsubj-cosine,xsubj,cosine,,parietal,all,age,linear_probe,8,2,22.776316,22.44718,True,zones,A,save/zones/parietal
SimCLR,SimCLR-xsubj-cosine,xsubj,cosine,,parietal,all,age,linear_probe,8,3,13.230769,15.346695,True,zones,A,save/zones/parietal
SimCLR,SimCLR-xsubj-wasser,xsubj,wasserstein,,parietal,all,age,linear_probe,8,0,25.25,22.759195,True,zones,A,save/zones/parietal
SimCLR,SimCLR-xsubj-wasser,xsubj,wasserstein,,parietal,all,age,linear_probe,8,1,19.92,21.720314,True,zones,A,save/zones/parietal
SimCLR,SimCLR-xsubj-wasser,xsubj,wasserstein,,parietal,all,age,linear_probe,8,2,22.776316,22.530233,True,zones,A,save/zones/parietal
SimCLR,SimCLR-xsubj-wasser,xsubj,wasserstein,,parietal,all,age,linear_probe,8,3,13.230769,15.9531,True,zones,A,save/zones/parietal
SimCLR,SimCLR-xsubj-riemann,xsubj,riemann,,parietal,all,age,linear_probe,8,0,25.25,20.095177,True,zones,A,save/zones/parietal
SimCLR,SimCLR-xsubj-riemann,xsubj,riemann,,parietal,all,age,linear_probe,8,1,19.92,20.941139,True,zones,A,save/zones/parietal
SimCLR,SimCLR-xsubj-riemann,xsubj,riemann,,parietal,all,age,linear_probe,8,2,22.776316,19.007833,True,zones,A,save/zones/parietal
SimCLR,SimCLR-xsubj-riemann,xsubj,riemann,,parietal,all,age,linear_probe,8,3,13.230769,13.415759,True,zones,A,save/zones/parietal
SimCLR,SimCLR-diffage-cosine,diffage,cosine,,parietal,all,age,linear_probe,8,0,25.25,23.402084,True,zones,A,save/zones/parietal
SimCLR,SimCLR-diffage-cosine,diffage,cosine,,parietal,all,age,linear_probe,8,1,19.92,17.820379,True,zones,A,save/zones/parietal
SimCLR,SimCLR-diffage-cosine,diffage,cosine,,parietal,all,age,linear_probe,8,2,22.776316,25.78437,True,zones,A,save/zones/parietal
SimCLR,SimCLR-diffage-cosine,diffage,cosine,,parietal,all,age,linear_probe,8,3,13.230769,16.506516,True,zones,A,save/zones/parietal
SimCLR,SimCLR-diffage-wasser,diffage,wasserstein,,parietal,all,age,linear_probe,8,0,25.25,25.010786,True,zones,A,save/zones/parietal
SimCLR,SimCLR-diffage-wasser,diffage,wasserstein,,parietal,all,age,linear_probe,8,1,19.92,20.529314,True,zones,A,save/zones/parietal
SimCLR,SimCLR-diffage-wasser,diffage,wasserstein,,parietal,all,age,linear_probe,8,2,22.776316,23.379047,True,zones,A,save/zones/parietal
SimCLR,SimCLR-diffage-wasser,diffage,wasserstein,,parietal,all,age,linear_probe,8,3,13.230769,15.645753,True,zones,A,save/zones/parietal
SimCLR,SimCLR-diffage-riemann,diffage,riemann,,parietal,all,age,linear_probe,8,0,25.25,24.798258,True,zones,A,save/zones/parietal
SimCLR,SimCLR-diffage-riemann,diffage,riemann,,parietal,all,age,linear_probe,8,1,19.92,19.447163,True,zones,A,save/zones/parietal
SimCLR,SimCLR-diffage-riemann,diffage,riemann,,parietal,all,age,linear_probe,8,2,22.776316,22.713564,True,zones,A,save/zones/parietal
SimCLR,SimCLR-diffage-riemann,diffage,riemann,,parietal,all,age,linear_probe,8,3,13.230769,16.937698,True,zones,A,save/zones/parietal
VAE,VAE,,,,parietal,all,age,linear_probe,8,0,25.25,19.215256,True,zones,A,save/zones/parietal
VAE,VAE,,,,parietal,all,age,linear_probe,8,1,19.92,18.967577,True,zones,A,save/zones/parietal
VAE,VAE,,,,parietal,all,age,linear_probe,8,2,22.776316,18.910097,True,zones,A,save/zones/parietal
VAE,VAE,,,,parietal,all,age,linear_probe,8,3,13.230769,19.05991,True,zones,A,save/zones/parietal
SimCLR,SimCLR,augment,,,parietal,all,age,fine_tuning,8,0,25.25,24.895737,True,zones,A,save/zones/parietal
SimCLR,SimCLR,augment,,,parietal,all,age,fine_tuning,8,1,19.92,15.462683,True,zones,A,save/zones/parietal
SimCLR,SimCLR,augment,,,parietal,all,age,fine_tuning,8,2,22.776316,24.184555,True,zones,A,save/zones/parietal
SimCLR,SimCLR,augment,,,parietal,all,age,fine_tuning,8,3,13.230769,15.499446,True,zones,A,save/zones/parietal
SimCLR,SimCLR-nbr-cosine,nbr,cosine,,parietal,all,age,fine_tuning,8,0,25.25,27.54957,True,zones,A,save/zones/parietal
SimCLR,SimCLR-nbr-cosine,nbr,cosine,,parietal,all,age,fine_tuning,8,1,19.92,21.974976,True,zones,A,save/zones/parietal
SimCLR,SimCLR-nbr-cosine,nbr,cosine,,parietal,all,age,fine_tuning,8,2,22.776316,24.681316,True,zones,A,save/zones/parietal
SimCLR,SimCLR-nbr-cosine,nbr,cosine,,parietal,all,age,fine_tuning,8,3,13.230769,12.974368,True,zones,A,save/zones/parietal
SimCLR,SimCLR-nbr-wasser,nbr,wasserstein,,parietal,all,age,fine_tuning,8,0,25.25,26.689734,True,zones,A,save/zones/parietal
SimCLR,SimCLR-nbr-wasser,nbr,wasserstein,,parietal,all,age,fine_tuning,8,1,19.92,20.720875,True,zones,A,save/zones/parietal
SimCLR,SimCLR-nbr-wasser,nbr,wasserstein,,parietal,all,age,fine_tuning,8,2,22.776316,23.967819,True,zones,A,save/zones/parietal
SimCLR,SimCLR-nbr-wasser,nbr,wasserstein,,parietal,all,age,fine_tuning,8,3,13.230769,13.630817,True,zones,A,save/zones/parietal
SimCLR,SimCLR-nbr-riemann,nbr,riemann,,parietal,all,age,fine_tuning,8,0,25.25,27.363745,True,zones,A,save/zones/parietal
SimCLR,SimCLR-nbr-riemann,nbr,riemann,,parietal,all,age,fine_tuning,8,1,19.92,20.828682,True,zones,A,save/zones/parietal
SimCLR,SimCLR-nbr-riemann,nbr,riemann,,parietal,all,age,fine_tuning,8,2,22.776316,25.057293,True,zones,A,save/zones/parietal
SimCLR,SimCLR-nbr-riemann,nbr,riemann,,parietal,all,age,fine_tuning,8,3,13.230769,14.44332,True,zones,A,save/zones/parietal
SimCLR,SimCLR-xsubj-cosine,xsubj,cosine,,parietal,all,age,fine_tuning,8,0,25.25,25.912943,True,zones,A,save/zones/parietal
SimCLR,SimCLR-xsubj-cosine,xsubj,cosine,,parietal,all,age,fine_tuning,8,1,19.92,21.12793,True,zones,A,save/zones/parietal
SimCLR,SimCLR-xsubj-cosine,xsubj,cosine,,parietal,all,age,fine_tuning,8,2,22.776316,24.768932,True,zones,A,save/zones/parietal
SimCLR,SimCLR-xsubj-cosine,xsubj,cosine,,parietal,all,age,fine_tuning,8,3,13.230769,14.148949,True,zones,A,save/zones/parietal
SimCLR,SimCLR-xsubj-wasser,xsubj,wasserstein,,parietal,all,age,fine_tuning,8,0,25.25,25.509026,True,zones,A,save/zones/parietal
SimCLR,SimCLR-xsubj-wasser,xsubj,wasserstein,,parietal,all,age,fine_tuning,8,1,19.92,20.269726,True,zones,A,save/zones/parietal
SimCLR,SimCLR-xsubj-wasser,xsubj,wasserstein,,parietal,all,age,fine_tuning,8,2,22.776316,24.142143,True,zones,A,save/zones/parietal
SimCLR,SimCLR-xsubj-wasser,xsubj,wasserstein,,parietal,all,age,fine_tuning,8,3,13.230769,13.152772,True,zones,A,save/zones/parietal
SimCLR,SimCLR-xsubj-riemann,xsubj,riemann,,parietal,all,age,fine_tuning,8,0,25.25,26.562586,True,zones,A,save/zones/parietal
SimCLR,SimCLR-xsubj-riemann,xsubj,riemann,,parietal,all,age,fine_tuning,8,1,19.92,20.403316,True,zones,A,save/zones/parietal
SimCLR,SimCLR-xsubj-riemann,xsubj,riemann,,parietal,all,age,fine_tuning,8,2,22.776316,23.682613,True,zones,A,save/zones/parietal
SimCLR,SimCLR-xsubj-riemann,xsubj,riemann,,parietal,all,age,fine_tuning,8,3,13.230769,14.039402,True,zones,A,save/zones/parietal
SimCLR,SimCLR-diffage-cosine,diffage,cosine,,parietal,all,age,fine_tuning,8,0,25.25,28.220505,True,zones,A,save/zones/parietal
SimCLR,SimCLR-diffage-cosine,diffage,cosine,,parietal,all,age,fine_tuning,8,1,19.92,22.069216,True,zones,A,save/zones/parietal
SimCLR,SimCLR-diffage-cosine,diffage,cosine,,parietal,all,age,fine_tuning,8,2,22.776316,24.628212,True,zones,A,save/zones/parietal
SimCLR,SimCLR-diffage-cosine,diffage,cosine,,parietal,all,age,fine_tuning,8,3,13.230769,14.782725,True,zones,A,save/zones/parietal
SimCLR,SimCLR-diffage-wasser,diffage,wasserstein,,parietal,all,age,fine_tuning,8,0,25.25,26.231165,True,zones,A,save/zones/parietal
SimCLR,SimCLR-diffage-wasser,diffage,wasserstein,,parietal,all,age,fine_tuning,8,1,19.92,19.183521,True,zones,A,save/zones/parietal
SimCLR,SimCLR-diffage-wasser,diffage,wasserstein,,parietal,all,age,fine_tuning,8,2,22.776316,24.279593,True,zones,A,save/zones/parietal
SimCLR,SimCLR-diffage-wasser,diffage,wasserstein,,parietal,all,age,fine_tuning,8,3,13.230769,16.424675,True,zones,A,save/zones/parietal
SimCLR,SimCLR-diffage-riemann,diffage,riemann,,parietal,all,age,fine_tuning,8,0,25.25,24.478575,True,zones,A,save/zones/parietal
SimCLR,SimCLR-diffage-riemann,diffage,riemann,,parietal,all,age,fine_tuning,8,1,19.92,20.37155,True,zones,A,save/zones/parietal
SimCLR,SimCLR-diffage-riemann,diffage,riemann,,parietal,all,age,fine_tuning,8,2,22.776316,24.527105,True,zones,A,save/zones/parietal
SimCLR,SimCLR-diffage-riemann,diffage,riemann,,parietal,all,age,fine_tuning,8,3,13.230769,14.931727,True,zones,A,save/zones/parietal
VAE,VAE,,,,parietal,all,age,fine_tuning,8,0,25.25,23.227631,True,zones,A,save/zones/parietal
VAE,VAE,,,,parietal,all,age,fine_tuning,8,1,19.92,20.177927,True,zones,A,save/zones/parietal
VAE,VAE,,,,parietal,all,age,fine_tuning,8,2,22.776316,23.597296,True,zones,A,save/zones/parietal
VAE,VAE,,,,parietal,all,age,fine_tuning,8,3,13.230769,13.671858,True,zones,A,save/zones/parietal
SimCLR,SimCLR,augment,,,parietal,all,age,linear_probe,9,0,20.706896,18.445723,True,zones,A,save/zones/parietal
SimCLR,SimCLR,augment,,,parietal,all,age,linear_probe,9,1,15.652174,17.608187,True,zones,A,save/zones/parietal
SimCLR,SimCLR,augment,,,parietal,all,age,linear_probe,9,2,15.217391,20.723225,True,zones,A,save/zones/parietal
SimCLR,SimCLR,augment,,,parietal,all,age,linear_probe,9,3,9.236363,20.48115,True,zones,A,save/zones/parietal
SimCLR,SimCLR-nbr-cosine,nbr,cosine,,parietal,all,age,linear_probe,9,0,20.706896,20.094177,True,zones,A,save/zones/parietal
SimCLR,SimCLR-nbr-cosine,nbr,cosine,,parietal,all,age,linear_probe,9,1,15.652174,18.226236,True,zones,A,save/zones/parietal
SimCLR,SimCLR-nbr-cosine,nbr,cosine,,parietal,all,age,linear_probe,9,2,15.217391,20.99291,True,zones,A,save/zones/parietal
SimCLR,SimCLR-nbr-cosine,nbr,cosine,,parietal,all,age,linear_probe,9,3,9.236363,13.722636,True,zones,A,save/zones/parietal
SimCLR,SimCLR-nbr-wasser,nbr,wasserstein,,parietal,all,age,linear_probe,9,0,20.706896,20.274414,True,zones,A,save/zones/parietal
SimCLR,SimCLR-nbr-wasser,nbr,wasserstein,,parietal,all,age,linear_probe,9,1,15.652174,17.446836,True,zones,A,save/zones/parietal
SimCLR,SimCLR-nbr-wasser,nbr,wasserstein,,parietal,all,age,linear_probe,9,2,15.217391,20.127867,True,zones,A,save/zones/parietal
SimCLR,SimCLR-nbr-wasser,nbr,wasserstein,,parietal,all,age,linear_probe,9,3,9.236363,14.262014,True,zones,A,save/zones/parietal
SimCLR,SimCLR-nbr-riemann,nbr,riemann,,parietal,all,age,linear_probe,9,0,20.706896,19.64168,True,zones,A,save/zones/parietal
SimCLR,SimCLR-nbr-riemann,nbr,riemann,,parietal,all,age,linear_probe,9,1,15.652174,17.450443,True,zones,A,save/zones/parietal
SimCLR,SimCLR-nbr-riemann,nbr,riemann,,parietal,all,age,linear_probe,9,2,15.217391,20.393295,True,zones,A,save/zones/parietal
SimCLR,SimCLR-nbr-riemann,nbr,riemann,,parietal,all,age,linear_probe,9,3,9.236363,12.877293,True,zones,A,save/zones/parietal
SimCLR,SimCLR-xsubj-cosine,xsubj,cosine,,parietal,all,age,linear_probe,9,0,20.706896,20.435736,True,zones,A,save/zones/parietal
SimCLR,SimCLR-xsubj-cosine,xsubj,cosine,,parietal,all,age,linear_probe,9,1,15.652174,15.118891,True,zones,A,save/zones/parietal
SimCLR,SimCLR-xsubj-cosine,xsubj,cosine,,parietal,all,age,linear_probe,9,2,15.217391,20.971344,True,zones,A,save/zones/parietal
SimCLR,SimCLR-xsubj-cosine,xsubj,cosine,,parietal,all,age,linear_probe,9,3,9.236363,12.199392,True,zones,A,save/zones/parietal
SimCLR,SimCLR-xsubj-wasser,xsubj,wasserstein,,parietal,all,age,linear_probe,9,0,20.706896,20.537697,True,zones,A,save/zones/parietal
SimCLR,SimCLR-xsubj-wasser,xsubj,wasserstein,,parietal,all,age,linear_probe,9,1,15.652174,16.983305,True,zones,A,save/zones/parietal
SimCLR,SimCLR-xsubj-wasser,xsubj,wasserstein,,parietal,all,age,linear_probe,9,2,15.217391,19.11397,True,zones,A,save/zones/parietal
SimCLR,SimCLR-xsubj-wasser,xsubj,wasserstein,,parietal,all,age,linear_probe,9,3,9.236363,12.07118,True,zones,A,save/zones/parietal
SimCLR,SimCLR-xsubj-riemann,xsubj,riemann,,parietal,all,age,linear_probe,9,0,20.706896,21.040092,True,zones,A,save/zones/parietal
SimCLR,SimCLR-xsubj-riemann,xsubj,riemann,,parietal,all,age,linear_probe,9,1,15.652174,15.25842,True,zones,A,save/zones/parietal
SimCLR,SimCLR-xsubj-riemann,xsubj,riemann,,parietal,all,age,linear_probe,9,2,15.217391,17.863293,True,zones,A,save/zones/parietal
SimCLR,SimCLR-xsubj-riemann,xsubj,riemann,,parietal,all,age,linear_probe,9,3,9.236363,12.298144,True,zones,A,save/zones/parietal
SimCLR,SimCLR-diffage-cosine,diffage,cosine,,parietal,all,age,linear_probe,9,0,20.706896,21.899927,True,zones,A,save/zones/parietal
SimCLR,SimCLR-diffage-cosine,diffage,cosine,,parietal,all,age,linear_probe,9,1,15.652174,21.85,True,zones,A,save/zones/parietal
SimCLR,SimCLR-diffage-cosine,diffage,cosine,,parietal,all,age,linear_probe,9,2,15.217391,17.749174,True,zones,A,save/zones/parietal
SimCLR,SimCLR-diffage-cosine,diffage,cosine,,parietal,all,age,linear_probe,9,3,9.236363,14.751731,True,zones,A,save/zones/parietal
SimCLR,SimCLR-diffage-wasser,diffage,wasserstein,,parietal,all,age,linear_probe,9,0,20.706896,22.116138,True,zones,A,save/zones/parietal
SimCLR,SimCLR-diffage-wasser,diffage,wasserstein,,parietal,all,age,linear_probe,9,1,15.652174,18.329586,True,zones,A,save/zones/parietal
SimCLR,SimCLR-diffage-wasser,diffage,wasserstein,,parietal,all,age,linear_probe,9,2,15.217391,21.330015,True,zones,A,save/zones/parietal
SimCLR,SimCLR-diffage-wasser,diffage,wasserstein,,parietal,all,age,linear_probe,9,3,9.236363,16.152,True,zones,A,save/zones/parietal
SimCLR,SimCLR-diffage-riemann,diffage,riemann,,parietal,all,age,linear_probe,9,0,20.706896,20.710197,True,zones,A,save/zones/parietal
SimCLR,SimCLR-diffage-riemann,diffage,riemann,,parietal,all,age,linear_probe,9,1,15.652174,20.966404,True,zones,A,save/zones/parietal
SimCLR,SimCLR-diffage-riemann,diffage,riemann,,parietal,all,age,linear_probe,9,2,15.217391,19.840664,True,zones,A,save/zones/parietal
SimCLR,SimCLR-diffage-riemann,diffage,riemann,,parietal,all,age,linear_probe,9,3,9.236363,14.751897,True,zones,A,save/zones/parietal
VAE,VAE,,,,parietal,all,age,linear_probe,9,0,20.706896,19.157055,True,zones,A,save/zones/parietal
VAE,VAE,,,,parietal,all,age,linear_probe,9,1,15.652174,19.330011,True,zones,A,save/zones/parietal
VAE,VAE,,,,parietal,all,age,linear_probe,9,2,15.217391,19.207085,True,zones,A,save/zones/parietal
VAE,VAE,,,,parietal,all,age,linear_probe,9,3,9.236363,19.246529,True,zones,A,save/zones/parietal
SimCLR,SimCLR,augment,,,parietal,all,age,fine_tuning,9,0,20.706896,21.237076,True,zones,A,save/zones/parietal
SimCLR,SimCLR,augment,,,parietal,all,age,fine_tuning,9,1,15.652174,13.918736,True,zones,A,save/zones/parietal
SimCLR,SimCLR,augment,,,parietal,all,age,fine_tuning,9,2,15.217391,22.347107,True,zones,A,save/zones/parietal
SimCLR,SimCLR,augment,,,parietal,all,age,fine_tuning,9,3,9.236363,12.110176,True,zones,A,save/zones/parietal
SimCLR,SimCLR-nbr-cosine,nbr,cosine,,parietal,all,age,fine_tuning,9,0,20.706896,20.776999,True,zones,A,save/zones/parietal
SimCLR,SimCLR-nbr-cosine,nbr,cosine,,parietal,all,age,fine_tuning,9,1,15.652174,10.370897,True,zones,A,save/zones/parietal
SimCLR,SimCLR-nbr-cosine,nbr,cosine,,parietal,all,age,fine_tuning,9,2,15.217391,19.284536,True,zones,A,save/zones/parietal
SimCLR,SimCLR-nbr-cosine,nbr,cosine,,parietal,all,age,fine_tuning,9,3,9.236363,10.539655,True,zones,A,save/zones/parietal
SimCLR,SimCLR-nbr-wasser,nbr,wasserstein,,parietal,all,age,fine_tuning,9,0,20.706896,21.257372,True,zones,A,save/zones/parietal
SimCLR,SimCLR-nbr-wasser,nbr,wasserstein,,parietal,all,age,fine_tuning,9,1,15.652174,13.238557,True,zones,A,save/zones/parietal
SimCLR,SimCLR-nbr-wasser,nbr,wasserstein,,parietal,all,age,fine_tuning,9,2,15.217391,23.018116,True,zones,A,save/zones/parietal
SimCLR,SimCLR-nbr-wasser,nbr,wasserstein,,parietal,all,age,fine_tuning,9,3,9.236363,10.855217,True,zones,A,save/zones/parietal
SimCLR,SimCLR-nbr-riemann,nbr,riemann,,parietal,all,age,fine_tuning,9,0,20.706896,20.659605,True,zones,A,save/zones/parietal
SimCLR,SimCLR-nbr-riemann,nbr,riemann,,parietal,all,age,fine_tuning,9,1,15.652174,11.183485,True,zones,A,save/zones/parietal
SimCLR,SimCLR-nbr-riemann,nbr,riemann,,parietal,all,age,fine_tuning,9,2,15.217391,17.033293,True,zones,A,save/zones/parietal
SimCLR,SimCLR-nbr-riemann,nbr,riemann,,parietal,all,age,fine_tuning,9,3,9.236363,9.94458,True,zones,A,save/zones/parietal
SimCLR,SimCLR-xsubj-cosine,xsubj,cosine,,parietal,all,age,fine_tuning,9,0,20.706896,21.41713,True,zones,A,save/zones/parietal
SimCLR,SimCLR-xsubj-cosine,xsubj,cosine,,parietal,all,age,fine_tuning,9,1,15.652174,11.708982,True,zones,A,save/zones/parietal
SimCLR,SimCLR-xsubj-cosine,xsubj,cosine,,parietal,all,age,fine_tuning,9,2,15.217391,21.170948,True,zones,A,save/zones/parietal
SimCLR,SimCLR-xsubj-cosine,xsubj,cosine,,parietal,all,age,fine_tuning,9,3,9.236363,11.372656,True,zones,A,save/zones/parietal
SimCLR,SimCLR-xsubj-wasser,xsubj,wasserstein,,parietal,all,age,fine_tuning,9,0,20.706896,20.895773,True,zones,A,save/zones/parietal
SimCLR,SimCLR-xsubj-wasser,xsubj,wasserstein,,parietal,all,age,fine_tuning,9,1,15.652174,14.111673,True,zones,A,save/zones/parietal
SimCLR,SimCLR-xsubj-wasser,xsubj,wasserstein,,parietal,all,age,fine_tuning,9,2,15.217391,19.624487,True,zones,A,save/zones/parietal
SimCLR,SimCLR-xsubj-wasser,xsubj,wasserstein,,parietal,all,age,fine_tuning,9,3,9.236363,10.961234,True,zones,A,save/zones/parietal
SimCLR,SimCLR-xsubj-riemann,xsubj,riemann,,parietal,all,age,fine_tuning,9,0,20.706896,20.84267,True,zones,A,save/zones/parietal
SimCLR,SimCLR-xsubj-riemann,xsubj,riemann,,parietal,all,age,fine_tuning,9,1,15.652174,12.861697,True,zones,A,save/zones/parietal
SimCLR,SimCLR-xsubj-riemann,xsubj,riemann,,parietal,all,age,fine_tuning,9,2,15.217391,22.58695,True,zones,A,save/zones/parietal
SimCLR,SimCLR-xsubj-riemann,xsubj,riemann,,parietal,all,age,fine_tuning,9,3,9.236363,10.965165,True,zones,A,save/zones/parietal
SimCLR,SimCLR-diffage-cosine,diffage,cosine,,parietal,all,age,fine_tuning,9,0,20.706896,21.158037,True,zones,A,save/zones/parietal
SimCLR,SimCLR-diffage-cosine,diffage,cosine,,parietal,all,age,fine_tuning,9,1,15.652174,15.034728,True,zones,A,save/zones/parietal
SimCLR,SimCLR-diffage-cosine,diffage,cosine,,parietal,all,age,fine_tuning,9,2,15.217391,21.858587,True,zones,A,save/zones/parietal
SimCLR,SimCLR-diffage-cosine,diffage,cosine,,parietal,all,age,fine_tuning,9,3,9.236363,12.291637,True,zones,A,save/zones/parietal
SimCLR,SimCLR-diffage-wasser,diffage,wasserstein,,parietal,all,age,fine_tuning,9,0,20.706896,20.614162,True,zones,A,save/zones/parietal
SimCLR,SimCLR-diffage-wasser,diffage,wasserstein,,parietal,all,age,fine_tuning,9,1,15.652174,14.169196,True,zones,A,save/zones/parietal
SimCLR,SimCLR-diffage-wasser,diffage,wasserstein,,parietal,all,age,fine_tuning,9,2,15.217391,21.60803,True,zones,A,save/zones/parietal
SimCLR,SimCLR-diffage-wasser,diffage,wasserstein,,parietal,all,age,fine_tuning,9,3,9.236363,9.606287,True,zones,A,save/zones/parietal
SimCLR,SimCLR-diffage-riemann,diffage,riemann,,parietal,all,age,fine_tuning,9,0,20.706896,22.278263,True,zones,A,save/zones/parietal
SimCLR,SimCLR-diffage-riemann,diffage,riemann,,parietal,all,age,fine_tuning,9,1,15.652174,13.047709,True,zones,A,save/zones/parietal
SimCLR,SimCLR-diffage-riemann,diffage,riemann,,parietal,all,age,fine_tuning,9,2,15.217391,23.905762,True,zones,A,save/zones/parietal
SimCLR,SimCLR-diffage-riemann,diffage,riemann,,parietal,all,age,fine_tuning,9,3,9.236363,11.828416,True,zones,A,save/zones/parietal
VAE,VAE,,,,parietal,all,age,fine_tuning,9,0,20.706896,20.599161,True,zones,A,save/zones/parietal
VAE,VAE,,,,parietal,all,age,fine_tuning,9,1,15.652174,13.16633,True,zones,A,save/zones/parietal
VAE,VAE,,,,parietal,all,age,fine_tuning,9,2,15.217391,19.738438,True,zones,A,save/zones/parietal
VAE,VAE,,,,parietal,all,age,fine_tuning,9,3,9.236363,11.148977,True,zones,A,save/zones/parietal
SimCLR,SimCLR,augment,,,occipital,all,age,linear_probe,0,0,23.1,18.933718,True,zones,A,save/zones/occipital
SimCLR,SimCLR,augment,,,occipital,all,age,linear_probe,0,1,7.809524,17.693686,True,zones,A,save/zones/occipital
SimCLR,SimCLR,augment,,,occipital,all,age,linear_probe,0,2,24.571428,17.975748,True,zones,A,save/zones/occipital
SimCLR,SimCLR,augment,,,occipital,all,age,linear_probe,0,3,17.265957,18.104755,True,zones,A,save/zones/occipital
SimCLR,SimCLR,augment,,,occipital,all,age,linear_probe,0,4,14.981818,17.692638,True,zones,A,save/zones/occipital
SimCLR,SimCLR-nbr-cosine,nbr,cosine,,occipital,all,age,linear_probe,0,0,23.1,20.775965,True,zones,A,save/zones/occipital
SimCLR,SimCLR-nbr-cosine,nbr,cosine,,occipital,all,age,linear_probe,0,1,7.809524,18.082644,True,zones,A,save/zones/occipital
SimCLR,SimCLR-nbr-cosine,nbr,cosine,,occipital,all,age,linear_probe,0,2,24.571428,17.757969,True,zones,A,save/zones/occipital
SimCLR,SimCLR-nbr-cosine,nbr,cosine,,occipital,all,age,linear_probe,0,3,17.265957,15.617877,True,zones,A,save/zones/occipital
SimCLR,SimCLR-nbr-cosine,nbr,cosine,,occipital,all,age,linear_probe,0,4,14.981818,14.59097,True,zones,A,save/zones/occipital
SimCLR,SimCLR-nbr-wasser,nbr,wasserstein,,occipital,all,age,linear_probe,0,0,23.1,20.208941,True,zones,A,save/zones/occipital
SimCLR,SimCLR-nbr-wasser,nbr,wasserstein,,occipital,all,age,linear_probe,0,1,7.809524,19.902969,True,zones,A,save/zones/occipital
SimCLR,SimCLR-nbr-wasser,nbr,wasserstein,,occipital,all,age,linear_probe,0,2,24.571428,19.042723,True,zones,A,save/zones/occipital
SimCLR,SimCLR-nbr-wasser,nbr,wasserstein,,occipital,all,age,linear_probe,0,3,17.265957,16.447664,True,zones,A,save/zones/occipital
SimCLR,SimCLR-nbr-wasser,nbr,wasserstein,,occipital,all,age,linear_probe,0,4,14.981818,16.052919,True,zones,A,save/zones/occipital
SimCLR,SimCLR-nbr-riemann,nbr,riemann,,occipital,all,age,linear_probe,0,0,23.1,18.830273,True,zones,A,save/zones/occipital
SimCLR,SimCLR-nbr-riemann,nbr,riemann,,occipital,all,age,linear_probe,0,1,7.809524,18.773006,True,zones,A,save/zones/occipital
SimCLR,SimCLR-nbr-riemann,nbr,riemann,,occipital,all,age,linear_probe,0,2,24.571428,22.566484,True,zones,A,save/zones/occipital
SimCLR,SimCLR-nbr-riemann,nbr,riemann,,occipital,all,age,linear_probe,0,3,17.265957,18.504015,True,zones,A,save/zones/occipital
SimCLR,SimCLR-nbr-riemann,nbr,riemann,,occipital,all,age,linear_probe,0,4,14.981818,17.661625,True,zones,A,save/zones/occipital
SimCLR,SimCLR-xsubj-cosine,xsubj,cosine,,occipital,all,age,linear_probe,0,0,23.1,19.698606,True,zones,A,save/zones/occipital
SimCLR,SimCLR-xsubj-cosine,xsubj,cosine,,occipital,all,age,linear_probe,0,1,7.809524,17.891966,True,zones,A,save/zones/occipital
SimCLR,SimCLR-xsubj-cosine,xsubj,cosine,,occipital,all,age,linear_probe,0,2,24.571428,18.279024,True,zones,A,save/zones/occipital
SimCLR,SimCLR-xsubj-cosine,xsubj,cosine,,occipital,all,age,linear_probe,0,3,17.265957,15.606335,True,zones,A,save/zones/occipital
SimCLR,SimCLR-xsubj-cosine,xsubj,cosine,,occipital,all,age,linear_probe,0,4,14.981818,14.616849,True,zones,A,save/zones/occipital
SimCLR,SimCLR-xsubj-wasser,xsubj,wasserstein,,occipital,all,age,linear_probe,0,0,23.1,23.711876,True,zones,A,save/zones/occipital
SimCLR,SimCLR-xsubj-wasser,xsubj,wasserstein,,occipital,all,age,linear_probe,0,1,7.809524,15.336523,True,zones,A,save/zones/occipital
SimCLR,SimCLR-xsubj-wasser,xsubj,wasserstein,,occipital,all,age,linear_probe,0,2,24.571428,17.611153,True,zones,A,save/zones/occipital
SimCLR,SimCLR-xsubj-wasser,xsubj,wasserstein,,occipital,all,age,linear_probe,0,3,17.265957,15.673196,True,zones,A,save/zones/occipital
SimCLR,SimCLR-xsubj-wasser,xsubj,wasserstein,,occipital,all,age,linear_probe,0,4,14.981818,15.146575,True,zones,A,save/zones/occipital
SimCLR,SimCLR-xsubj-riemann,xsubj,riemann,,occipital,all,age,linear_probe,0,0,23.1,20.406376,True,zones,A,save/zones/occipital
SimCLR,SimCLR-xsubj-riemann,xsubj,riemann,,occipital,all,age,linear_probe,0,1,7.809524,17.925846,True,zones,A,save/zones/occipital
SimCLR,SimCLR-xsubj-riemann,xsubj,riemann,,occipital,all,age,linear_probe,0,2,24.571428,17.957127,True,zones,A,save/zones/occipital
SimCLR,SimCLR-xsubj-riemann,xsubj,riemann,,occipital,all,age,linear_probe,0,3,17.265957,16.248505,True,zones,A,save/zones/occipital
SimCLR,SimCLR-xsubj-riemann,xsubj,riemann,,occipital,all,age,linear_probe,0,4,14.981818,15.212705,True,zones,A,save/zones/occipital
SimCLR,SimCLR-diffage-cosine,diffage,cosine,,occipital,all,age,linear_probe,0,0,23.1,17.871725,True,zones,A,save/zones/occipital
SimCLR,SimCLR-diffage-cosine,diffage,cosine,,occipital,all,age,linear_probe,0,1,7.809524,19.704056,True,zones,A,save/zones/occipital
SimCLR,SimCLR-diffage-cosine,diffage,cosine,,occipital,all,age,linear_probe,0,2,24.571428,18.006905,True,zones,A,save/zones/occipital
SimCLR,SimCLR-diffage-cosine,diffage,cosine,,occipital,all,age,linear_probe,0,3,17.265957,17.930658,True,zones,A,save/zones/occipital
SimCLR,SimCLR-diffage-cosine,diffage,cosine,,occipital,all,age,linear_probe,0,4,14.981818,18.463409,True,zones,A,save/zones/occipital
SimCLR,SimCLR-diffage-wasser,diffage,wasserstein,,occipital,all,age,linear_probe,0,0,23.1,16.987438,True,zones,A,save/zones/occipital
SimCLR,SimCLR-diffage-wasser,diffage,wasserstein,,occipital,all,age,linear_probe,0,1,7.809524,16.229033,True,zones,A,save/zones/occipital
SimCLR,SimCLR-diffage-wasser,diffage,wasserstein,,occipital,all,age,linear_probe,0,2,24.571428,18.912653,True,zones,A,save/zones/occipital
SimCLR,SimCLR-diffage-wasser,diffage,wasserstein,,occipital,all,age,linear_probe,0,3,17.265957,19.129988,True,zones,A,save/zones/occipital
SimCLR,SimCLR-diffage-wasser,diffage,wasserstein,,occipital,all,age,linear_probe,0,4,14.981818,18.25033,True,zones,A,save/zones/occipital
SimCLR,SimCLR-diffage-riemann,diffage,riemann,,occipital,all,age,linear_probe,0,0,23.1,17.299854,True,zones,A,save/zones/occipital
SimCLR,SimCLR-diffage-riemann,diffage,riemann,,occipital,all,age,linear_probe,0,1,7.809524,18.566114,True,zones,A,save/zones/occipital
SimCLR,SimCLR-diffage-riemann,diffage,riemann,,occipital,all,age,linear_probe,0,2,24.571428,19.633688,True,zones,A,save/zones/occipital
SimCLR,SimCLR-diffage-riemann,diffage,riemann,,occipital,all,age,linear_probe,0,3,17.265957,18.507448,True,zones,A,save/zones/occipital
SimCLR,SimCLR-diffage-riemann,diffage,riemann,,occipital,all,age,linear_probe,0,4,14.981818,18.502714,True,zones,A,save/zones/occipital
VAE,VAE,,,,occipital,all,age,linear_probe,0,0,23.1,18.830143,True,zones,A,save/zones/occipital
VAE,VAE,,,,occipital,all,age,linear_probe,0,1,7.809524,18.669893,True,zones,A,save/zones/occipital
VAE,VAE,,,,occipital,all,age,linear_probe,0,2,24.571428,18.646023,True,zones,A,save/zones/occipital
VAE,VAE,,,,occipital,all,age,linear_probe,0,3,17.265957,18.729078,True,zones,A,save/zones/occipital
VAE,VAE,,,,occipital,all,age,linear_probe,0,4,14.981818,18.678322,True,zones,A,save/zones/occipital
SimCLR,SimCLR,augment,,,occipital,all,age,fine_tuning,0,0,23.1,23.461853,True,zones,A,save/zones/occipital
SimCLR,SimCLR,augment,,,occipital,all,age,fine_tuning,0,1,7.809524,11.914608,True,zones,A,save/zones/occipital
SimCLR,SimCLR,augment,,,occipital,all,age,fine_tuning,0,2,24.571428,21.165377,True,zones,A,save/zones/occipital
SimCLR,SimCLR,augment,,,occipital,all,age,fine_tuning,0,3,17.265957,17.216892,True,zones,A,save/zones/occipital
SimCLR,SimCLR,augment,,,occipital,all,age,fine_tuning,0,4,14.981818,15.813087,True,zones,A,save/zones/occipital
SimCLR,SimCLR-nbr-cosine,nbr,cosine,,occipital,all,age,fine_tuning,0,0,23.1,24.116785,True,zones,A,save/zones/occipital
SimCLR,SimCLR-nbr-cosine,nbr,cosine,,occipital,all,age,fine_tuning,0,1,7.809524,12.474172,True,zones,A,save/zones/occipital
SimCLR,SimCLR-nbr-cosine,nbr,cosine,,occipital,all,age,fine_tuning,0,2,24.571428,22.824736,True,zones,A,save/zones/occipital
SimCLR,SimCLR-nbr-cosine,nbr,cosine,,occipital,all,age,fine_tuning,0,3,17.265957,17.356926,True,zones,A,save/zones/occipital
SimCLR,SimCLR-nbr-cosine,nbr,cosine,,occipital,all,age,fine_tuning,0,4,14.981818,16.055655,True,zones,A,save/zones/occipital
SimCLR,SimCLR-nbr-wasser,nbr,wasserstein,,occipital,all,age,fine_tuning,0,0,23.1,24.908379,True,zones,A,save/zones/occipital
SimCLR,SimCLR-nbr-wasser,nbr,wasserstein,,occipital,all,age,fine_tuning,0,1,7.809524,16.01236,True,zones,A,save/zones/occipital
SimCLR,SimCLR-nbr-wasser,nbr,wasserstein,,occipital,all,age,fine_tuning,0,2,24.571428,24.048382,True,zones,A,save/zones/occipital
SimCLR,SimCLR-nbr-wasser,nbr,wasserstein,,occipital,all,age,fine_tuning,0,3,17.265957,19.070196,True,zones,A,save/zones/occipital
SimCLR,SimCLR-nbr-wasser,nbr,wasserstein,,occipital,all,age,fine_tuning,0,4,14.981818,17.563046,True,zones,A,save/zones/occipital
SimCLR,SimCLR-nbr-riemann,nbr,riemann,,occipital,all,age,fine_tuning,0,0,23.1,25.344128,True,zones,A,save/zones/occipital
SimCLR,SimCLR-nbr-riemann,nbr,riemann,,occipital,all,age,fine_tuning,0,1,7.809524,14.243882,True,zones,A,save/zones/occipital
SimCLR,SimCLR-nbr-riemann,nbr,riemann,,occipital,all,age,fine_tuning,0,2,24.571428,24.800447,True,zones,A,save/zones/occipital
SimCLR,SimCLR-nbr-riemann,nbr,riemann,,occipital,all,age,fine_tuning,0,3,17.265957,18.484392,True,zones,A,save/zones/occipital
SimCLR,SimCLR-nbr-riemann,nbr,riemann,,occipital,all,age,fine_tuning,0,4,14.981818,16.51376,True,zones,A,save/zones/occipital
SimCLR,SimCLR-xsubj-cosine,xsubj,cosine,,occipital,all,age,fine_tuning,0,0,23.1,24.765772,True,zones,A,save/zones/occipital
SimCLR,SimCLR-xsubj-cosine,xsubj,cosine,,occipital,all,age,fine_tuning,0,1,7.809524,13.67679,True,zones,A,save/zones/occipital
SimCLR,SimCLR-xsubj-cosine,xsubj,cosine,,occipital,all,age,fine_tuning,0,2,24.571428,22.904234,True,zones,A,save/zones/occipital
SimCLR,SimCLR-xsubj-cosine,xsubj,cosine,,occipital,all,age,fine_tuning,0,3,17.265957,18.373135,True,zones,A,save/zones/occipital
SimCLR,SimCLR-xsubj-cosine,xsubj,cosine,,occipital,all,age,fine_tuning,0,4,14.981818,17.07873,True,zones,A,save/zones/occipital
SimCLR,SimCLR-xsubj-wasser,xsubj,wasserstein,,occipital,all,age,fine_tuning,0,0,23.1,24.004835,True,zones,A,save/zones/occipital
SimCLR,SimCLR-xsubj-wasser,xsubj,wasserstein,,occipital,all,age,fine_tuning,0,1,7.809524,12.497617,True,zones,A,save/zones/occipital
SimCLR,SimCLR-xsubj-wasser,xsubj,wasserstein,,occipital,all,age,fine_tuning,0,2,24.571428,22.9585,True,zones,A,save/zones/occipital
SimCLR,SimCLR-xsubj-wasser,xsubj,wasserstein,,occipital,all,age,fine_tuning,0,3,17.265957,17.30331,True,zones,A,save/zones/occipital
SimCLR,SimCLR-xsubj-wasser,xsubj,wasserstein,,occipital,all,age,fine_tuning,0,4,14.981818,16.574627,True,zones,A,save/zones/occipital
SimCLR,SimCLR-xsubj-riemann,xsubj,riemann,,occipital,all,age,fine_tuning,0,0,23.1,24.123049,True,zones,A,save/zones/occipital
SimCLR,SimCLR-xsubj-riemann,xsubj,riemann,,occipital,all,age,fine_tuning,0,1,7.809524,13.056067,True,zones,A,save/zones/occipital
SimCLR,SimCLR-xsubj-riemann,xsubj,riemann,,occipital,all,age,fine_tuning,0,2,24.571428,22.841265,True,zones,A,save/zones/occipital
SimCLR,SimCLR-xsubj-riemann,xsubj,riemann,,occipital,all,age,fine_tuning,0,3,17.265957,17.923708,True,zones,A,save/zones/occipital
SimCLR,SimCLR-xsubj-riemann,xsubj,riemann,,occipital,all,age,fine_tuning,0,4,14.981818,16.632498,True,zones,A,save/zones/occipital
SimCLR,SimCLR-diffage-cosine,diffage,cosine,,occipital,all,age,fine_tuning,0,0,23.1,24.412149,True,zones,A,save/zones/occipital
SimCLR,SimCLR-diffage-cosine,diffage,cosine,,occipital,all,age,fine_tuning,0,1,7.809524,14.029682,True,zones,A,save/zones/occipital
SimCLR,SimCLR-diffage-cosine,diffage,cosine,,occipital,all,age,fine_tuning,0,2,24.571428,23.465895,True,zones,A,save/zones/occipital
SimCLR,SimCLR-diffage-cosine,diffage,cosine,,occipital,all,age,fine_tuning,0,3,17.265957,17.895977,True,zones,A,save/zones/occipital
SimCLR,SimCLR-diffage-cosine,diffage,cosine,,occipital,all,age,fine_tuning,0,4,14.981818,16.643265,True,zones,A,save/zones/occipital
SimCLR,SimCLR-diffage-wasser,diffage,wasserstein,,occipital,all,age,fine_tuning,0,0,23.1,24.060919,True,zones,A,save/zones/occipital
SimCLR,SimCLR-diffage-wasser,diffage,wasserstein,,occipital,all,age,fine_tuning,0,1,7.809524,13.503162,True,zones,A,save/zones/occipital
SimCLR,SimCLR-diffage-wasser,diffage,wasserstein,,occipital,all,age,fine_tuning,0,2,24.571428,22.629229,True,zones,A,save/zones/occipital
SimCLR,SimCLR-diffage-wasser,diffage,wasserstein,,occipital,all,age,fine_tuning,0,3,17.265957,17.33745,True,zones,A,save/zones/occipital
SimCLR,SimCLR-diffage-wasser,diffage,wasserstein,,occipital,all,age,fine_tuning,0,4,14.981818,16.072546,True,zones,A,save/zones/occipital
SimCLR,SimCLR-diffage-riemann,diffage,riemann,,occipital,all,age,fine_tuning,0,0,23.1,24.992617,True,zones,A,save/zones/occipital
SimCLR,SimCLR-diffage-riemann,diffage,riemann,,occipital,all,age,fine_tuning,0,1,7.809524,15.313238,True,zones,A,save/zones/occipital
SimCLR,SimCLR-diffage-riemann,diffage,riemann,,occipital,all,age,fine_tuning,0,2,24.571428,23.53067,True,zones,A,save/zones/occipital
SimCLR,SimCLR-diffage-riemann,diffage,riemann,,occipital,all,age,fine_tuning,0,3,17.265957,18.800772,True,zones,A,save/zones/occipital
SimCLR,SimCLR-diffage-riemann,diffage,riemann,,occipital,all,age,fine_tuning,0,4,14.981818,16.925701,True,zones,A,save/zones/occipital
VAE,VAE,,,,occipital,all,age,fine_tuning,0,0,23.1,23.174837,True,zones,A,save/zones/occipital
VAE,VAE,,,,occipital,all,age,fine_tuning,0,1,7.809524,13.519223,True,zones,A,save/zones/occipital
VAE,VAE,,,,occipital,all,age,fine_tuning,0,2,24.571428,22.357695,True,zones,A,save/zones/occipital
VAE,VAE,,,,occipital,all,age,fine_tuning,0,3,17.265957,17.25919,True,zones,A,save/zones/occipital
VAE,VAE,,,,occipital,all,age,fine_tuning,0,4,14.981818,15.551014,True,zones,A,save/zones/occipital
SimCLR,SimCLR,augment,,,occipital,all,age,linear_probe,1,0,22.484848,16.030737,True,zones,A,save/zones/occipital
SimCLR,SimCLR,augment,,,occipital,all,age,linear_probe,1,1,23.361702,19.924877,True,zones,A,save/zones/occipital
SimCLR,SimCLR,augment,,,occipital,all,age,linear_probe,1,2,8.131579,18.470387,True,zones,A,save/zones/occipital
SimCLR,SimCLR,augment,,,occipital,all,age,linear_probe,1,3,24.431654,22.640081,True,zones,A,save/zones/occipital
SimCLR,SimCLR,augment,,,occipital,all,age,linear_probe,1,4,10.466666,15.22825,True,zones,A,save/zones/occipital
SimCLR,SimCLR-nbr-cosine,nbr,cosine,,occipital,all,age,linear_probe,1,0,22.484848,19.346283,True,zones,A,save/zones/occipital
SimCLR,SimCLR-nbr-cosine,nbr,cosine,,occipital,all,age,linear_probe,1,1,23.361702,17.684586,True,zones,A,save/zones/occipital
SimCLR,SimCLR-nbr-cosine,nbr,cosine,,occipital,all,age,linear_probe,1,2,8.131579,12.930889,True,zones,A,save/zones/occipital
SimCLR,SimCLR-nbr-cosine,nbr,cosine,,occipital,all,age,linear_probe,1,3,24.431654,23.488836,True,zones,A,save/zones/occipital
SimCLR,SimCLR-nbr-cosine,nbr,cosine,,occipital,all,age,linear_probe,1,4,10.466666,12.733816,True,zones,A,save/zones/occipital
SimCLR,SimCLR-nbr-wasser,nbr,wasserstein,,occipital,all,age,linear_probe,1,0,22.484848,18.960239,True,zones,A,save/zones/occipital
SimCLR,SimCLR-nbr-wasser,nbr,wasserstein,,occipital,all,age,linear_probe,1,1,23.361702,18.550062,True,zones,A,save/zones/occipital
SimCLR,SimCLR-nbr-wasser,nbr,wasserstein,,occipital,all,age,linear_probe,1,2,8.131579,13.522565,True,zones,A,save/zones/occipital
SimCLR,SimCLR-nbr-wasser,nbr,wasserstein,,occipital,all,age,linear_probe,1,3,24.431654,23.824425,True,zones,A,save/zones/occipital
SimCLR,SimCLR-nbr-wasser,nbr,wasserstein,,occipital,all,age,linear_probe,1,4,10.466666,15.296295,True,zones,A,save/zones/occipital
SimCLR,SimCLR-nbr-riemann,nbr,riemann,,occipital,all,age,linear_probe,1,0,22.484848,18.685127,True,zones,A,save/zones/occipital
SimCLR,SimCLR-nbr-riemann,nbr,riemann,,occipital,all,age,linear_probe,1,1,23.361702,19.592936,True,zones,A,save/zones/occipital
SimCLR,SimCLR-nbr-riemann,nbr,riemann,,occipital,all,age,linear_probe,1,2,8.131579,14.32063,True,zones,A,save/zones/occipital
SimCLR,SimCLR-nbr-riemann,nbr,riemann,,occipital,all,age,linear_probe,1,3,24.431654,23.789984,True,zones,A,save/zones/occipital
SimCLR,SimCLR-nbr-riemann,nbr,riemann,,occipital,all,age,linear_probe,1,4,10.466666,12.278344,True,zones,A,save/zones/occipital
SimCLR,SimCLR-xsubj-cosine,xsubj,cosine,,occipital,all,age,linear_probe,1,0,22.484848,17.969736,True,zones,A,save/zones/occipital
SimCLR,SimCLR-xsubj-cosine,xsubj,cosine,,occipital,all,age,linear_probe,1,1,23.361702,19.174829,True,zones,A,save/zones/occipital
SimCLR,SimCLR-xsubj-cosine,xsubj,cosine,,occipital,all,age,linear_probe,1,2,8.131579,14.081109,True,zones,A,save/zones/occipital
SimCLR,SimCLR-xsubj-cosine,xsubj,cosine,,occipital,all,age,linear_probe,1,3,24.431654,23.982594,True,zones,A,save/zones/occipital
SimCLR,SimCLR-xsubj-cosine,xsubj,cosine,,occipital,all,age,linear_probe,1,4,10.466666,13.744727,True,zones,A,save/zones/occipital
SimCLR,SimCLR-xsubj-wasser,xsubj,wasserstein,,occipital,all,age,linear_probe,1,0,22.484848,17.907507,True,zones,A,save/zones/occipital
SimCLR,SimCLR-xsubj-wasser,xsubj,wasserstein,,occipital,all,age,linear_probe,1,1,23.361702,18.252136,True,zones,A,save/zones/occipital
SimCLR,SimCLR-xsubj-wasser,xsubj,wasserstein,,occipital,all,age,linear_probe,1,2,8.131579,11.414217,True,zones,A,save/zones/occipital
SimCLR,SimCLR-xsubj-wasser,xsubj,wasserstein,,occipital,all,age,linear_probe,1,3,24.431654,23.961563,True,zones,A,save/zones/occipital
SimCLR,SimCLR-xsubj-wasser,xsubj,wasserstein,,occipital,all,age,linear_probe,1,4,10.466666,12.853721,True,zones,A,save/zones/occipital
SimCLR,SimCLR-xsubj-riemann,xsubj,riemann,,occipital,all,age,linear_probe,1,0,22.484848,17.808393,True,zones,A,save/zones/occipital
SimCLR,SimCLR-xsubj-riemann,xsubj,riemann,,occipital,all,age,linear_probe,1,1,23.361702,16.714718,True,zones,A,save/zones/occipital
SimCLR,SimCLR-xsubj-riemann,xsubj,riemann,,occipital,all,age,linear_probe,1,2,8.131579,13.192894,True,zones,A,save/zones/occipital
SimCLR,SimCLR-xsubj-riemann,xsubj,riemann,,occipital,all,age,linear_probe,1,3,24.431654,20.711357,True,zones,A,save/zones/occipital
SimCLR,SimCLR-xsubj-riemann,xsubj,riemann,,occipital,all,age,linear_probe,1,4,10.466666,12.668363,True,zones,A,save/zones/occipital
SimCLR,SimCLR-diffage-cosine,diffage,cosine,,occipital,all,age,linear_probe,1,0,22.484848,18.157703,True,zones,A,save/zones/occipital
SimCLR,SimCLR-diffage-cosine,diffage,cosine,,occipital,all,age,linear_probe,1,1,23.361702,18.915701,True,zones,A,save/zones/occipital
SimCLR,SimCLR-diffage-cosine,diffage,cosine,,occipital,all,age,linear_probe,1,2,8.131579,16.203625,True,zones,A,save/zones/occipital
SimCLR,SimCLR-diffage-cosine,diffage,cosine,,occipital,all,age,linear_probe,1,3,24.431654,20.140228,True,zones,A,save/zones/occipital
SimCLR,SimCLR-diffage-cosine,diffage,cosine,,occipital,all,age,linear_probe,1,4,10.466666,14.44938,True,zones,A,save/zones/occipital
SimCLR,SimCLR-diffage-wasser,diffage,wasserstein,,occipital,all,age,linear_probe,1,0,22.484848,16.308319,True,zones,A,save/zones/occipital
SimCLR,SimCLR-diffage-wasser,diffage,wasserstein,,occipital,all,age,linear_probe,1,1,23.361702,20.008522,True,zones,A,save/zones/occipital
SimCLR,SimCLR-diffage-wasser,diffage,wasserstein,,occipital,all,age,linear_probe,1,2,8.131579,15.848959,True,zones,A,save/zones/occipital
SimCLR,SimCLR-diffage-wasser,diffage,wasserstein,,occipital,all,age,linear_probe,1,3,24.431654,20.075006,True,zones,A,save/zones/occipital
SimCLR,SimCLR-diffage-wasser,diffage,wasserstein,,occipital,all,age,linear_probe,1,4,10.466666,15.542776,True,zones,A,save/zones/occipital
SimCLR,SimCLR-diffage-riemann,diffage,riemann,,occipital,all,age,linear_probe,1,0,22.484848,17.27722,True,zones,A,save/zones/occipital
SimCLR,SimCLR-diffage-riemann,diffage,riemann,,occipital,all,age,linear_probe,1,1,23.361702,18.972544,True,zones,A,save/zones/occipital
SimCLR,SimCLR-diffage-riemann,diffage,riemann,,occipital,all,age,linear_probe,1,2,8.131579,15.682182,True,zones,A,save/zones/occipital
SimCLR,SimCLR-diffage-riemann,diffage,riemann,,occipital,all,age,linear_probe,1,3,24.431654,20.361229,True,zones,A,save/zones/occipital
SimCLR,SimCLR-diffage-riemann,diffage,riemann,,occipital,all,age,linear_probe,1,4,10.466666,15.707168,True,zones,A,save/zones/occipital
VAE,VAE,,,,occipital,all,age,linear_probe,1,0,22.484848,18.132984,True,zones,A,save/zones/occipital
VAE,VAE,,,,occipital,all,age,linear_probe,1,1,23.361702,18.971319,True,zones,A,save/zones/occipital
VAE,VAE,,,,occipital,all,age,linear_probe,1,2,8.131579,18.699385,True,zones,A,save/zones/occipital
VAE,VAE,,,,occipital,all,age,linear_probe,1,3,24.431654,19.321619,True,zones,A,save/zones/occipital
VAE,VAE,,,,occipital,all,age,linear_probe,1,4,10.466666,18.698774,True,zones,A,save/zones/occipital
SimCLR,SimCLR,augment,,,occipital,all,age,fine_tuning,1,0,22.484848,20.177986,True,zones,A,save/zones/occipital
SimCLR,SimCLR,augment,,,occipital,all,age,fine_tuning,1,1,23.361702,22.643991,True,zones,A,save/zones/occipital
SimCLR,SimCLR,augment,,,occipital,all,age,fine_tuning,1,2,8.131579,10.748242,True,zones,A,save/zones/occipital
SimCLR,SimCLR,augment,,,occipital,all,age,fine_tuning,1,3,24.431654,23.929262,True,zones,A,save/zones/occipital
SimCLR,SimCLR,augment,,,occipital,all,age,fine_tuning,1,4,10.466666,10.472026,True,zones,A,save/zones/occipital
SimCLR,SimCLR-nbr-cosine,nbr,cosine,,occipital,all,age,fine_tuning,1,0,22.484848,21.563015,True,zones,A,save/zones/occipital
SimCLR,SimCLR-nbr-cosine,nbr,cosine,,occipital,all,age,fine_tuning,1,1,23.361702,21.811279,True,zones,A,save/zones/occipital
SimCLR,SimCLR-nbr-cosine,nbr,cosine,,occipital,all,age,fine_tuning,1,2,8.131579,8.606016,True,zones,A,save/zones/occipital
SimCLR,SimCLR-nbr-cosine,nbr,cosine,,occipital,all,age,fine_tuning,1,3,24.431654,23.757271,True,zones,A,save/zones/occipital
SimCLR,SimCLR-nbr-cosine,nbr,cosine,,occipital,all,age,fine_tuning,1,4,10.466666,8.7077,True,zones,A,save/zones/occipital
SimCLR,SimCLR-nbr-wasser,nbr,wasserstein,,occipital,all,age,fine_tuning,1,0,22.484848,21.994741,True,zones,A,save/zones/occipital
SimCLR,SimCLR-nbr-wasser,nbr,wasserstein,,occipital,all,age,fine_tuning,1,1,23.361702,21.41264,True,zones,A,save/zones/occipital
SimCLR,SimCLR-nbr-wasser,nbr,wasserstein,,occipital,all,age,fine_tuning,1,2,8.131579,8.781198,True,zones,A,save/zones/occipital
SimCLR,SimCLR-nbr-wasser,nbr,wasserstein,,occipital,all,age,fine_tuning,1,3,24.431654,23.634733,True,zones,A,save/zones/occipital
SimCLR,SimCLR-nbr-wasser,nbr,wasserstein,,occipital,all,age,fine_tuning,1,4,10.466666,9.664797,True,zones,A,save/zones/occipital
SimCLR,SimCLR-nbr-riemann,nbr,riemann,,occipital,all,age,fine_tuning,1,0,22.484848,21.649973,True,zones,A,save/zones/occipital
SimCLR,SimCLR-nbr-riemann,nbr,riemann,,occipital,all,age,fine_tuning,1,1,23.361702,21.359594,True,zones,A,save/zones/occipital
SimCLR,SimCLR-nbr-riemann,nbr,riemann,,occipital,all,age,fine_tuning,1,2,8.131579,8.122845,True,zones,A,save/zones/occipital
SimCLR,SimCLR-nbr-riemann,nbr,riemann,,occipital,all,age,fine_tuning,1,3,24.431654,23.207436,True,zones,A,save/zones/occipital
SimCLR,SimCLR-nbr-riemann,nbr,riemann,,occipital,all,age,fine_tuning,1,4,10.466666,8.671605,True,zones,A,save/zones/occipital
SimCLR,SimCLR-xsubj-cosine,xsubj,cosine,,occipital,all,age,fine_tuning,1,0,22.484848,20.95171,True,zones,A,save/zones/occipital
SimCLR,SimCLR-xsubj-cosine,xsubj,cosine,,occipital,all,age,fine_tuning,1,1,23.361702,21.718153,True,zones,A,save/zones/occipital
SimCLR,SimCLR-xsubj-cosine,xsubj,cosine,,occipital,all,age,fine_tuning,1,2,8.131579,8.930077,True,zones,A,save/zones/occipital
SimCLR,SimCLR-xsubj-cosine,xsubj,cosine,,occipital,all,age,fine_tuning,1,3,24.431654,22.502213,True,zones,A,save/zones/occipital
SimCLR,SimCLR-xsubj-cosine,xsubj,cosine,,occipital,all,age,fine_tuning,1,4,10.466666,9.372251,True,zones,A,save/zones/occipital
SimCLR,SimCLR-xsubj-wasser,xsubj,wasserstein,,occipital,all,age,fine_tuning,1,0,22.484848,21.314753,True,zones,A,save/zones/occipital
SimCLR,SimCLR-xsubj-wasser,xsubj,wasserstein,,occipital,all,age,fine_tuning,1,1,23.361702,21.407888,True,zones,A,save/zones/occipital
SimCLR,SimCLR-xsubj-wasser,xsubj,wasserstein,,occipital,all,age,fine_tuning,1,2,8.131579,8.277102,True,zones,A,save/zones/occipital
SimCLR,SimCLR-xsubj-wasser,xsubj,wasserstein,,occipital,all,age,fine_tuning,1,3,24.431654,22.509453,True,zones,A,save/zones/occipital
SimCLR,SimCLR-xsubj-wasser,xsubj,wasserstein,,occipital,all,age,fine_tuning,1,4,10.466666,9.056848,True,zones,A,save/zones/occipital
SimCLR,SimCLR-xsubj-riemann,xsubj,riemann,,occipital,all,age,fine_tuning,1,0,22.484848,22.555893,True,zones,A,save/zones/occipital
SimCLR,SimCLR-xsubj-riemann,xsubj,riemann,,occipital,all,age,fine_tuning,1,1,23.361702,22.228703,True,zones,A,save/zones/occipital
SimCLR,SimCLR-xsubj-riemann,xsubj,riemann,,occipital,all,age,fine_tuning,1,2,8.131579,9.34172,True,zones,A,save/zones/occipital
SimCLR,SimCLR-xsubj-riemann,xsubj,riemann,,occipital,all,age,fine_tuning,1,3,24.431654,24.151352,True,zones,A,save/zones/occipital
SimCLR,SimCLR-xsubj-riemann,xsubj,riemann,,occipital,all,age,fine_tuning,1,4,10.466666,9.500872,True,zones,A,save/zones/occipital
SimCLR,SimCLR-diffage-cosine,diffage,cosine,,occipital,all,age,fine_tuning,1,0,22.484848,22.451979,True,zones,A,save/zones/occipital
SimCLR,SimCLR-diffage-cosine,diffage,cosine,,occipital,all,age,fine_tuning,1,1,23.361702,21.868637,True,zones,A,save/zones/occipital
SimCLR,SimCLR-diffage-cosine,diffage,cosine,,occipital,all,age,fine_tuning,1,2,8.131579,9.758476,True,zones,A,save/zones/occipital
SimCLR,SimCLR-diffage-cosine,diffage,cosine,,occipital,all,age,fine_tuning,1,3,24.431654,24.936926,True,zones,A,save/zones/occipital
SimCLR,SimCLR-diffage-cosine,diffage,cosine,,occipital,all,age,fine_tuning,1,4,10.466666,10.995505,True,zones,A,save/zones/occipital
SimCLR,SimCLR-diffage-wasser,diffage,wasserstein,,occipital,all,age,fine_tuning,1,0,22.484848,22.094721,True,zones,A,save/zones/occipital
SimCLR,SimCLR-diffage-wasser,diffage,wasserstein,,occipital,all,age,fine_tuning,1,1,23.361702,22.385744,True,zones,A,save/zones/occipital
SimCLR,SimCLR-diffage-wasser,diffage,wasserstein,,occipital,all,age,fine_tuning,1,2,8.131579,10.96522,True,zones,A,save/zones/occipital
SimCLR,SimCLR-diffage-wasser,diffage,wasserstein,,occipital,all,age,fine_tuning,1,3,24.431654,24.931959,True,zones,A,save/zones/occipital
SimCLR,SimCLR-diffage-wasser,diffage,wasserstein,,occipital,all,age,fine_tuning,1,4,10.466666,10.260828,True,zones,A,save/zones/occipital
SimCLR,SimCLR-diffage-riemann,diffage,riemann,,occipital,all,age,fine_tuning,1,0,22.484848,21.651688,True,zones,A,save/zones/occipital
SimCLR,SimCLR-diffage-riemann,diffage,riemann,,occipital,all,age,fine_tuning,1,1,23.361702,21.848505,True,zones,A,save/zones/occipital
SimCLR,SimCLR-diffage-riemann,diffage,riemann,,occipital,all,age,fine_tuning,1,2,8.131579,9.749722,True,zones,A,save/zones/occipital
SimCLR,SimCLR-diffage-riemann,diffage,riemann,,occipital,all,age,fine_tuning,1,3,24.431654,24.809258,True,zones,A,save/zones/occipital
SimCLR,SimCLR-diffage-riemann,diffage,riemann,,occipital,all,age,fine_tuning,1,4,10.466666,10.182729,True,zones,A,save/zones/occipital
VAE,VAE,,,,occipital,all,age,fine_tuning,1,0,22.484848,22.508219,True,zones,A,save/zones/occipital
VAE,VAE,,,,occipital,all,age,fine_tuning,1,1,23.361702,22.382174,True,zones,A,save/zones/occipital
VAE,VAE,,,,occipital,all,age,fine_tuning,1,2,8.131579,10.70057,True,zones,A,save/zones/occipital
VAE,VAE,,,,occipital,all,age,fine_tuning,1,3,24.431654,23.896635,True,zones,A,save/zones/occipital
VAE,VAE,,,,occipital,all,age,fine_tuning,1,4,10.466666,10.662783,True,zones,A,save/zones/occipital
SimCLR,SimCLR,augment,,,occipital,all,age,linear_probe,2,0,13.857142,21.539347,True,zones,A,save/zones/occipital
SimCLR,SimCLR,augment,,,occipital,all,age,linear_probe,2,1,16.74074,22.844194,True,zones,A,save/zones/occipital
SimCLR,SimCLR,augment,,,occipital,all,age,linear_probe,2,2,27.48,22.223955,True,zones,A,save/zones/occipital
SimCLR,SimCLR,augment,,,occipital,all,age,linear_probe,2,3,17.288889,19.041969,True,zones,A,save/zones/occipital
SimCLR,SimCLR,augment,,,occipital,all,age,linear_probe,2,4,36.0,14.128618,True,zones,A,save/zones/occipital
SimCLR,SimCLR-nbr-cosine,nbr,cosine,,occipital,all,age,linear_probe,2,0,13.857142,15.913576,True,zones,A,save/zones/occipital
SimCLR,SimCLR-nbr-cosine,nbr,cosine,,occipital,all,age,linear_probe,2,1,16.74074,17.678507,True,zones,A,save/zones/occipital
SimCLR,SimCLR-nbr-cosine,nbr,cosine,,occipital,all,age,linear_probe,2,2,27.48,25.58749,True,zones,A,save/zones/occipital
SimCLR,SimCLR-nbr-cosine,nbr,cosine,,occipital,all,age,linear_probe,2,3,17.288889,18.187635,True,zones,A,save/zones/occipital
SimCLR,SimCLR-nbr-cosine,nbr,cosine,,occipital,all,age,linear_probe,2,4,36.0,28.976398,True,zones,A,save/zones/occipital
SimCLR,SimCLR-nbr-wasser,nbr,wasserstein,,occipital,all,age,linear_probe,2,0,13.857142,18.070522,True,zones,A,save/zones/occipital
SimCLR,SimCLR-nbr-wasser,nbr,wasserstein,,occipital,all,age,linear_probe,2,1,16.74074,17.86249,True,zones,A,save/zones/occipital
SimCLR,SimCLR-nbr-wasser,nbr,wasserstein,,occipital,all,age,linear_probe,2,2,27.48,27.051744,True,zones,A,save/zones/occipital
SimCLR,SimCLR-nbr-wasser,nbr,wasserstein,,occipital,all,age,linear_probe,2,3,17.288889,18.54048,True,zones,A,save/zones/occipital
SimCLR,SimCLR-nbr-wasser,nbr,wasserstein,,occipital,all,age,linear_probe,2,4,36.0,28.087984,True,zones,A,save/zones/occipital
SimCLR,SimCLR-nbr-riemann,nbr,riemann,,occipital,all,age,linear_probe,2,0,13.857142,16.543898,True,zones,A,save/zones/occipital
SimCLR,SimCLR-nbr-riemann,nbr,riemann,,occipital,all,age,linear_probe,2,1,16.74074,20.006395,True,zones,A,save/zones/occipital
SimCLR,SimCLR-nbr-riemann,nbr,riemann,,occipital,all,age,linear_probe,2,2,27.48,26.790512,True,zones,A,save/zones/occipital
SimCLR,SimCLR-nbr-riemann,nbr,riemann,,occipital,all,age,linear_probe,2,3,17.288889,18.748823,True,zones,A,save/zones/occipital
SimCLR,SimCLR-nbr-riemann,nbr,riemann,,occipital,all,age,linear_probe,2,4,36.0,22.555166,True,zones,A,save/zones/occipital
SimCLR,SimCLR-xsubj-cosine,xsubj,cosine,,occipital,all,age,linear_probe,2,0,13.857142,14.647788,True,zones,A,save/zones/occipital
SimCLR,SimCLR-xsubj-cosine,xsubj,cosine,,occipital,all,age,linear_probe,2,1,16.74074,16.253019,True,zones,A,save/zones/occipital
SimCLR,SimCLR-xsubj-cosine,xsubj,cosine,,occipital,all,age,linear_probe,2,2,27.48,26.73995,True,zones,A,save/zones/occipital
SimCLR,SimCLR-xsubj-cosine,xsubj,cosine,,occipital,all,age,linear_probe,2,3,17.288889,16.343122,True,zones,A,save/zones/occipital
SimCLR,SimCLR-xsubj-cosine,xsubj,cosine,,occipital,all,age,linear_probe,2,4,36.0,31.104908,True,zones,A,save/zones/occipital
SimCLR,SimCLR-xsubj-wasser,xsubj,wasserstein,,occipital,all,age,linear_probe,2,0,13.857142,16.159914,True,zones,A,save/zones/occipital
SimCLR,SimCLR-xsubj-wasser,xsubj,wasserstein,,occipital,all,age,linear_probe,2,1,16.74074,17.31217,True,zones,A,save/zones/occipital
SimCLR,SimCLR-xsubj-wasser,xsubj,wasserstein,,occipital,all,age,linear_probe,2,2,27.48,23.93111,True,zones,A,save/zones/occipital
SimCLR,SimCLR-xsubj-wasser,xsubj,wasserstein,,occipital,all,age,linear_probe,2,3,17.288889,16.101543,True,zones,A,save/zones/occipital
SimCLR,SimCLR-xsubj-wasser,xsubj,wasserstein,,occipital,all,age,linear_probe,2,4,36.0,34.906124,True,zones,A,save/zones/occipital
SimCLR,SimCLR-xsubj-riemann,xsubj,riemann,,occipital,all,age,linear_probe,2,0,13.857142,16.888996,True,zones,A,save/zones/occipital
SimCLR,SimCLR-xsubj-riemann,xsubj,riemann,,occipital,all,age,linear_probe,2,1,16.74074,15.660028,True,zones,A,save/zones/occipital
SimCLR,SimCLR-xsubj-riemann,xsubj,riemann,,occipital,all,age,linear_probe,2,2,27.48,24.180182,True,zones,A,save/zones/occipital
SimCLR,SimCLR-xsubj-riemann,xsubj,riemann,,occipital,all,age,linear_probe,2,3,17.288889,17.977633,True,zones,A,save/zones/occipital
SimCLR,SimCLR-xsubj-riemann,xsubj,riemann,,occipital,all,age,linear_probe,2,4,36.0,24.359409,True,zones,A,save/zones/occipital
SimCLR,SimCLR-diffage-cosine,diffage,cosine,,occipital,all,age,linear_probe,2,0,13.857142,22.010344,True,zones,A,save/zones/occipital
SimCLR,SimCLR-diffage-cosine,diffage,cosine,,occipital,all,age,linear_probe,2,1,16.74074,19.210058,True,zones,A,save/zones/occipital
SimCLR,SimCLR-diffage-cosine,diffage,cosine,,occipital,all,age,linear_probe,2,2,27.48,21.132448,True,zones,A,save/zones/occipital
SimCLR,SimCLR-diffage-cosine,diffage,cosine,,occipital,all,age,linear_probe,2,3,17.288889,18.645092,True,zones,A,save/zones/occipital
SimCLR,SimCLR-diffage-cosine,diffage,cosine,,occipital,all,age,linear_probe,2,4,36.0,21.483898,True,zones,A,save/zones/occipital
SimCLR,SimCLR-diffage-wasser,diffage,wasserstein,,occipital,all,age,linear_probe,2,0,13.857142,21.308817,True,zones,A,save/zones/occipital
SimCLR,SimCLR-diffage-wasser,diffage,wasserstein,,occipital,all,age,linear_probe,2,1,16.74074,19.330063,True,zones,A,save/zones/occipital
SimCLR,SimCLR-diffage-wasser,diffage,wasserstein,,occipital,all,age,linear_probe,2,2,27.48,20.349497,True,zones,A,save/zones/occipital
SimCLR,SimCLR-diffage-wasser,diffage,wasserstein,,occipital,all,age,linear_probe,2,3,17.288889,18.55142,True,zones,A,save/zones/occipital
SimCLR,SimCLR-diffage-wasser,diffage,wasserstein,,occipital,all,age,linear_probe,2,4,36.0,17.24646,True,zones,A,save/zones/occipital
SimCLR,SimCLR-diffage-riemann,diffage,riemann,,occipital,all,age,linear_probe,2,0,13.857142,22.66346,True,zones,A,save/zones/occipital
SimCLR,SimCLR-diffage-riemann,diffage,riemann,,occipital,all,age,linear_probe,2,1,16.74074,21.835218,True,zones,A,save/zones/occipital
SimCLR,SimCLR-diffage-riemann,diffage,riemann,,occipital,all,age,linear_probe,2,2,27.48,21.285894,True,zones,A,save/zones/occipital
SimCLR,SimCLR-diffage-riemann,diffage,riemann,,occipital,all,age,linear_probe,2,3,17.288889,19.352694,True,zones,A,save/zones/occipital
SimCLR,SimCLR-diffage-riemann,diffage,riemann,,occipital,all,age,linear_probe,2,4,36.0,15.616394,True,zones,A,save/zones/occipital
VAE,VAE,,,,occipital,all,age,linear_probe,2,0,13.857142,19.229094,True,zones,A,save/zones/occipital
VAE,VAE,,,,occipital,all,age,linear_probe,2,1,16.74074,19.324911,True,zones,A,save/zones/occipital
VAE,VAE,,,,occipital,all,age,linear_probe,2,2,27.48,19.115629,True,zones,A,save/zones/occipital
VAE,VAE,,,,occipital,all,age,linear_probe,2,3,17.288889,19.009615,True,zones,A,save/zones/occipital
VAE,VAE,,,,occipital,all,age,linear_probe,2,4,36.0,19.126852,True,zones,A,save/zones/occipital
SimCLR,SimCLR,augment,,,occipital,all,age,fine_tuning,2,0,13.857142,12.674087,True,zones,A,save/zones/occipital
SimCLR,SimCLR,augment,,,occipital,all,age,fine_tuning,2,1,16.74074,15.764922,True,zones,A,save/zones/occipital
SimCLR,SimCLR,augment,,,occipital,all,age,fine_tuning,2,2,27.48,27.556028,True,zones,A,save/zones/occipital
SimCLR,SimCLR,augment,,,occipital,all,age,fine_tuning,2,3,17.288889,14.4986,True,zones,A,save/zones/occipital
SimCLR,SimCLR,augment,,,occipital,all,age,fine_tuning,2,4,36.0,35.754318,True,zones,A,save/zones/occipital
SimCLR,SimCLR-nbr-cosine,nbr,cosine,,occipital,all,age,fine_tuning,2,0,13.857142,13.005482,True,zones,A,save/zones/occipital
SimCLR,SimCLR-nbr-cosine,nbr,cosine,,occipital,all,age,fine_tuning,2,1,16.74074,16.220837,True,zones,A,save/zones/occipital
SimCLR,SimCLR-nbr-cosine,nbr,cosine,,occipital,all,age,fine_tuning,2,2,27.48,27.309889,True,zones,A,save/zones/occipital
SimCLR,SimCLR-nbr-cosine,nbr,cosine,,occipital,all,age,fine_tuning,2,3,17.288889,15.188013,True,zones,A,save/zones/occipital
SimCLR,SimCLR-nbr-cosine,nbr,cosine,,occipital,all,age,fine_tuning,2,4,36.0,36.536922,True,zones,A,save/zones/occipital
SimCLR,SimCLR-nbr-wasser,nbr,wasserstein,,occipital,all,age,fine_tuning,2,0,13.857142,12.709333,True,zones,A,save/zones/occipital
SimCLR,SimCLR-nbr-wasser,nbr,wasserstein,,occipital,all,age,fine_tuning,2,1,16.74074,15.811145,True,zones,A,save/zones/occipital
SimCLR,SimCLR-nbr-wasser,nbr,wasserstein,,occipital,all,age,fine_tuning,2,2,27.48,26.57147,True,zones,A,save/zones/occipital
SimCLR,SimCLR-nbr-wasser,nbr,wasserstein,,occipital,all,age,fine_tuning,2,3,17.288889,15.218616,True,zones,A,save/zones/occipital
SimCLR,SimCLR-nbr-wasser,nbr,wasserstein,,occipital,all,age,fine_tuning,2,4,36.0,35.013069,True,zones,A,save/zones/occipital
SimCLR,SimCLR-nbr-riemann,nbr,riemann,,occipital,all,age,fine_tuning,2,0,13.857142,13.282717,True,zones,A,save/zones/occipital
SimCLR,SimCLR-nbr-riemann,nbr,riemann,,occipital,all,age,fine_tuning,2,1,16.74074,15.918862,True,zones,A,save/zones/occipital
SimCLR,SimCLR-nbr-riemann,nbr,riemann,,occipital,all,age,fine_tuning,2,2,27.48,26.812761,True,zones,A,save/zones/occipital
SimCLR,SimCLR-nbr-riemann,nbr,riemann,,occipital,all,age,fine_tuning,2,3,17.288889,15.12749,True,zones,A,save/zones/occipital
SimCLR,SimCLR-nbr-riemann,nbr,riemann,,occipital,all,age,fine_tuning,2,4,36.0,36.010147,True,zones,A,save/zones/occipital
SimCLR,SimCLR-xsubj-cosine,xsubj,cosine,,occipital,all,age,fine_tuning,2,0,13.857142,13.539228,True,zones,A,save/zones/occipital
SimCLR,SimCLR-xsubj-cosine,xsubj,cosine,,occipital,all,age,fine_tuning,2,1,16.74074,16.892988,True,zones,A,save/zones/occipital
SimCLR,SimCLR-xsubj-cosine,xsubj,cosine,,occipital,all,age,fine_tuning,2,2,27.48,27.427486,True,zones,A,save/zones/occipital
SimCLR,SimCLR-xsubj-cosine,xsubj,cosine,,occipital,all,age,fine_tuning,2,3,17.288889,15.358289,True,zones,A,save/zones/occipital
SimCLR,SimCLR-xsubj-cosine,xsubj,cosine,,occipital,all,age,fine_tuning,2,4,36.0,36.210346,True,zones,A,save/zones/occipital
SimCLR,SimCLR-xsubj-wasser,xsubj,wasserstein,,occipital,all,age,fine_tuning,2,0,13.857142,11.059615,True,zones,A,save/zones/occipital
SimCLR,SimCLR-xsubj-wasser,xsubj,wasserstein,,occipital,all,age,fine_tuning,2,1,16.74074,14.815815,True,zones,A,save/zones/occipital
SimCLR,SimCLR-xsubj-wasser,xsubj,wasserstein,,occipital,all,age,fine_tuning,2,2,27.48,25.746199,True,zones,A,save/zones/occipital
SimCLR,SimCLR-xsubj-wasser,xsubj,wasserstein,,occipital,all,age,fine_tuning,2,3,17.288889,14.661404,True,zones,A,save/zones/occipital
SimCLR,SimCLR-xsubj-wasser,xsubj,wasserstein,,occipital,all,age,fine_tuning,2,4,36.0,29.137648,True,zones,A,save/zones/occipital
SimCLR,SimCLR-xsubj-riemann,xsubj,riemann,,occipital,all,age,fine_tuning,2,0,13.857142,12.250195,True,zones,A,save/zones/occipital
SimCLR,SimCLR-xsubj-riemann,xsubj,riemann,,occipital,all,age,fine_tuning,2,1,16.74074,15.131163,True,zones,A,save/zones/occipital
SimCLR,SimCLR-xsubj-riemann,xsubj,riemann,,occipital,all,age,fine_tuning,2,2,27.48,26.44244,True,zones,A,save/zones/occipital
SimCLR,SimCLR-xsubj-riemann,xsubj,riemann,,occipital,all,age,fine_tuning,2,3,17.288889,14.612324,True,zones,A,save/zones/occipital
SimCLR,SimCLR-xsubj-riemann,xsubj,riemann,,occipital,all,age,fine_tuning,2,4,36.0,35.464352,True,zones,A,save/zones/occipital
SimCLR,SimCLR-diffage-cosine,diffage,cosine,,occipital,all,age,fine_tuning,2,0,13.857142,12.96844,True,zones,A,save/zones/occipital
SimCLR,SimCLR-diffage-cosine,diffage,cosine,,occipital,all,age,fine_tuning,2,1,16.74074,15.640361,True,zones,A,save/zones/occipital
SimCLR,SimCLR-diffage-cosine,diffage,cosine,,occipital,all,age,fine_tuning,2,2,27.48,26.945862,True,zones,A,save/zones/occipital
SimCLR,SimCLR-diffage-cosine,diffage,cosine,,occipital,all,age,fine_tuning,2,3,17.288889,14.953797,True,zones,A,save/zones/occipital
SimCLR,SimCLR-diffage-cosine,diffage,cosine,,occipital,all,age,fine_tuning,2,4,36.0,35.621342,True,zones,A,save/zones/occipital
SimCLR,SimCLR-diffage-wasser,diffage,wasserstein,,occipital,all,age,fine_tuning,2,0,13.857142,13.873711,True,zones,A,save/zones/occipital
SimCLR,SimCLR-diffage-wasser,diffage,wasserstein,,occipital,all,age,fine_tuning,2,1,16.74074,16.093693,True,zones,A,save/zones/occipital
SimCLR,SimCLR-diffage-wasser,diffage,wasserstein,,occipital,all,age,fine_tuning,2,2,27.48,27.114906,True,zones,A,save/zones/occipital
SimCLR,SimCLR-diffage-wasser,diffage,wasserstein,,occipital,all,age,fine_tuning,2,3,17.288889,15.867682,True,zones,A,save/zones/occipital
SimCLR,SimCLR-diffage-wasser,diffage,wasserstein,,occipital,all,age,fine_tuning,2,4,36.0,35.272537,True,zones,A,save/zones/occipital
SimCLR,SimCLR-diffage-riemann,diffage,riemann,,occipital,all,age,fine_tuning,2,0,13.857142,15.538,True,zones,A,save/zones/occipital
SimCLR,SimCLR-diffage-riemann,diffage,riemann,,occipital,all,age,fine_tuning,2,1,16.74074,17.021111,True,zones,A,save/zones/occipital
SimCLR,SimCLR-diffage-riemann,diffage,riemann,,occipital,all,age,fine_tuning,2,2,27.48,27.210743,True,zones,A,save/zones/occipital
SimCLR,SimCLR-diffage-riemann,diffage,riemann,,occipital,all,age,fine_tuning,2,3,17.288889,15.975892,True,zones,A,save/zones/occipital
SimCLR,SimCLR-diffage-riemann,diffage,riemann,,occipital,all,age,fine_tuning,2,4,36.0,36.028049,True,zones,A,save/zones/occipital
VAE,VAE,,,,occipital,all,age,fine_tuning,2,0,13.857142,13.655038,True,zones,A,save/zones/occipital
VAE,VAE,,,,occipital,all,age,fine_tuning,2,1,16.74074,16.583956,True,zones,A,save/zones/occipital
VAE,VAE,,,,occipital,all,age,fine_tuning,2,2,27.48,27.382109,True,zones,A,save/zones/occipital
VAE,VAE,,,,occipital,all,age,fine_tuning,2,3,17.288889,15.807459,True,zones,A,save/zones/occipital
VAE,VAE,,,,occipital,all,age,fine_tuning,2,4,36.0,36.264675,True,zones,A,save/zones/occipital
SimCLR,SimCLR,augment,,,occipital,all,age,linear_probe,3,0,20.033897,18.060287,True,zones,A,save/zones/occipital
SimCLR,SimCLR,augment,,,occipital,all,age,linear_probe,3,1,10.086957,19.693022,True,zones,A,save/zones/occipital
SimCLR,SimCLR,augment,,,occipital,all,age,linear_probe,3,2,12.6,15.520707,True,zones,A,save/zones/occipital
SimCLR,SimCLR,augment,,,occipital,all,age,linear_probe,3,3,13.517241,19.685003,True,zones,A,save/zones/occipital
SimCLR,SimCLR,augment,,,occipital,all,age,linear_probe,3,4,25.104347,19.087595,True,zones,A,save/zones/occipital
SimCLR,SimCLR-nbr-cosine,nbr,cosine,,occipital,all,age,linear_probe,3,0,20.033897,16.593817,True,zones,A,save/zones/occipital
SimCLR,SimCLR-nbr-cosine,nbr,cosine,,occipital,all,age,linear_probe,3,1,10.086957,12.242559,True,zones,A,save/zones/occipital
SimCLR,SimCLR-nbr-cosine,nbr,cosine,,occipital,all,age,linear_probe,3,2,12.6,16.45681,True,zones,A,save/zones/occipital
SimCLR,SimCLR-nbr-cosine,nbr,cosine,,occipital,all,age,linear_probe,3,3,13.517241,10.27165,True,zones,A,save/zones/occipital
SimCLR,SimCLR-nbr-cosine,nbr,cosine,,occipital,all,age,linear_probe,3,4,25.104347,21.335852,True,zones,A,save/zones/occipital
SimCLR,SimCLR-nbr-wasser,nbr,wasserstein,,occipital,all,age,linear_probe,3,0,20.033897,16.732389,True,zones,A,save/zones/occipital
SimCLR,SimCLR-nbr-wasser,nbr,wasserstein,,occipital,all,age,linear_probe,3,1,10.086957,13.317304,True,zones,A,save/zones/occipital
SimCLR,SimCLR-nbr-wasser,nbr,wasserstein,,occipital,all,age,linear_probe,3,2,12.6,14.568393,True,zones,A,save/zones/occipital
SimCLR,SimCLR-nbr-wasser,nbr,wasserstein,,occipital,all,age,linear_probe,3,3,13.517241,9.692015,True,zones,A,save/zones/occipital
SimCLR,SimCLR-nbr-wasser,nbr,wasserstein,,occipital,all,age,linear_probe,3,4,25.104347,21.92695,True,zones,A,save/zones/occipital
SimCLR,SimCLR-nbr-riemann,nbr,riemann,,occipital,all,age,linear_probe,3,0,20.033897,16.783512,True,zones,A,save/zones/occipital
SimCLR,SimCLR-nbr-riemann,nbr,riemann,,occipital,all,age,linear_probe,3,1,10.086957,13.273748,True,zones,A,save/zones/occipital
SimCLR,SimCLR-nbr-riemann,nbr,riemann,,occipital,all,age,linear_probe,3,2,12.6,16.815969,True,zones,A,save/zones/occipital
SimCLR,SimCLR-nbr-riemann,nbr,riemann,,occipital,all,age,linear_probe,3,3,13.517241,10.191327,True,zones,A,save/zones/occipital
SimCLR,SimCLR-nbr-riemann,nbr,riemann,,occipital,all,age,linear_probe,3,4,25.104347,21.886574,True,zones,A,save/zones/occipital
SimCLR,SimCLR-xsubj-cosine,xsubj,cosine,,occipital,all,age,linear_probe,3,0,20.033897,18.812706,True,zones,A,save/zones/occipital
SimCLR,SimCLR-xsubj-cosine,xsubj,cosine,,occipital,all,age,linear_probe,3,1,10.086957,12.659002,True,zones,A,save/zones/occipital
SimCLR,SimCLR-xsubj-cosine,xsubj,cosine,,occipital,all,age,linear_probe,3,2,12.6,13.742687,True,zones,A,save/zones/occipital
SimCLR,SimCLR-xsubj-cosine,xsubj,cosine,,occipital,all,age,linear_probe,3,3,13.517241,14.754469,True,zones,A,save/zones/occipital
SimCLR,SimCLR-xsubj-cosine,xsubj,cosine,,occipital,all,age,linear_probe,3,4,25.104347,21.089674,True,zones,A,save/zones/occipital
SimCLR,SimCLR-xsubj-wasser,xsubj,wasserstein,,occipital,all,age,linear_probe,3,0,20.033897,20.54941,True,zones,A,save/zones/occipital
SimCLR,SimCLR-xsubj-wasser,xsubj,wasserstein,,occipital,all,age,linear_probe,3,1,10.086957,11.171014,True,zones,A,save/zones/occipital
SimCLR,SimCLR-xsubj-wasser,xsubj,wasserstein,,occipital,all,age,linear_probe,3,2,12.6,13.815735,True,zones,A,save/zones/occipital
SimCLR,SimCLR-xsubj-wasser,xsubj,wasserstein,,occipital,all,age,linear_probe,3,3,13.517241,13.068479,True,zones,A,save/zones/occipital
SimCLR,SimCLR-xsubj-wasser,xsubj,wasserstein,,occipital,all,age,linear_probe,3,4,25.104347,22.775864,True,zones,A,save/zones/occipital
SimCLR,SimCLR-xsubj-riemann,xsubj,riemann,,occipital,all,age,linear_probe,3,0,20.033897,17.349518,True,zones,A,save/zones/occipital
SimCLR,SimCLR-xsubj-riemann,xsubj,riemann,,occipital,all,age,linear_probe,3,1,10.086957,10.723708,True,zones,A,save/zones/occipital
SimCLR,SimCLR-xsubj-riemann,xsubj,riemann,,occipital,all,age,linear_probe,3,2,12.6,15.812875,True,zones,A,save/zones/occipital
SimCLR,SimCLR-xsubj-riemann,xsubj,riemann,,occipital,all,age,linear_probe,3,3,13.517241,12.420183,True,zones,A,save/zones/occipital
SimCLR,SimCLR-xsubj-riemann,xsubj,riemann,,occipital,all,age,linear_probe,3,4,25.104347,22.027779,True,zones,A,save/zones/occipital
SimCLR,SimCLR-diffage-cosine,diffage,cosine,,occipital,all,age,linear_probe,3,0,20.033897,18.610649,True,zones,A,save/zones/occipital
SimCLR,SimCLR-diffage-cosine,diffage,cosine,,occipital,all,age,linear_probe,3,1,10.086957,18.991528,True,zones,A,save/zones/occipital
SimCLR,SimCLR-diffage-cosine,diffage,cosine,,occipital,all,age,linear_probe,3,2,12.6,16.934324,True,zones,A,save/zones/occipital
SimCLR,SimCLR-diffage-cosine,diffage,cosine,,occipital,all,age,linear_probe,3,3,13.517241,13.483092,True,zones,A,save/zones/occipital
SimCLR,SimCLR-diffage-cosine,diffage,cosine,,occipital,all,age,linear_probe,3,4,25.104347,18.735636,True,zones,A,save/zones/occipital
SimCLR,SimCLR-diffage-wasser,diffage,wasserstein,,occipital,all,age,linear_probe,3,0,20.033897,18.307796,True,zones,A,save/zones/occipital
SimCLR,SimCLR-diffage-wasser,diffage,wasserstein,,occipital,all,age,linear_probe,3,1,10.086957,19.717424,True,zones,A,save/zones/occipital
SimCLR,SimCLR-diffage-wasser,diffage,wasserstein,,occipital,all,age,linear_probe,3,2,12.6,16.579784,True,zones,A,save/zones/occipital
SimCLR,SimCLR-diffage-wasser,diffage,wasserstein,,occipital,all,age,linear_probe,3,3,13.517241,12.85874,True,zones,A,save/zones/occipital
SimCLR,SimCLR-diffage-wasser,diffage,wasserstein,,occipital,all,age,linear_probe,3,4,25.104347,19.895847,True,zones,A,save/zones/occipital
SimCLR,SimCLR-diffage-riemann,diffage,riemann,,occipital,all,age,linear_probe,3,0,20.033897,18.45829,True,zones,A,save/zones/occipital
SimCLR,SimCLR-diffage-riemann,diffage,riemann,,occipital,all,age,linear_probe,3,1,10.086957,18.861065,True,zones,A,save/zones/occipital
SimCLR,SimCLR-diffage-riemann,diffage,riemann,,occipital,all,age,linear_probe,3,2,12.6,13.238564,True,zones,A,save/zones/occipital
SimCLR,SimCLR-diffage-riemann,diffage,riemann,,occipital,all,age,linear_probe,3,3,13.517241,13.770642,True,zones,A,save/zones/occipital
SimCLR,SimCLR-diffage-riemann,diffage,riemann,,occipital,all,age,linear_probe,3,4,25.104347,20.895111,True,zones,A,save/zones/occipital
VAE,VAE,,,,occipital,all,age,linear_probe,3,0,20.033897,18.985659,True,zones,A,save/zones/occipital
VAE,VAE,,,,occipital,all,age,linear_probe,3,1,10.086957,18.939777,True,zones,A,save/zones/occipital
VAE,VAE,,,,occipital,all,age,linear_probe,3,2,12.6,18.697542,True,zones,A,save/zones/occipital
VAE,VAE,,,,occipital,all,age,linear_probe,3,3,13.517241,18.845005,True,zones,A,save/zones/occipital
VAE,VAE,,,,occipital,all,age,linear_probe,3,4,25.104347,19.067659,True,zones,A,save/zones/occipital
SimCLR,SimCLR,augment,,,occipital,all,age,fine_tuning,3,0,20.033897,18.987202,True,zones,A,save/zones/occipital
SimCLR,SimCLR,augment,,,occipital,all,age,fine_tuning,3,1,10.086957,8.193227,True,zones,A,save/zones/occipital
SimCLR,SimCLR,augment,,,occipital,all,age,fine_tuning,3,2,12.6,15.56628,True,zones,A,save/zones/occipital
SimCLR,SimCLR,augment,,,occipital,all,age,fine_tuning,3,3,13.517241,14.674506,True,zones,A,save/zones/occipital
SimCLR,SimCLR,augment,,,occipital,all,age,fine_tuning,3,4,25.104347,24.390715,True,zones,A,save/zones/occipital
SimCLR,SimCLR-nbr-cosine,nbr,cosine,,occipital,all,age,fine_tuning,3,0,20.033897,18.638779,True,zones,A,save/zones/occipital
SimCLR,SimCLR-nbr-cosine,nbr,cosine,,occipital,all,age,fine_tuning,3,1,10.086957,7.822744,True,zones,A,save/zones/occipital
SimCLR,SimCLR-nbr-cosine,nbr,cosine,,occipital,all,age,fine_tuning,3,2,12.6,15.961634,True,zones,A,save/zones/occipital
SimCLR,SimCLR-nbr-cosine,nbr,cosine,,occipital,all,age,fine_tuning,3,3,13.517241,15.038608,True,zones,A,save/zones/occipital
SimCLR,SimCLR-nbr-cosine,nbr,cosine,,occipital,all,age,fine_tuning,3,4,25.104347,24.572422,True,zones,A,save/zones/occipital
SimCLR,SimCLR-nbr-wasser,nbr,wasserstein,,occipital,all,age,fine_tuning,3,0,20.033897,19.256876,True,zones,A,save/zones/occipital
SimCLR,SimCLR-nbr-wasser,nbr,wasserstein,,occipital,all,age,fine_tuning,3,1,10.086957,8.397155,True,zones,A,save/zones/occipital
SimCLR,SimCLR-nbr-wasser,nbr,wasserstein,,occipital,all,age,fine_tuning,3,2,12.6,15.794282,True,zones,A,save/zones/occipital
SimCLR,SimCLR-nbr-wasser,nbr,wasserstein,,occipital,all,age,fine_tuning,3,3,13.517241,15.002837,True,zones,A,save/zones/occipital
SimCLR,SimCLR-nbr-wasser,nbr,wasserstein,,occipital,all,age,fine_tuning,3,4,25.104347,24.79026,True,zones,A,save/zones/occipital
SimCLR,SimCLR-nbr-riemann,nbr,riemann,,occipital,all,age,fine_tuning,3,0,20.033897,18.101559,True,zones,A,save/zones/occipital
SimCLR,SimCLR-nbr-riemann,nbr,riemann,,occipital,all,age,fine_tuning,3,1,10.086957,7.790246,True,zones,A,save/zones/occipital
SimCLR,SimCLR-nbr-riemann,nbr,riemann,,occipital,all,age,fine_tuning,3,2,12.6,14.413619,True,zones,A,save/zones/occipital
SimCLR,SimCLR-nbr-riemann,nbr,riemann,,occipital,all,age,fine_tuning,3,3,13.517241,13.671402,True,zones,A,save/zones/occipital
SimCLR,SimCLR-nbr-riemann,nbr,riemann,,occipital,all,age,fine_tuning,3,4,25.104347,24.043827,True,zones,A,save/zones/occipital
SimCLR,SimCLR-xsubj-cosine,xsubj,cosine,,occipital,all,age,fine_tuning,3,0,20.033897,19.269766,True,zones,A,save/zones/occipital
SimCLR,SimCLR-xsubj-cosine,xsubj,cosine,,occipital,all,age,fine_tuning,3,1,10.086957,8.701388,True,zones,A,save/zones/occipital
SimCLR,SimCLR-xsubj-cosine,xsubj,cosine,,occipital,all,age,fine_tuning,3,2,12.6,14.604744,True,zones,A,save/zones/occipital
SimCLR,SimCLR-xsubj-cosine,xsubj,cosine,,occipital,all,age,fine_tuning,3,3,13.517241,14.888106,True,zones,A,save/zones/occipital
SimCLR,SimCLR-xsubj-cosine,xsubj,cosine,,occipital,all,age,fine_tuning,3,4,25.104347,23.834036,True,zones,A,save/zones/occipital
SimCLR,SimCLR-xsubj-wasser,xsubj,wasserstein,,occipital,all,age,fine_tuning,3,0,20.033897,19.537745,True,zones,A,save/zones/occipital
SimCLR,SimCLR-xsubj-wasser,xsubj,wasserstein,,occipital,all,age,fine_tuning,3,1,10.086957,8.958153,True,zones,A,save/zones/occipital
SimCLR,SimCLR-xsubj-wasser,xsubj,wasserstein,,occipital,all,age,fine_tuning,3,2,12.6,14.849371,True,zones,A,save/zones/occipital
SimCLR,SimCLR-xsubj-wasser,xsubj,wasserstein,,occipital,all,age,fine_tuning,3,3,13.517241,15.529707,True,zones,A,save/zones/occipital
SimCLR,SimCLR-xsubj-wasser,xsubj,wasserstein,,occipital,all,age,fine_tuning,3,4,25.104347,24.838751,True,zones,A,save/zones/occipital
SimCLR,SimCLR-xsubj-riemann,xsubj,riemann,,occipital,all,age,fine_tuning,3,0,20.033897,18.584995,True,zones,A,save/zones/occipital
SimCLR,SimCLR-xsubj-riemann,xsubj,riemann,,occipital,all,age,fine_tuning,3,1,10.086957,8.121152,True,zones,A,save/zones/occipital
SimCLR,SimCLR-xsubj-riemann,xsubj,riemann,,occipital,all,age,fine_tuning,3,2,12.6,14.672788,True,zones,A,save/zones/occipital
SimCLR,SimCLR-xsubj-riemann,xsubj,riemann,,occipital,all,age,fine_tuning,3,3,13.517241,14.230239,True,zones,A,save/zones/occipital
SimCLR,SimCLR-xsubj-riemann,xsubj,riemann,,occipital,all,age,fine_tuning,3,4,25.104347,24.532495,True,zones,A,save/zones/occipital
SimCLR,SimCLR-diffage-cosine,diffage,cosine,,occipital,all,age,fine_tuning,3,0,20.033897,18.472187,True,zones,A,save/zones/occipital
SimCLR,SimCLR-diffage-cosine,diffage,cosine,,occipital,all,age,fine_tuning,3,1,10.086957,8.339802,True,zones,A,save/zones/occipital
SimCLR,SimCLR-diffage-cosine,diffage,cosine,,occipital,all,age,fine_tuning,3,2,12.6,14.661512,True,zones,A,save/zones/occipital
SimCLR,SimCLR-diffage-cosine,diffage,cosine,,occipital,all,age,fine_tuning,3,3,13.517241,14.314137,True,zones,A,save/zones/occipital
SimCLR,SimCLR-diffage-cosine,diffage,cosine,,occipital,all,age,fine_tuning,3,4,25.104347,24.456175,True,zones,A,save/zones/occipital
SimCLR,SimCLR-diffage-wasser,diffage,wasserstein,,occipital,all,age,fine_tuning,3,0,20.033897,18.644968,True,zones,A,save/zones/occipital
SimCLR,SimCLR-diffage-wasser,diffage,wasserstein,,occipital,all,age,fine_tuning,3,1,10.086957,8.3353,True,zones,A,save/zones/occipital
SimCLR,SimCLR-diffage-wasser,diffage,wasserstein,,occipital,all,age,fine_tuning,3,2,12.6,14.878304,True,zones,A,save/zones/occipital
SimCLR,SimCLR-diffage-wasser,diffage,wasserstein,,occipital,all,age,fine_tuning,3,3,13.517241,14.089126,True,zones,A,save/zones/occipital
SimCLR,SimCLR-diffage-wasser,diffage,wasserstein,,occipital,all,age,fine_tuning,3,4,25.104347,25.454853,True,zones,A,save/zones/occipital
SimCLR,SimCLR-diffage-riemann,diffage,riemann,,occipital,all,age,fine_tuning,3,0,20.033897,17.897959,True,zones,A,save/zones/occipital
SimCLR,SimCLR-diffage-riemann,diffage,riemann,,occipital,all,age,fine_tuning,3,1,10.086957,7.431495,True,zones,A,save/zones/occipital
SimCLR,SimCLR-diffage-riemann,diffage,riemann,,occipital,all,age,fine_tuning,3,2,12.6,13.681774,True,zones,A,save/zones/occipital
SimCLR,SimCLR-diffage-riemann,diffage,riemann,,occipital,all,age,fine_tuning,3,3,13.517241,13.076839,True,zones,A,save/zones/occipital
SimCLR,SimCLR-diffage-riemann,diffage,riemann,,occipital,all,age,fine_tuning,3,4,25.104347,24.669321,True,zones,A,save/zones/occipital
VAE,VAE,,,,occipital,all,age,fine_tuning,3,0,20.033897,19.208277,True,zones,A,save/zones/occipital
VAE,VAE,,,,occipital,all,age,fine_tuning,3,1,10.086957,9.126682,True,zones,A,save/zones/occipital
VAE,VAE,,,,occipital,all,age,fine_tuning,3,2,12.6,15.374021,True,zones,A,save/zones/occipital
VAE,VAE,,,,occipital,all,age,fine_tuning,3,3,13.517241,15.482613,True,zones,A,save/zones/occipital
VAE,VAE,,,,occipital,all,age,fine_tuning,3,4,25.104347,25.298094,True,zones,A,save/zones/occipital
SimCLR,SimCLR,augment,,,occipital,all,age,linear_probe,4,0,12.185185,16.420025,True,zones,A,save/zones/occipital
SimCLR,SimCLR,augment,,,occipital,all,age,linear_probe,4,1,10.902439,18.212666,True,zones,A,save/zones/occipital
SimCLR,SimCLR,augment,,,occipital,all,age,linear_probe,4,2,7.125,17.14957,True,zones,A,save/zones/occipital
SimCLR,SimCLR,augment,,,occipital,all,age,linear_probe,4,3,31.799999,18.845808,True,zones,A,save/zones/occipital
SimCLR,SimCLR,augment,,,occipital,all,age,linear_probe,4,4,10.609756,19.494421,True,zones,A,save/zones/occipital
SimCLR,SimCLR-nbr-cosine,nbr,cosine,,occipital,all,age,linear_probe,4,0,12.185185,12.487935,True,zones,A,save/zones/occipital
SimCLR,SimCLR-nbr-cosine,nbr,cosine,,occipital,all,age,linear_probe,4,1,10.902439,5.423458,True,zones,A,save/zones/occipital
SimCLR,SimCLR-nbr-cosine,nbr,cosine,,occipital,all,age,linear_probe,4,2,7.125,12.952171,True,zones,A,save/zones/occipital
SimCLR,SimCLR-nbr-cosine,nbr,cosine,,occipital,all,age,linear_probe,4,3,31.799999,26.887602,True,zones,A,save/zones/occipital
SimCLR,SimCLR-nbr-cosine,nbr,cosine,,occipital,all,age,linear_probe,4,4,10.609756,11.198501,True,zones,A,save/zones/occipital
SimCLR,SimCLR-nbr-wasser,nbr,wasserstein,,occipital,all,age,linear_probe,4,0,12.185185,13.246141,True,zones,A,save/zones/occipital
SimCLR,SimCLR-nbr-wasser,nbr,wasserstein,,occipital,all,age,linear_probe,4,1,10.902439,4.535849,True,zones,A,save/zones/occipital
SimCLR,SimCLR-nbr-wasser,nbr,wasserstein,,occipital,all,age,linear_probe,4,2,7.125,13.140167,True,zones,A,save/zones/occipital
SimCLR,SimCLR-nbr-wasser,nbr,wasserstein,,occipital,all,age,linear_probe,4,3,31.799999,25.786749,True,zones,A,save/zones/occipital
SimCLR,SimCLR-nbr-wasser,nbr,wasserstein,,occipital,all,age,linear_probe,4,4,10.609756,11.20566,True,zones,A,save/zones/occipital
SimCLR,SimCLR-nbr-riemann,nbr,riemann,,occipital,all,age,linear_probe,4,0,12.185185,13.203115,True,zones,A,save/zones/occipital
SimCLR,SimCLR-nbr-riemann,nbr,riemann,,occipital,all,age,linear_probe,4,1,10.902439,5.658103,True,zones,A,save/zones/occipital
SimCLR,SimCLR-nbr-riemann,nbr,riemann,,occipital,all,age,linear_probe,4,2,7.125,13.307949,True,zones,A,save/zones/occipital
SimCLR,SimCLR-nbr-riemann,nbr,riemann,,occipital,all,age,linear_probe,4,3,31.799999,26.075371,True,zones,A,save/zones/occipital
SimCLR,SimCLR-nbr-riemann,nbr,riemann,,occipital,all,age,linear_probe,4,4,10.609756,11.583342,True,zones,A,save/zones/occipital
SimCLR,SimCLR-xsubj-cosine,xsubj,cosine,,occipital,all,age,linear_probe,4,0,12.185185,12.886253,True,zones,A,save/zones/occipital
SimCLR,SimCLR-xsubj-cosine,xsubj,cosine,,occipital,all,age,linear_probe,4,1,10.902439,4.577032,True,zones,A,save/zones/occipital
SimCLR,SimCLR-xsubj-cosine,xsubj,cosine,,occipital,all,age,linear_probe,4,2,7.125,11.548223,True,zones,A,save/zones/occipital
SimCLR,SimCLR-xsubj-cosine,xsubj,cosine,,occipital,all,age,linear_probe,4,3,31.799999,27.47629,True,zones,A,save/zones/occipital
SimCLR,SimCLR-xsubj-cosine,xsubj,cosine,,occipital,all,age,linear_probe,4,4,10.609756,11.965459,True,zones,A,save/zones/occipital
SimCLR,SimCLR-xsubj-wasser,xsubj,wasserstein,,occipital,all,age,linear_probe,4,0,12.185185,11.746465,True,zones,A,save/zones/occipital
SimCLR,SimCLR-xsubj-wasser,xsubj,wasserstein,,occipital,all,age,linear_probe,4,1,10.902439,6.539828,True,zones,A,save/zones/occipital
SimCLR,SimCLR-xsubj-wasser,xsubj,wasserstein,,occipital,all,age,linear_probe,4,2,7.125,8.936815,True,zones,A,save/zones/occipital
SimCLR,SimCLR-xsubj-wasser,xsubj,wasserstein,,occipital,all,age,linear_probe,4,3,31.799999,29.837357,True,zones,A,save/zones/occipital
SimCLR,SimCLR-xsubj-wasser,xsubj,wasserstein,,occipital,all,age,linear_probe,4,4,10.609756,12.815613,True,zones,A,save/zones/occipital
SimCLR,SimCLR-xsubj-riemann,xsubj,riemann,,occipital,all,age,linear_probe,4,0,12.185185,12.809109,True,zones,A,save/zones/occipital
SimCLR,SimCLR-xsubj-riemann,xsubj,riemann,,occipital,all,age,linear_probe,4,1,10.902439,8.371099,True,zones,A,save/zones/occipital
SimCLR,SimCLR-xsubj-riemann,xsubj,riemann,,occipital,all,age,linear_probe,4,2,7.125,11.053264,True,zones,A,save/zones/occipital
SimCLR,SimCLR-xsubj-riemann,xsubj,riemann,,occipital,all,age,linear_probe,4,3,31.799999,27.824003,True,zones,A,save/zones/occipital
SimCLR,SimCLR-xsubj-riemann,xsubj,riemann,,occipital,all,age,linear_probe,4,4,10.609756,11.112148,True,zones,A,save/zones/occipital
SimCLR,SimCLR-diffage-cosine,diffage,cosine,,occipital,all,age,linear_probe,4,0,12.185185,15.960042,True,zones,A,save/zones/occipital
SimCLR,SimCLR-diffage-cosine,diffage,cosine,,occipital,all,age,linear_probe,4,1,10.902439,13.871109,True,zones,A,save/zones/occipital
SimCLR,SimCLR-diffage-cosine,diffage,cosine,,occipital,all,age,linear_probe,4,2,7.125,19.688692,True,zones,A,save/zones/occipital
SimCLR,SimCLR-diffage-cosine,diffage,cosine,,occipital,all,age,linear_probe,4,3,31.799999,18.117559,True,zones,A,save/zones/occipital
SimCLR,SimCLR-diffage-cosine,diffage,cosine,,occipital,all,age,linear_probe,4,4,10.609756,19.441189,True,zones,A,save/zones/occipital
SimCLR,SimCLR-diffage-wasser,diffage,wasserstein,,occipital,all,age,linear_probe,4,0,12.185185,16.39249,True,zones,A,save/zones/occipital
SimCLR,SimCLR-diffage-wasser,diffage,wasserstein,,occipital,all,age,linear_probe,4,1,10.902439,13.508852,True,zones,A,save/zones/occipital
SimCLR,SimCLR-diffage-wasser,diffage,wasserstein,,occipital,all,age,linear_probe,4,2,7.125,15.539148,True,zones,A,save/zones/occipital
SimCLR,SimCLR-diffage-wasser,diffage,wasserstein,,occipital,all,age,linear_probe,4,3,31.799999,18.801014,True,zones,A,save/zones/occipital
SimCLR,SimCLR-diffage-wasser,diffage,wasserstein,,occipital,all,age,linear_probe,4,4,10.609756,18.397367,True,zones,A,save/zones/occipital
SimCLR,SimCLR-diffage-riemann,diffage,riemann,,occipital,all,age,linear_probe,4,0,12.185185,14.552474,True,zones,A,save/zones/occipital
SimCLR,SimCLR-diffage-riemann,diffage,riemann,,occipital,all,age,linear_probe,4,1,10.902439,16.003664,True,zones,A,save/zones/occipital
SimCLR,SimCLR-diffage-riemann,diffage,riemann,,occipital,all,age,linear_probe,4,2,7.125,17.15066,True,zones,A,save/zones/occipital
SimCLR,SimCLR-diffage-riemann,diffage,riemann,,occipital,all,age,linear_probe,4,3,31.799999,18.115875,True,zones,A,save/zones/occipital
SimCLR,SimCLR-diffage-riemann,diffage,riemann,,occipital,all,age,linear_probe,4,4,10.609756,19.105106,True,zones,A,save/zones/occipital
VAE,VAE,,,,occipital,all,age,linear_probe,4,0,12.185185,18.895948,True,zones,A,save/zones/occipital
VAE,VAE,,,,occipital,all,age,linear_probe,4,1,10.902439,18.240854,True,zones,A,save/zones/occipital
VAE,VAE,,,,occipital,all,age,linear_probe,4,2,7.125,18.945646,True,zones,A,save/zones/occipital
VAE,VAE,,,,occipital,all,age,linear_probe,4,3,31.799999,18.739702,True,zones,A,save/zones/occipital
VAE,VAE,,,,occipital,all,age,linear_probe,4,4,10.609756,18.6635,True,zones,A,save/zones/occipital
SimCLR,SimCLR,augment,,,occipital,all,age,fine_tuning,4,0,12.185185,12.308356,True,zones,A,save/zones/occipital
SimCLR,SimCLR,augment,,,occipital,all,age,fine_tuning,4,1,10.902439,12.037843,True,zones,A,save/zones/occipital
SimCLR,SimCLR,augment,,,occipital,all,age,fine_tuning,4,2,7.125,11.421467,True,zones,A,save/zones/occipital
SimCLR,SimCLR,augment,,,occipital,all,age,fine_tuning,4,3,31.799999,32.488586,True,zones,A,save/zones/occipital
SimCLR,SimCLR,augment,,,occipital,all,age,fine_tuning,4,4,10.609756,11.886162,True,zones,A,save/zones/occipital
SimCLR,SimCLR-nbr-cosine,nbr,cosine,,occipital,all,age,fine_tuning,4,0,12.185185,10.209993,True,zones,A,save/zones/occipital
SimCLR,SimCLR-nbr-cosine,nbr,cosine,,occipital,all,age,fine_tuning,4,1,10.902439,10.334157,True,zones,A,save/zones/occipital
SimCLR,SimCLR-nbr-cosine,nbr,cosine,,occipital,all,age,fine_tuning,4,2,7.125,9.697865,True,zones,A,save/zones/occipital
SimCLR,SimCLR-nbr-cosine,nbr,cosine,,occipital,all,age,fine_tuning,4,3,31.799999,32.488297,True,zones,A,save/zones/occipital
SimCLR,SimCLR-nbr-cosine,nbr,cosine,,occipital,all,age,fine_tuning,4,4,10.609756,10.895225,True,zones,A,save/zones/occipital
SimCLR,SimCLR-nbr-wasser,nbr,wasserstein,,occipital,all,age,fine_tuning,4,0,12.185185,11.398797,True,zones,A,save/zones/occipital
SimCLR,SimCLR-nbr-wasser,nbr,wasserstein,,occipital,all,age,fine_tuning,4,1,10.902439,10.206051,True,zones,A,save/zones/occipital
SimCLR,SimCLR-nbr-wasser,nbr,wasserstein,,occipital,all,age,fine_tuning,4,2,7.125,10.971275,True,zones,A,save/zones/occipital
SimCLR,SimCLR-nbr-wasser,nbr,wasserstein,,occipital,all,age,fine_tuning,4,3,31.799999,33.405437,True,zones,A,save/zones/occipital
SimCLR,SimCLR-nbr-wasser,nbr,wasserstein,,occipital,all,age,fine_tuning,4,4,10.609756,12.250355,True,zones,A,save/zones/occipital
SimCLR,SimCLR-nbr-riemann,nbr,riemann,,occipital,all,age,fine_tuning,4,0,12.185185,12.320217,True,zones,A,save/zones/occipital
SimCLR,SimCLR-nbr-riemann,nbr,riemann,,occipital,all,age,fine_tuning,4,1,10.902439,12.158147,True,zones,A,save/zones/occipital
SimCLR,SimCLR-nbr-riemann,nbr,riemann,,occipital,all,age,fine_tuning,4,2,7.125,12.475878,True,zones,A,save/zones/occipital
SimCLR,SimCLR-nbr-riemann,nbr,riemann,,occipital,all,age,fine_tuning,4,3,31.799999,32.358318,True,zones,A,save/zones/occipital
SimCLR,SimCLR-nbr-riemann,nbr,riemann,,occipital,all,age,fine_tuning,4,4,10.609756,12.65799,True,zones,A,save/zones/occipital
SimCLR,SimCLR-xsubj-cosine,xsubj,cosine,,occipital,all,age,fine_tuning,4,0,12.185185,11.900866,True,zones,A,save/zones/occipital
SimCLR,SimCLR-xsubj-cosine,xsubj,cosine,,occipital,all,age,fine_tuning,4,1,10.902439,11.151494,True,zones,A,save/zones/occipital
SimCLR,SimCLR-xsubj-cosine,xsubj,cosine,,occipital,all,age,fine_tuning,4,2,7.125,10.058174,True,zones,A,save/zones/occipital
SimCLR,SimCLR-xsubj-cosine,xsubj,cosine,,occipital,all,age,fine_tuning,4,3,31.799999,32.550617,True,zones,A,save/zones/occipital
SimCLR,SimCLR-xsubj-cosine,xsubj,cosine,,occipital,all,age,fine_tuning,4,4,10.609756,11.538037,True,zones,A,save/zones/occipital
SimCLR,SimCLR-xsubj-wasser,xsubj,wasserstein,,occipital,all,age,fine_tuning,4,0,12.185185,9.092579,True,zones,A,save/zones/occipital
SimCLR,SimCLR-xsubj-wasser,xsubj,wasserstein,,occipital,all,age,fine_tuning,4,1,10.902439,8.832652,True,zones,A,save/zones/occipital
SimCLR,SimCLR-xsubj-wasser,xsubj,wasserstein,,occipital,all,age,fine_tuning,4,2,7.125,7.371655,True,zones,A,save/zones/occipital
SimCLR,SimCLR-xsubj-wasser,xsubj,wasserstein,,occipital,all,age,fine_tuning,4,3,31.799999,31.472862,True,zones,A,save/zones/occipital
SimCLR,SimCLR-xsubj-wasser,xsubj,wasserstein,,occipital,all,age,fine_tuning,4,4,10.609756,9.845723,True,zones,A,save/zones/occipital
SimCLR,SimCLR-xsubj-riemann,xsubj,riemann,,occipital,all,age,fine_tuning,4,0,12.185185,12.882215,True,zones,A,save/zones/occipital
SimCLR,SimCLR-xsubj-riemann,xsubj,riemann,,occipital,all,age,fine_tuning,4,1,10.902439,13.164943,True,zones,A,save/zones/occipital
SimCLR,SimCLR-xsubj-riemann,xsubj,riemann,,occipital,all,age,fine_tuning,4,2,7.125,12.735922,True,zones,A,save/zones/occipital
SimCLR,SimCLR-xsubj-riemann,xsubj,riemann,,occipital,all,age,fine_tuning,4,3,31.799999,33.011311,True,zones,A,save/zones/occipital
SimCLR,SimCLR-xsubj-riemann,xsubj,riemann,,occipital,all,age,fine_tuning,4,4,10.609756,13.986221,True,zones,A,save/zones/occipital
SimCLR,SimCLR-diffage-cosine,diffage,cosine,,occipital,all,age,fine_tuning,4,0,12.185185,11.303926,True,zones,A,save/zones/occipital
SimCLR,SimCLR-diffage-cosine,diffage,cosine,,occipital,all,age,fine_tuning,4,1,10.902439,12.509102,True,zones,A,save/zones/occipital
SimCLR,SimCLR-diffage-cosine,diffage,cosine,,occipital,all,age,fine_tuning,4,2,7.125,12.671761,True,zones,A,save/zones/occipital
SimCLR,SimCLR-diffage-cosine,diffage,cosine,,occipital,all,age,fine_tuning,4,3,31.799999,32.632153,True,zones,A,save/zones/occipital
SimCLR,SimCLR-diffage-cosine,diffage,cosine,,occipital,all,age,fine_tuning,4,4,10.609756,11.300186,True,zones,A,save/zones/occipital
SimCLR,SimCLR-diffage-wasser,diffage,wasserstein,,occipital,all,age,fine_tuning,4,0,12.185185,11.661918,True,zones,A,save/zones/occipital
SimCLR,SimCLR-diffage-wasser,diffage,wasserstein,,occipital,all,age,fine_tuning,4,1,10.902439,10.821913,True,zones,A,save/zones/occipital
SimCLR,SimCLR-diffage-wasser,diffage,wasserstein,,occipital,all,age,fine_tuning,4,2,7.125,11.371033,True,zones,A,save/zones/occipital
SimCLR,SimCLR-diffage-wasser,diffage,wasserstein,,occipital,all,age,fine_tuning,4,3,31.799999,32.609932,True,zones,A,save/zones/occipital
SimCLR,SimCLR-diffage-wasser,diffage,wasserstein,,occipital,all,age,fine_tuning,4,4,10.609756,11.798888,True,zones,A,save/zones/occipital
SimCLR,SimCLR-diffage-riemann,diffage,riemann,,occipital,all,age,fine_tuning,4,0,12.185185,11.243464,True,zones,A,save/zones/occipital
SimCLR,SimCLR-diffage-riemann,diffage,riemann,,occipital,all,age,fine_tuning,4,1,10.902439,11.180729,True,zones,A,save/zones/occipital
SimCLR,SimCLR-diffage-riemann,diffage,riemann,,occipital,all,age,fine_tuning,4,2,7.125,10.736523,True,zones,A,save/zones/occipital
SimCLR,SimCLR-diffage-riemann,diffage,riemann,,occipital,all,age,fine_tuning,4,3,31.799999,32.109436,True,zones,A,save/zones/occipital
SimCLR,SimCLR-diffage-riemann,diffage,riemann,,occipital,all,age,fine_tuning,4,4,10.609756,11.721248,True,zones,A,save/zones/occipital
VAE,VAE,,,,occipital,all,age,fine_tuning,4,0,12.185185,11.309381,True,zones,A,save/zones/occipital
VAE,VAE,,,,occipital,all,age,fine_tuning,4,1,10.902439,11.700199,True,zones,A,save/zones/occipital
VAE,VAE,,,,occipital,all,age,fine_tuning,4,2,7.125,11.102525,True,zones,A,save/zones/occipital
VAE,VAE,,,,occipital,all,age,fine_tuning,4,3,31.799999,32.568157,True,zones,A,save/zones/occipital
VAE,VAE,,,,occipital,all,age,fine_tuning,4,4,10.609756,11.452764,True,zones,A,save/zones/occipital
SimCLR,SimCLR,augment,,,occipital,all,age,linear_probe,5,0,21.299999,17.603621,True,zones,A,save/zones/occipital
SimCLR,SimCLR,augment,,,occipital,all,age,linear_probe,5,1,16.439024,15.728425,True,zones,A,save/zones/occipital
SimCLR,SimCLR,augment,,,occipital,all,age,linear_probe,5,2,14.341772,17.680635,True,zones,A,save/zones/occipital
SimCLR,SimCLR,augment,,,occipital,all,age,linear_probe,5,3,22.196079,19.655018,True,zones,A,save/zones/occipital
SimCLR,SimCLR-nbr-cosine,nbr,cosine,,occipital,all,age,linear_probe,5,0,21.299999,23.017601,True,zones,A,save/zones/occipital
SimCLR,SimCLR-nbr-cosine,nbr,cosine,,occipital,all,age,linear_probe,5,1,16.439024,16.093826,True,zones,A,save/zones/occipital
SimCLR,SimCLR-nbr-cosine,nbr,cosine,,occipital,all,age,linear_probe,5,2,14.341772,14.904082,True,zones,A,save/zones/occipital
SimCLR,SimCLR-nbr-cosine,nbr,cosine,,occipital,all,age,linear_probe,5,3,22.196079,27.133698,True,zones,A,save/zones/occipital
SimCLR,SimCLR-nbr-wasser,nbr,wasserstein,,occipital,all,age,linear_probe,5,0,21.299999,22.638577,True,zones,A,save/zones/occipital
SimCLR,SimCLR-nbr-wasser,nbr,wasserstein,,occipital,all,age,linear_probe,5,1,16.439024,16.578142,True,zones,A,save/zones/occipital
SimCLR,SimCLR-nbr-wasser,nbr,wasserstein,,occipital,all,age,linear_probe,5,2,14.341772,16.86804,True,zones,A,save/zones/occipital
SimCLR,SimCLR-nbr-wasser,nbr,wasserstein,,occipital,all,age,linear_probe,5,3,22.196079,24.822527,True,zones,A,save/zones/occipital
SimCLR,SimCLR-nbr-riemann,nbr,riemann,,occipital,all,age,linear_probe,5,0,21.299999,22.107283,True,zones,A,save/zones/occipital
SimCLR,SimCLR-nbr-riemann,nbr,riemann,,occipital,all,age,linear_probe,5,1,16.439024,13.788351,True,zones,A,save/zones/occipital
SimCLR,SimCLR-nbr-riemann,nbr,riemann,,occipital,all,age,linear_probe,5,2,14.341772,14.149728,True,zones,A,save/zones/occipital
SimCLR,SimCLR-nbr-riemann,nbr,riemann,,occipital,all,age,linear_probe,5,3,22.196079,26.360434,True,zones,A,save/zones/occipital
SimCLR,SimCLR-xsubj-cosine,xsubj,cosine,,occipital,all,age,linear_probe,5,0,21.299999,22.769161,True,zones,A,save/zones/occipital
SimCLR,SimCLR-xsubj-cosine,xsubj,cosine,,occipital,all,age,linear_probe,5,1,16.439024,15.2982,True,zones,A,save/zones/occipital
SimCLR,SimCLR-xsubj-cosine,xsubj,cosine,,occipital,all,age,linear_probe,5,2,14.341772,13.892023,True,zones,A,save/zones/occipital
SimCLR,SimCLR-xsubj-cosine,xsubj,cosine,,occipital,all,age,linear_probe,5,3,22.196079,26.153538,True,zones,A,save/zones/occipital
SimCLR,SimCLR-xsubj-wasser,xsubj,wasserstein,,occipital,all,age,linear_probe,5,0,21.299999,23.125275,True,zones,A,save/zones/occipital
SimCLR,SimCLR-xsubj-wasser,xsubj,wasserstein,,occipital,all,age,linear_probe,5,1,16.439024,16.698214,True,zones,A,save/zones/occipital
SimCLR,SimCLR-xsubj-wasser,xsubj,wasserstein,,occipital,all,age,linear_probe,5,2,14.341772,12.929608,True,zones,A,save/zones/occipital
SimCLR,SimCLR-xsubj-wasser,xsubj,wasserstein,,occipital,all,age,linear_probe,5,3,22.196079,23.657473,True,zones,A,save/zones/occipital
SimCLR,SimCLR-xsubj-riemann,xsubj,riemann,,occipital,all,age,linear_probe,5,0,21.299999,21.226128,True,zones,A,save/zones/occipital
SimCLR,SimCLR-xsubj-riemann,xsubj,riemann,,occipital,all,age,linear_probe,5,1,16.439024,13.439816,True,zones,A,save/zones/occipital
SimCLR,SimCLR-xsubj-riemann,xsubj,riemann,,occipital,all,age,linear_probe,5,2,14.341772,14.777399,True,zones,A,save/zones/occipital
SimCLR,SimCLR-xsubj-riemann,xsubj,riemann,,occipital,all,age,linear_probe,5,3,22.196079,27.283909,True,zones,A,save/zones/occipital
SimCLR,SimCLR-diffage-cosine,diffage,cosine,,occipital,all,age,linear_probe,5,0,21.299999,16.732561,True,zones,A,save/zones/occipital
SimCLR,SimCLR-diffage-cosine,diffage,cosine,,occipital,all,age,linear_probe,5,1,16.439024,12.844151,True,zones,A,save/zones/occipital
SimCLR,SimCLR-diffage-cosine,diffage,cosine,,occipital,all,age,linear_probe,5,2,14.341772,14.327819,True,zones,A,save/zones/occipital
SimCLR,SimCLR-diffage-cosine,diffage,cosine,,occipital,all,age,linear_probe,5,3,22.196079,20.293282,True,zones,A,save/zones/occipital
SimCLR,SimCLR-diffage-wasser,diffage,wasserstein,,occipital,all,age,linear_probe,5,0,21.299999,17.673916,True,zones,A,save/zones/occipital
SimCLR,SimCLR-diffage-wasser,diffage,wasserstein,,occipital,all,age,linear_probe,5,1,16.439024,11.646697,True,zones,A,save/zones/occipital
SimCLR,SimCLR-diffage-wasser,diffage,wasserstein,,occipital,all,age,linear_probe,5,2,14.341772,15.044389,True,zones,A,save/zones/occipital
SimCLR,SimCLR-diffage-wasser,diffage,wasserstein,,occipital,all,age,linear_probe,5,3,22.196079,20.151068,True,zones,A,save/zones/occipital
SimCLR,SimCLR-diffage-riemann,diffage,riemann,,occipital,all,age,linear_probe,5,0,21.299999,17.75289,True,zones,A,save/zones/occipital
SimCLR,SimCLR-diffage-riemann,diffage,riemann,,occipital,all,age,linear_probe,5,1,16.439024,12.712362,True,zones,A,save/zones/occipital
SimCLR,SimCLR-diffage-riemann,diffage,riemann,,occipital,all,age,linear_probe,5,2,14.341772,14.703167,True,zones,A,save/zones/occipital
SimCLR,SimCLR-diffage-riemann,diffage,riemann,,occipital,all,age,linear_probe,5,3,22.196079,18.171688,True,zones,A,save/zones/occipital
VAE,VAE,,,,occipital,all,age,linear_probe,5,0,21.299999,19.215858,True,zones,A,save/zones/occipital
VAE,VAE,,,,occipital,all,age,linear_probe,5,1,16.439024,18.529255,True,zones,A,save/zones/occipital
VAE,VAE,,,,occipital,all,age,linear_probe,5,2,14.341772,18.773939,True,zones,A,save/zones/occipital
VAE,VAE,,,,occipital,all,age,linear_probe,5,3,22.196079,18.925732,True,zones,A,save/zones/occipital
SimCLR,SimCLR,augment,,,occipital,all,age,fine_tuning,5,0,21.299999,22.750721,True,zones,A,save/zones/occipital
SimCLR,SimCLR,augment,,,occipital,all,age,fine_tuning,5,1,16.439024,17.978872,True,zones,A,save/zones/occipital
SimCLR,SimCLR,augment,,,occipital,all,age,fine_tuning,5,2,14.341772,16.748936,True,zones,A,save/zones/occipital
SimCLR,SimCLR,augment,,,occipital,all,age,fine_tuning,5,3,22.196079,25.511709,True,zones,A,save/zones/occipital
SimCLR,SimCLR-nbr-cosine,nbr,cosine,,occipital,all,age,fine_tuning,5,0,21.299999,23.985783,True,zones,A,save/zones/occipital
SimCLR,SimCLR-nbr-cosine,nbr,cosine,,occipital,all,age,fine_tuning,5,1,16.439024,18.986261,True,zones,A,save/zones/occipital
SimCLR,SimCLR-nbr-cosine,nbr,cosine,,occipital,all,age,fine_tuning,5,2,14.341772,18.23946,True,zones,A,save/zones/occipital
SimCLR,SimCLR-nbr-cosine,nbr,cosine,,occipital,all,age,fine_tuning,5,3,22.196079,25.396914,True,zones,A,save/zones/occipital
SimCLR,SimCLR-nbr-wasser,nbr,wasserstein,,occipital,all,age,fine_tuning,5,0,21.299999,21.950478,True,zones,A,save/zones/occipital
SimCLR,SimCLR-nbr-wasser,nbr,wasserstein,,occipital,all,age,fine_tuning,5,1,16.439024,17.022366,True,zones,A,save/zones/occipital
SimCLR,SimCLR-nbr-wasser,nbr,wasserstein,,occipital,all,age,fine_tuning,5,2,14.341772,15.936118,True,zones,A,save/zones/occipital
SimCLR,SimCLR-nbr-wasser,nbr,wasserstein,,occipital,all,age,fine_tuning,5,3,22.196079,24.594246,True,zones,A,save/zones/occipital
SimCLR,SimCLR-nbr-riemann,nbr,riemann,,occipital,all,age,fine_tuning,5,0,21.299999,22.514538,True,zones,A,save/zones/occipital
SimCLR,SimCLR-nbr-riemann,nbr,riemann,,occipital,all,age,fine_tuning,5,1,16.439024,17.089449,True,zones,A,save/zones/occipital
SimCLR,SimCLR-nbr-riemann,nbr,riemann,,occipital,all,age,fine_tuning,5,2,14.341772,16.496946,True,zones,A,save/zones/occipital
SimCLR,SimCLR-nbr-riemann,nbr,riemann,,occipital,all,age,fine_tuning,5,3,22.196079,24.444099,True,zones,A,save/zones/occipital
SimCLR,SimCLR-xsubj-cosine,xsubj,cosine,,occipital,all,age,fine_tuning,5,0,21.299999,22.098797,True,zones,A,save/zones/occipital
SimCLR,SimCLR-xsubj-cosine,xsubj,cosine,,occipital,all,age,fine_tuning,5,1,16.439024,16.84947,True,zones,A,save/zones/occipital
SimCLR,SimCLR-xsubj-cosine,xsubj,cosine,,occipital,all,age,fine_tuning,5,2,14.341772,15.205407,True,zones,A,save/zones/occipital
SimCLR,SimCLR-xsubj-cosine,xsubj,cosine,,occipital,all,age,fine_tuning,5,3,22.196079,25.049332,True,zones,A,save/zones/occipital
SimCLR,SimCLR-xsubj-wasser,xsubj,wasserstein,,occipital,all,age,fine_tuning,5,0,21.299999,22.787735,True,zones,A,save/zones/occipital
SimCLR,SimCLR-xsubj-wasser,xsubj,wasserstein,,occipital,all,age,fine_tuning,5,1,16.439024,18.829288,True,zones,A,save/zones/occipital
SimCLR,SimCLR-xsubj-wasser,xsubj,wasserstein,,occipital,all,age,fine_tuning,5,2,14.341772,17.007841,True,zones,A,save/zones/occipital
SimCLR,SimCLR-xsubj-wasser,xsubj,wasserstein,,occipital,all,age,fine_tuning,5,3,22.196079,25.459736,True,zones,A,save/zones/occipital
SimCLR,SimCLR-xsubj-riemann,xsubj,riemann,,occipital,all,age,fine_tuning,5,0,21.299999,22.277325,True,zones,A,save/zones/occipital
SimCLR,SimCLR-xsubj-riemann,xsubj,riemann,,occipital,all,age,fine_tuning,5,1,16.439024,17.921764,True,zones,A,save/zones/occipital
SimCLR,SimCLR-xsubj-riemann,xsubj,riemann,,occipital,all,age,fine_tuning,5,2,14.341772,16.199642,True,zones,A,save/zones/occipital
SimCLR,SimCLR-xsubj-riemann,xsubj,riemann,,occipital,all,age,fine_tuning,5,3,22.196079,24.348097,True,zones,A,save/zones/occipital
SimCLR,SimCLR-diffage-cosine,diffage,cosine,,occipital,all,age,fine_tuning,5,0,21.299999,21.967491,True,zones,A,save/zones/occipital
SimCLR,SimCLR-diffage-cosine,diffage,cosine,,occipital,all,age,fine_tuning,5,1,16.439024,17.224045,True,zones,A,save/zones/occipital
SimCLR,SimCLR-diffage-cosine,diffage,cosine,,occipital,all,age,fine_tuning,5,2,14.341772,15.79048,True,zones,A,save/zones/occipital
SimCLR,SimCLR-diffage-cosine,diffage,cosine,,occipital,all,age,fine_tuning,5,3,22.196079,24.673714,True,zones,A,save/zones/occipital
SimCLR,SimCLR-diffage-wasser,diffage,wasserstein,,occipital,all,age,fine_tuning,5,0,21.299999,22.412415,True,zones,A,save/zones/occipital
SimCLR,SimCLR-diffage-wasser,diffage,wasserstein,,occipital,all,age,fine_tuning,5,1,16.439024,17.559498,True,zones,A,save/zones/occipital
SimCLR,SimCLR-diffage-wasser,diffage,wasserstein,,occipital,all,age,fine_tuning,5,2,14.341772,16.211794,True,zones,A,save/zones/occipital
SimCLR,SimCLR-diffage-wasser,diffage,wasserstein,,occipital,all,age,fine_tuning,5,3,22.196079,25.597263,True,zones,A,save/zones/occipital
SimCLR,SimCLR-diffage-riemann,diffage,riemann,,occipital,all,age,fine_tuning,5,0,21.299999,22.495869,True,zones,A,save/zones/occipital
SimCLR,SimCLR-diffage-riemann,diffage,riemann,,occipital,all,age,fine_tuning,5,1,16.439024,16.829586,True,zones,A,save/zones/occipital
SimCLR,SimCLR-diffage-riemann,diffage,riemann,,occipital,all,age,fine_tuning,5,2,14.341772,15.97488,True,zones,A,save/zones/occipital
SimCLR,SimCLR-diffage-riemann,diffage,riemann,,occipital,all,age,fine_tuning,5,3,22.196079,24.204578,True,zones,A,save/zones/occipital
VAE,VAE,,,,occipital,all,age,fine_tuning,5,0,21.299999,22.310659,True,zones,A,save/zones/occipital
VAE,VAE,,,,occipital,all,age,fine_tuning,5,1,16.439024,17.165945,True,zones,A,save/zones/occipital
VAE,VAE,,,,occipital,all,age,fine_tuning,5,2,14.341772,15.677007,True,zones,A,save/zones/occipital
VAE,VAE,,,,occipital,all,age,fine_tuning,5,3,22.196079,24.555742,True,zones,A,save/zones/occipital
SimCLR,SimCLR,augment,,,occipital,all,age,linear_probe,6,0,23.77,20.013182,True,zones,A,save/zones/occipital
SimCLR,SimCLR,augment,,,occipital,all,age,linear_probe,6,1,10.272727,16.316328,True,zones,A,save/zones/occipital
SimCLR,SimCLR,augment,,,occipital,all,age,linear_probe,6,2,22.170732,18.679152,True,zones,A,save/zones/occipital
SimCLR,SimCLR,augment,,,occipital,all,age,linear_probe,6,3,11.014925,19.011757,True,zones,A,save/zones/occipital
SimCLR,SimCLR-nbr-cosine,nbr,cosine,,occipital,all,age,linear_probe,6,0,23.77,22.680466,True,zones,A,save/zones/occipital
SimCLR,SimCLR-nbr-cosine,nbr,cosine,,occipital,all,age,linear_probe,6,1,10.272727,14.526381,True,zones,A,save/zones/occipital
SimCLR,SimCLR-nbr-cosine,nbr,cosine,,occipital,all,age,linear_probe,6,2,22.170732,19.508286,True,zones,A,save/zones/occipital
SimCLR,SimCLR-nbr-cosine,nbr,cosine,,occipital,all,age,linear_probe,6,3,11.014925,18.656143,True,zones,A,save/zones/occipital
SimCLR,SimCLR-nbr-wasser,nbr,wasserstein,,occipital,all,age,linear_probe,6,0,23.77,23.616045,True,zones,A,save/zones/occipital
SimCLR,SimCLR-nbr-wasser,nbr,wasserstein,,occipital,all,age,linear_probe,6,1,10.272727,12.509893,True,zones,A,save/zones/occipital
SimCLR,SimCLR-nbr-wasser,nbr,wasserstein,,occipital,all,age,linear_probe,6,2,22.170732,18.977648,True,zones,A,save/zones/occipital
SimCLR,SimCLR-nbr-wasser,nbr,wasserstein,,occipital,all,age,linear_probe,6,3,11.014925,18.019741,True,zones,A,save/zones/occipital
SimCLR,SimCLR-nbr-riemann,nbr,riemann,,occipital,all,age,linear_probe,6,0,23.77,24.355118,True,zones,A,save/zones/occipital
SimCLR,SimCLR-nbr-riemann,nbr,riemann,,occipital,all,age,linear_probe,6,1,10.272727,12.159986,True,zones,A,save/zones/occipital
SimCLR,SimCLR-nbr-riemann,nbr,riemann,,occipital,all,age,linear_probe,6,2,22.170732,19.726255,True,zones,A,save/zones/occipital
SimCLR,SimCLR-nbr-riemann,nbr,riemann,,occipital,all,age,linear_probe,6,3,11.014925,19.307737,True,zones,A,save/zones/occipital
SimCLR,SimCLR-xsubj-cosine,xsubj,cosine,,occipital,all,age,linear_probe,6,0,23.77,22.490147,True,zones,A,save/zones/occipital
SimCLR,SimCLR-xsubj-cosine,xsubj,cosine,,occipital,all,age,linear_probe,6,1,10.272727,15.80494,True,zones,A,save/zones/occipital
SimCLR,SimCLR-xsubj-cosine,xsubj,cosine,,occipital,all,age,linear_probe,6,2,22.170732,18.222874,True,zones,A,save/zones/occipital
SimCLR,SimCLR-xsubj-cosine,xsubj,cosine,,occipital,all,age,linear_probe,6,3,11.014925,16.831957,True,zones,A,save/zones/occipital
SimCLR,SimCLR-xsubj-wasser,xsubj,wasserstein,,occipital,all,age,linear_probe,6,0,23.77,24.491753,True,zones,A,save/zones/occipital
SimCLR,SimCLR-xsubj-wasser,xsubj,wasserstein,,occipital,all,age,linear_probe,6,1,10.272727,10.250476,True,zones,A,save/zones/occipital
SimCLR,SimCLR-xsubj-wasser,xsubj,wasserstein,,occipital,all,age,linear_probe,6,2,22.170732,18.931381,True,zones,A,save/zones/occipital
SimCLR,SimCLR-xsubj-wasser,xsubj,wasserstein,,occipital,all,age,linear_probe,6,3,11.014925,16.427629,True,zones,A,save/zones/occipital
SimCLR,SimCLR-xsubj-riemann,xsubj,riemann,,occipital,all,age,linear_probe,6,0,23.77,26.020342,True,zones,A,save/zones/occipital
SimCLR,SimCLR-xsubj-riemann,xsubj,riemann,,occipital,all,age,linear_probe,6,1,10.272727,13.471107,True,zones,A,save/zones/occipital
SimCLR,SimCLR-xsubj-riemann,xsubj,riemann,,occipital,all,age,linear_probe,6,2,22.170732,18.757181,True,zones,A,save/zones/occipital
SimCLR,SimCLR-xsubj-riemann,xsubj,riemann,,occipital,all,age,linear_probe,6,3,11.014925,17.356682,True,zones,A,save/zones/occipital
SimCLR,SimCLR-diffage-cosine,diffage,cosine,,occipital,all,age,linear_probe,6,0,23.77,23.084261,True,zones,A,save/zones/occipital
SimCLR,SimCLR-diffage-cosine,diffage,cosine,,occipital,all,age,linear_probe,6,1,10.272727,14.415256,True,zones,A,save/zones/occipital
SimCLR,SimCLR-diffage-cosine,diffage,cosine,,occipital,all,age,linear_probe,6,2,22.170732,19.053625,True,zones,A,save/zones/occipital
SimCLR,SimCLR-diffage-cosine,diffage,cosine,,occipital,all,age,linear_probe,6,3,11.014925,21.395294,True,zones,A,save/zones/occipital
SimCLR,SimCLR-diffage-wasser,diffage,wasserstein,,occipital,all,age,linear_probe,6,0,23.77,21.692787,True,zones,A,save/zones/occipital
SimCLR,SimCLR-diffage-wasser,diffage,wasserstein,,occipital,all,age,linear_probe,6,1,10.272727,13.190212,True,zones,A,save/zones/occipital
SimCLR,SimCLR-diffage-wasser,diffage,wasserstein,,occipital,all,age,linear_probe,6,2,22.170732,20.065119,True,zones,A,save/zones/occipital
SimCLR,SimCLR-diffage-wasser,diffage,wasserstein,,occipital,all,age,linear_probe,6,3,11.014925,19.965221,True,zones,A,save/zones/occipital
SimCLR,SimCLR-diffage-riemann,diffage,riemann,,occipital,all,age,linear_probe,6,0,23.77,22.871223,True,zones,A,save/zones/occipital
SimCLR,SimCLR-diffage-riemann,diffage,riemann,,occipital,all,age,linear_probe,6,1,10.272727,12.484712,True,zones,A,save/zones/occipital
SimCLR,SimCLR-diffage-riemann,diffage,riemann,,occipital,all,age,linear_probe,6,2,22.170732,20.293198,True,zones,A,save/zones/occipital
SimCLR,SimCLR-diffage-riemann,diffage,riemann,,occipital,all,age,linear_probe,6,3,11.014925,21.323555,True,zones,A,save/zones/occipital
VAE,VAE,,,,occipital,all,age,linear_probe,6,0,23.77,18.926043,True,zones,A,save/zones/occipital
VAE,VAE,,,,occipital,all,age,linear_probe,6,1,10.272727,18.872074,True,zones,A,save/zones/occipital
VAE,VAE,,,,occipital,all,age,linear_probe,6,2,22.170732,18.865896,True,zones,A,save/zones/occipital
VAE,VAE,,,,occipital,all,age,linear_probe,6,3,11.014925,18.904287,True,zones,A,save/zones/occipital
SimCLR,SimCLR,augment,,,occipital,all,age,fine_tuning,6,0,23.77,23.133018,True,zones,A,save/zones/occipital
SimCLR,SimCLR,augment,,,occipital,all,age,fine_tuning,6,1,10.272727,8.596218,True,zones,A,save/zones/occipital
SimCLR,SimCLR,augment,,,occipital,all,age,fine_tuning,6,2,22.170732,21.630972,True,zones,A,save/zones/occipital
SimCLR,SimCLR,augment,,,occipital,all,age,fine_tuning,6,3,11.014925,10.04145,True,zones,A,save/zones/occipital
SimCLR,SimCLR-nbr-cosine,nbr,cosine,,occipital,all,age,fine_tuning,6,0,23.77,22.973095,True,zones,A,save/zones/occipital
SimCLR,SimCLR-nbr-cosine,nbr,cosine,,occipital,all,age,fine_tuning,6,1,10.272727,9.458488,True,zones,A,save/zones/occipital
SimCLR,SimCLR-nbr-cosine,nbr,cosine,,occipital,all,age,fine_tuning,6,2,22.170732,21.746737,True,zones,A,save/zones/occipital
SimCLR,SimCLR-nbr-cosine,nbr,cosine,,occipital,all,age,fine_tuning,6,3,11.014925,9.618969,True,zones,A,save/zones/occipital
SimCLR,SimCLR-nbr-wasser,nbr,wasserstein,,occipital,all,age,fine_tuning,6,0,23.77,22.723265,True,zones,A,save/zones/occipital
SimCLR,SimCLR-nbr-wasser,nbr,wasserstein,,occipital,all,age,fine_tuning,6,1,10.272727,9.326503,True,zones,A,save/zones/occipital
SimCLR,SimCLR-nbr-wasser,nbr,wasserstein,,occipital,all,age,fine_tuning,6,2,22.170732,21.565853,True,zones,A,save/zones/occipital
SimCLR,SimCLR-nbr-wasser,nbr,wasserstein,,occipital,all,age,fine_tuning,6,3,11.014925,9.790128,True,zones,A,save/zones/occipital
SimCLR,SimCLR-nbr-riemann,nbr,riemann,,occipital,all,age,fine_tuning,6,0,23.77,23.300615,True,zones,A,save/zones/occipital
SimCLR,SimCLR-nbr-riemann,nbr,riemann,,occipital,all,age,fine_tuning,6,1,10.272727,10.32435,True,zones,A,save/zones/occipital
SimCLR,SimCLR-nbr-riemann,nbr,riemann,,occipital,all,age,fine_tuning,6,2,22.170732,22.553982,True,zones,A,save/zones/occipital
SimCLR,SimCLR-nbr-riemann,nbr,riemann,,occipital,all,age,fine_tuning,6,3,11.014925,10.439434,True,zones,A,save/zones/occipital
SimCLR,SimCLR-xsubj-cosine,xsubj,cosine,,occipital,all,age,fine_tuning,6,0,23.77,23.287071,True,zones,A,save/zones/occipital
SimCLR,SimCLR-xsubj-cosine,xsubj,cosine,,occipital,all,age,fine_tuning,6,1,10.272727,9.150239,True,zones,A,save/zones/occipital
SimCLR,SimCLR-xsubj-cosine,xsubj,cosine,,occipital,all,age,fine_tuning,6,2,22.170732,21.584787,True,zones,A,save/zones/occipital
SimCLR,SimCLR-xsubj-cosine,xsubj,cosine,,occipital,all,age,fine_tuning,6,3,11.014925,9.701405,True,zones,A,save/zones/occipital
SimCLR,SimCLR-xsubj-wasser,xsubj,wasserstein,,occipital,all,age,fine_tuning,6,0,23.77,22.968102,True,zones,A,save/zones/occipital
SimCLR,SimCLR-xsubj-wasser,xsubj,wasserstein,,occipital,all,age,fine_tuning,6,1,10.272727,8.69383,True,zones,A,save/zones/occipital
SimCLR,SimCLR-xsubj-wasser,xsubj,wasserstein,,occipital,all,age,fine_tuning,6,2,22.170732,21.035313,True,zones,A,save/zones/occipital
SimCLR,SimCLR-xsubj-wasser,xsubj,wasserstein,,occipital,all,age,fine_tuning,6,3,11.014925,9.725652,True,zones,A,save/zones/occipital
SimCLR,SimCLR-xsubj-riemann,xsubj,riemann,,occipital,all,age,fine_tuning,6,0,23.77,23.424314,True,zones,A,save/zones/occipital
SimCLR,SimCLR-xsubj-riemann,xsubj,riemann,,occipital,all,age,fine_tuning,6,1,10.272727,9.538668,True,zones,A,save/zones/occipital
SimCLR,SimCLR-xsubj-riemann,xsubj,riemann,,occipital,all,age,fine_tuning,6,2,22.170732,22.035957,True,zones,A,save/zones/occipital
SimCLR,SimCLR-xsubj-riemann,xsubj,riemann,,occipital,all,age,fine_tuning,6,3,11.014925,10.745761,True,zones,A,save/zones/occipital
SimCLR,SimCLR-diffage-cosine,diffage,cosine,,occipital,all,age,fine_tuning,6,0,23.77,23.875324,True,zones,A,save/zones/occipital
SimCLR,SimCLR-diffage-cosine,diffage,cosine,,occipital,all,age,fine_tuning,6,1,10.272727,10.187341,True,zones,A,save/zones/occipital
SimCLR,SimCLR-diffage-cosine,diffage,cosine,,occipital,all,age,fine_tuning,6,2,22.170732,21.344933,True,zones,A,save/zones/occipital
SimCLR,SimCLR-diffage-cosine,diffage,cosine,,occipital,all,age,fine_tuning,6,3,11.014925,11.145324,True,zones,A,save/zones/occipital
SimCLR,SimCLR-diffage-wasser,diffage,wasserstein,,occipital,all,age,fine_tuning,6,0,23.77,24.361572,True,zones,A,save/zones/occipital
SimCLR,SimCLR-diffage-wasser,diffage,wasserstein,,occipital,all,age,fine_tuning,6,1,10.272727,10.886881,True,zones,A,save/zones/occipital
SimCLR,SimCLR-diffage-wasser,diffage,wasserstein,,occipital,all,age,fine_tuning,6,2,22.170732,22.654991,True,zones,A,save/zones/occipital
SimCLR,SimCLR-diffage-wasser,diffage,wasserstein,,occipital,all,age,fine_tuning,6,3,11.014925,14.200309,True,zones,A,save/zones/occipital
SimCLR,SimCLR-diffage-riemann,diffage,riemann,,occipital,all,age,fine_tuning,6,0,23.77,23.627615,True,zones,A,save/zones/occipital
SimCLR,SimCLR-diffage-riemann,diffage,riemann,,occipital,all,age,fine_tuning,6,1,10.272727,9.874468,True,zones,A,save/zones/occipital
SimCLR,SimCLR-diffage-riemann,diffage,riemann,,occipital,all,age,fine_tuning,6,2,22.170732,21.775078,True,zones,A,save/zones/occipital
SimCLR,SimCLR-diffage-riemann,diffage,riemann,,occipital,all,age,fine_tuning,6,3,11.014925,10.829163,True,zones,A,save/zones/occipital
VAE,VAE,,,,occipital,all,age,fine_tuning,6,0,23.77,23.384546,True,zones,A,save/zones/occipital
VAE,VAE,,,,occipital,all,age,fine_tuning,6,1,10.272727,11.091999,True,zones,A,save/zones/occipital
VAE,VAE,,,,occipital,all,age,fine_tuning,6,2,22.170732,21.870785,True,zones,A,save/zones/occipital
VAE,VAE,,,,occipital,all,age,fine_tuning,6,3,11.014925,9.68432,True,zones,A,save/zones/occipital
SimCLR,SimCLR,augment,,,occipital,all,age,linear_probe,7,0,22.506172,22.823914,True,zones,A,save/zones/occipital
SimCLR,SimCLR,augment,,,occipital,all,age,linear_probe,7,1,18.200001,15.920467,True,zones,A,save/zones/occipital
SimCLR,SimCLR,augment,,,occipital,all,age,linear_probe,7,2,17.319635,16.109921,True,zones,A,save/zones/occipital
SimCLR,SimCLR,augment,,,occipital,all,age,linear_probe,7,3,20.962963,17.388512,True,zones,A,save/zones/occipital
SimCLR,SimCLR-nbr-cosine,nbr,cosine,,occipital,all,age,linear_probe,7,0,22.506172,25.517006,True,zones,A,save/zones/occipital
SimCLR,SimCLR-nbr-cosine,nbr,cosine,,occipital,all,age,linear_probe,7,1,18.200001,16.992809,True,zones,A,save/zones/occipital
SimCLR,SimCLR-nbr-cosine,nbr,cosine,,occipital,all,age,linear_probe,7,2,17.319635,17.773037,True,zones,A,save/zones/occipital
SimCLR,SimCLR-nbr-cosine,nbr,cosine,,occipital,all,age,linear_probe,7,3,20.962963,21.082655,True,zones,A,save/zones/occipital
SimCLR,SimCLR-nbr-wasser,nbr,wasserstein,,occipital,all,age,linear_probe,7,0,22.506172,23.225603,True,zones,A,save/zones/occipital
SimCLR,SimCLR-nbr-wasser,nbr,wasserstein,,occipital,all,age,linear_probe,7,1,18.200001,17.170923,True,zones,A,save/zones/occipital
SimCLR,SimCLR-nbr-wasser,nbr,wasserstein,,occipital,all,age,linear_probe,7,2,17.319635,17.46195,True,zones,A,save/zones/occipital
SimCLR,SimCLR-nbr-wasser,nbr,wasserstein,,occipital,all,age,linear_probe,7,3,20.962963,21.883541,True,zones,A,save/zones/occipital
SimCLR,SimCLR-nbr-riemann,nbr,riemann,,occipital,all,age,linear_probe,7,0,22.506172,25.385155,True,zones,A,save/zones/occipital
SimCLR,SimCLR-nbr-riemann,nbr,riemann,,occipital,all,age,linear_probe,7,1,18.200001,18.923195,True,zones,A,save/zones/occipital
SimCLR,SimCLR-nbr-riemann,nbr,riemann,,occipital,all,age,linear_probe,7,2,17.319635,16.889229,True,zones,A,save/zones/occipital
SimCLR,SimCLR-nbr-riemann,nbr,riemann,,occipital,all,age,linear_probe,7,3,20.962963,22.582432,True,zones,A,save/zones/occipital
SimCLR,SimCLR-xsubj-cosine,xsubj,cosine,,occipital,all,age,linear_probe,7,0,22.506172,22.711609,True,zones,A,save/zones/occipital
SimCLR,SimCLR-xsubj-cosine,xsubj,cosine,,occipital,all,age,linear_probe,7,1,18.200001,19.101503,True,zones,A,save/zones/occipital
SimCLR,SimCLR-xsubj-cosine,xsubj,cosine,,occipital,all,age,linear_probe,7,2,17.319635,18.927378,True,zones,A,save/zones/occipital
SimCLR,SimCLR-xsubj-cosine,xsubj,cosine,,occipital,all,age,linear_probe,7,3,20.962963,21.05368,True,zones,A,save/zones/occipital
SimCLR,SimCLR-xsubj-wasser,xsubj,wasserstein,,occipital,all,age,linear_probe,7,0,22.506172,22.781673,True,zones,A,save/zones/occipital
SimCLR,SimCLR-xsubj-wasser,xsubj,wasserstein,,occipital,all,age,linear_probe,7,1,18.200001,16.626545,True,zones,A,save/zones/occipital
SimCLR,SimCLR-xsubj-wasser,xsubj,wasserstein,,occipital,all,age,linear_probe,7,2,17.319635,18.314241,True,zones,A,save/zones/occipital
SimCLR,SimCLR-xsubj-wasser,xsubj,wasserstein,,occipital,all,age,linear_probe,7,3,20.962963,21.013073,True,zones,A,save/zones/occipital
SimCLR,SimCLR-xsubj-riemann,xsubj,riemann,,occipital,all,age,linear_probe,7,0,22.506172,21.285067,True,zones,A,save/zones/occipital
SimCLR,SimCLR-xsubj-riemann,xsubj,riemann,,occipital,all,age,linear_probe,7,1,18.200001,17.417776,True,zones,A,save/zones/occipital
SimCLR,SimCLR-xsubj-riemann,xsubj,riemann,,occipital,all,age,linear_probe,7,2,17.319635,15.891555,True,zones,A,save/zones/occipital
SimCLR,SimCLR-xsubj-riemann,xsubj,riemann,,occipital,all,age,linear_probe,7,3,20.962963,21.682657,True,zones,A,save/zones/occipital
SimCLR,SimCLR-diffage-cosine,diffage,cosine,,occipital,all,age,linear_probe,7,0,22.506172,21.408016,True,zones,A,save/zones/occipital
SimCLR,SimCLR-diffage-cosine,diffage,cosine,,occipital,all,age,linear_probe,7,1,18.200001,16.649378,True,zones,A,save/zones/occipital
SimCLR,SimCLR-diffage-cosine,diffage,cosine,,occipital,all,age,linear_probe,7,2,17.319635,16.935061,True,zones,A,save/zones/occipital
SimCLR,SimCLR-diffage-cosine,diffage,cosine,,occipital,all,age,linear_probe,7,3,20.962963,18.975443,True,zones,A,save/zones/occipital
SimCLR,SimCLR-diffage-wasser,diffage,wasserstein,,occipital,all,age,linear_probe,7,0,22.506172,22.177652,True,zones,A,save/zones/occipital
SimCLR,SimCLR-diffage-wasser,diffage,wasserstein,,occipital,all,age,linear_probe,7,1,18.200001,16.852089,True,zones,A,save/zones/occipital
SimCLR,SimCLR-diffage-wasser,diffage,wasserstein,,occipital,all,age,linear_probe,7,2,17.319635,15.097342,True,zones,A,save/zones/occipital
SimCLR,SimCLR-diffage-wasser,diffage,wasserstein,,occipital,all,age,linear_probe,7,3,20.962963,19.325891,True,zones,A,save/zones/occipital
SimCLR,SimCLR-diffage-riemann,diffage,riemann,,occipital,all,age,linear_probe,7,0,22.506172,22.241241,True,zones,A,save/zones/occipital
SimCLR,SimCLR-diffage-riemann,diffage,riemann,,occipital,all,age,linear_probe,7,1,18.200001,15.970841,True,zones,A,save/zones/occipital
SimCLR,SimCLR-diffage-riemann,diffage,riemann,,occipital,all,age,linear_probe,7,2,17.319635,14.547799,True,zones,A,save/zones/occipital
SimCLR,SimCLR-diffage-riemann,diffage,riemann,,occipital,all,age,linear_probe,7,3,20.962963,19.728102,True,zones,A,save/zones/occipital
VAE,VAE,,,,occipital,all,age,linear_probe,7,0,22.506172,18.771303,True,zones,A,save/zones/occipital
VAE,VAE,,,,occipital,all,age,linear_probe,7,1,18.200001,18.971563,True,zones,A,save/zones/occipital
VAE,VAE,,,,occipital,all,age,linear_probe,7,2,17.319635,18.844923,True,zones,A,save/zones/occipital
VAE,VAE,,,,occipital,all,age,linear_probe,7,3,20.962963,18.847843,True,zones,A,save/zones/occipital
SimCLR,SimCLR,augment,,,occipital,all,age,fine_tuning,7,0,22.506172,21.476103,True,zones,A,save/zones/occipital
SimCLR,SimCLR,augment,,,occipital,all,age,fine_tuning,7,1,18.200001,18.685926,True,zones,A,save/zones/occipital
SimCLR,SimCLR,augment,,,occipital,all,age,fine_tuning,7,2,17.319635,16.052935,True,zones,A,save/zones/occipital
SimCLR,SimCLR,augment,,,occipital,all,age,fine_tuning,7,3,20.962963,20.401217,True,zones,A,save/zones/occipital
SimCLR,SimCLR-nbr-cosine,nbr,cosine,,occipital,all,age,fine_tuning,7,0,22.506172,23.138111,True,zones,A,save/zones/occipital
SimCLR,SimCLR-nbr-cosine,nbr,cosine,,occipital,all,age,fine_tuning,7,1,18.200001,19.176777,True,zones,A,save/zones/occipital
SimCLR,SimCLR-nbr-cosine,nbr,cosine,,occipital,all,age,fine_tuning,7,2,17.319635,16.89736,True,zones,A,save/zones/occipital
SimCLR,SimCLR-nbr-cosine,nbr,cosine,,occipital,all,age,fine_tuning,7,3,20.962963,20.098938,True,zones,A,save/zones/occipital
SimCLR,SimCLR-nbr-wasser,nbr,wasserstein,,occipital,all,age,fine_tuning,7,0,22.506172,20.404783,True,zones,A,save/zones/occipital
SimCLR,SimCLR-nbr-wasser,nbr,wasserstein,,occipital,all,age,fine_tuning,7,1,18.200001,17.080515,True,zones,A,save/zones/occipital
SimCLR,SimCLR-nbr-wasser,nbr,wasserstein,,occipital,all,age,fine_tuning,7,2,17.319635,15.7117,True,zones,A,save/zones/occipital
SimCLR,SimCLR-nbr-wasser,nbr,wasserstein,,occipital,all,age,fine_tuning,7,3,20.962963,19.195307,True,zones,A,save/zones/occipital
SimCLR,SimCLR-nbr-riemann,nbr,riemann,,occipital,all,age,fine_tuning,7,0,22.506172,23.114067,True,zones,A,save/zones/occipital
SimCLR,SimCLR-nbr-riemann,nbr,riemann,,occipital,all,age,fine_tuning,7,1,18.200001,19.612408,True,zones,A,save/zones/occipital
SimCLR,SimCLR-nbr-riemann,nbr,riemann,,occipital,all,age,fine_tuning,7,2,17.319635,16.997461,True,zones,A,save/zones/occipital
SimCLR,SimCLR-nbr-riemann,nbr,riemann,,occipital,all,age,fine_tuning,7,3,20.962963,20.608109,True,zones,A,save/zones/occipital
SimCLR,SimCLR-xsubj-cosine,xsubj,cosine,,occipital,all,age,fine_tuning,7,0,22.506172,23.411133,True,zones,A,save/zones/occipital
SimCLR,SimCLR-xsubj-cosine,xsubj,cosine,,occipital,all,age,fine_tuning,7,1,18.200001,19.290321,True,zones,A,save/zones/occipital
SimCLR,SimCLR-xsubj-cosine,xsubj,cosine,,occipital,all,age,fine_tuning,7,2,17.319635,16.859491,True,zones,A,save/zones/occipital
SimCLR,SimCLR-xsubj-cosine,xsubj,cosine,,occipital,all,age,fine_tuning,7,3,20.962963,19.819817,True,zones,A,save/zones/occipital
SimCLR,SimCLR-xsubj-wasser,xsubj,wasserstein,,occipital,all,age,fine_tuning,7,0,22.506172,22.336796,True,zones,A,save/zones/occipital
SimCLR,SimCLR-xsubj-wasser,xsubj,wasserstein,,occipital,all,age,fine_tuning,7,1,18.200001,18.424,True,zones,A,save/zones/occipital
SimCLR,SimCLR-xsubj-wasser,xsubj,wasserstein,,occipital,all,age,fine_tuning,7,2,17.319635,16.360092,True,zones,A,save/zones/occipital
SimCLR,SimCLR-xsubj-wasser,xsubj,wasserstein,,occipital,all,age,fine_tuning,7,3,20.962963,19.081882,True,zones,A,save/zones/occipital
SimCLR,SimCLR-xsubj-riemann,xsubj,riemann,,occipital,all,age,fine_tuning,7,0,22.506172,21.673429,True,zones,A,save/zones/occipital
SimCLR,SimCLR-xsubj-riemann,xsubj,riemann,,occipital,all,age,fine_tuning,7,1,18.200001,19.283079,True,zones,A,save/zones/occipital
SimCLR,SimCLR-xsubj-riemann,xsubj,riemann,,occipital,all,age,fine_tuning,7,2,17.319635,16.839077,True,zones,A,save/zones/occipital
SimCLR,SimCLR-xsubj-riemann,xsubj,riemann,,occipital,all,age,fine_tuning,7,3,20.962963,20.447805,True,zones,A,save/zones/occipital
SimCLR,SimCLR-diffage-cosine,diffage,cosine,,occipital,all,age,fine_tuning,7,0,22.506172,23.844078,True,zones,A,save/zones/occipital
SimCLR,SimCLR-diffage-cosine,diffage,cosine,,occipital,all,age,fine_tuning,7,1,18.200001,19.450611,True,zones,A,save/zones/occipital
SimCLR,SimCLR-diffage-cosine,diffage,cosine,,occipital,all,age,fine_tuning,7,2,17.319635,17.212734,True,zones,A,save/zones/occipital
SimCLR,SimCLR-diffage-cosine,diffage,cosine,,occipital,all,age,fine_tuning,7,3,20.962963,21.809954,True,zones,A,save/zones/occipital
SimCLR,SimCLR-diffage-wasser,diffage,wasserstein,,occipital,all,age,fine_tuning,7,0,22.506172,21.519419,True,zones,A,save/zones/occipital
SimCLR,SimCLR-diffage-wasser,diffage,wasserstein,,occipital,all,age,fine_tuning,7,1,18.200001,16.403276,True,zones,A,save/zones/occipital
SimCLR,SimCLR-diffage-wasser,diffage,wasserstein,,occipital,all,age,fine_tuning,7,2,17.319635,16.069216,True,zones,A,save/zones/occipital
SimCLR,SimCLR-diffage-wasser,diffage,wasserstein,,occipital,all,age,fine_tuning,7,3,20.962963,19.298409,True,zones,A,save/zones/occipital
SimCLR,SimCLR-diffage-riemann,diffage,riemann,,occipital,all,age,fine_tuning,7,0,22.506172,20.261019,True,zones,A,save/zones/occipital
SimCLR,SimCLR-diffage-riemann,diffage,riemann,,occipital,all,age,fine_tuning,7,1,18.200001,18.577044,True,zones,A,save/zones/occipital
SimCLR,SimCLR-diffage-riemann,diffage,riemann,,occipital,all,age,fine_tuning,7,2,17.319635,15.707598,True,zones,A,save/zones/occipital
SimCLR,SimCLR-diffage-riemann,diffage,riemann,,occipital,all,age,fine_tuning,7,3,20.962963,19.490185,True,zones,A,save/zones/occipital
VAE,VAE,,,,occipital,all,age,fine_tuning,7,0,22.506172,22.387222,True,zones,A,save/zones/occipital
VAE,VAE,,,,occipital,all,age,fine_tuning,7,1,18.200001,19.692707,True,zones,A,save/zones/occipital
VAE,VAE,,,,occipital,all,age,fine_tuning,7,2,17.319635,17.690149,True,zones,A,save/zones/occipital
VAE,VAE,,,,occipital,all,age,fine_tuning,7,3,20.962963,21.121994,True,zones,A,save/zones/occipital
SimCLR,SimCLR,augment,,,occipital,all,age,linear_probe,8,0,25.25,20.151407,True,zones,A,save/zones/occipital
SimCLR,SimCLR,augment,,,occipital,all,age,linear_probe,8,1,19.92,18.835714,True,zones,A,save/zones/occipital
SimCLR,SimCLR,augment,,,occipital,all,age,linear_probe,8,2,22.776316,20.969095,True,zones,A,save/zones/occipital
SimCLR,SimCLR,augment,,,occipital,all,age,linear_probe,8,3,13.230769,20.601984,True,zones,A,save/zones/occipital
SimCLR,SimCLR-nbr-cosine,nbr,cosine,,occipital,all,age,linear_probe,8,0,25.25,24.972885,True,zones,A,save/zones/occipital
SimCLR,SimCLR-nbr-cosine,nbr,cosine,,occipital,all,age,linear_probe,8,1,19.92,20.897148,True,zones,A,save/zones/occipital
SimCLR,SimCLR-nbr-cosine,nbr,cosine,,occipital,all,age,linear_probe,8,2,22.776316,25.207262,True,zones,A,save/zones/occipital
SimCLR,SimCLR-nbr-cosine,nbr,cosine,,occipital,all,age,linear_probe,8,3,13.230769,17.214487,True,zones,A,save/zones/occipital
SimCLR,SimCLR-nbr-wasser,nbr,wasserstein,,occipital,all,age,linear_probe,8,0,25.25,23.245432,True,zones,A,save/zones/occipital
SimCLR,SimCLR-nbr-wasser,nbr,wasserstein,,occipital,all,age,linear_probe,8,1,19.92,21.16448,True,zones,A,save/zones/occipital
SimCLR,SimCLR-nbr-wasser,nbr,wasserstein,,occipital,all,age,linear_probe,8,2,22.776316,25.801592,True,zones,A,save/zones/occipital
SimCLR,SimCLR-nbr-wasser,nbr,wasserstein,,occipital,all,age,linear_probe,8,3,13.230769,15.819717,True,zones,A,save/zones/occipital
SimCLR,SimCLR-nbr-riemann,nbr,riemann,,occipital,all,age,linear_probe,8,0,25.25,23.906464,True,zones,A,save/zones/occipital
SimCLR,SimCLR-nbr-riemann,nbr,riemann,,occipital,all,age,linear_probe,8,1,19.92,20.716972,True,zones,A,save/zones/occipital
SimCLR,SimCLR-nbr-riemann,nbr,riemann,,occipital,all,age,linear_probe,8,2,22.776316,25.845694,True,zones,A,save/zones/occipital
SimCLR,SimCLR-nbr-riemann,nbr,riemann,,occipital,all,age,linear_probe,8,3,13.230769,17.574265,True,zones,A,save/zones/occipital
SimCLR,SimCLR-xsubj-cosine,xsubj,cosine,,occipital,all,age,linear_probe,8,0,25.25,20.54549,True,zones,A,save/zones/occipital
SimCLR,SimCLR-xsubj-cosine,xsubj,cosine,,occipital,all,age,linear_probe,8,1,19.92,18.92716,True,zones,A,save/zones/occipital
SimCLR,SimCLR-xsubj-cosine,xsubj,cosine,,occipital,all,age,linear_probe,8,2,22.776316,25.977505,True,zones,A,save/zones/occipital
SimCLR,SimCLR-xsubj-cosine,xsubj,cosine,,occipital,all,age,linear_probe,8,3,13.230769,14.438251,True,zones,A,save/zones/occipital
SimCLR,SimCLR-xsubj-wasser,xsubj,wasserstein,,occipital,all,age,linear_probe,8,0,25.25,19.769894,True,zones,A,save/zones/occipital
SimCLR,SimCLR-xsubj-wasser,xsubj,wasserstein,,occipital,all,age,linear_probe,8,1,19.92,20.541529,True,zones,A,save/zones/occipital
SimCLR,SimCLR-xsubj-wasser,xsubj,wasserstein,,occipital,all,age,linear_probe,8,2,22.776316,26.369982,True,zones,A,save/zones/occipital
SimCLR,SimCLR-xsubj-wasser,xsubj,wasserstein,,occipital,all,age,linear_probe,8,3,13.230769,14.590833,True,zones,A,save/zones/occipital
SimCLR,SimCLR-xsubj-riemann,xsubj,riemann,,occipital,all,age,linear_probe,8,0,25.25,24.365807,True,zones,A,save/zones/occipital
SimCLR,SimCLR-xsubj-riemann,xsubj,riemann,,occipital,all,age,linear_probe,8,1,19.92,20.861195,True,zones,A,save/zones/occipital
SimCLR,SimCLR-xsubj-riemann,xsubj,riemann,,occipital,all,age,linear_probe,8,2,22.776316,25.653397,True,zones,A,save/zones/occipital
SimCLR,SimCLR-xsubj-riemann,xsubj,riemann,,occipital,all,age,linear_probe,8,3,13.230769,18.499945,True,zones,A,save/zones/occipital
SimCLR,SimCLR-diffage-cosine,diffage,cosine,,occipital,all,age,linear_probe,8,0,25.25,22.47496,True,zones,A,save/zones/occipital
SimCLR,SimCLR-diffage-cosine,diffage,cosine,,occipital,all,age,linear_probe,8,1,19.92,19.697834,True,zones,A,save/zones/occipital
SimCLR,SimCLR-diffage-cosine,diffage,cosine,,occipital,all,age,linear_probe,8,2,22.776316,22.672205,True,zones,A,save/zones/occipital
SimCLR,SimCLR-diffage-cosine,diffage,cosine,,occipital,all,age,linear_probe,8,3,13.230769,20.253002,True,zones,A,save/zones/occipital
SimCLR,SimCLR-diffage-wasser,diffage,wasserstein,,occipital,all,age,linear_probe,8,0,25.25,21.776245,True,zones,A,save/zones/occipital
SimCLR,SimCLR-diffage-wasser,diffage,wasserstein,,occipital,all,age,linear_probe,8,1,19.92,19.401903,True,zones,A,save/zones/occipital
SimCLR,SimCLR-diffage-wasser,diffage,wasserstein,,occipital,all,age,linear_probe,8,2,22.776316,23.299728,True,zones,A,save/zones/occipital
SimCLR,SimCLR-diffage-wasser,diffage,wasserstein,,occipital,all,age,linear_probe,8,3,13.230769,21.971769,True,zones,A,save/zones/occipital
SimCLR,SimCLR-diffage-riemann,diffage,riemann,,occipital,all,age,linear_probe,8,0,25.25,23.173317,True,zones,A,save/zones/occipital
SimCLR,SimCLR-diffage-riemann,diffage,riemann,,occipital,all,age,linear_probe,8,1,19.92,18.434155,True,zones,A,save/zones/occipital
SimCLR,SimCLR-diffage-riemann,diffage,riemann,,occipital,all,age,linear_probe,8,2,22.776316,22.695938,True,zones,A,save/zones/occipital
SimCLR,SimCLR-diffage-riemann,diffage,riemann,,occipital,all,age,linear_probe,8,3,13.230769,23.104837,True,zones,A,save/zones/occipital
VAE,VAE,,,,occipital,all,age,linear_probe,8,0,25.25,18.862417,True,zones,A,save/zones/occipital
VAE,VAE,,,,occipital,all,age,linear_probe,8,1,19.92,18.90064,True,zones,A,save/zones/occipital
VAE,VAE,,,,occipital,all,age,linear_probe,8,2,22.776316,18.96209,True,zones,A,save/zones/occipital
VAE,VAE,,,,occipital,all,age,linear_probe,8,3,13.230769,18.942728,True,zones,A,save/zones/occipital
SimCLR,SimCLR,augment,,,occipital,all,age,fine_tuning,8,0,25.25,26.004709,True,zones,A,save/zones/occipital
SimCLR,SimCLR,augment,,,occipital,all,age,fine_tuning,8,1,19.92,20.591734,True,zones,A,save/zones/occipital
SimCLR,SimCLR,augment,,,occipital,all,age,fine_tuning,8,2,22.776316,25.064264,True,zones,A,save/zones/occipital
SimCLR,SimCLR,augment,,,occipital,all,age,fine_tuning,8,3,13.230769,15.234963,True,zones,A,save/zones/occipital
SimCLR,SimCLR-nbr-cosine,nbr,cosine,,occipital,all,age,fine_tuning,8,0,25.25,26.018015,True,zones,A,save/zones/occipital
SimCLR,SimCLR-nbr-cosine,nbr,cosine,,occipital,all,age,fine_tuning,8,1,19.92,21.181643,True,zones,A,save/zones/occipital
SimCLR,SimCLR-nbr-cosine,nbr,cosine,,occipital,all,age,fine_tuning,8,2,22.776316,25.634518,True,zones,A,save/zones/occipital
SimCLR,SimCLR-nbr-cosine,nbr,cosine,,occipital,all,age,fine_tuning,8,3,13.230769,16.235485,True,zones,A,save/zones/occipital
SimCLR,SimCLR-nbr-wasser,nbr,wasserstein,,occipital,all,age,fine_tuning,8,0,25.25,26.010992,True,zones,A,save/zones/occipital
SimCLR,SimCLR-nbr-wasser,nbr,wasserstein,,occipital,all,age,fine_tuning,8,1,19.92,20.297218,True,zones,A,save/zones/occipital
SimCLR,SimCLR-nbr-wasser,nbr,wasserstein,,occipital,all,age,fine_tuning,8,2,22.776316,25.209139,True,zones,A,save/zones/occipital
SimCLR,SimCLR-nbr-wasser,nbr,wasserstein,,occipital,all,age,fine_tuning,8,3,13.230769,15.618527,True,zones,A,save/zones/occipital
SimCLR,SimCLR-nbr-riemann,nbr,riemann,,occipital,all,age,fine_tuning,8,0,25.25,25.509333,True,zones,A,save/zones/occipital
SimCLR,SimCLR-nbr-riemann,nbr,riemann,,occipital,all,age,fine_tuning,8,1,19.92,20.958376,True,zones,A,save/zones/occipital
SimCLR,SimCLR-nbr-riemann,nbr,riemann,,occipital,all,age,fine_tuning,8,2,22.776316,25.867479,True,zones,A,save/zones/occipital
SimCLR,SimCLR-nbr-riemann,nbr,riemann,,occipital,all,age,fine_tuning,8,3,13.230769,15.611914,True,zones,A,save/zones/occipital
SimCLR,SimCLR-xsubj-cosine,xsubj,cosine,,occipital,all,age,fine_tuning,8,0,25.25,25.55488,True,zones,A,save/zones/occipital
SimCLR,SimCLR-xsubj-cosine,xsubj,cosine,,occipital,all,age,fine_tuning,8,1,19.92,20.589483,True,zones,A,save/zones/occipital
SimCLR,SimCLR-xsubj-cosine,xsubj,cosine,,occipital,all,age,fine_tuning,8,2,22.776316,25.316172,True,zones,A,save/zones/occipital
SimCLR,SimCLR-xsubj-cosine,xsubj,cosine,,occipital,all,age,fine_tuning,8,3,13.230769,15.872483,True,zones,A,save/zones/occipital
SimCLR,SimCLR-xsubj-wasser,xsubj,wasserstein,,occipital,all,age,fine_tuning,8,0,25.25,25.82045,True,zones,A,save/zones/occipital
SimCLR,SimCLR-xsubj-wasser,xsubj,wasserstein,,occipital,all,age,fine_tuning,8,1,19.92,20.449413,True,zones,A,save/zones/occipital
SimCLR,SimCLR-xsubj-wasser,xsubj,wasserstein,,occipital,all,age,fine_tuning,8,2,22.776316,25.937212,True,zones,A,save/zones/occipital
SimCLR,SimCLR-xsubj-wasser,xsubj,wasserstein,,occipital,all,age,fine_tuning,8,3,13.230769,16.665657,True,zones,A,save/zones/occipital
SimCLR,SimCLR-xsubj-riemann,xsubj,riemann,,occipital,all,age,fine_tuning,8,0,25.25,26.683592,True,zones,A,save/zones/occipital
SimCLR,SimCLR-xsubj-riemann,xsubj,riemann,,occipital,all,age,fine_tuning,8,1,19.92,20.991592,True,zones,A,save/zones/occipital
SimCLR,SimCLR-xsubj-riemann,xsubj,riemann,,occipital,all,age,fine_tuning,8,2,22.776316,25.534672,True,zones,A,save/zones/occipital
SimCLR,SimCLR-xsubj-riemann,xsubj,riemann,,occipital,all,age,fine_tuning,8,3,13.230769,16.277889,True,zones,A,save/zones/occipital
SimCLR,SimCLR-diffage-cosine,diffage,cosine,,occipital,all,age,fine_tuning,8,0,25.25,25.841074,True,zones,A,save/zones/occipital
SimCLR,SimCLR-diffage-cosine,diffage,cosine,,occipital,all,age,fine_tuning,8,1,19.92,21.174604,True,zones,A,save/zones/occipital
SimCLR,SimCLR-diffage-cosine,diffage,cosine,,occipital,all,age,fine_tuning,8,2,22.776316,25.59326,True,zones,A,save/zones/occipital
SimCLR,SimCLR-diffage-cosine,diffage,cosine,,occipital,all,age,fine_tuning,8,3,13.230769,16.810184,True,zones,A,save/zones/occipital
SimCLR,SimCLR-diffage-wasser,diffage,wasserstein,,occipital,all,age,fine_tuning,8,0,25.25,26.370569,True,zones,A,save/zones/occipital
SimCLR,SimCLR-diffage-wasser,diffage,wasserstein,,occipital,all,age,fine_tuning,8,1,19.92,20.556145,True,zones,A,save/zones/occipital
SimCLR,SimCLR-diffage-wasser,diffage,wasserstein,,occipital,all,age,fine_tuning,8,2,22.776316,25.038279,True,zones,A,save/zones/occipital
SimCLR,SimCLR-diffage-wasser,diffage,wasserstein,,occipital,all,age,fine_tuning,8,3,13.230769,15.984116,True,zones,A,save/zones/occipital
SimCLR,SimCLR-diffage-riemann,diffage,riemann,,occipital,all,age,fine_tuning,8,0,25.25,27.123665,True,zones,A,save/zones/occipital
SimCLR,SimCLR-diffage-riemann,diffage,riemann,,occipital,all,age,fine_tuning,8,1,19.92,21.282681,True,zones,A,save/zones/occipital
SimCLR,SimCLR-diffage-riemann,diffage,riemann,,occipital,all,age,fine_tuning,8,2,22.776316,25.543137,True,zones,A,save/zones/occipital
SimCLR,SimCLR-diffage-riemann,diffage,riemann,,occipital,all,age,fine_tuning,8,3,13.230769,16.679169,True,zones,A,save/zones/occipital
VAE,VAE,,,,occipital,all,age,fine_tuning,8,0,25.25,26.043116,True,zones,A,save/zones/occipital
VAE,VAE,,,,occipital,all,age,fine_tuning,8,1,19.92,20.566174,True,zones,A,save/zones/occipital
VAE,VAE,,,,occipital,all,age,fine_tuning,8,2,22.776316,25.314449,True,zones,A,save/zones/occipital
VAE,VAE,,,,occipital,all,age,fine_tuning,8,3,13.230769,15.41231,True,zones,A,save/zones/occipital
SimCLR,SimCLR,augment,,,occipital,all,age,linear_probe,9,0,20.706896,17.611107,True,zones,A,save/zones/occipital
SimCLR,SimCLR,augment,,,occipital,all,age,linear_probe,9,1,15.652174,17.303543,True,zones,A,save/zones/occipital
SimCLR,SimCLR,augment,,,occipital,all,age,linear_probe,9,2,15.217391,18.299725,True,zones,A,save/zones/occipital
SimCLR,SimCLR,augment,,,occipital,all,age,linear_probe,9,3,9.236363,22.442293,True,zones,A,save/zones/occipital
SimCLR,SimCLR-nbr-cosine,nbr,cosine,,occipital,all,age,linear_probe,9,0,20.706896,14.837686,True,zones,A,save/zones/occipital
SimCLR,SimCLR-nbr-cosine,nbr,cosine,,occipital,all,age,linear_probe,9,1,15.652174,18.313101,True,zones,A,save/zones/occipital
SimCLR,SimCLR-nbr-cosine,nbr,cosine,,occipital,all,age,linear_probe,9,2,15.217391,22.394701,True,zones,A,save/zones/occipital
SimCLR,SimCLR-nbr-cosine,nbr,cosine,,occipital,all,age,linear_probe,9,3,9.236363,14.698359,True,zones,A,save/zones/occipital
SimCLR,SimCLR-nbr-wasser,nbr,wasserstein,,occipital,all,age,linear_probe,9,0,20.706896,14.170804,True,zones,A,save/zones/occipital
SimCLR,SimCLR-nbr-wasser,nbr,wasserstein,,occipital,all,age,linear_probe,9,1,15.652174,16.309168,True,zones,A,save/zones/occipital
SimCLR,SimCLR-nbr-wasser,nbr,wasserstein,,occipital,all,age,linear_probe,9,2,15.217391,21.941761,True,zones,A,save/zones/occipital
SimCLR,SimCLR-nbr-wasser,nbr,wasserstein,,occipital,all,age,linear_probe,9,3,9.236363,11.564004,True,zones,A,save/zones/occipital
SimCLR,SimCLR-nbr-riemann,nbr,riemann,,occipital,all,age,linear_probe,9,0,20.706896,15.091589,True,zones,A,save/zones/occipital
SimCLR,SimCLR-nbr-riemann,nbr,riemann,,occipital,all,age,linear_probe,9,1,15.652174,17.623297,True,zones,A,save/zones/occipital
SimCLR,SimCLR-nbr-riemann,nbr,riemann,,occipital,all,age,linear_probe,9,2,15.217391,21.874584,True,zones,A,save/zones/occipital
SimCLR,SimCLR-nbr-riemann,nbr,riemann,,occipital,all,age,linear_probe,9,3,9.236363,14.830222,True,zones,A,save/zones/occipital
SimCLR,SimCLR-xsubj-cosine,xsubj,cosine,,occipital,all,age,linear_probe,9,0,20.706896,16.600454,True,zones,A,save/zones/occipital
SimCLR,SimCLR-xsubj-cosine,xsubj,cosine,,occipital,all,age,linear_probe,9,1,15.652174,16.984442,True,zones,A,save/zones/occipital
SimCLR,SimCLR-xsubj-cosine,xsubj,cosine,,occipital,all,age,linear_probe,9,2,15.217391,19.126713,True,zones,A,save/zones/occipital
SimCLR,SimCLR-xsubj-cosine,xsubj,cosine,,occipital,all,age,linear_probe,9,3,9.236363,9.42961,True,zones,A,save/zones/occipital
SimCLR,SimCLR-xsubj-wasser,xsubj,wasserstein,,occipital,all,age,linear_probe,9,0,20.706896,15.372185,True,zones,A,save/zones/occipital
SimCLR,SimCLR-xsubj-wasser,xsubj,wasserstein,,occipital,all,age,linear_probe,9,1,15.652174,16.267075,True,zones,A,save/zones/occipital
SimCLR,SimCLR-xsubj-wasser,xsubj,wasserstein,,occipital,all,age,linear_probe,9,2,15.217391,18.476982,True,zones,A,save/zones/occipital
SimCLR,SimCLR-xsubj-wasser,xsubj,wasserstein,,occipital,all,age,linear_probe,9,3,9.236363,11.302235,True,zones,A,save/zones/occipital
SimCLR,SimCLR-xsubj-riemann,xsubj,riemann,,occipital,all,age,linear_probe,9,0,20.706896,15.560186,True,zones,A,save/zones/occipital
SimCLR,SimCLR-xsubj-riemann,xsubj,riemann,,occipital,all,age,linear_probe,9,1,15.652174,16.733339,True,zones,A,save/zones/occipital
SimCLR,SimCLR-xsubj-riemann,xsubj,riemann,,occipital,all,age,linear_probe,9,2,15.217391,20.042339,True,zones,A,save/zones/occipital
SimCLR,SimCLR-xsubj-riemann,xsubj,riemann,,occipital,all,age,linear_probe,9,3,9.236363,11.89324,True,zones,A,save/zones/occipital
SimCLR,SimCLR-diffage-cosine,diffage,cosine,,occipital,all,age,linear_probe,9,0,20.706896,18.482275,True,zones,A,save/zones/occipital
SimCLR,SimCLR-diffage-cosine,diffage,cosine,,occipital,all,age,linear_probe,9,1,15.652174,19.116014,True,zones,A,save/zones/occipital
SimCLR,SimCLR-diffage-cosine,diffage,cosine,,occipital,all,age,linear_probe,9,2,15.217391,19.053137,True,zones,A,save/zones/occipital
SimCLR,SimCLR-diffage-cosine,diffage,cosine,,occipital,all,age,linear_probe,9,3,9.236363,20.238983,True,zones,A,save/zones/occipital
SimCLR,SimCLR-diffage-wasser,diffage,wasserstein,,occipital,all,age,linear_probe,9,0,20.706896,18.277302,True,zones,A,save/zones/occipital
SimCLR,SimCLR-diffage-wasser,diffage,wasserstein,,occipital,all,age,linear_probe,9,1,15.652174,20.542538,True,zones,A,save/zones/occipital
SimCLR,SimCLR-diffage-wasser,diffage,wasserstein,,occipital,all,age,linear_probe,9,2,15.217391,20.622879,True,zones,A,save/zones/occipital
SimCLR,SimCLR-diffage-wasser,diffage,wasserstein,,occipital,all,age,linear_probe,9,3,9.236363,19.610428,True,zones,A,save/zones/occipital
SimCLR,SimCLR-diffage-riemann,diffage,riemann,,occipital,all,age,linear_probe,9,0,20.706896,16.914991,True,zones,A,save/zones/occipital
SimCLR,SimCLR-diffage-riemann,diffage,riemann,,occipital,all,age,linear_probe,9,1,15.652174,19.829107,True,zones,A,save/zones/occipital
SimCLR,SimCLR-diffage-riemann,diffage,riemann,,occipital,all,age,linear_probe,9,2,15.217391,19.553713,True,zones,A,save/zones/occipital
SimCLR,SimCLR-diffage-riemann,diffage,riemann,,occipital,all,age,linear_probe,9,3,9.236363,20.784517,True,zones,A,save/zones/occipital
VAE,VAE,,,,occipital,all,age,linear_probe,9,0,20.706896,19.275248,True,zones,A,save/zones/occipital
VAE,VAE,,,,occipital,all,age,linear_probe,9,1,15.652174,19.216122,True,zones,A,save/zones/occipital
VAE,VAE,,,,occipital,all,age,linear_probe,9,2,15.217391,19.280993,True,zones,A,save/zones/occipital
VAE,VAE,,,,occipital,all,age,linear_probe,9,3,9.236363,19.33952,True,zones,A,save/zones/occipital
SimCLR,SimCLR,augment,,,occipital,all,age,fine_tuning,9,0,20.706896,18.93659,True,zones,A,save/zones/occipital
SimCLR,SimCLR,augment,,,occipital,all,age,fine_tuning,9,1,15.652174,15.245506,True,zones,A,save/zones/occipital
SimCLR,SimCLR,augment,,,occipital,all,age,fine_tuning,9,2,15.217391,15.850415,True,zones,A,save/zones/occipital
SimCLR,SimCLR,augment,,,occipital,all,age,fine_tuning,9,3,9.236363,8.69114,True,zones,A,save/zones/occipital
SimCLR,SimCLR-nbr-cosine,nbr,cosine,,occipital,all,age,fine_tuning,9,0,20.706896,17.591921,True,zones,A,save/zones/occipital
SimCLR,SimCLR-nbr-cosine,nbr,cosine,,occipital,all,age,fine_tuning,9,1,15.652174,14.746681,True,zones,A,save/zones/occipital
SimCLR,SimCLR-nbr-cosine,nbr,cosine,,occipital,all,age,fine_tuning,9,2,15.217391,14.359771,True,zones,A,save/zones/occipital
SimCLR,SimCLR-nbr-cosine,nbr,cosine,,occipital,all,age,fine_tuning,9,3,9.236363,8.130451,True,zones,A,save/zones/occipital
SimCLR,SimCLR-nbr-wasser,nbr,wasserstein,,occipital,all,age,fine_tuning,9,0,20.706896,18.854773,True,zones,A,save/zones/occipital
SimCLR,SimCLR-nbr-wasser,nbr,wasserstein,,occipital,all,age,fine_tuning,9,1,15.652174,15.50673,True,zones,A,save/zones/occipital
SimCLR,SimCLR-nbr-wasser,nbr,wasserstein,,occipital,all,age,fine_tuning,9,2,15.217391,14.592706,True,zones,A,save/zones/occipital
SimCLR,SimCLR-nbr-wasser,nbr,wasserstein,,occipital,all,age,fine_tuning,9,3,9.236363,8.181238,True,zones,A,save/zones/occipital
SimCLR,SimCLR-nbr-riemann,nbr,riemann,,occipital,all,age,fine_tuning,9,0,20.706896,19.800478,True,zones,A,save/zones/occipital
SimCLR,SimCLR-nbr-riemann,nbr,riemann,,occipital,all,age,fine_tuning,9,1,15.652174,15.436719,True,zones,A,save/zones/occipital
SimCLR,SimCLR-nbr-riemann,nbr,riemann,,occipital,all,age,fine_tuning,9,2,15.217391,16.796406,True,zones,A,save/zones/occipital
SimCLR,SimCLR-nbr-riemann,nbr,riemann,,occipital,all,age,fine_tuning,9,3,9.236363,8.991658,True,zones,A,save/zones/occipital
SimCLR,SimCLR-xsubj-cosine,xsubj,cosine,,occipital,all,age,fine_tuning,9,0,20.706896,19.555182,True,zones,A,save/zones/occipital
SimCLR,SimCLR-xsubj-cosine,xsubj,cosine,,occipital,all,age,fine_tuning,9,1,15.652174,15.474816,True,zones,A,save/zones/occipital
SimCLR,SimCLR-xsubj-cosine,xsubj,cosine,,occipital,all,age,fine_tuning,9,2,15.217391,14.480597,True,zones,A,save/zones/occipital
SimCLR,SimCLR-xsubj-cosine,xsubj,cosine,,occipital,all,age,fine_tuning,9,3,9.236363,8.757133,True,zones,A,save/zones/occipital
SimCLR,SimCLR-xsubj-wasser,xsubj,wasserstein,,occipital,all,age,fine_tuning,9,0,20.706896,19.357475,True,zones,A,save/zones/occipital
SimCLR,SimCLR-xsubj-wasser,xsubj,wasserstein,,occipital,all,age,fine_tuning,9,1,15.652174,15.305532,True,zones,A,save/zones/occipital
SimCLR,SimCLR-xsubj-wasser,xsubj,wasserstein,,occipital,all,age,fine_tuning,9,2,15.217391,14.716939,True,zones,A,save/zones/occipital
SimCLR,SimCLR-xsubj-wasser,xsubj,wasserstein,,occipital,all,age,fine_tuning,9,3,9.236363,10.086939,True,zones,A,save/zones/occipital
SimCLR,SimCLR-xsubj-riemann,xsubj,riemann,,occipital,all,age,fine_tuning,9,0,20.706896,19.711821,True,zones,A,save/zones/occipital
SimCLR,SimCLR-xsubj-riemann,xsubj,riemann,,occipital,all,age,fine_tuning,9,1,15.652174,16.133785,True,zones,A,save/zones/occipital
SimCLR,SimCLR-xsubj-riemann,xsubj,riemann,,occipital,all,age,fine_tuning,9,2,15.217391,15.519003,True,zones,A,save/zones/occipital
SimCLR,SimCLR-xsubj-riemann,xsubj,riemann,,occipital,all,age,fine_tuning,9,3,9.236363,9.773046,True,zones,A,save/zones/occipital
SimCLR,SimCLR-diffage-cosine,diffage,cosine,,occipital,all,age,fine_tuning,9,0,20.706896,18.76326,True,zones,A,save/zones/occipital
SimCLR,SimCLR-diffage-cosine,diffage,cosine,,occipital,all,age,fine_tuning,9,1,15.652174,15.569669,True,zones,A,save/zones/occipital
SimCLR,SimCLR-diffage-cosine,diffage,cosine,,occipital,all,age,fine_tuning,9,2,15.217391,15.854163,True,zones,A,save/zones/occipital
SimCLR,SimCLR-diffage-cosine,diffage,cosine,,occipital,all,age,fine_tuning,9,3,9.236363,7.90443,True,zones,A,save/zones/occipital
SimCLR,SimCLR-diffage-wasser,diffage,wasserstein,,occipital,all,age,fine_tuning,9,0,20.706896,19.658278,True,zones,A,save/zones/occipital
SimCLR,SimCLR-diffage-wasser,diffage,wasserstein,,occipital,all,age,fine_tuning,9,1,15.652174,15.884355,True,zones,A,save/zones/occipital
SimCLR,SimCLR-diffage-wasser,diffage,wasserstein,,occipital,all,age,fine_tuning,9,2,15.217391,18.151169,True,zones,A,save/zones/occipital
SimCLR,SimCLR-diffage-wasser,diffage,wasserstein,,occipital,all,age,fine_tuning,9,3,9.236363,8.672411,True,zones,A,save/zones/occipital
SimCLR,SimCLR-diffage-riemann,diffage,riemann,,occipital,all,age,fine_tuning,9,0,20.706896,19.261639,True,zones,A,save/zones/occipital
SimCLR,SimCLR-diffage-riemann,diffage,riemann,,occipital,all,age,fine_tuning,9,1,15.652174,15.428339,True,zones,A,save/zones/occipital
SimCLR,SimCLR-diffage-riemann,diffage,riemann,,occipital,all,age,fine_tuning,9,2,15.217391,17.96608,True,zones,A,save/zones/occipital
SimCLR,SimCLR-diffage-riemann,diffage,riemann,,occipital,all,age,fine_tuning,9,3,9.236363,8.62232,True,zones,A,save/zones/occipital
VAE,VAE,,,,occipital,all,age,fine_tuning,9,0,20.706896,20.313448,True,zones,A,save/zones/occipital
VAE,VAE,,,,occipital,all,age,fine_tuning,9,1,15.652174,15.934761,True,zones,A,save/zones/occipital
VAE,VAE,,,,occipital,all,age,fine_tuning,9,2,15.217391,17.007784,True,zones,A,save/zones/occipital
VAE,VAE,,,,occipital,all,age,fine_tuning,9,3,9.236363,10.498259,True,zones,A,save/zones/occipital
SimCLR,SimCLR,augment,,,frontal,all,age,linear_probe,0,0,23.1,19.198158,True,zones,A,save/zones/frontal
SimCLR,SimCLR,augment,,,frontal,all,age,linear_probe,0,1,7.809524,20.05809,True,zones,A,save/zones/frontal
SimCLR,SimCLR,augment,,,frontal,all,age,linear_probe,0,2,24.571428,17.958954,True,zones,A,save/zones/frontal
SimCLR,SimCLR,augment,,,frontal,all,age,linear_probe,0,3,17.265957,19.38739,True,zones,A,save/zones/frontal
SimCLR,SimCLR,augment,,,frontal,all,age,linear_probe,0,4,14.981818,18.447906,True,zones,A,save/zones/frontal
SimCLR,SimCLR-nbr-cosine,nbr,cosine,,frontal,all,age,linear_probe,0,0,23.1,19.910696,True,zones,A,save/zones/frontal
SimCLR,SimCLR-nbr-cosine,nbr,cosine,,frontal,all,age,linear_probe,0,1,7.809524,17.040323,True,zones,A,save/zones/frontal
SimCLR,SimCLR-nbr-cosine,nbr,cosine,,frontal,all,age,linear_probe,0,2,24.571428,24.050394,True,zones,A,save/zones/frontal
SimCLR,SimCLR-nbr-cosine,nbr,cosine,,frontal,all,age,linear_probe,0,3,17.265957,19.479044,True,zones,A,save/zones/frontal
SimCLR,SimCLR-nbr-cosine,nbr,cosine,,frontal,all,age,linear_probe,0,4,14.981818,18.874081,True,zones,A,save/zones/frontal
SimCLR,SimCLR-nbr-wasser,nbr,wasserstein,,frontal,all,age,linear_probe,0,0,23.1,20.518614,True,zones,A,save/zones/frontal
SimCLR,SimCLR-nbr-wasser,nbr,wasserstein,,frontal,all,age,linear_probe,0,1,7.809524,18.39126,True,zones,A,save/zones/frontal
SimCLR,SimCLR-nbr-wasser,nbr,wasserstein,,frontal,all,age,linear_probe,0,2,24.571428,22.54007,True,zones,A,save/zones/frontal
SimCLR,SimCLR-nbr-wasser,nbr,wasserstein,,frontal,all,age,linear_probe,0,3,17.265957,20.138077,True,zones,A,save/zones/frontal
SimCLR,SimCLR-nbr-wasser,nbr,wasserstein,,frontal,all,age,linear_probe,0,4,14.981818,19.899233,True,zones,A,save/zones/frontal
SimCLR,SimCLR-nbr-riemann,nbr,riemann,,frontal,all,age,linear_probe,0,0,23.1,19.477194,True,zones,A,save/zones/frontal
SimCLR,SimCLR-nbr-riemann,nbr,riemann,,frontal,all,age,linear_probe,0,1,7.809524,17.651884,True,zones,A,save/zones/frontal
SimCLR,SimCLR-nbr-riemann,nbr,riemann,,frontal,all,age,linear_probe,0,2,24.571428,21.434282,True,zones,A,save/zones/frontal
SimCLR,SimCLR-nbr-riemann,nbr,riemann,,frontal,all,age,linear_probe,0,3,17.265957,20.65897,True,zones,A,save/zones/frontal
SimCLR,SimCLR-nbr-riemann,nbr,riemann,,frontal,all,age,linear_probe,0,4,14.981818,18.708397,True,zones,A,save/zones/frontal
SimCLR,SimCLR-xsubj-cosine,xsubj,cosine,,frontal,all,age,linear_probe,0,0,23.1,20.322775,True,zones,A,save/zones/frontal
SimCLR,SimCLR-xsubj-cosine,xsubj,cosine,,frontal,all,age,linear_probe,0,1,7.809524,18.054316,True,zones,A,save/zones/frontal
SimCLR,SimCLR-xsubj-cosine,xsubj,cosine,,frontal,all,age,linear_probe,0,2,24.571428,21.48209,True,zones,A,save/zones/frontal
SimCLR,SimCLR-xsubj-cosine,xsubj,cosine,,frontal,all,age,linear_probe,0,3,17.265957,19.342314,True,zones,A,save/zones/frontal
SimCLR,SimCLR-xsubj-cosine,xsubj,cosine,,frontal,all,age,linear_probe,0,4,14.981818,19.032768,True,zones,A,save/zones/frontal
SimCLR,SimCLR-xsubj-wasser,xsubj,wasserstein,,frontal,all,age,linear_probe,0,0,23.1,21.074421,True,zones,A,save/zones/frontal
SimCLR,SimCLR-xsubj-wasser,xsubj,wasserstein,,frontal,all,age,linear_probe,0,1,7.809524,13.692169,True,zones,A,save/zones/frontal
SimCLR,SimCLR-xsubj-wasser,xsubj,wasserstein,,frontal,all,age,linear_probe,0,2,24.571428,21.81848,True,zones,A,save/zones/frontal
SimCLR,SimCLR-xsubj-wasser,xsubj,wasserstein,,frontal,all,age,linear_probe,0,3,17.265957,17.982241,True,zones,A,save/zones/frontal
SimCLR,SimCLR-xsubj-wasser,xsubj,wasserstein,,frontal,all,age,linear_probe,0,4,14.981818,17.936827,True,zones,A,save/zones/frontal
SimCLR,SimCLR-xsubj-riemann,xsubj,riemann,,frontal,all,age,linear_probe,0,0,23.1,19.815159,True,zones,A,save/zones/frontal
SimCLR,SimCLR-xsubj-riemann,xsubj,riemann,,frontal,all,age,linear_probe,0,1,7.809524,16.241255,True,zones,A,save/zones/frontal
SimCLR,SimCLR-xsubj-riemann,xsubj,riemann,,frontal,all,age,linear_probe,0,2,24.571428,22.269476,True,zones,A,save/zones/frontal
SimCLR,SimCLR-xsubj-riemann,xsubj,riemann,,frontal,all,age,linear_probe,0,3,17.265957,20.104689,True,zones,A,save/zones/frontal
SimCLR,SimCLR-xsubj-riemann,xsubj,riemann,,frontal,all,age,linear_probe,0,4,14.981818,19.371305,True,zones,A,save/zones/frontal
SimCLR,SimCLR-diffage-cosine,diffage,cosine,,frontal,all,age,linear_probe,0,0,23.1,19.396627,True,zones,A,save/zones/frontal
SimCLR,SimCLR-diffage-cosine,diffage,cosine,,frontal,all,age,linear_probe,0,1,7.809524,16.748835,True,zones,A,save/zones/frontal
SimCLR,SimCLR-diffage-cosine,diffage,cosine,,frontal,all,age,linear_probe,0,2,24.571428,20.644896,True,zones,A,save/zones/frontal
SimCLR,SimCLR-diffage-cosine,diffage,cosine,,frontal,all,age,linear_probe,0,3,17.265957,17.760485,True,zones,A,save/zones/frontal
SimCLR,SimCLR-diffage-cosine,diffage,cosine,,frontal,all,age,linear_probe,0,4,14.981818,17.440344,True,zones,A,save/zones/frontal
SimCLR,SimCLR-diffage-wasser,diffage,wasserstein,,frontal,all,age,linear_probe,0,0,23.1,19.747887,True,zones,A,save/zones/frontal
SimCLR,SimCLR-diffage-wasser,diffage,wasserstein,,frontal,all,age,linear_probe,0,1,7.809524,20.406889,True,zones,A,save/zones/frontal
SimCLR,SimCLR-diffage-wasser,diffage,wasserstein,,frontal,all,age,linear_probe,0,2,24.571428,19.087891,True,zones,A,save/zones/frontal
SimCLR,SimCLR-diffage-wasser,diffage,wasserstein,,frontal,all,age,linear_probe,0,3,17.265957,19.432413,True,zones,A,save/zones/frontal
SimCLR,SimCLR-diffage-wasser,diffage,wasserstein,,frontal,all,age,linear_probe,0,4,14.981818,19.407473,True,zones,A,save/zones/frontal
SimCLR,SimCLR-diffage-riemann,diffage,riemann,,frontal,all,age,linear_probe,0,0,23.1,20.78335,True,zones,A,save/zones/frontal
SimCLR,SimCLR-diffage-riemann,diffage,riemann,,frontal,all,age,linear_probe,0,1,7.809524,17.806675,True,zones,A,save/zones/frontal
SimCLR,SimCLR-diffage-riemann,diffage,riemann,,frontal,all,age,linear_probe,0,2,24.571428,20.645161,True,zones,A,save/zones/frontal
SimCLR,SimCLR-diffage-riemann,diffage,riemann,,frontal,all,age,linear_probe,0,3,17.265957,19.586288,True,zones,A,save/zones/frontal
SimCLR,SimCLR-diffage-riemann,diffage,riemann,,frontal,all,age,linear_probe,0,4,14.981818,19.653688,True,zones,A,save/zones/frontal
VAE,VAE,,,,frontal,all,age,linear_probe,0,0,23.1,18.834959,True,zones,A,save/zones/frontal
VAE,VAE,,,,frontal,all,age,linear_probe,0,1,7.809524,18.673887,True,zones,A,save/zones/frontal
VAE,VAE,,,,frontal,all,age,linear_probe,0,2,24.571428,18.972872,True,zones,A,save/zones/frontal
VAE,VAE,,,,frontal,all,age,linear_probe,0,3,17.265957,18.993101,True,zones,A,save/zones/frontal
VAE,VAE,,,,frontal,all,age,linear_probe,0,4,14.981818,18.819826,True,zones,A,save/zones/frontal
SimCLR,SimCLR,augment,,,frontal,all,age,fine_tuning,0,0,23.1,23.456038,True,zones,A,save/zones/frontal
SimCLR,SimCLR,augment,,,frontal,all,age,fine_tuning,0,1,7.809524,12.425066,True,zones,A,save/zones/frontal
SimCLR,SimCLR,augment,,,frontal,all,age,fine_tuning,0,2,24.571428,22.19079,True,zones,A,save/zones/frontal
SimCLR,SimCLR,augment,,,frontal,all,age,fine_tuning,0,3,17.265957,19.441965,True,zones,A,save/zones/frontal
SimCLR,SimCLR,augment,,,frontal,all,age,fine_tuning,0,4,14.981818,16.238747,True,zones,A,save/zones/frontal
SimCLR,SimCLR-nbr-cosine,nbr,cosine,,frontal,all,age,fine_tuning,0,0,23.1,22.909296,True,zones,A,save/zones/frontal
SimCLR,SimCLR-nbr-cosine,nbr,cosine,,frontal,all,age,fine_tuning,0,1,7.809524,11.704491,True,zones,A,save/zones/frontal
SimCLR,SimCLR-nbr-cosine,nbr,cosine,,frontal,all,age,fine_tuning,0,2,24.571428,21.004093,True,zones,A,save/zones/frontal
SimCLR,SimCLR-nbr-cosine,nbr,cosine,,frontal,all,age,fine_tuning,0,3,17.265957,17.161987,True,zones,A,save/zones/frontal
SimCLR,SimCLR-nbr-cosine,nbr,cosine,,frontal,all,age,fine_tuning,0,4,14.981818,14.303333,True,zones,A,save/zones/frontal
SimCLR,SimCLR-nbr-wasser,nbr,wasserstein,,frontal,all,age,fine_tuning,0,0,23.1,23.642235,True,zones,A,save/zones/frontal
SimCLR,SimCLR-nbr-wasser,nbr,wasserstein,,frontal,all,age,fine_tuning,0,1,7.809524,14.103763,True,zones,A,save/zones/frontal
SimCLR,SimCLR-nbr-wasser,nbr,wasserstein,,frontal,all,age,fine_tuning,0,2,24.571428,23.267256,True,zones,A,save/zones/frontal
SimCLR,SimCLR-nbr-wasser,nbr,wasserstein,,frontal,all,age,fine_tuning,0,3,17.265957,19.093494,True,zones,A,save/zones/frontal
SimCLR,SimCLR-nbr-wasser,nbr,wasserstein,,frontal,all,age,fine_tuning,0,4,14.981818,16.334198,True,zones,A,save/zones/frontal
SimCLR,SimCLR-nbr-riemann,nbr,riemann,,frontal,all,age,fine_tuning,0,0,23.1,24.70359,True,zones,A,save/zones/frontal
SimCLR,SimCLR-nbr-riemann,nbr,riemann,,frontal,all,age,fine_tuning,0,1,7.809524,15.299042,True,zones,A,save/zones/frontal
SimCLR,SimCLR-nbr-riemann,nbr,riemann,,frontal,all,age,fine_tuning,0,2,24.571428,23.507599,True,zones,A,save/zones/frontal
SimCLR,SimCLR-nbr-riemann,nbr,riemann,,frontal,all,age,fine_tuning,0,3,17.265957,19.875187,True,zones,A,save/zones/frontal
SimCLR,SimCLR-nbr-riemann,nbr,riemann,,frontal,all,age,fine_tuning,0,4,14.981818,17.31596,True,zones,A,save/zones/frontal
SimCLR,SimCLR-xsubj-cosine,xsubj,cosine,,frontal,all,age,fine_tuning,0,0,23.1,24.900452,True,zones,A,save/zones/frontal
SimCLR,SimCLR-xsubj-cosine,xsubj,cosine,,frontal,all,age,fine_tuning,0,1,7.809524,14.854562,True,zones,A,save/zones/frontal
SimCLR,SimCLR-xsubj-cosine,xsubj,cosine,,frontal,all,age,fine_tuning,0,2,24.571428,24.30167,True,zones,A,save/zones/frontal
SimCLR,SimCLR-xsubj-cosine,xsubj,cosine,,frontal,all,age,fine_tuning,0,3,17.265957,19.954243,True,zones,A,save/zones/frontal
SimCLR,SimCLR-xsubj-cosine,xsubj,cosine,,frontal,all,age,fine_tuning,0,4,14.981818,17.362036,True,zones,A,save/zones/frontal
SimCLR,SimCLR-xsubj-wasser,xsubj,wasserstein,,frontal,all,age,fine_tuning,0,0,23.1,23.753122,True,zones,A,save/zones/frontal
SimCLR,SimCLR-xsubj-wasser,xsubj,wasserstein,,frontal,all,age,fine_tuning,0,1,7.809524,13.420198,True,zones,A,save/zones/frontal
SimCLR,SimCLR-xsubj-wasser,xsubj,wasserstein,,frontal,all,age,fine_tuning,0,2,24.571428,21.561949,True,zones,A,save/zones/frontal
SimCLR,SimCLR-xsubj-wasser,xsubj,wasserstein,,frontal,all,age,fine_tuning,0,3,17.265957,17.778009,True,zones,A,save/zones/frontal
SimCLR,SimCLR-xsubj-wasser,xsubj,wasserstein,,frontal,all,age,fine_tuning,0,4,14.981818,15.689351,True,zones,A,save/zones/frontal
SimCLR,SimCLR-xsubj-riemann,xsubj,riemann,,frontal,all,age,fine_tuning,0,0,23.1,24.252954,True,zones,A,save/zones/frontal
SimCLR,SimCLR-xsubj-riemann,xsubj,riemann,,frontal,all,age,fine_tuning,0,1,7.809524,12.913099,True,zones,A,save/zones/frontal
SimCLR,SimCLR-xsubj-riemann,xsubj,riemann,,frontal,all,age,fine_tuning,0,2,24.571428,21.842346,True,zones,A,save/zones/frontal
SimCLR,SimCLR-xsubj-riemann,xsubj,riemann,,frontal,all,age,fine_tuning,0,3,17.265957,18.855921,True,zones,A,save/zones/frontal
SimCLR,SimCLR-xsubj-riemann,xsubj,riemann,,frontal,all,age,fine_tuning,0,4,14.981818,15.579645,True,zones,A,save/zones/frontal
SimCLR,SimCLR-diffage-cosine,diffage,cosine,,frontal,all,age,fine_tuning,0,0,23.1,21.798403,True,zones,A,save/zones/frontal
SimCLR,SimCLR-diffage-cosine,diffage,cosine,,frontal,all,age,fine_tuning,0,1,7.809524,15.101335,True,zones,A,save/zones/frontal
SimCLR,SimCLR-diffage-cosine,diffage,cosine,,frontal,all,age,fine_tuning,0,2,24.571428,22.773611,True,zones,A,save/zones/frontal
SimCLR,SimCLR-diffage-cosine,diffage,cosine,,frontal,all,age,fine_tuning,0,3,17.265957,19.216345,True,zones,A,save/zones/frontal
SimCLR,SimCLR-diffage-cosine,diffage,cosine,,frontal,all,age,fine_tuning,0,4,14.981818,16.623823,True,zones,A,save/zones/frontal
SimCLR,SimCLR-diffage-wasser,diffage,wasserstein,,frontal,all,age,fine_tuning,0,0,23.1,24.585964,True,zones,A,save/zones/frontal
SimCLR,SimCLR-diffage-wasser,diffage,wasserstein,,frontal,all,age,fine_tuning,0,1,7.809524,14.514531,True,zones,A,save/zones/frontal
SimCLR,SimCLR-diffage-wasser,diffage,wasserstein,,frontal,all,age,fine_tuning,0,2,24.571428,23.833744,True,zones,A,save/zones/frontal
SimCLR,SimCLR-diffage-wasser,diffage,wasserstein,,frontal,all,age,fine_tuning,0,3,17.265957,19.51656,True,zones,A,save/zones/frontal
SimCLR,SimCLR-diffage-wasser,diffage,wasserstein,,frontal,all,age,fine_tuning,0,4,14.981818,16.106094,True,zones,A,save/zones/frontal
SimCLR,SimCLR-diffage-riemann,diffage,riemann,,frontal,all,age,fine_tuning,0,0,23.1,22.185526,True,zones,A,save/zones/frontal
SimCLR,SimCLR-diffage-riemann,diffage,riemann,,frontal,all,age,fine_tuning,0,1,7.809524,14.595769,True,zones,A,save/zones/frontal
SimCLR,SimCLR-diffage-riemann,diffage,riemann,,frontal,all,age,fine_tuning,0,2,24.571428,20.834387,True,zones,A,save/zones/frontal
SimCLR,SimCLR-diffage-riemann,diffage,riemann,,frontal,all,age,fine_tuning,0,3,17.265957,17.903452,True,zones,A,save/zones/frontal
SimCLR,SimCLR-diffage-riemann,diffage,riemann,,frontal,all,age,fine_tuning,0,4,14.981818,14.680667,True,zones,A,save/zones/frontal
VAE,VAE,,,,frontal,all,age,fine_tuning,0,0,23.1,23.964769,True,zones,A,save/zones/frontal
VAE,VAE,,,,frontal,all,age,fine_tuning,0,1,7.809524,13.614771,True,zones,A,save/zones/frontal
VAE,VAE,,,,frontal,all,age,fine_tuning,0,2,24.571428,22.699352,True,zones,A,save/zones/frontal
VAE,VAE,,,,frontal,all,age,fine_tuning,0,3,17.265957,19.028666,True,zones,A,save/zones/frontal
VAE,VAE,,,,frontal,all,age,fine_tuning,0,4,14.981818,16.048672,True,zones,A,save/zones/frontal
SimCLR,SimCLR,augment,,,frontal,all,age,linear_probe,1,0,22.484848,17.948017,True,zones,A,save/zones/frontal
SimCLR,SimCLR,augment,,,frontal,all,age,linear_probe,1,1,23.361702,19.756857,True,zones,A,save/zones/frontal
SimCLR,SimCLR,augment,,,frontal,all,age,linear_probe,1,2,8.131579,21.027452,True,zones,A,save/zones/frontal
SimCLR,SimCLR,augment,,,frontal,all,age,linear_probe,1,3,24.431654,20.091757,True,zones,A,save/zones/frontal
SimCLR,SimCLR,augment,,,frontal,all,age,linear_probe,1,4,10.466666,16.132008,True,zones,A,save/zones/frontal
SimCLR,SimCLR-nbr-cosine,nbr,cosine,,frontal,all,age,linear_probe,1,0,22.484848,24.776016,True,zones,A,save/zones/frontal
SimCLR,SimCLR-nbr-cosine,nbr,cosine,,frontal,all,age,linear_probe,1,1,23.361702,17.09166,True,zones,A,save/zones/frontal
SimCLR,SimCLR-nbr-cosine,nbr,cosine,,frontal,all,age,linear_probe,1,2,8.131579,19.318811,True,zones,A,save/zones/frontal
SimCLR,SimCLR-nbr-cosine,nbr,cosine,,frontal,all,age,linear_probe,1,3,24.431654,22.360458,True,zones,A,save/zones/frontal
SimCLR,SimCLR-nbr-cosine,nbr,cosine,,frontal,all,age,linear_probe,1,4,10.466666,15.68889,True,zones,A,save/zones/frontal
SimCLR,SimCLR-nbr-wasser,nbr,wasserstein,,frontal,all,age,linear_probe,1,0,22.484848,23.959093,True,zones,A,save/zones/frontal
SimCLR,SimCLR-nbr-wasser,nbr,wasserstein,,frontal,all,age,linear_probe,1,1,23.361702,17.977314,True,zones,A,save/zones/frontal
SimCLR,SimCLR-nbr-wasser,nbr,wasserstein,,frontal,all,age,linear_probe,1,2,8.131579,19.903585,True,zones,A,save/zones/frontal
SimCLR,SimCLR-nbr-wasser,nbr,wasserstein,,frontal,all,age,linear_probe,1,3,24.431654,22.591454,True,zones,A,save/zones/frontal
SimCLR,SimCLR-nbr-wasser,nbr,wasserstein,,frontal,all,age,linear_probe,1,4,10.466666,15.246181,True,zones,A,save/zones/frontal
SimCLR,SimCLR-nbr-riemann,nbr,riemann,,frontal,all,age,linear_probe,1,0,22.484848,24.302967,True,zones,A,save/zones/frontal
SimCLR,SimCLR-nbr-riemann,nbr,riemann,,frontal,all,age,linear_probe,1,1,23.361702,18.551247,True,zones,A,save/zones/frontal
SimCLR,SimCLR-nbr-riemann,nbr,riemann,,frontal,all,age,linear_probe,1,2,8.131579,19.158625,True,zones,A,save/zones/frontal
SimCLR,SimCLR-nbr-riemann,nbr,riemann,,frontal,all,age,linear_probe,1,3,24.431654,21.814564,True,zones,A,save/zones/frontal
SimCLR,SimCLR-nbr-riemann,nbr,riemann,,frontal,all,age,linear_probe,1,4,10.466666,16.41074,True,zones,A,save/zones/frontal
SimCLR,SimCLR-xsubj-cosine,xsubj,cosine,,frontal,all,age,linear_probe,1,0,22.484848,23.721483,True,zones,A,save/zones/frontal
SimCLR,SimCLR-xsubj-cosine,xsubj,cosine,,frontal,all,age,linear_probe,1,1,23.361702,17.559275,True,zones,A,save/zones/frontal
SimCLR,SimCLR-xsubj-cosine,xsubj,cosine,,frontal,all,age,linear_probe,1,2,8.131579,16.02639,True,zones,A,save/zones/frontal
SimCLR,SimCLR-xsubj-cosine,xsubj,cosine,,frontal,all,age,linear_probe,1,3,24.431654,23.203621,True,zones,A,save/zones/frontal
SimCLR,SimCLR-xsubj-cosine,xsubj,cosine,,frontal,all,age,linear_probe,1,4,10.466666,14.929073,True,zones,A,save/zones/frontal
SimCLR,SimCLR-xsubj-wasser,xsubj,wasserstein,,frontal,all,age,linear_probe,1,0,22.484848,23.539392,True,zones,A,save/zones/frontal
SimCLR,SimCLR-xsubj-wasser,xsubj,wasserstein,,frontal,all,age,linear_probe,1,1,23.361702,17.615801,True,zones,A,save/zones/frontal
SimCLR,SimCLR-xsubj-wasser,xsubj,wasserstein,,frontal,all,age,linear_probe,1,2,8.131579,15.619802,True,zones,A,save/zones/frontal
SimCLR,SimCLR-xsubj-wasser,xsubj,wasserstein,,frontal,all,age,linear_probe,1,3,24.431654,23.213467,True,zones,A,save/zones/frontal
SimCLR,SimCLR-xsubj-wasser,xsubj,wasserstein,,frontal,all,age,linear_probe,1,4,10.466666,16.788738,True,zones,A,save/zones/frontal
SimCLR,SimCLR-xsubj-riemann,xsubj,riemann,,frontal,all,age,linear_probe,1,0,22.484848,23.053972,True,zones,A,save/zones/frontal
SimCLR,SimCLR-xsubj-riemann,xsubj,riemann,,frontal,all,age,linear_probe,1,1,23.361702,19.396812,True,zones,A,save/zones/frontal
SimCLR,SimCLR-xsubj-riemann,xsubj,riemann,,frontal,all,age,linear_probe,1,2,8.131579,19.330763,True,zones,A,save/zones/frontal
SimCLR,SimCLR-xsubj-riemann,xsubj,riemann,,frontal,all,age,linear_probe,1,3,24.431654,20.770658,True,zones,A,save/zones/frontal
SimCLR,SimCLR-xsubj-riemann,xsubj,riemann,,frontal,all,age,linear_probe,1,4,10.466666,13.944514,True,zones,A,save/zones/frontal
SimCLR,SimCLR-diffage-cosine,diffage,cosine,,frontal,all,age,linear_probe,1,0,22.484848,20.285999,True,zones,A,save/zones/frontal
SimCLR,SimCLR-diffage-cosine,diffage,cosine,,frontal,all,age,linear_probe,1,1,23.361702,20.180397,True,zones,A,save/zones/frontal
SimCLR,SimCLR-diffage-cosine,diffage,cosine,,frontal,all,age,linear_probe,1,2,8.131579,22.636389,True,zones,A,save/zones/frontal
SimCLR,SimCLR-diffage-cosine,diffage,cosine,,frontal,all,age,linear_probe,1,3,24.431654,20.218561,True,zones,A,save/zones/frontal
SimCLR,SimCLR-diffage-cosine,diffage,cosine,,frontal,all,age,linear_probe,1,4,10.466666,16.874006,True,zones,A,save/zones/frontal
SimCLR,SimCLR-diffage-wasser,diffage,wasserstein,,frontal,all,age,linear_probe,1,0,22.484848,20.258326,True,zones,A,save/zones/frontal
SimCLR,SimCLR-diffage-wasser,diffage,wasserstein,,frontal,all,age,linear_probe,1,1,23.361702,20.212471,True,zones,A,save/zones/frontal
SimCLR,SimCLR-diffage-wasser,diffage,wasserstein,,frontal,all,age,linear_probe,1,2,8.131579,20.611721,True,zones,A,save/zones/frontal
SimCLR,SimCLR-diffage-wasser,diffage,wasserstein,,frontal,all,age,linear_probe,1,3,24.431654,20.74865,True,zones,A,save/zones/frontal
SimCLR,SimCLR-diffage-wasser,diffage,wasserstein,,frontal,all,age,linear_probe,1,4,10.466666,16.548273,True,zones,A,save/zones/frontal
SimCLR,SimCLR-diffage-riemann,diffage,riemann,,frontal,all,age,linear_probe,1,0,22.484848,19.471062,True,zones,A,save/zones/frontal
SimCLR,SimCLR-diffage-riemann,diffage,riemann,,frontal,all,age,linear_probe,1,1,23.361702,16.529993,True,zones,A,save/zones/frontal
SimCLR,SimCLR-diffage-riemann,diffage,riemann,,frontal,all,age,linear_probe,1,2,8.131579,24.714825,True,zones,A,save/zones/frontal
SimCLR,SimCLR-diffage-riemann,diffage,riemann,,frontal,all,age,linear_probe,1,3,24.431654,20.003141,True,zones,A,save/zones/frontal
SimCLR,SimCLR-diffage-riemann,diffage,riemann,,frontal,all,age,linear_probe,1,4,10.466666,15.206013,True,zones,A,save/zones/frontal
VAE,VAE,,,,frontal,all,age,linear_probe,1,0,22.484848,18.88171,True,zones,A,save/zones/frontal
VAE,VAE,,,,frontal,all,age,linear_probe,1,1,23.361702,18.66387,True,zones,A,save/zones/frontal
VAE,VAE,,,,frontal,all,age,linear_probe,1,2,8.131579,18.775642,True,zones,A,save/zones/frontal
VAE,VAE,,,,frontal,all,age,linear_probe,1,3,24.431654,18.913332,True,zones,A,save/zones/frontal
VAE,VAE,,,,frontal,all,age,linear_probe,1,4,10.466666,18.882355,True,zones,A,save/zones/frontal
SimCLR,SimCLR,augment,,,frontal,all,age,fine_tuning,1,0,22.484848,22.365492,True,zones,A,save/zones/frontal
SimCLR,SimCLR,augment,,,frontal,all,age,fine_tuning,1,1,23.361702,20.484074,True,zones,A,save/zones/frontal
SimCLR,SimCLR,augment,,,frontal,all,age,fine_tuning,1,2,8.131579,10.54087,True,zones,A,save/zones/frontal
SimCLR,SimCLR,augment,,,frontal,all,age,fine_tuning,1,3,24.431654,22.785484,True,zones,A,save/zones/frontal
SimCLR,SimCLR,augment,,,frontal,all,age,fine_tuning,1,4,10.466666,10.582198,True,zones,A,save/zones/frontal
SimCLR,SimCLR-nbr-cosine,nbr,cosine,,frontal,all,age,fine_tuning,1,0,22.484848,22.284237,True,zones,A,save/zones/frontal
SimCLR,SimCLR-nbr-cosine,nbr,cosine,,frontal,all,age,fine_tuning,1,1,23.361702,20.889624,True,zones,A,save/zones/frontal
SimCLR,SimCLR-nbr-cosine,nbr,cosine,,frontal,all,age,fine_tuning,1,2,8.131579,9.146621,True,zones,A,save/zones/frontal
SimCLR,SimCLR-nbr-cosine,nbr,cosine,,frontal,all,age,fine_tuning,1,3,24.431654,23.073769,True,zones,A,save/zones/frontal
SimCLR,SimCLR-nbr-cosine,nbr,cosine,,frontal,all,age,fine_tuning,1,4,10.466666,11.043836,True,zones,A,save/zones/frontal
SimCLR,SimCLR-nbr-wasser,nbr,wasserstein,,frontal,all,age,fine_tuning,1,0,22.484848,23.052145,True,zones,A,save/zones/frontal
SimCLR,SimCLR-nbr-wasser,nbr,wasserstein,,frontal,all,age,fine_tuning,1,1,23.361702,22.080912,True,zones,A,save/zones/frontal
SimCLR,SimCLR-nbr-wasser,nbr,wasserstein,,frontal,all,age,fine_tuning,1,2,8.131579,12.018106,True,zones,A,save/zones/frontal
SimCLR,SimCLR-nbr-wasser,nbr,wasserstein,,frontal,all,age,fine_tuning,1,3,24.431654,23.538591,True,zones,A,save/zones/frontal
SimCLR,SimCLR-nbr-wasser,nbr,wasserstein,,frontal,all,age,fine_tuning,1,4,10.466666,10.624087,True,zones,A,save/zones/frontal
SimCLR,SimCLR-nbr-riemann,nbr,riemann,,frontal,all,age,fine_tuning,1,0,22.484848,22.189833,True,zones,A,save/zones/frontal
SimCLR,SimCLR-nbr-riemann,nbr,riemann,,frontal,all,age,fine_tuning,1,1,23.361702,20.420355,True,zones,A,save/zones/frontal
SimCLR,SimCLR-nbr-riemann,nbr,riemann,,frontal,all,age,fine_tuning,1,2,8.131579,9.153422,True,zones,A,save/zones/frontal
SimCLR,SimCLR-nbr-riemann,nbr,riemann,,frontal,all,age,fine_tuning,1,3,24.431654,22.404615,True,zones,A,save/zones/frontal
SimCLR,SimCLR-nbr-riemann,nbr,riemann,,frontal,all,age,fine_tuning,1,4,10.466666,10.195806,True,zones,A,save/zones/frontal
SimCLR,SimCLR-xsubj-cosine,xsubj,cosine,,frontal,all,age,fine_tuning,1,0,22.484848,22.929342,True,zones,A,save/zones/frontal
SimCLR,SimCLR-xsubj-cosine,xsubj,cosine,,frontal,all,age,fine_tuning,1,1,23.361702,23.342937,True,zones,A,save/zones/frontal
SimCLR,SimCLR-xsubj-cosine,xsubj,cosine,,frontal,all,age,fine_tuning,1,2,8.131579,12.002179,True,zones,A,save/zones/frontal
SimCLR,SimCLR-xsubj-cosine,xsubj,cosine,,frontal,all,age,fine_tuning,1,3,24.431654,23.766401,True,zones,A,save/zones/frontal
SimCLR,SimCLR-xsubj-cosine,xsubj,cosine,,frontal,all,age,fine_tuning,1,4,10.466666,11.194192,True,zones,A,save/zones/frontal
SimCLR,SimCLR-xsubj-wasser,xsubj,wasserstein,,frontal,all,age,fine_tuning,1,0,22.484848,23.150223,True,zones,A,save/zones/frontal
SimCLR,SimCLR-xsubj-wasser,xsubj,wasserstein,,frontal,all,age,fine_tuning,1,1,23.361702,23.963329,True,zones,A,save/zones/frontal
SimCLR,SimCLR-xsubj-wasser,xsubj,wasserstein,,frontal,all,age,fine_tuning,1,2,8.131579,11.906105,True,zones,A,save/zones/frontal
SimCLR,SimCLR-xsubj-wasser,xsubj,wasserstein,,frontal,all,age,fine_tuning,1,3,24.431654,24.151823,True,zones,A,save/zones/frontal
SimCLR,SimCLR-xsubj-wasser,xsubj,wasserstein,,frontal,all,age,fine_tuning,1,4,10.466666,9.762607,True,zones,A,save/zones/frontal
SimCLR,SimCLR-xsubj-riemann,xsubj,riemann,,frontal,all,age,fine_tuning,1,0,22.484848,22.913305,True,zones,A,save/zones/frontal
SimCLR,SimCLR-xsubj-riemann,xsubj,riemann,,frontal,all,age,fine_tuning,1,1,23.361702,22.467604,True,zones,A,save/zones/frontal
SimCLR,SimCLR-xsubj-riemann,xsubj,riemann,,frontal,all,age,fine_tuning,1,2,8.131579,10.387074,True,zones,A,save/zones/frontal
SimCLR,SimCLR-xsubj-riemann,xsubj,riemann,,frontal,all,age,fine_tuning,1,3,24.431654,22.803417,True,zones,A,save/zones/frontal
SimCLR,SimCLR-xsubj-riemann,xsubj,riemann,,frontal,all,age,fine_tuning,1,4,10.466666,9.499414,True,zones,A,save/zones/frontal
SimCLR,SimCLR-diffage-cosine,diffage,cosine,,frontal,all,age,fine_tuning,1,0,22.484848,23.652893,True,zones,A,save/zones/frontal
SimCLR,SimCLR-diffage-cosine,diffage,cosine,,frontal,all,age,fine_tuning,1,1,23.361702,21.03017,True,zones,A,save/zones/frontal
SimCLR,SimCLR-diffage-cosine,diffage,cosine,,frontal,all,age,fine_tuning,1,2,8.131579,10.114288,True,zones,A,save/zones/frontal
SimCLR,SimCLR-diffage-cosine,diffage,cosine,,frontal,all,age,fine_tuning,1,3,24.431654,24.186298,True,zones,A,save/zones/frontal
SimCLR,SimCLR-diffage-cosine,diffage,cosine,,frontal,all,age,fine_tuning,1,4,10.466666,11.939989,True,zones,A,save/zones/frontal
SimCLR,SimCLR-diffage-wasser,diffage,wasserstein,,frontal,all,age,fine_tuning,1,0,22.484848,23.135042,True,zones,A,save/zones/frontal
SimCLR,SimCLR-diffage-wasser,diffage,wasserstein,,frontal,all,age,fine_tuning,1,1,23.361702,16.275539,True,zones,A,save/zones/frontal
SimCLR,SimCLR-diffage-wasser,diffage,wasserstein,,frontal,all,age,fine_tuning,1,2,8.131579,11.832031,True,zones,A,save/zones/frontal
SimCLR,SimCLR-diffage-wasser,diffage,wasserstein,,frontal,all,age,fine_tuning,1,3,24.431654,23.152557,True,zones,A,save/zones/frontal
SimCLR,SimCLR-diffage-wasser,diffage,wasserstein,,frontal,all,age,fine_tuning,1,4,10.466666,11.762653,True,zones,A,save/zones/frontal
SimCLR,SimCLR-diffage-riemann,diffage,riemann,,frontal,all,age,fine_tuning,1,0,22.484848,23.321308,True,zones,A,save/zones/frontal
SimCLR,SimCLR-diffage-riemann,diffage,riemann,,frontal,all,age,fine_tuning,1,1,23.361702,22.187042,True,zones,A,save/zones/frontal
SimCLR,SimCLR-diffage-riemann,diffage,riemann,,frontal,all,age,fine_tuning,1,2,8.131579,13.469962,True,zones,A,save/zones/frontal
SimCLR,SimCLR-diffage-riemann,diffage,riemann,,frontal,all,age,fine_tuning,1,3,24.431654,24.944317,True,zones,A,save/zones/frontal
SimCLR,SimCLR-diffage-riemann,diffage,riemann,,frontal,all,age,fine_tuning,1,4,10.466666,13.805085,True,zones,A,save/zones/frontal
VAE,VAE,,,,frontal,all,age,fine_tuning,1,0,22.484848,22.376621,True,zones,A,save/zones/frontal
VAE,VAE,,,,frontal,all,age,fine_tuning,1,1,23.361702,21.235689,True,zones,A,save/zones/frontal
VAE,VAE,,,,frontal,all,age,fine_tuning,1,2,8.131579,9.520514,True,zones,A,save/zones/frontal
VAE,VAE,,,,frontal,all,age,fine_tuning,1,3,24.431654,22.983437,True,zones,A,save/zones/frontal
VAE,VAE,,,,frontal,all,age,fine_tuning,1,4,10.466666,9.94018,True,zones,A,save/zones/frontal
SimCLR,SimCLR,augment,,,frontal,all,age,linear_probe,2,0,13.857142,19.27894,True,zones,A,save/zones/frontal
SimCLR,SimCLR,augment,,,frontal,all,age,linear_probe,2,1,16.74074,20.759712,True,zones,A,save/zones/frontal
SimCLR,SimCLR,augment,,,frontal,all,age,linear_probe,2,2,27.48,22.041431,True,zones,A,save/zones/frontal
SimCLR,SimCLR,augment,,,frontal,all,age,linear_probe,2,3,17.288889,19.717014,True,zones,A,save/zones/frontal
SimCLR,SimCLR,augment,,,frontal,all,age,linear_probe,2,4,36.0,18.304338,True,zones,A,save/zones/frontal
SimCLR,SimCLR-nbr-cosine,nbr,cosine,,frontal,all,age,linear_probe,2,0,13.857142,9.308006,True,zones,A,save/zones/frontal
SimCLR,SimCLR-nbr-cosine,nbr,cosine,,frontal,all,age,linear_probe,2,1,16.74074,18.416189,True,zones,A,save/zones/frontal
SimCLR,SimCLR-nbr-cosine,nbr,cosine,,frontal,all,age,linear_probe,2,2,27.48,26.058546,True,zones,A,save/zones/frontal
SimCLR,SimCLR-nbr-cosine,nbr,cosine,,frontal,all,age,linear_probe,2,3,17.288889,24.30265,True,zones,A,save/zones/frontal
SimCLR,SimCLR-nbr-cosine,nbr,cosine,,frontal,all,age,linear_probe,2,4,36.0,25.933254,True,zones,A,save/zones/frontal
SimCLR,SimCLR-nbr-wasser,nbr,wasserstein,,frontal,all,age,linear_probe,2,0,13.857142,9.606009,True,zones,A,save/zones/frontal
SimCLR,SimCLR-nbr-wasser,nbr,wasserstein,,frontal,all,age,linear_probe,2,1,16.74074,18.755396,True,zones,A,save/zones/frontal
SimCLR,SimCLR-nbr-wasser,nbr,wasserstein,,frontal,all,age,linear_probe,2,2,27.48,25.2185,True,zones,A,save/zones/frontal
SimCLR,SimCLR-nbr-wasser,nbr,wasserstein,,frontal,all,age,linear_probe,2,3,17.288889,23.785715,True,zones,A,save/zones/frontal
SimCLR,SimCLR-nbr-wasser,nbr,wasserstein,,frontal,all,age,linear_probe,2,4,36.0,23.594707,True,zones,A,save/zones/frontal
SimCLR,SimCLR-nbr-riemann,nbr,riemann,,frontal,all,age,linear_probe,2,0,13.857142,9.439435,True,zones,A,save/zones/frontal
SimCLR,SimCLR-nbr-riemann,nbr,riemann,,frontal,all,age,linear_probe,2,1,16.74074,18.652876,True,zones,A,save/zones/frontal
SimCLR,SimCLR-nbr-riemann,nbr,riemann,,frontal,all,age,linear_probe,2,2,27.48,24.865955,True,zones,A,save/zones/frontal
SimCLR,SimCLR-nbr-riemann,nbr,riemann,,frontal,all,age,linear_probe,2,3,17.288889,23.226978,True,zones,A,save/zones/frontal
SimCLR,SimCLR-nbr-riemann,nbr,riemann,,frontal,all,age,linear_probe,2,4,36.0,24.772635,True,zones,A,save/zones/frontal
SimCLR,SimCLR-xsubj-cosine,xsubj,cosine,,frontal,all,age,linear_probe,2,0,13.857142,9.294334,True,zones,A,save/zones/frontal
SimCLR,SimCLR-xsubj-cosine,xsubj,cosine,,frontal,all,age,linear_probe,2,1,16.74074,13.291365,True,zones,A,save/zones/frontal
SimCLR,SimCLR-xsubj-cosine,xsubj,cosine,,frontal,all,age,linear_probe,2,2,27.48,21.521824,True,zones,A,save/zones/frontal
SimCLR,SimCLR-xsubj-cosine,xsubj,cosine,,frontal,all,age,linear_probe,2,3,17.288889,21.676519,True,zones,A,save/zones/frontal
SimCLR,SimCLR-xsubj-cosine,xsubj,cosine,,frontal,all,age,linear_probe,2,4,36.0,27.01757,True,zones,A,save/zones/frontal
SimCLR,SimCLR-xsubj-wasser,xsubj,wasserstein,,frontal,all,age,linear_probe,2,0,13.857142,6.462378,True,zones,A,save/zones/frontal
SimCLR,SimCLR-xsubj-wasser,xsubj,wasserstein,,frontal,all,age,linear_probe,2,1,16.74074,13.932693,True,zones,A,save/zones/frontal
SimCLR,SimCLR-xsubj-wasser,xsubj,wasserstein,,frontal,all,age,linear_probe,2,2,27.48,23.229923,True,zones,A,save/zones/frontal
SimCLR,SimCLR-xsubj-wasser,xsubj,wasserstein,,frontal,all,age,linear_probe,2,3,17.288889,21.480898,True,zones,A,save/zones/frontal
SimCLR,SimCLR-xsubj-wasser,xsubj,wasserstein,,frontal,all,age,linear_probe,2,4,36.0,28.346498,True,zones,A,save/zones/frontal
SimCLR,SimCLR-xsubj-riemann,xsubj,riemann,,frontal,all,age,linear_probe,2,0,13.857142,10.161822,True,zones,A,save/zones/frontal
SimCLR,SimCLR-xsubj-riemann,xsubj,riemann,,frontal,all,age,linear_probe,2,1,16.74074,17.161873,True,zones,A,save/zones/frontal
SimCLR,SimCLR-xsubj-riemann,xsubj,riemann,,frontal,all,age,linear_probe,2,2,27.48,23.489336,True,zones,A,save/zones/frontal
SimCLR,SimCLR-xsubj-riemann,xsubj,riemann,,frontal,all,age,linear_probe,2,3,17.288889,21.887007,True,zones,A,save/zones/frontal
SimCLR,SimCLR-xsubj-riemann,xsubj,riemann,,frontal,all,age,linear_probe,2,4,36.0,23.243547,True,zones,A,save/zones/frontal
SimCLR,SimCLR-diffage-cosine,diffage,cosine,,frontal,all,age,linear_probe,2,0,13.857142,14.184627,True,zones,A,save/zones/frontal
SimCLR,SimCLR-diffage-cosine,diffage,cosine,,frontal,all,age,linear_probe,2,1,16.74074,17.083462,True,zones,A,save/zones/frontal
SimCLR,SimCLR-diffage-cosine,diffage,cosine,,frontal,all,age,linear_probe,2,2,27.48,18.246117,True,zones,A,save/zones/frontal
SimCLR,SimCLR-diffage-cosine,diffage,cosine,,frontal,all,age,linear_probe,2,3,17.288889,18.713987,True,zones,A,save/zones/frontal
SimCLR,SimCLR-diffage-cosine,diffage,cosine,,frontal,all,age,linear_probe,2,4,36.0,23.900936,True,zones,A,save/zones/frontal
SimCLR,SimCLR-diffage-wasser,diffage,wasserstein,,frontal,all,age,linear_probe,2,0,13.857142,10.697269,True,zones,A,save/zones/frontal
SimCLR,SimCLR-diffage-wasser,diffage,wasserstein,,frontal,all,age,linear_probe,2,1,16.74074,13.910194,True,zones,A,save/zones/frontal
SimCLR,SimCLR-diffage-wasser,diffage,wasserstein,,frontal,all,age,linear_probe,2,2,27.48,19.668669,True,zones,A,save/zones/frontal
SimCLR,SimCLR-diffage-wasser,diffage,wasserstein,,frontal,all,age,linear_probe,2,3,17.288889,18.385759,True,zones,A,save/zones/frontal
SimCLR,SimCLR-diffage-wasser,diffage,wasserstein,,frontal,all,age,linear_probe,2,4,36.0,24.690697,True,zones,A,save/zones/frontal
SimCLR,SimCLR-diffage-riemann,diffage,riemann,,frontal,all,age,linear_probe,2,0,13.857142,12.59525,True,zones,A,save/zones/frontal
SimCLR,SimCLR-diffage-riemann,diffage,riemann,,frontal,all,age,linear_probe,2,1,16.74074,18.668642,True,zones,A,save/zones/frontal
SimCLR,SimCLR-diffage-riemann,diffage,riemann,,frontal,all,age,linear_probe,2,2,27.48,22.790625,True,zones,A,save/zones/frontal
SimCLR,SimCLR-diffage-riemann,diffage,riemann,,frontal,all,age,linear_probe,2,3,17.288889,19.864052,True,zones,A,save/zones/frontal
SimCLR,SimCLR-diffage-riemann,diffage,riemann,,frontal,all,age,linear_probe,2,4,36.0,21.664497,True,zones,A,save/zones/frontal
VAE,VAE,,,,frontal,all,age,linear_probe,2,0,13.857142,18.740303,True,zones,A,save/zones/frontal
VAE,VAE,,,,frontal,all,age,linear_probe,2,1,16.74074,18.753672,True,zones,A,save/zones/frontal
VAE,VAE,,,,frontal,all,age,linear_probe,2,2,27.48,18.943998,True,zones,A,save/zones/frontal
VAE,VAE,,,,frontal,all,age,linear_probe,2,3,17.288889,18.957111,True,zones,A,save/zones/frontal
VAE,VAE,,,,frontal,all,age,linear_probe,2,4,36.0,18.989302,True,zones,A,save/zones/frontal
SimCLR,SimCLR,augment,,,frontal,all,age,fine_tuning,2,0,13.857142,11.345059,True,zones,A,save/zones/frontal
SimCLR,SimCLR,augment,,,frontal,all,age,fine_tuning,2,1,16.74074,13.716496,True,zones,A,save/zones/frontal
SimCLR,SimCLR,augment,,,frontal,all,age,fine_tuning,2,2,27.48,26.651575,True,zones,A,save/zones/frontal
SimCLR,SimCLR,augment,,,frontal,all,age,fine_tuning,2,3,17.288889,16.336357,True,zones,A,save/zones/frontal
SimCLR,SimCLR,augment,,,frontal,all,age,fine_tuning,2,4,36.0,35.9739,True,zones,A,save/zones/frontal
SimCLR,SimCLR-nbr-cosine,nbr,cosine,,frontal,all,age,fine_tuning,2,0,13.857142,8.663979,True,zones,A,save/zones/frontal
SimCLR,SimCLR-nbr-cosine,nbr,cosine,,frontal,all,age,fine_tuning,2,1,16.74074,13.120995,True,zones,A,save/zones/frontal
SimCLR,SimCLR-nbr-cosine,nbr,cosine,,frontal,all,age,fine_tuning,2,2,27.48,26.177891,True,zones,A,save/zones/frontal
SimCLR,SimCLR-nbr-cosine,nbr,cosine,,frontal,all,age,fine_tuning,2,3,17.288889,16.732656,True,zones,A,save/zones/frontal
SimCLR,SimCLR-nbr-cosine,nbr,cosine,,frontal,all,age,fine_tuning,2,4,36.0,35.492996,True,zones,A,save/zones/frontal
SimCLR,SimCLR-nbr-wasser,nbr,wasserstein,,frontal,all,age,fine_tuning,2,0,13.857142,7.880323,True,zones,A,save/zones/frontal
SimCLR,SimCLR-nbr-wasser,nbr,wasserstein,,frontal,all,age,fine_tuning,2,1,16.74074,13.190596,True,zones,A,save/zones/frontal
SimCLR,SimCLR-nbr-wasser,nbr,wasserstein,,frontal,all,age,fine_tuning,2,2,27.48,21.916109,True,zones,A,save/zones/frontal
SimCLR,SimCLR-nbr-wasser,nbr,wasserstein,,frontal,all,age,fine_tuning,2,3,17.288889,17.062674,True,zones,A,save/zones/frontal
SimCLR,SimCLR-nbr-wasser,nbr,wasserstein,,frontal,all,age,fine_tuning,2,4,36.0,33.293831,True,zones,A,save/zones/frontal
SimCLR,SimCLR-nbr-riemann,nbr,riemann,,frontal,all,age,fine_tuning,2,0,13.857142,8.722932,True,zones,A,save/zones/frontal
SimCLR,SimCLR-nbr-riemann,nbr,riemann,,frontal,all,age,fine_tuning,2,1,16.74074,14.043006,True,zones,A,save/zones/frontal
SimCLR,SimCLR-nbr-riemann,nbr,riemann,,frontal,all,age,fine_tuning,2,2,27.48,23.899004,True,zones,A,save/zones/frontal
SimCLR,SimCLR-nbr-riemann,nbr,riemann,,frontal,all,age,fine_tuning,2,3,17.288889,18.707666,True,zones,A,save/zones/frontal
SimCLR,SimCLR-nbr-riemann,nbr,riemann,,frontal,all,age,fine_tuning,2,4,36.0,34.463657,True,zones,A,save/zones/frontal
SimCLR,SimCLR-xsubj-cosine,xsubj,cosine,,frontal,all,age,fine_tuning,2,0,13.857142,10.807775,True,zones,A,save/zones/frontal
SimCLR,SimCLR-xsubj-cosine,xsubj,cosine,,frontal,all,age,fine_tuning,2,1,16.74074,13.124913,True,zones,A,save/zones/frontal
SimCLR,SimCLR-xsubj-cosine,xsubj,cosine,,frontal,all,age,fine_tuning,2,2,27.48,27.694263,True,zones,A,save/zones/frontal
SimCLR,SimCLR-xsubj-cosine,xsubj,cosine,,frontal,all,age,fine_tuning,2,3,17.288889,17.527363,True,zones,A,save/zones/frontal
SimCLR,SimCLR-xsubj-cosine,xsubj,cosine,,frontal,all,age,fine_tuning,2,4,36.0,35.765381,True,zones,A,save/zones/frontal
SimCLR,SimCLR-xsubj-wasser,xsubj,wasserstein,,frontal,all,age,fine_tuning,2,0,13.857142,10.717853,True,zones,A,save/zones/frontal
SimCLR,SimCLR-xsubj-wasser,xsubj,wasserstein,,frontal,all,age,fine_tuning,2,1,16.74074,16.251371,True,zones,A,save/zones/frontal
SimCLR,SimCLR-xsubj-wasser,xsubj,wasserstein,,frontal,all,age,fine_tuning,2,2,27.48,28.186638,True,zones,A,save/zones/frontal
SimCLR,SimCLR-xsubj-wasser,xsubj,wasserstein,,frontal,all,age,fine_tuning,2,3,17.288889,17.010464,True,zones,A,save/zones/frontal
SimCLR,SimCLR-xsubj-wasser,xsubj,wasserstein,,frontal,all,age,fine_tuning,2,4,36.0,36.15237,True,zones,A,save/zones/frontal
SimCLR,SimCLR-xsubj-riemann,xsubj,riemann,,frontal,all,age,fine_tuning,2,0,13.857142,11.020866,True,zones,A,save/zones/frontal
SimCLR,SimCLR-xsubj-riemann,xsubj,riemann,,frontal,all,age,fine_tuning,2,1,16.74074,15.19824,True,zones,A,save/zones/frontal
SimCLR,SimCLR-xsubj-riemann,xsubj,riemann,,frontal,all,age,fine_tuning,2,2,27.48,27.166508,True,zones,A,save/zones/frontal
SimCLR,SimCLR-xsubj-riemann,xsubj,riemann,,frontal,all,age,fine_tuning,2,3,17.288889,17.310038,True,zones,A,save/zones/frontal
SimCLR,SimCLR-xsubj-riemann,xsubj,riemann,,frontal,all,age,fine_tuning,2,4,36.0,32.59885,True,zones,A,save/zones/frontal
SimCLR,SimCLR-diffage-cosine,diffage,cosine,,frontal,all,age,fine_tuning,2,0,13.857142,12.329823,True,zones,A,save/zones/frontal
SimCLR,SimCLR-diffage-cosine,diffage,cosine,,frontal,all,age,fine_tuning,2,1,16.74074,14.703643,True,zones,A,save/zones/frontal
SimCLR,SimCLR-diffage-cosine,diffage,cosine,,frontal,all,age,fine_tuning,2,2,27.48,26.087488,True,zones,A,save/zones/frontal
SimCLR,SimCLR-diffage-cosine,diffage,cosine,,frontal,all,age,fine_tuning,2,3,17.288889,18.592655,True,zones,A,save/zones/frontal
SimCLR,SimCLR-diffage-cosine,diffage,cosine,,frontal,all,age,fine_tuning,2,4,36.0,36.123352,True,zones,A,save/zones/frontal
SimCLR,SimCLR-diffage-wasser,diffage,wasserstein,,frontal,all,age,fine_tuning,2,0,13.857142,11.720373,True,zones,A,save/zones/frontal
SimCLR,SimCLR-diffage-wasser,diffage,wasserstein,,frontal,all,age,fine_tuning,2,1,16.74074,13.781313,True,zones,A,save/zones/frontal
SimCLR,SimCLR-diffage-wasser,diffage,wasserstein,,frontal,all,age,fine_tuning,2,2,27.48,24.360323,True,zones,A,save/zones/frontal
SimCLR,SimCLR-diffage-wasser,diffage,wasserstein,,frontal,all,age,fine_tuning,2,3,17.288889,18.363802,True,zones,A,save/zones/frontal
SimCLR,SimCLR-diffage-wasser,diffage,wasserstein,,frontal,all,age,fine_tuning,2,4,36.0,31.470385,True,zones,A,save/zones/frontal
SimCLR,SimCLR-diffage-riemann,diffage,riemann,,frontal,all,age,fine_tuning,2,0,13.857142,10.140096,True,zones,A,save/zones/frontal
SimCLR,SimCLR-diffage-riemann,diffage,riemann,,frontal,all,age,fine_tuning,2,1,16.74074,12.352476,True,zones,A,save/zones/frontal
SimCLR,SimCLR-diffage-riemann,diffage,riemann,,frontal,all,age,fine_tuning,2,2,27.48,18.973206,True,zones,A,save/zones/frontal
SimCLR,SimCLR-diffage-riemann,diffage,riemann,,frontal,all,age,fine_tuning,2,3,17.288889,17.508362,True,zones,A,save/zones/frontal
SimCLR,SimCLR-diffage-riemann,diffage,riemann,,frontal,all,age,fine_tuning,2,4,36.0,33.213615,True,zones,A,save/zones/frontal
VAE,VAE,,,,frontal,all,age,fine_tuning,2,0,13.857142,10.968464,True,zones,A,save/zones/frontal
VAE,VAE,,,,frontal,all,age,fine_tuning,2,1,16.74074,15.677484,True,zones,A,save/zones/frontal
VAE,VAE,,,,frontal,all,age,fine_tuning,2,2,27.48,27.243856,True,zones,A,save/zones/frontal
VAE,VAE,,,,frontal,all,age,fine_tuning,2,3,17.288889,17.01228,True,zones,A,save/zones/frontal
VAE,VAE,,,,frontal,all,age,fine_tuning,2,4,36.0,32.308388,True,zones,A,save/zones/frontal
SimCLR,SimCLR,augment,,,frontal,all,age,linear_probe,3,0,20.033897,17.642002,True,zones,A,save/zones/frontal
SimCLR,SimCLR,augment,,,frontal,all,age,linear_probe,3,1,10.086957,21.721094,True,zones,A,save/zones/frontal
SimCLR,SimCLR,augment,,,frontal,all,age,linear_probe,3,2,12.6,17.09305,True,zones,A,save/zones/frontal
SimCLR,SimCLR,augment,,,frontal,all,age,linear_probe,3,3,13.517241,19.23378,True,zones,A,save/zones/frontal
SimCLR,SimCLR,augment,,,frontal,all,age,linear_probe,3,4,25.104347,16.284744,True,zones,A,save/zones/frontal
SimCLR,SimCLR-nbr-cosine,nbr,cosine,,frontal,all,age,linear_probe,3,0,20.033897,18.962465,True,zones,A,save/zones/frontal
SimCLR,SimCLR-nbr-cosine,nbr,cosine,,frontal,all,age,linear_probe,3,1,10.086957,14.584863,True,zones,A,save/zones/frontal
SimCLR,SimCLR-nbr-cosine,nbr,cosine,,frontal,all,age,linear_probe,3,2,12.6,18.169441,True,zones,A,save/zones/frontal
SimCLR,SimCLR-nbr-cosine,nbr,cosine,,frontal,all,age,linear_probe,3,3,13.517241,19.210526,True,zones,A,save/zones/frontal
SimCLR,SimCLR-nbr-cosine,nbr,cosine,,frontal,all,age,linear_probe,3,4,25.104347,21.009872,True,zones,A,save/zones/frontal
SimCLR,SimCLR-nbr-wasser,nbr,wasserstein,,frontal,all,age,linear_probe,3,0,20.033897,19.370281,True,zones,A,save/zones/frontal
SimCLR,SimCLR-nbr-wasser,nbr,wasserstein,,frontal,all,age,linear_probe,3,1,10.086957,13.982249,True,zones,A,save/zones/frontal
SimCLR,SimCLR-nbr-wasser,nbr,wasserstein,,frontal,all,age,linear_probe,3,2,12.6,17.424627,True,zones,A,save/zones/frontal
SimCLR,SimCLR-nbr-wasser,nbr,wasserstein,,frontal,all,age,linear_probe,3,3,13.517241,20.652559,True,zones,A,save/zones/frontal
SimCLR,SimCLR-nbr-wasser,nbr,wasserstein,,frontal,all,age,linear_probe,3,4,25.104347,21.534544,True,zones,A,save/zones/frontal
SimCLR,SimCLR-nbr-riemann,nbr,riemann,,frontal,all,age,linear_probe,3,0,20.033897,18.792185,True,zones,A,save/zones/frontal
SimCLR,SimCLR-nbr-riemann,nbr,riemann,,frontal,all,age,linear_probe,3,1,10.086957,12.630745,True,zones,A,save/zones/frontal
SimCLR,SimCLR-nbr-riemann,nbr,riemann,,frontal,all,age,linear_probe,3,2,12.6,19.722031,True,zones,A,save/zones/frontal
SimCLR,SimCLR-nbr-riemann,nbr,riemann,,frontal,all,age,linear_probe,3,3,13.517241,19.318569,True,zones,A,save/zones/frontal
SimCLR,SimCLR-nbr-riemann,nbr,riemann,,frontal,all,age,linear_probe,3,4,25.104347,20.327059,True,zones,A,save/zones/frontal
SimCLR,SimCLR-xsubj-cosine,xsubj,cosine,,frontal,all,age,linear_probe,3,0,20.033897,20.177824,True,zones,A,save/zones/frontal
SimCLR,SimCLR-xsubj-cosine,xsubj,cosine,,frontal,all,age,linear_probe,3,1,10.086957,13.505282,True,zones,A,save/zones/frontal
SimCLR,SimCLR-xsubj-cosine,xsubj,cosine,,frontal,all,age,linear_probe,3,2,12.6,19.078077,True,zones,A,save/zones/frontal
SimCLR,SimCLR-xsubj-cosine,xsubj,cosine,,frontal,all,age,linear_probe,3,3,13.517241,18.297775,True,zones,A,save/zones/frontal
SimCLR,SimCLR-xsubj-cosine,xsubj,cosine,,frontal,all,age,linear_probe,3,4,25.104347,21.4799,True,zones,A,save/zones/frontal
SimCLR,SimCLR-xsubj-wasser,xsubj,wasserstein,,frontal,all,age,linear_probe,3,0,20.033897,20.368116,True,zones,A,save/zones/frontal
SimCLR,SimCLR-xsubj-wasser,xsubj,wasserstein,,frontal,all,age,linear_probe,3,1,10.086957,12.983594,True,zones,A,save/zones/frontal
SimCLR,SimCLR-xsubj-wasser,xsubj,wasserstein,,frontal,all,age,linear_probe,3,2,12.6,16.292604,True,zones,A,save/zones/frontal
SimCLR,SimCLR-xsubj-wasser,xsubj,wasserstein,,frontal,all,age,linear_probe,3,3,13.517241,18.364412,True,zones,A,save/zones/frontal
SimCLR,SimCLR-xsubj-wasser,xsubj,wasserstein,,frontal,all,age,linear_probe,3,4,25.104347,21.368853,True,zones,A,save/zones/frontal
SimCLR,SimCLR-xsubj-riemann,xsubj,riemann,,frontal,all,age,linear_probe,3,0,20.033897,18.185789,True,zones,A,save/zones/frontal
SimCLR,SimCLR-xsubj-riemann,xsubj,riemann,,frontal,all,age,linear_probe,3,1,10.086957,12.277283,True,zones,A,save/zones/frontal
SimCLR,SimCLR-xsubj-riemann,xsubj,riemann,,frontal,all,age,linear_probe,3,2,12.6,17.7124,True,zones,A,save/zones/frontal
SimCLR,SimCLR-xsubj-riemann,xsubj,riemann,,frontal,all,age,linear_probe,3,3,13.517241,19.196026,True,zones,A,save/zones/frontal
SimCLR,SimCLR-xsubj-riemann,xsubj,riemann,,frontal,all,age,linear_probe,3,4,25.104347,21.209579,True,zones,A,save/zones/frontal
SimCLR,SimCLR-diffage-cosine,diffage,cosine,,frontal,all,age,linear_probe,3,0,20.033897,18.388336,True,zones,A,save/zones/frontal
SimCLR,SimCLR-diffage-cosine,diffage,cosine,,frontal,all,age,linear_probe,3,1,10.086957,15.790944,True,zones,A,save/zones/frontal
SimCLR,SimCLR-diffage-cosine,diffage,cosine,,frontal,all,age,linear_probe,3,2,12.6,19.946678,True,zones,A,save/zones/frontal
SimCLR,SimCLR-diffage-cosine,diffage,cosine,,frontal,all,age,linear_probe,3,3,13.517241,19.477514,True,zones,A,save/zones/frontal
SimCLR,SimCLR-diffage-cosine,diffage,cosine,,frontal,all,age,linear_probe,3,4,25.104347,17.818033,True,zones,A,save/zones/frontal
SimCLR,SimCLR-diffage-wasser,diffage,wasserstein,,frontal,all,age,linear_probe,3,0,20.033897,20.504335,True,zones,A,save/zones/frontal
SimCLR,SimCLR-diffage-wasser,diffage,wasserstein,,frontal,all,age,linear_probe,3,1,10.086957,15.757917,True,zones,A,save/zones/frontal
SimCLR,SimCLR-diffage-wasser,diffage,wasserstein,,frontal,all,age,linear_probe,3,2,12.6,19.587513,True,zones,A,save/zones/frontal
SimCLR,SimCLR-diffage-wasser,diffage,wasserstein,,frontal,all,age,linear_probe,3,3,13.517241,17.375538,True,zones,A,save/zones/frontal
SimCLR,SimCLR-diffage-wasser,diffage,wasserstein,,frontal,all,age,linear_probe,3,4,25.104347,19.275236,True,zones,A,save/zones/frontal
SimCLR,SimCLR-diffage-riemann,diffage,riemann,,frontal,all,age,linear_probe,3,0,20.033897,19.67487,True,zones,A,save/zones/frontal
SimCLR,SimCLR-diffage-riemann,diffage,riemann,,frontal,all,age,linear_probe,3,1,10.086957,17.173393,True,zones,A,save/zones/frontal
SimCLR,SimCLR-diffage-riemann,diffage,riemann,,frontal,all,age,linear_probe,3,2,12.6,19.159573,True,zones,A,save/zones/frontal
SimCLR,SimCLR-diffage-riemann,diffage,riemann,,frontal,all,age,linear_probe,3,3,13.517241,18.248007,True,zones,A,save/zones/frontal
SimCLR,SimCLR-diffage-riemann,diffage,riemann,,frontal,all,age,linear_probe,3,4,25.104347,19.947849,True,zones,A,save/zones/frontal
VAE,VAE,,,,frontal,all,age,linear_probe,3,0,20.033897,18.961823,True,zones,A,save/zones/frontal
VAE,VAE,,,,frontal,all,age,linear_probe,3,1,10.086957,18.950766,True,zones,A,save/zones/frontal
VAE,VAE,,,,frontal,all,age,linear_probe,3,2,12.6,18.982162,True,zones,A,save/zones/frontal
VAE,VAE,,,,frontal,all,age,linear_probe,3,3,13.517241,18.963959,True,zones,A,save/zones/frontal
VAE,VAE,,,,frontal,all,age,linear_probe,3,4,25.104347,18.869009,True,zones,A,save/zones/frontal
SimCLR,SimCLR,augment,,,frontal,all,age,fine_tuning,3,0,20.033897,19.066528,True,zones,A,save/zones/frontal
SimCLR,SimCLR,augment,,,frontal,all,age,fine_tuning,3,1,10.086957,10.966459,True,zones,A,save/zones/frontal
SimCLR,SimCLR,augment,,,frontal,all,age,fine_tuning,3,2,12.6,17.274778,True,zones,A,save/zones/frontal
SimCLR,SimCLR,augment,,,frontal,all,age,fine_tuning,3,3,13.517241,16.350649,True,zones,A,save/zones/frontal
SimCLR,SimCLR,augment,,,frontal,all,age,fine_tuning,3,4,25.104347,24.054531,True,zones,A,save/zones/frontal
SimCLR,SimCLR-nbr-cosine,nbr,cosine,,frontal,all,age,fine_tuning,3,0,20.033897,18.265263,True,zones,A,save/zones/frontal
SimCLR,SimCLR-nbr-cosine,nbr,cosine,,frontal,all,age,fine_tuning,3,1,10.086957,11.479658,True,zones,A,save/zones/frontal
SimCLR,SimCLR-nbr-cosine,nbr,cosine,,frontal,all,age,fine_tuning,3,2,12.6,14.736809,True,zones,A,save/zones/frontal
SimCLR,SimCLR-nbr-cosine,nbr,cosine,,frontal,all,age,fine_tuning,3,3,13.517241,15.72426,True,zones,A,save/zones/frontal
SimCLR,SimCLR-nbr-cosine,nbr,cosine,,frontal,all,age,fine_tuning,3,4,25.104347,23.449347,True,zones,A,save/zones/frontal
SimCLR,SimCLR-nbr-wasser,nbr,wasserstein,,frontal,all,age,fine_tuning,3,0,20.033897,18.650301,True,zones,A,save/zones/frontal
SimCLR,SimCLR-nbr-wasser,nbr,wasserstein,,frontal,all,age,fine_tuning,3,1,10.086957,10.039022,True,zones,A,save/zones/frontal
SimCLR,SimCLR-nbr-wasser,nbr,wasserstein,,frontal,all,age,fine_tuning,3,2,12.6,14.988299,True,zones,A,save/zones/frontal
SimCLR,SimCLR-nbr-wasser,nbr,wasserstein,,frontal,all,age,fine_tuning,3,3,13.517241,15.379769,True,zones,A,save/zones/frontal
SimCLR,SimCLR-nbr-wasser,nbr,wasserstein,,frontal,all,age,fine_tuning,3,4,25.104347,23.948502,True,zones,A,save/zones/frontal
SimCLR,SimCLR-nbr-riemann,nbr,riemann,,frontal,all,age,fine_tuning,3,0,20.033897,17.144964,True,zones,A,save/zones/frontal
SimCLR,SimCLR-nbr-riemann,nbr,riemann,,frontal,all,age,fine_tuning,3,1,10.086957,7.068939,True,zones,A,save/zones/frontal
SimCLR,SimCLR-nbr-riemann,nbr,riemann,,frontal,all,age,fine_tuning,3,2,12.6,10.945414,True,zones,A,save/zones/frontal
SimCLR,SimCLR-nbr-riemann,nbr,riemann,,frontal,all,age,fine_tuning,3,3,13.517241,12.770288,True,zones,A,save/zones/frontal
SimCLR,SimCLR-nbr-riemann,nbr,riemann,,frontal,all,age,fine_tuning,3,4,25.104347,22.526123,True,zones,A,save/zones/frontal
SimCLR,SimCLR-xsubj-cosine,xsubj,cosine,,frontal,all,age,fine_tuning,3,0,20.033897,17.986555,True,zones,A,save/zones/frontal
SimCLR,SimCLR-xsubj-cosine,xsubj,cosine,,frontal,all,age,fine_tuning,3,1,10.086957,9.733975,True,zones,A,save/zones/frontal
SimCLR,SimCLR-xsubj-cosine,xsubj,cosine,,frontal,all,age,fine_tuning,3,2,12.6,13.46664,True,zones,A,save/zones/frontal
SimCLR,SimCLR-xsubj-cosine,xsubj,cosine,,frontal,all,age,fine_tuning,3,3,13.517241,16.301758,True,zones,A,save/zones/frontal
SimCLR,SimCLR-xsubj-cosine,xsubj,cosine,,frontal,all,age,fine_tuning,3,4,25.104347,23.275251,True,zones,A,save/zones/frontal
SimCLR,SimCLR-xsubj-wasser,xsubj,wasserstein,,frontal,all,age,fine_tuning,3,0,20.033897,18.071901,True,zones,A,save/zones/frontal
SimCLR,SimCLR-xsubj-wasser,xsubj,wasserstein,,frontal,all,age,fine_tuning,3,1,10.086957,10.088229,True,zones,A,save/zones/frontal
SimCLR,SimCLR-xsubj-wasser,xsubj,wasserstein,,frontal,all,age,fine_tuning,3,2,12.6,13.981737,True,zones,A,save/zones/frontal
SimCLR,SimCLR-xsubj-wasser,xsubj,wasserstein,,frontal,all,age,fine_tuning,3,3,13.517241,16.746088,True,zones,A,save/zones/frontal
SimCLR,SimCLR-xsubj-wasser,xsubj,wasserstein,,frontal,all,age,fine_tuning,3,4,25.104347,23.96118,True,zones,A,save/zones/frontal
SimCLR,SimCLR-xsubj-riemann,xsubj,riemann,,frontal,all,age,fine_tuning,3,0,20.033897,19.692781,True,zones,A,save/zones/frontal
SimCLR,SimCLR-xsubj-riemann,xsubj,riemann,,frontal,all,age,fine_tuning,3,1,10.086957,11.476925,True,zones,A,save/zones/frontal
SimCLR,SimCLR-xsubj-riemann,xsubj,riemann,,frontal,all,age,fine_tuning,3,2,12.6,14.152953,True,zones,A,save/zones/frontal
SimCLR,SimCLR-xsubj-riemann,xsubj,riemann,,frontal,all,age,fine_tuning,3,3,13.517241,15.761681,True,zones,A,save/zones/frontal
SimCLR,SimCLR-xsubj-riemann,xsubj,riemann,,frontal,all,age,fine_tuning,3,4,25.104347,24.118696,True,zones,A,save/zones/frontal
SimCLR,SimCLR-diffage-cosine,diffage,cosine,,frontal,all,age,fine_tuning,3,0,20.033897,18.253456,True,zones,A,save/zones/frontal
SimCLR,SimCLR-diffage-cosine,diffage,cosine,,frontal,all,age,fine_tuning,3,1,10.086957,11.258507,True,zones,A,save/zones/frontal
SimCLR,SimCLR-diffage-cosine,diffage,cosine,,frontal,all,age,fine_tuning,3,2,12.6,16.481421,True,zones,A,save/zones/frontal
SimCLR,SimCLR-diffage-cosine,diffage,cosine,,frontal,all,age,fine_tuning,3,3,13.517241,15.39569,True,zones,A,save/zones/frontal
SimCLR,SimCLR-diffage-cosine,diffage,cosine,,frontal,all,age,fine_tuning,3,4,25.104347,22.675261,True,zones,A,save/zones/frontal
SimCLR,SimCLR-diffage-wasser,diffage,wasserstein,,frontal,all,age,fine_tuning,3,0,20.033897,18.775604,True,zones,A,save/zones/frontal
SimCLR,SimCLR-diffage-wasser,diffage,wasserstein,,frontal,all,age,fine_tuning,3,1,10.086957,11.1853,True,zones,A,save/zones/frontal
SimCLR,SimCLR-diffage-wasser,diffage,wasserstein,,frontal,all,age,fine_tuning,3,2,12.6,15.539953,True,zones,A,save/zones/frontal
SimCLR,SimCLR-diffage-wasser,diffage,wasserstein,,frontal,all,age,fine_tuning,3,3,13.517241,16.931299,True,zones,A,save/zones/frontal
SimCLR,SimCLR-diffage-wasser,diffage,wasserstein,,frontal,all,age,fine_tuning,3,4,25.104347,24.071302,True,zones,A,save/zones/frontal
SimCLR,SimCLR-diffage-riemann,diffage,riemann,,frontal,all,age,fine_tuning,3,0,20.033897,19.577194,True,zones,A,save/zones/frontal
SimCLR,SimCLR-diffage-riemann,diffage,riemann,,frontal,all,age,fine_tuning,3,1,10.086957,10.961183,True,zones,A,save/zones/frontal
SimCLR,SimCLR-diffage-riemann,diffage,riemann,,frontal,all,age,fine_tuning,3,2,12.6,14.392503,True,zones,A,save/zones/frontal
SimCLR,SimCLR-diffage-riemann,diffage,riemann,,frontal,all,age,fine_tuning,3,3,13.517241,16.027946,True,zones,A,save/zones/frontal
SimCLR,SimCLR-diffage-riemann,diffage,riemann,,frontal,all,age,fine_tuning,3,4,25.104347,23.118916,True,zones,A,save/zones/frontal
VAE,VAE,,,,frontal,all,age,fine_tuning,3,0,20.033897,16.94252,True,zones,A,save/zones/frontal
VAE,VAE,,,,frontal,all,age,fine_tuning,3,1,10.086957,9.726039,True,zones,A,save/zones/frontal
VAE,VAE,,,,frontal,all,age,fine_tuning,3,2,12.6,11.614917,True,zones,A,save/zones/frontal
VAE,VAE,,,,frontal,all,age,fine_tuning,3,3,13.517241,15.221652,True,zones,A,save/zones/frontal
VAE,VAE,,,,frontal,all,age,fine_tuning,3,4,25.104347,23.033144,True,zones,A,save/zones/frontal
SimCLR,SimCLR,augment,,,frontal,all,age,linear_probe,4,0,12.185185,18.507788,True,zones,A,save/zones/frontal
SimCLR,SimCLR,augment,,,frontal,all,age,linear_probe,4,1,10.902439,18.020563,True,zones,A,save/zones/frontal
SimCLR,SimCLR,augment,,,frontal,all,age,linear_probe,4,2,7.125,17.973801,True,zones,A,save/zones/frontal
SimCLR,SimCLR,augment,,,frontal,all,age,linear_probe,4,3,31.799999,20.114609,True,zones,A,save/zones/frontal
SimCLR,SimCLR,augment,,,frontal,all,age,linear_probe,4,4,10.609756,19.970238,True,zones,A,save/zones/frontal
SimCLR,SimCLR-nbr-cosine,nbr,cosine,,frontal,all,age,linear_probe,4,0,12.185185,7.305593,True,zones,A,save/zones/frontal
SimCLR,SimCLR-nbr-cosine,nbr,cosine,,frontal,all,age,linear_probe,4,1,10.902439,11.749642,True,zones,A,save/zones/frontal
SimCLR,SimCLR-nbr-cosine,nbr,cosine,,frontal,all,age,linear_probe,4,2,7.125,13.84829,True,zones,A,save/zones/frontal
SimCLR,SimCLR-nbr-cosine,nbr,cosine,,frontal,all,age,linear_probe,4,3,31.799999,24.320276,True,zones,A,save/zones/frontal
SimCLR,SimCLR-nbr-cosine,nbr,cosine,,frontal,all,age,linear_probe,4,4,10.609756,12.433534,True,zones,A,save/zones/frontal
SimCLR,SimCLR-nbr-wasser,nbr,wasserstein,,frontal,all,age,linear_probe,4,0,12.185185,8.841131,True,zones,A,save/zones/frontal
SimCLR,SimCLR-nbr-wasser,nbr,wasserstein,,frontal,all,age,linear_probe,4,1,10.902439,14.610221,True,zones,A,save/zones/frontal
SimCLR,SimCLR-nbr-wasser,nbr,wasserstein,,frontal,all,age,linear_probe,4,2,7.125,12.633571,True,zones,A,save/zones/frontal
SimCLR,SimCLR-nbr-wasser,nbr,wasserstein,,frontal,all,age,linear_probe,4,3,31.799999,25.534578,True,zones,A,save/zones/frontal
SimCLR,SimCLR-nbr-wasser,nbr,wasserstein,,frontal,all,age,linear_probe,4,4,10.609756,11.383475,True,zones,A,save/zones/frontal
SimCLR,SimCLR-nbr-riemann,nbr,riemann,,frontal,all,age,linear_probe,4,0,12.185185,7.373749,True,zones,A,save/zones/frontal
SimCLR,SimCLR-nbr-riemann,nbr,riemann,,frontal,all,age,linear_probe,4,1,10.902439,15.345311,True,zones,A,save/zones/frontal
SimCLR,SimCLR-nbr-riemann,nbr,riemann,,frontal,all,age,linear_probe,4,2,7.125,13.880411,True,zones,A,save/zones/frontal
SimCLR,SimCLR-nbr-riemann,nbr,riemann,,frontal,all,age,linear_probe,4,3,31.799999,24.680071,True,zones,A,save/zones/frontal
SimCLR,SimCLR-nbr-riemann,nbr,riemann,,frontal,all,age,linear_probe,4,4,10.609756,13.950715,True,zones,A,save/zones/frontal
SimCLR,SimCLR-xsubj-cosine,xsubj,cosine,,frontal,all,age,linear_probe,4,0,12.185185,7.623428,True,zones,A,save/zones/frontal
SimCLR,SimCLR-xsubj-cosine,xsubj,cosine,,frontal,all,age,linear_probe,4,1,10.902439,11.239511,True,zones,A,save/zones/frontal
SimCLR,SimCLR-xsubj-cosine,xsubj,cosine,,frontal,all,age,linear_probe,4,2,7.125,11.52914,True,zones,A,save/zones/frontal
SimCLR,SimCLR-xsubj-cosine,xsubj,cosine,,frontal,all,age,linear_probe,4,3,31.799999,25.396925,True,zones,A,save/zones/frontal
SimCLR,SimCLR-xsubj-cosine,xsubj,cosine,,frontal,all,age,linear_probe,4,4,10.609756,13.342675,True,zones,A,save/zones/frontal
SimCLR,SimCLR-xsubj-wasser,xsubj,wasserstein,,frontal,all,age,linear_probe,4,0,12.185185,8.125311,True,zones,A,save/zones/frontal
SimCLR,SimCLR-xsubj-wasser,xsubj,wasserstein,,frontal,all,age,linear_probe,4,1,10.902439,11.468696,True,zones,A,save/zones/frontal
SimCLR,SimCLR-xsubj-wasser,xsubj,wasserstein,,frontal,all,age,linear_probe,4,2,7.125,8.065857,True,zones,A,save/zones/frontal
SimCLR,SimCLR-xsubj-wasser,xsubj,wasserstein,,frontal,all,age,linear_probe,4,3,31.799999,27.892872,True,zones,A,save/zones/frontal
SimCLR,SimCLR-xsubj-wasser,xsubj,wasserstein,,frontal,all,age,linear_probe,4,4,10.609756,13.499674,True,zones,A,save/zones/frontal
SimCLR,SimCLR-xsubj-riemann,xsubj,riemann,,frontal,all,age,linear_probe,4,0,12.185185,8.660925,True,zones,A,save/zones/frontal
SimCLR,SimCLR-xsubj-riemann,xsubj,riemann,,frontal,all,age,linear_probe,4,1,10.902439,12.428617,True,zones,A,save/zones/frontal
SimCLR,SimCLR-xsubj-riemann,xsubj,riemann,,frontal,all,age,linear_probe,4,2,7.125,14.283895,True,zones,A,save/zones/frontal
SimCLR,SimCLR-xsubj-riemann,xsubj,riemann,,frontal,all,age,linear_probe,4,3,31.799999,25.175787,True,zones,A,save/zones/frontal
SimCLR,SimCLR-xsubj-riemann,xsubj,riemann,,frontal,all,age,linear_probe,4,4,10.609756,13.806426,True,zones,A,save/zones/frontal
SimCLR,SimCLR-diffage-cosine,diffage,cosine,,frontal,all,age,linear_probe,4,0,12.185185,15.624528,True,zones,A,save/zones/frontal
SimCLR,SimCLR-diffage-cosine,diffage,cosine,,frontal,all,age,linear_probe,4,1,10.902439,13.315316,True,zones,A,save/zones/frontal
SimCLR,SimCLR-diffage-cosine,diffage,cosine,,frontal,all,age,linear_probe,4,2,7.125,15.848589,True,zones,A,save/zones/frontal
SimCLR,SimCLR-diffage-cosine,diffage,cosine,,frontal,all,age,linear_probe,4,3,31.799999,20.779301,True,zones,A,save/zones/frontal
SimCLR,SimCLR-diffage-cosine,diffage,cosine,,frontal,all,age,linear_probe,4,4,10.609756,14.950935,True,zones,A,save/zones/frontal
SimCLR,SimCLR-diffage-wasser,diffage,wasserstein,,frontal,all,age,linear_probe,4,0,12.185185,13.973875,True,zones,A,save/zones/frontal
SimCLR,SimCLR-diffage-wasser,diffage,wasserstein,,frontal,all,age,linear_probe,4,1,10.902439,12.637093,True,zones,A,save/zones/frontal
SimCLR,SimCLR-diffage-wasser,diffage,wasserstein,,frontal,all,age,linear_probe,4,2,7.125,15.461298,True,zones,A,save/zones/frontal
SimCLR,SimCLR-diffage-wasser,diffage,wasserstein,,frontal,all,age,linear_probe,4,3,31.799999,22.585361,True,zones,A,save/zones/frontal
SimCLR,SimCLR-diffage-wasser,diffage,wasserstein,,frontal,all,age,linear_probe,4,4,10.609756,18.175165,True,zones,A,save/zones/frontal
SimCLR,SimCLR-diffage-riemann,diffage,riemann,,frontal,all,age,linear_probe,4,0,12.185185,13.941812,True,zones,A,save/zones/frontal
SimCLR,SimCLR-diffage-riemann,diffage,riemann,,frontal,all,age,linear_probe,4,1,10.902439,14.157495,True,zones,A,save/zones/frontal
SimCLR,SimCLR-diffage-riemann,diffage,riemann,,frontal,all,age,linear_probe,4,2,7.125,14.991479,True,zones,A,save/zones/frontal
SimCLR,SimCLR-diffage-riemann,diffage,riemann,,frontal,all,age,linear_probe,4,3,31.799999,21.554914,True,zones,A,save/zones/frontal
SimCLR,SimCLR-diffage-riemann,diffage,riemann,,frontal,all,age,linear_probe,4,4,10.609756,19.013777,True,zones,A,save/zones/frontal
VAE,VAE,,,,frontal,all,age,linear_probe,4,0,12.185185,18.824312,True,zones,A,save/zones/frontal
VAE,VAE,,,,frontal,all,age,linear_probe,4,1,10.902439,18.911346,True,zones,A,save/zones/frontal
VAE,VAE,,,,frontal,all,age,linear_probe,4,2,7.125,18.798569,True,zones,A,save/zones/frontal
VAE,VAE,,,,frontal,all,age,linear_probe,4,3,31.799999,19.258942,True,zones,A,save/zones/frontal
VAE,VAE,,,,frontal,all,age,linear_probe,4,4,10.609756,18.818586,True,zones,A,save/zones/frontal
SimCLR,SimCLR,augment,,,frontal,all,age,fine_tuning,4,0,12.185185,9.982702,True,zones,A,save/zones/frontal
SimCLR,SimCLR,augment,,,frontal,all,age,fine_tuning,4,1,10.902439,10.848241,True,zones,A,save/zones/frontal
SimCLR,SimCLR,augment,,,frontal,all,age,fine_tuning,4,2,7.125,10.100134,True,zones,A,save/zones/frontal
SimCLR,SimCLR,augment,,,frontal,all,age,fine_tuning,4,3,31.799999,32.219524,True,zones,A,save/zones/frontal
SimCLR,SimCLR,augment,,,frontal,all,age,fine_tuning,4,4,10.609756,12.014434,True,zones,A,save/zones/frontal
SimCLR,SimCLR-nbr-cosine,nbr,cosine,,frontal,all,age,fine_tuning,4,0,12.185185,9.614512,True,zones,A,save/zones/frontal
SimCLR,SimCLR-nbr-cosine,nbr,cosine,,frontal,all,age,fine_tuning,4,1,10.902439,11.89904,True,zones,A,save/zones/frontal
SimCLR,SimCLR-nbr-cosine,nbr,cosine,,frontal,all,age,fine_tuning,4,2,7.125,10.469187,True,zones,A,save/zones/frontal
SimCLR,SimCLR-nbr-cosine,nbr,cosine,,frontal,all,age,fine_tuning,4,3,31.799999,31.768694,True,zones,A,save/zones/frontal
SimCLR,SimCLR-nbr-cosine,nbr,cosine,,frontal,all,age,fine_tuning,4,4,10.609756,11.837342,True,zones,A,save/zones/frontal
SimCLR,SimCLR-nbr-wasser,nbr,wasserstein,,frontal,all,age,fine_tuning,4,0,12.185185,10.461896,True,zones,A,save/zones/frontal
SimCLR,SimCLR-nbr-wasser,nbr,wasserstein,,frontal,all,age,fine_tuning,4,1,10.902439,11.352694,True,zones,A,save/zones/frontal
SimCLR,SimCLR-nbr-wasser,nbr,wasserstein,,frontal,all,age,fine_tuning,4,2,7.125,8.414212,True,zones,A,save/zones/frontal
SimCLR,SimCLR-nbr-wasser,nbr,wasserstein,,frontal,all,age,fine_tuning,4,3,31.799999,31.923054,True,zones,A,save/zones/frontal
SimCLR,SimCLR-nbr-wasser,nbr,wasserstein,,frontal,all,age,fine_tuning,4,4,10.609756,11.943323,True,zones,A,save/zones/frontal
SimCLR,SimCLR-nbr-riemann,nbr,riemann,,frontal,all,age,fine_tuning,4,0,12.185185,9.624383,True,zones,A,save/zones/frontal
SimCLR,SimCLR-nbr-riemann,nbr,riemann,,frontal,all,age,fine_tuning,4,1,10.902439,11.895264,True,zones,A,save/zones/frontal
SimCLR,SimCLR-nbr-riemann,nbr,riemann,,frontal,all,age,fine_tuning,4,2,7.125,8.782161,True,zones,A,save/zones/frontal
SimCLR,SimCLR-nbr-riemann,nbr,riemann,,frontal,all,age,fine_tuning,4,3,31.799999,30.396963,True,zones,A,save/zones/frontal
SimCLR,SimCLR-nbr-riemann,nbr,riemann,,frontal,all,age,fine_tuning,4,4,10.609756,12.348212,True,zones,A,save/zones/frontal
SimCLR,SimCLR-xsubj-cosine,xsubj,cosine,,frontal,all,age,fine_tuning,4,0,12.185185,10.389168,True,zones,A,save/zones/frontal
SimCLR,SimCLR-xsubj-cosine,xsubj,cosine,,frontal,all,age,fine_tuning,4,1,10.902439,11.44096,True,zones,A,save/zones/frontal
SimCLR,SimCLR-xsubj-cosine,xsubj,cosine,,frontal,all,age,fine_tuning,4,2,7.125,9.223478,True,zones,A,save/zones/frontal
SimCLR,SimCLR-xsubj-cosine,xsubj,cosine,,frontal,all,age,fine_tuning,4,3,31.799999,32.181301,True,zones,A,save/zones/frontal
SimCLR,SimCLR-xsubj-cosine,xsubj,cosine,,frontal,all,age,fine_tuning,4,4,10.609756,12.215177,True,zones,A,save/zones/frontal
SimCLR,SimCLR-xsubj-wasser,xsubj,wasserstein,,frontal,all,age,fine_tuning,4,0,12.185185,11.886522,True,zones,A,save/zones/frontal
SimCLR,SimCLR-xsubj-wasser,xsubj,wasserstein,,frontal,all,age,fine_tuning,4,1,10.902439,13.337429,True,zones,A,save/zones/frontal
SimCLR,SimCLR-xsubj-wasser,xsubj,wasserstein,,frontal,all,age,fine_tuning,4,2,7.125,8.848317,True,zones,A,save/zones/frontal
SimCLR,SimCLR-xsubj-wasser,xsubj,wasserstein,,frontal,all,age,fine_tuning,4,3,31.799999,31.915827,True,zones,A,save/zones/frontal
SimCLR,SimCLR-xsubj-wasser,xsubj,wasserstein,,frontal,all,age,fine_tuning,4,4,10.609756,12.164051,True,zones,A,save/zones/frontal
SimCLR,SimCLR-xsubj-riemann,xsubj,riemann,,frontal,all,age,fine_tuning,4,0,12.185185,13.116525,True,zones,A,save/zones/frontal
SimCLR,SimCLR-xsubj-riemann,xsubj,riemann,,frontal,all,age,fine_tuning,4,1,10.902439,14.061029,True,zones,A,save/zones/frontal
SimCLR,SimCLR-xsubj-riemann,xsubj,riemann,,frontal,all,age,fine_tuning,4,2,7.125,12.154068,True,zones,A,save/zones/frontal
SimCLR,SimCLR-xsubj-riemann,xsubj,riemann,,frontal,all,age,fine_tuning,4,3,31.799999,33.026428,True,zones,A,save/zones/frontal
SimCLR,SimCLR-xsubj-riemann,xsubj,riemann,,frontal,all,age,fine_tuning,4,4,10.609756,14.625636,True,zones,A,save/zones/frontal
SimCLR,SimCLR-diffage-cosine,diffage,cosine,,frontal,all,age,fine_tuning,4,0,12.185185,8.48269,True,zones,A,save/zones/frontal
SimCLR,SimCLR-diffage-cosine,diffage,cosine,,frontal,all,age,fine_tuning,4,1,10.902439,11.845079,True,zones,A,save/zones/frontal
SimCLR,SimCLR-diffage-cosine,diffage,cosine,,frontal,all,age,fine_tuning,4,2,7.125,8.214163,True,zones,A,save/zones/frontal
SimCLR,SimCLR-diffage-cosine,diffage,cosine,,frontal,all,age,fine_tuning,4,3,31.799999,31.468164,True,zones,A,save/zones/frontal
SimCLR,SimCLR-diffage-cosine,diffage,cosine,,frontal,all,age,fine_tuning,4,4,10.609756,12.201552,True,zones,A,save/zones/frontal
SimCLR,SimCLR-diffage-wasser,diffage,wasserstein,,frontal,all,age,fine_tuning,4,0,12.185185,10.192826,True,zones,A,save/zones/frontal
SimCLR,SimCLR-diffage-wasser,diffage,wasserstein,,frontal,all,age,fine_tuning,4,1,10.902439,12.163154,True,zones,A,save/zones/frontal
SimCLR,SimCLR-diffage-wasser,diffage,wasserstein,,frontal,all,age,fine_tuning,4,2,7.125,9.320534,True,zones,A,save/zones/frontal
SimCLR,SimCLR-diffage-wasser,diffage,wasserstein,,frontal,all,age,fine_tuning,4,3,31.799999,31.22319,True,zones,A,save/zones/frontal
SimCLR,SimCLR-diffage-wasser,diffage,wasserstein,,frontal,all,age,fine_tuning,4,4,10.609756,11.615772,True,zones,A,save/zones/frontal
SimCLR,SimCLR-diffage-riemann,diffage,riemann,,frontal,all,age,fine_tuning,4,0,12.185185,11.184971,True,zones,A,save/zones/frontal
SimCLR,SimCLR-diffage-riemann,diffage,riemann,,frontal,all,age,fine_tuning,4,1,10.902439,11.304015,True,zones,A,save/zones/frontal
SimCLR,SimCLR-diffage-riemann,diffage,riemann,,frontal,all,age,fine_tuning,4,2,7.125,9.149078,True,zones,A,save/zones/frontal
SimCLR,SimCLR-diffage-riemann,diffage,riemann,,frontal,all,age,fine_tuning,4,3,31.799999,30.905268,True,zones,A,save/zones/frontal
SimCLR,SimCLR-diffage-riemann,diffage,riemann,,frontal,all,age,fine_tuning,4,4,10.609756,12.57826,True,zones,A,save/zones/frontal
VAE,VAE,,,,frontal,all,age,fine_tuning,4,0,12.185185,12.031751,True,zones,A,save/zones/frontal
VAE,VAE,,,,frontal,all,age,fine_tuning,4,1,10.902439,12.772477,True,zones,A,save/zones/frontal
VAE,VAE,,,,frontal,all,age,fine_tuning,4,2,7.125,9.99981,True,zones,A,save/zones/frontal
VAE,VAE,,,,frontal,all,age,fine_tuning,4,3,31.799999,33.25663,True,zones,A,save/zones/frontal
VAE,VAE,,,,frontal,all,age,fine_tuning,4,4,10.609756,13.618702,True,zones,A,save/zones/frontal
SimCLR,SimCLR,augment,,,frontal,all,age,linear_probe,5,0,21.299999,17.947874,True,zones,A,save/zones/frontal
SimCLR,SimCLR,augment,,,frontal,all,age,linear_probe,5,1,16.439024,16.702688,True,zones,A,save/zones/frontal
SimCLR,SimCLR,augment,,,frontal,all,age,linear_probe,5,2,14.341772,17.379032,True,zones,A,save/zones/frontal
SimCLR,SimCLR,augment,,,frontal,all,age,linear_probe,5,3,22.196079,19.722979,True,zones,A,save/zones/frontal
SimCLR,SimCLR-nbr-cosine,nbr,cosine,,frontal,all,age,linear_probe,5,0,21.299999,20.271299,True,zones,A,save/zones/frontal
SimCLR,SimCLR-nbr-cosine,nbr,cosine,,frontal,all,age,linear_probe,5,1,16.439024,17.91901,True,zones,A,save/zones/frontal
SimCLR,SimCLR-nbr-cosine,nbr,cosine,,frontal,all,age,linear_probe,5,2,14.341772,15.303868,True,zones,A,save/zones/frontal
SimCLR,SimCLR-nbr-cosine,nbr,cosine,,frontal,all,age,linear_probe,5,3,22.196079,23.605364,True,zones,A,save/zones/frontal
SimCLR,SimCLR-nbr-wasser,nbr,wasserstein,,frontal,all,age,linear_probe,5,0,21.299999,19.31534,True,zones,A,save/zones/frontal
SimCLR,SimCLR-nbr-wasser,nbr,wasserstein,,frontal,all,age,linear_probe,5,1,16.439024,18.66378,True,zones,A,save/zones/frontal
SimCLR,SimCLR-nbr-wasser,nbr,wasserstein,,frontal,all,age,linear_probe,5,2,14.341772,15.056508,True,zones,A,save/zones/frontal
SimCLR,SimCLR-nbr-wasser,nbr,wasserstein,,frontal,all,age,linear_probe,5,3,22.196079,23.362011,True,zones,A,save/zones/frontal
SimCLR,SimCLR-nbr-riemann,nbr,riemann,,frontal,all,age,linear_probe,5,0,21.299999,20.83218,True,zones,A,save/zones/frontal
SimCLR,SimCLR-nbr-riemann,nbr,riemann,,frontal,all,age,linear_probe,5,1,16.439024,16.839525,True,zones,A,save/zones/frontal
SimCLR,SimCLR-nbr-riemann,nbr,riemann,,frontal,all,age,linear_probe,5,2,14.341772,13.882456,True,zones,A,save/zones/frontal
SimCLR,SimCLR-nbr-riemann,nbr,riemann,,frontal,all,age,linear_probe,5,3,22.196079,21.805691,True,zones,A,save/zones/frontal
SimCLR,SimCLR-xsubj-cosine,xsubj,cosine,,frontal,all,age,linear_probe,5,0,21.299999,18.902317,True,zones,A,save/zones/frontal
SimCLR,SimCLR-xsubj-cosine,xsubj,cosine,,frontal,all,age,linear_probe,5,1,16.439024,20.217628,True,zones,A,save/zones/frontal
SimCLR,SimCLR-xsubj-cosine,xsubj,cosine,,frontal,all,age,linear_probe,5,2,14.341772,14.700997,True,zones,A,save/zones/frontal
SimCLR,SimCLR-xsubj-cosine,xsubj,cosine,,frontal,all,age,linear_probe,5,3,22.196079,25.676441,True,zones,A,save/zones/frontal
SimCLR,SimCLR-xsubj-wasser,xsubj,wasserstein,,frontal,all,age,linear_probe,5,0,21.299999,21.622459,True,zones,A,save/zones/frontal
SimCLR,SimCLR-xsubj-wasser,xsubj,wasserstein,,frontal,all,age,linear_probe,5,1,16.439024,19.440187,True,zones,A,save/zones/frontal
SimCLR,SimCLR-xsubj-wasser,xsubj,wasserstein,,frontal,all,age,linear_probe,5,2,14.341772,16.113832,True,zones,A,save/zones/frontal
SimCLR,SimCLR-xsubj-wasser,xsubj,wasserstein,,frontal,all,age,linear_probe,5,3,22.196079,25.095827,True,zones,A,save/zones/frontal
SimCLR,SimCLR-xsubj-riemann,xsubj,riemann,,frontal,all,age,linear_probe,5,0,21.299999,23.634453,True,zones,A,save/zones/frontal
SimCLR,SimCLR-xsubj-riemann,xsubj,riemann,,frontal,all,age,linear_probe,5,1,16.439024,17.194889,True,zones,A,save/zones/frontal
SimCLR,SimCLR-xsubj-riemann,xsubj,riemann,,frontal,all,age,linear_probe,5,2,14.341772,14.32149,True,zones,A,save/zones/frontal
SimCLR,SimCLR-xsubj-riemann,xsubj,riemann,,frontal,all,age,linear_probe,5,3,22.196079,21.564827,True,zones,A,save/zones/frontal
SimCLR,SimCLR-diffage-cosine,diffage,cosine,,frontal,all,age,linear_probe,5,0,21.299999,18.526186,True,zones,A,save/zones/frontal
SimCLR,SimCLR-diffage-cosine,diffage,cosine,,frontal,all,age,linear_probe,5,1,16.439024,16.370338,True,zones,A,save/zones/frontal
SimCLR,SimCLR-diffage-cosine,diffage,cosine,,frontal,all,age,linear_probe,5,2,14.341772,15.622642,True,zones,A,save/zones/frontal
SimCLR,SimCLR-diffage-cosine,diffage,cosine,,frontal,all,age,linear_probe,5,3,22.196079,20.185892,True,zones,A,save/zones/frontal
SimCLR,SimCLR-diffage-wasser,diffage,wasserstein,,frontal,all,age,linear_probe,5,0,21.299999,19.808483,True,zones,A,save/zones/frontal
SimCLR,SimCLR-diffage-wasser,diffage,wasserstein,,frontal,all,age,linear_probe,5,1,16.439024,19.619797,True,zones,A,save/zones/frontal
SimCLR,SimCLR-diffage-wasser,diffage,wasserstein,,frontal,all,age,linear_probe,5,2,14.341772,17.881979,True,zones,A,save/zones/frontal
SimCLR,SimCLR-diffage-wasser,diffage,wasserstein,,frontal,all,age,linear_probe,5,3,22.196079,23.077328,True,zones,A,save/zones/frontal
SimCLR,SimCLR-diffage-riemann,diffage,riemann,,frontal,all,age,linear_probe,5,0,21.299999,19.31658,True,zones,A,save/zones/frontal
SimCLR,SimCLR-diffage-riemann,diffage,riemann,,frontal,all,age,linear_probe,5,1,16.439024,14.853266,True,zones,A,save/zones/frontal
SimCLR,SimCLR-diffage-riemann,diffage,riemann,,frontal,all,age,linear_probe,5,2,14.341772,16.251762,True,zones,A,save/zones/frontal
SimCLR,SimCLR-diffage-riemann,diffage,riemann,,frontal,all,age,linear_probe,5,3,22.196079,17.942266,True,zones,A,save/zones/frontal
VAE,VAE,,,,frontal,all,age,linear_probe,5,0,21.299999,19.217382,True,zones,A,save/zones/frontal
VAE,VAE,,,,frontal,all,age,linear_probe,5,1,16.439024,19.504444,True,zones,A,save/zones/frontal
VAE,VAE,,,,frontal,all,age,linear_probe,5,2,14.341772,19.257469,True,zones,A,save/zones/frontal
VAE,VAE,,,,frontal,all,age,linear_probe,5,3,22.196079,19.482908,True,zones,A,save/zones/frontal
SimCLR,SimCLR,augment,,,frontal,all,age,fine_tuning,5,0,21.299999,24.897564,True,zones,A,save/zones/frontal
SimCLR,SimCLR,augment,,,frontal,all,age,fine_tuning,5,1,16.439024,19.593832,True,zones,A,save/zones/frontal
SimCLR,SimCLR,augment,,,frontal,all,age,fine_tuning,5,2,14.341772,17.147133,True,zones,A,save/zones/frontal
SimCLR,SimCLR,augment,,,frontal,all,age,fine_tuning,5,3,22.196079,26.180429,True,zones,A,save/zones/frontal
SimCLR,SimCLR-nbr-cosine,nbr,cosine,,frontal,all,age,fine_tuning,5,0,21.299999,23.281288,True,zones,A,save/zones/frontal
SimCLR,SimCLR-nbr-cosine,nbr,cosine,,frontal,all,age,fine_tuning,5,1,16.439024,17.340864,True,zones,A,save/zones/frontal
SimCLR,SimCLR-nbr-cosine,nbr,cosine,,frontal,all,age,fine_tuning,5,2,14.341772,15.367123,True,zones,A,save/zones/frontal
SimCLR,SimCLR-nbr-cosine,nbr,cosine,,frontal,all,age,fine_tuning,5,3,22.196079,24.801991,True,zones,A,save/zones/frontal
SimCLR,SimCLR-nbr-wasser,nbr,wasserstein,,frontal,all,age,fine_tuning,5,0,21.299999,24.07375,True,zones,A,save/zones/frontal
SimCLR,SimCLR-nbr-wasser,nbr,wasserstein,,frontal,all,age,fine_tuning,5,1,16.439024,17.937912,True,zones,A,save/zones/frontal
SimCLR,SimCLR-nbr-wasser,nbr,wasserstein,,frontal,all,age,fine_tuning,5,2,14.341772,17.139402,True,zones,A,save/zones/frontal
SimCLR,SimCLR-nbr-wasser,nbr,wasserstein,,frontal,all,age,fine_tuning,5,3,22.196079,25.137722,True,zones,A,save/zones/frontal
SimCLR,SimCLR-nbr-riemann,nbr,riemann,,frontal,all,age,fine_tuning,5,0,21.299999,23.588125,True,zones,A,save/zones/frontal
SimCLR,SimCLR-nbr-riemann,nbr,riemann,,frontal,all,age,fine_tuning,5,1,16.439024,17.958399,True,zones,A,save/zones/frontal
SimCLR,SimCLR-nbr-riemann,nbr,riemann,,frontal,all,age,fine_tuning,5,2,14.341772,16.0378,True,zones,A,save/zones/frontal
SimCLR,SimCLR-nbr-riemann,nbr,riemann,,frontal,all,age,fine_tuning,5,3,22.196079,24.278057,True,zones,A,save/zones/frontal
SimCLR,SimCLR-xsubj-cosine,xsubj,cosine,,frontal,all,age,fine_tuning,5,0,21.299999,24.560862,True,zones,A,save/zones/frontal
SimCLR,SimCLR-xsubj-cosine,xsubj,cosine,,frontal,all,age,fine_tuning,5,1,16.439024,18.835754,True,zones,A,save/zones/frontal
SimCLR,SimCLR-xsubj-cosine,xsubj,cosine,,frontal,all,age,fine_tuning,5,2,14.341772,17.312143,True,zones,A,save/zones/frontal
SimCLR,SimCLR-xsubj-cosine,xsubj,cosine,,frontal,all,age,fine_tuning,5,3,22.196079,25.605356,True,zones,A,save/zones/frontal
SimCLR,SimCLR-xsubj-wasser,xsubj,wasserstein,,frontal,all,age,fine_tuning,5,0,21.299999,22.983082,True,zones,A,save/zones/frontal
SimCLR,SimCLR-xsubj-wasser,xsubj,wasserstein,,frontal,all,age,fine_tuning,5,1,16.439024,18.423439,True,zones,A,save/zones/frontal
SimCLR,SimCLR-xsubj-wasser,xsubj,wasserstein,,frontal,all,age,fine_tuning,5,2,14.341772,16.434484,True,zones,A,save/zones/frontal
SimCLR,SimCLR-xsubj-wasser,xsubj,wasserstein,,frontal,all,age,fine_tuning,5,3,22.196079,25.479071,True,zones,A,save/zones/frontal
SimCLR,SimCLR-xsubj-riemann,xsubj,riemann,,frontal,all,age,fine_tuning,5,0,21.299999,23.019766,True,zones,A,save/zones/frontal
SimCLR,SimCLR-xsubj-riemann,xsubj,riemann,,frontal,all,age,fine_tuning,5,1,16.439024,19.059227,True,zones,A,save/zones/frontal
SimCLR,SimCLR-xsubj-riemann,xsubj,riemann,,frontal,all,age,fine_tuning,5,2,14.341772,16.319454,True,zones,A,save/zones/frontal
SimCLR,SimCLR-xsubj-riemann,xsubj,riemann,,frontal,all,age,fine_tuning,5,3,22.196079,24.328255,True,zones,A,save/zones/frontal
SimCLR,SimCLR-diffage-cosine,diffage,cosine,,frontal,all,age,fine_tuning,5,0,21.299999,23.753393,True,zones,A,save/zones/frontal
SimCLR,SimCLR-diffage-cosine,diffage,cosine,,frontal,all,age,fine_tuning,5,1,16.439024,17.830734,True,zones,A,save/zones/frontal
SimCLR,SimCLR-diffage-cosine,diffage,cosine,,frontal,all,age,fine_tuning,5,2,14.341772,16.894438,True,zones,A,save/zones/frontal
SimCLR,SimCLR-diffage-cosine,diffage,cosine,,frontal,all,age,fine_tuning,5,3,22.196079,24.055674,True,zones,A,save/zones/frontal
SimCLR,SimCLR-diffage-wasser,diffage,wasserstein,,frontal,all,age,fine_tuning,5,0,21.299999,25.213245,True,zones,A,save/zones/frontal
SimCLR,SimCLR-diffage-wasser,diffage,wasserstein,,frontal,all,age,fine_tuning,5,1,16.439024,19.351755,True,zones,A,save/zones/frontal
SimCLR,SimCLR-diffage-wasser,diffage,wasserstein,,frontal,all,age,fine_tuning,5,2,14.341772,17.030554,True,zones,A,save/zones/frontal
SimCLR,SimCLR-diffage-wasser,diffage,wasserstein,,frontal,all,age,fine_tuning,5,3,22.196079,24.555277,True,zones,A,save/zones/frontal
SimCLR,SimCLR-diffage-riemann,diffage,riemann,,frontal,all,age,fine_tuning,5,0,21.299999,22.717789,True,zones,A,save/zones/frontal
SimCLR,SimCLR-diffage-riemann,diffage,riemann,,frontal,all,age,fine_tuning,5,1,16.439024,16.428917,True,zones,A,save/zones/frontal
SimCLR,SimCLR-diffage-riemann,diffage,riemann,,frontal,all,age,fine_tuning,5,2,14.341772,15.56027,True,zones,A,save/zones/frontal
SimCLR,SimCLR-diffage-riemann,diffage,riemann,,frontal,all,age,fine_tuning,5,3,22.196079,22.523861,True,zones,A,save/zones/frontal
VAE,VAE,,,,frontal,all,age,fine_tuning,5,0,21.299999,24.503878,True,zones,A,save/zones/frontal
VAE,VAE,,,,frontal,all,age,fine_tuning,5,1,16.439024,19.628218,True,zones,A,save/zones/frontal
VAE,VAE,,,,frontal,all,age,fine_tuning,5,2,14.341772,17.507444,True,zones,A,save/zones/frontal
VAE,VAE,,,,frontal,all,age,fine_tuning,5,3,22.196079,25.396904,True,zones,A,save/zones/frontal
SimCLR,SimCLR,augment,,,frontal,all,age,linear_probe,6,0,23.77,19.342064,True,zones,A,save/zones/frontal
SimCLR,SimCLR,augment,,,frontal,all,age,linear_probe,6,1,10.272727,17.169592,True,zones,A,save/zones/frontal
SimCLR,SimCLR,augment,,,frontal,all,age,linear_probe,6,2,22.170732,20.107431,True,zones,A,save/zones/frontal
SimCLR,SimCLR,augment,,,frontal,all,age,linear_probe,6,3,11.014925,18.756203,True,zones,A,save/zones/frontal
SimCLR,SimCLR-nbr-cosine,nbr,cosine,,frontal,all,age,linear_probe,6,0,23.77,23.146128,True,zones,A,save/zones/frontal
SimCLR,SimCLR-nbr-cosine,nbr,cosine,,frontal,all,age,linear_probe,6,1,10.272727,9.959144,True,zones,A,save/zones/frontal
SimCLR,SimCLR-nbr-cosine,nbr,cosine,,frontal,all,age,linear_probe,6,2,22.170732,18.026861,True,zones,A,save/zones/frontal
SimCLR,SimCLR-nbr-cosine,nbr,cosine,,frontal,all,age,linear_probe,6,3,11.014925,9.414742,True,zones,A,save/zones/frontal
SimCLR,SimCLR-nbr-wasser,nbr,wasserstein,,frontal,all,age,linear_probe,6,0,23.77,24.190331,True,zones,A,save/zones/frontal
SimCLR,SimCLR-nbr-wasser,nbr,wasserstein,,frontal,all,age,linear_probe,6,1,10.272727,8.131951,True,zones,A,save/zones/frontal
SimCLR,SimCLR-nbr-wasser,nbr,wasserstein,,frontal,all,age,linear_probe,6,2,22.170732,17.21542,True,zones,A,save/zones/frontal
SimCLR,SimCLR-nbr-wasser,nbr,wasserstein,,frontal,all,age,linear_probe,6,3,11.014925,8.552521,True,zones,A,save/zones/frontal
SimCLR,SimCLR-nbr-riemann,nbr,riemann,,frontal,all,age,linear_probe,6,0,23.77,23.952173,True,zones,A,save/zones/frontal
SimCLR,SimCLR-nbr-riemann,nbr,riemann,,frontal,all,age,linear_probe,6,1,10.272727,7.23835,True,zones,A,save/zones/frontal
SimCLR,SimCLR-nbr-riemann,nbr,riemann,,frontal,all,age,linear_probe,6,2,22.170732,17.787748,True,zones,A,save/zones/frontal
SimCLR,SimCLR-nbr-riemann,nbr,riemann,,frontal,all,age,linear_probe,6,3,11.014925,9.664946,True,zones,A,save/zones/frontal
SimCLR,SimCLR-xsubj-cosine,xsubj,cosine,,frontal,all,age,linear_probe,6,0,23.77,22.936926,True,zones,A,save/zones/frontal
SimCLR,SimCLR-xsubj-cosine,xsubj,cosine,,frontal,all,age,linear_probe,6,1,10.272727,6.819953,True,zones,A,save/zones/frontal
SimCLR,SimCLR-xsubj-cosine,xsubj,cosine,,frontal,all,age,linear_probe,6,2,22.170732,17.312344,True,zones,A,save/zones/frontal
SimCLR,SimCLR-xsubj-cosine,xsubj,cosine,,frontal,all,age,linear_probe,6,3,11.014925,9.301847,True,zones,A,save/zones/frontal
SimCLR,SimCLR-xsubj-wasser,xsubj,wasserstein,,frontal,all,age,linear_probe,6,0,23.77,23.667549,True,zones,A,save/zones/frontal
SimCLR,SimCLR-xsubj-wasser,xsubj,wasserstein,,frontal,all,age,linear_probe,6,1,10.272727,10.024582,True,zones,A,save/zones/frontal
SimCLR,SimCLR-xsubj-wasser,xsubj,wasserstein,,frontal,all,age,linear_probe,6,2,22.170732,15.954266,True,zones,A,save/zones/frontal
SimCLR,SimCLR-xsubj-wasser,xsubj,wasserstein,,frontal,all,age,linear_probe,6,3,11.014925,9.482478,True,zones,A,save/zones/frontal
SimCLR,SimCLR-xsubj-riemann,xsubj,riemann,,frontal,all,age,linear_probe,6,0,23.77,24.643639,True,zones,A,save/zones/frontal
SimCLR,SimCLR-xsubj-riemann,xsubj,riemann,,frontal,all,age,linear_probe,6,1,10.272727,10.043725,True,zones,A,save/zones/frontal
SimCLR,SimCLR-xsubj-riemann,xsubj,riemann,,frontal,all,age,linear_probe,6,2,22.170732,17.124605,True,zones,A,save/zones/frontal
SimCLR,SimCLR-xsubj-riemann,xsubj,riemann,,frontal,all,age,linear_probe,6,3,11.014925,9.23198,True,zones,A,save/zones/frontal
SimCLR,SimCLR-diffage-cosine,diffage,cosine,,frontal,all,age,linear_probe,6,0,23.77,22.534578,True,zones,A,save/zones/frontal
SimCLR,SimCLR-diffage-cosine,diffage,cosine,,frontal,all,age,linear_probe,6,1,10.272727,19.188389,True,zones,A,save/zones/frontal
SimCLR,SimCLR-diffage-cosine,diffage,cosine,,frontal,all,age,linear_probe,6,2,22.170732,19.039551,True,zones,A,save/zones/frontal
SimCLR,SimCLR-diffage-cosine,diffage,cosine,,frontal,all,age,linear_probe,6,3,11.014925,13.707618,True,zones,A,save/zones/frontal
SimCLR,SimCLR-diffage-wasser,diffage,wasserstein,,frontal,all,age,linear_probe,6,0,23.77,24.856489,True,zones,A,save/zones/frontal
SimCLR,SimCLR-diffage-wasser,diffage,wasserstein,,frontal,all,age,linear_probe,6,1,10.272727,16.122641,True,zones,A,save/zones/frontal
SimCLR,SimCLR-diffage-wasser,diffage,wasserstein,,frontal,all,age,linear_probe,6,2,22.170732,19.604074,True,zones,A,save/zones/frontal
SimCLR,SimCLR-diffage-wasser,diffage,wasserstein,,frontal,all,age,linear_probe,6,3,11.014925,11.853511,True,zones,A,save/zones/frontal
SimCLR,SimCLR-diffage-riemann,diffage,riemann,,frontal,all,age,linear_probe,6,0,23.77,26.213711,True,zones,A,save/zones/frontal
SimCLR,SimCLR-diffage-riemann,diffage,riemann,,frontal,all,age,linear_probe,6,1,10.272727,16.383129,True,zones,A,save/zones/frontal
SimCLR,SimCLR-diffage-riemann,diffage,riemann,,frontal,all,age,linear_probe,6,2,22.170732,19.405067,True,zones,A,save/zones/frontal
SimCLR,SimCLR-diffage-riemann,diffage,riemann,,frontal,all,age,linear_probe,6,3,11.014925,13.247135,True,zones,A,save/zones/frontal
VAE,VAE,,,,frontal,all,age,linear_probe,6,0,23.77,18.859415,True,zones,A,save/zones/frontal
VAE,VAE,,,,frontal,all,age,linear_probe,6,1,10.272727,18.834717,True,zones,A,save/zones/frontal
VAE,VAE,,,,frontal,all,age,linear_probe,6,2,22.170732,18.89715,True,zones,A,save/zones/frontal
VAE,VAE,,,,frontal,all,age,linear_probe,6,3,11.014925,18.83754,True,zones,A,save/zones/frontal
SimCLR,SimCLR,augment,,,frontal,all,age,fine_tuning,6,0,23.77,25.392431,True,zones,A,save/zones/frontal
SimCLR,SimCLR,augment,,,frontal,all,age,fine_tuning,6,1,10.272727,9.245451,True,zones,A,save/zones/frontal
SimCLR,SimCLR,augment,,,frontal,all,age,fine_tuning,6,2,22.170732,20.856127,True,zones,A,save/zones/frontal
SimCLR,SimCLR,augment,,,frontal,all,age,fine_tuning,6,3,11.014925,9.482959,True,zones,A,save/zones/frontal
SimCLR,SimCLR-nbr-cosine,nbr,cosine,,frontal,all,age,fine_tuning,6,0,23.77,24.61059,True,zones,A,save/zones/frontal
SimCLR,SimCLR-nbr-cosine,nbr,cosine,,frontal,all,age,fine_tuning,6,1,10.272727,8.631188,True,zones,A,save/zones/frontal
SimCLR,SimCLR-nbr-cosine,nbr,cosine,,frontal,all,age,fine_tuning,6,2,22.170732,21.534801,True,zones,A,save/zones/frontal
SimCLR,SimCLR-nbr-cosine,nbr,cosine,,frontal,all,age,fine_tuning,6,3,11.014925,9.807546,True,zones,A,save/zones/frontal
SimCLR,SimCLR-nbr-wasser,nbr,wasserstein,,frontal,all,age,fine_tuning,6,0,23.77,24.563545,True,zones,A,save/zones/frontal
SimCLR,SimCLR-nbr-wasser,nbr,wasserstein,,frontal,all,age,fine_tuning,6,1,10.272727,7.945598,True,zones,A,save/zones/frontal
SimCLR,SimCLR-nbr-wasser,nbr,wasserstein,,frontal,all,age,fine_tuning,6,2,22.170732,20.698547,True,zones,A,save/zones/frontal
SimCLR,SimCLR-nbr-wasser,nbr,wasserstein,,frontal,all,age,fine_tuning,6,3,11.014925,8.044827,True,zones,A,save/zones/frontal
SimCLR,SimCLR-nbr-riemann,nbr,riemann,,frontal,all,age,fine_tuning,6,0,23.77,25.452852,True,zones,A,save/zones/frontal
SimCLR,SimCLR-nbr-riemann,nbr,riemann,,frontal,all,age,fine_tuning,6,1,10.272727,5.819873,True,zones,A,save/zones/frontal
SimCLR,SimCLR-nbr-riemann,nbr,riemann,,frontal,all,age,fine_tuning,6,2,22.170732,20.54347,True,zones,A,save/zones/frontal
SimCLR,SimCLR-nbr-riemann,nbr,riemann,,frontal,all,age,fine_tuning,6,3,11.014925,6.094532,True,zones,A,save/zones/frontal
SimCLR,SimCLR-xsubj-cosine,xsubj,cosine,,frontal,all,age,fine_tuning,6,0,23.77,24.713989,True,zones,A,save/zones/frontal
SimCLR,SimCLR-xsubj-cosine,xsubj,cosine,,frontal,all,age,fine_tuning,6,1,10.272727,9.826817,True,zones,A,save/zones/frontal
SimCLR,SimCLR-xsubj-cosine,xsubj,cosine,,frontal,all,age,fine_tuning,6,2,22.170732,22.118431,True,zones,A,save/zones/frontal
SimCLR,SimCLR-xsubj-cosine,xsubj,cosine,,frontal,all,age,fine_tuning,6,3,11.014925,10.683973,True,zones,A,save/zones/frontal
SimCLR,SimCLR-xsubj-wasser,xsubj,wasserstein,,frontal,all,age,fine_tuning,6,0,23.77,23.400902,True,zones,A,save/zones/frontal
SimCLR,SimCLR-xsubj-wasser,xsubj,wasserstein,,frontal,all,age,fine_tuning,6,1,10.272727,8.660872,True,zones,A,save/zones/frontal
SimCLR,SimCLR-xsubj-wasser,xsubj,wasserstein,,frontal,all,age,fine_tuning,6,2,22.170732,21.490042,True,zones,A,save/zones/frontal
SimCLR,SimCLR-xsubj-wasser,xsubj,wasserstein,,frontal,all,age,fine_tuning,6,3,11.014925,8.633009,True,zones,A,save/zones/frontal
SimCLR,SimCLR-xsubj-riemann,xsubj,riemann,,frontal,all,age,fine_tuning,6,0,23.77,25.121733,True,zones,A,save/zones/frontal
SimCLR,SimCLR-xsubj-riemann,xsubj,riemann,,frontal,all,age,fine_tuning,6,1,10.272727,9.710272,True,zones,A,save/zones/frontal
SimCLR,SimCLR-xsubj-riemann,xsubj,riemann,,frontal,all,age,fine_tuning,6,2,22.170732,21.833195,True,zones,A,save/zones/frontal
SimCLR,SimCLR-xsubj-riemann,xsubj,riemann,,frontal,all,age,fine_tuning,6,3,11.014925,10.827813,True,zones,A,save/zones/frontal
SimCLR,SimCLR-diffage-cosine,diffage,cosine,,frontal,all,age,fine_tuning,6,0,23.77,24.745405,True,zones,A,save/zones/frontal
SimCLR,SimCLR-diffage-cosine,diffage,cosine,,frontal,all,age,fine_tuning,6,1,10.272727,8.390613,True,zones,A,save/zones/frontal
SimCLR,SimCLR-diffage-cosine,diffage,cosine,,frontal,all,age,fine_tuning,6,2,22.170732,20.780571,True,zones,A,save/zones/frontal
SimCLR,SimCLR-diffage-cosine,diffage,cosine,,frontal,all,age,fine_tuning,6,3,11.014925,9.393971,True,zones,A,save/zones/frontal
SimCLR,SimCLR-diffage-wasser,diffage,wasserstein,,frontal,all,age,fine_tuning,6,0,23.77,25.753578,True,zones,A,save/zones/frontal
SimCLR,SimCLR-diffage-wasser,diffage,wasserstein,,frontal,all,age,fine_tuning,6,1,10.272727,9.105,True,zones,A,save/zones/frontal
SimCLR,SimCLR-diffage-wasser,diffage,wasserstein,,frontal,all,age,fine_tuning,6,2,22.170732,21.185282,True,zones,A,save/zones/frontal
SimCLR,SimCLR-diffage-wasser,diffage,wasserstein,,frontal,all,age,fine_tuning,6,3,11.014925,9.753528,True,zones,A,save/zones/frontal
SimCLR,SimCLR-diffage-riemann,diffage,riemann,,frontal,all,age,fine_tuning,6,0,23.77,26.754301,True,zones,A,save/zones/frontal
SimCLR,SimCLR-diffage-riemann,diffage,riemann,,frontal,all,age,fine_tuning,6,1,10.272727,9.753263,True,zones,A,save/zones/frontal
SimCLR,SimCLR-diffage-riemann,diffage,riemann,,frontal,all,age,fine_tuning,6,2,22.170732,22.167118,True,zones,A,save/zones/frontal
SimCLR,SimCLR-diffage-riemann,diffage,riemann,,frontal,all,age,fine_tuning,6,3,11.014925,10.185856,True,zones,A,save/zones/frontal
VAE,VAE,,,,frontal,all,age,fine_tuning,6,0,23.77,24.130505,True,zones,A,save/zones/frontal
VAE,VAE,,,,frontal,all,age,fine_tuning,6,1,10.272727,8.134552,True,zones,A,save/zones/frontal
VAE,VAE,,,,frontal,all,age,fine_tuning,6,2,22.170732,21.189571,True,zones,A,save/zones/frontal
VAE,VAE,,,,frontal,all,age,fine_tuning,6,3,11.014925,7.963721,True,zones,A,save/zones/frontal
SimCLR,SimCLR,augment,,,frontal,all,age,linear_probe,7,0,22.506172,19.834381,True,zones,A,save/zones/frontal
SimCLR,SimCLR,augment,,,frontal,all,age,linear_probe,7,1,18.200001,16.172512,True,zones,A,save/zones/frontal
SimCLR,SimCLR,augment,,,frontal,all,age,linear_probe,7,2,17.319635,18.778032,True,zones,A,save/zones/frontal
SimCLR,SimCLR,augment,,,frontal,all,age,linear_probe,7,3,20.962963,17.219881,True,zones,A,save/zones/frontal
SimCLR,SimCLR-nbr-cosine,nbr,cosine,,frontal,all,age,linear_probe,7,0,22.506172,21.251293,True,zones,A,save/zones/frontal
SimCLR,SimCLR-nbr-cosine,nbr,cosine,,frontal,all,age,linear_probe,7,1,18.200001,22.024214,True,zones,A,save/zones/frontal
SimCLR,SimCLR-nbr-cosine,nbr,cosine,,frontal,all,age,linear_probe,7,2,17.319635,20.979282,True,zones,A,save/zones/frontal
SimCLR,SimCLR-nbr-cosine,nbr,cosine,,frontal,all,age,linear_probe,7,3,20.962963,17.594147,True,zones,A,save/zones/frontal
SimCLR,SimCLR-nbr-wasser,nbr,wasserstein,,frontal,all,age,linear_probe,7,0,22.506172,21.25732,True,zones,A,save/zones/frontal
SimCLR,SimCLR-nbr-wasser,nbr,wasserstein,,frontal,all,age,linear_probe,7,1,18.200001,20.278963,True,zones,A,save/zones/frontal
SimCLR,SimCLR-nbr-wasser,nbr,wasserstein,,frontal,all,age,linear_probe,7,2,17.319635,19.98262,True,zones,A,save/zones/frontal
SimCLR,SimCLR-nbr-wasser,nbr,wasserstein,,frontal,all,age,linear_probe,7,3,20.962963,16.549683,True,zones,A,save/zones/frontal
SimCLR,SimCLR-nbr-riemann,nbr,riemann,,frontal,all,age,linear_probe,7,0,22.506172,21.939651,True,zones,A,save/zones/frontal
SimCLR,SimCLR-nbr-riemann,nbr,riemann,,frontal,all,age,linear_probe,7,1,18.200001,21.501572,True,zones,A,save/zones/frontal
SimCLR,SimCLR-nbr-riemann,nbr,riemann,,frontal,all,age,linear_probe,7,2,17.319635,20.790485,True,zones,A,save/zones/frontal
SimCLR,SimCLR-nbr-riemann,nbr,riemann,,frontal,all,age,linear_probe,7,3,20.962963,15.956961,True,zones,A,save/zones/frontal
SimCLR,SimCLR-xsubj-cosine,xsubj,cosine,,frontal,all,age,linear_probe,7,0,22.506172,20.15213,True,zones,A,save/zones/frontal
SimCLR,SimCLR-xsubj-cosine,xsubj,cosine,,frontal,all,age,linear_probe,7,1,18.200001,22.130531,True,zones,A,save/zones/frontal
SimCLR,SimCLR-xsubj-cosine,xsubj,cosine,,frontal,all,age,linear_probe,7,2,17.319635,20.320423,True,zones,A,save/zones/frontal
SimCLR,SimCLR-xsubj-cosine,xsubj,cosine,,frontal,all,age,linear_probe,7,3,20.962963,17.293747,True,zones,A,save/zones/frontal
SimCLR,SimCLR-xsubj-wasser,xsubj,wasserstein,,frontal,all,age,linear_probe,7,0,22.506172,22.982052,True,zones,A,save/zones/frontal
SimCLR,SimCLR-xsubj-wasser,xsubj,wasserstein,,frontal,all,age,linear_probe,7,1,18.200001,20.149731,True,zones,A,save/zones/frontal
SimCLR,SimCLR-xsubj-wasser,xsubj,wasserstein,,frontal,all,age,linear_probe,7,2,17.319635,20.936365,True,zones,A,save/zones/frontal
SimCLR,SimCLR-xsubj-wasser,xsubj,wasserstein,,frontal,all,age,linear_probe,7,3,20.962963,18.951511,True,zones,A,save/zones/frontal
SimCLR,SimCLR-xsubj-riemann,xsubj,riemann,,frontal,all,age,linear_probe,7,0,22.506172,20.040903,True,zones,A,save/zones/frontal
SimCLR,SimCLR-xsubj-riemann,xsubj,riemann,,frontal,all,age,linear_probe,7,1,18.200001,20.609367,True,zones,A,save/zones/frontal
SimCLR,SimCLR-xsubj-riemann,xsubj,riemann,,frontal,all,age,linear_probe,7,2,17.319635,20.549664,True,zones,A,save/zones/frontal
SimCLR,SimCLR-xsubj-riemann,xsubj,riemann,,frontal,all,age,linear_probe,7,3,20.962963,17.32601,True,zones,A,save/zones/frontal
SimCLR,SimCLR-diffage-cosine,diffage,cosine,,frontal,all,age,linear_probe,7,0,22.506172,20.676083,True,zones,A,save/zones/frontal
SimCLR,SimCLR-diffage-cosine,diffage,cosine,,frontal,all,age,linear_probe,7,1,18.200001,17.785772,True,zones,A,save/zones/frontal
SimCLR,SimCLR-diffage-cosine,diffage,cosine,,frontal,all,age,linear_probe,7,2,17.319635,21.361332,True,zones,A,save/zones/frontal
SimCLR,SimCLR-diffage-cosine,diffage,cosine,,frontal,all,age,linear_probe,7,3,20.962963,19.028324,True,zones,A,save/zones/frontal
SimCLR,SimCLR-diffage-wasser,diffage,wasserstein,,frontal,all,age,linear_probe,7,0,22.506172,22.545458,True,zones,A,save/zones/frontal
SimCLR,SimCLR-diffage-wasser,diffage,wasserstein,,frontal,all,age,linear_probe,7,1,18.200001,20.457788,True,zones,A,save/zones/frontal
SimCLR,SimCLR-diffage-wasser,diffage,wasserstein,,frontal,all,age,linear_probe,7,2,17.319635,20.059198,True,zones,A,save/zones/frontal
SimCLR,SimCLR-diffage-wasser,diffage,wasserstein,,frontal,all,age,linear_probe,7,3,20.962963,18.353655,True,zones,A,save/zones/frontal
SimCLR,SimCLR-diffage-riemann,diffage,riemann,,frontal,all,age,linear_probe,7,0,22.506172,19.878267,True,zones,A,save/zones/frontal
SimCLR,SimCLR-diffage-riemann,diffage,riemann,,frontal,all,age,linear_probe,7,1,18.200001,22.813683,True,zones,A,save/zones/frontal
SimCLR,SimCLR-diffage-riemann,diffage,riemann,,frontal,all,age,linear_probe,7,2,17.319635,20.685507,True,zones,A,save/zones/frontal
SimCLR,SimCLR-diffage-riemann,diffage,riemann,,frontal,all,age,linear_probe,7,3,20.962963,18.457344,True,zones,A,save/zones/frontal
VAE,VAE,,,,frontal,all,age,linear_probe,7,0,22.506172,18.82674,True,zones,A,save/zones/frontal
VAE,VAE,,,,frontal,all,age,linear_probe,7,1,18.200001,19.141535,True,zones,A,save/zones/frontal
VAE,VAE,,,,frontal,all,age,linear_probe,7,2,17.319635,19.082504,True,zones,A,save/zones/frontal
VAE,VAE,,,,frontal,all,age,linear_probe,7,3,20.962963,18.893042,True,zones,A,save/zones/frontal
SimCLR,SimCLR,augment,,,frontal,all,age,fine_tuning,7,0,22.506172,19.860931,True,zones,A,save/zones/frontal
SimCLR,SimCLR,augment,,,frontal,all,age,fine_tuning,7,1,18.200001,18.844118,True,zones,A,save/zones/frontal
SimCLR,SimCLR,augment,,,frontal,all,age,fine_tuning,7,2,17.319635,17.633883,True,zones,A,save/zones/frontal
SimCLR,SimCLR,augment,,,frontal,all,age,fine_tuning,7,3,20.962963,18.21623,True,zones,A,save/zones/frontal
SimCLR,SimCLR-nbr-cosine,nbr,cosine,,frontal,all,age,fine_tuning,7,0,22.506172,21.30974,True,zones,A,save/zones/frontal
SimCLR,SimCLR-nbr-cosine,nbr,cosine,,frontal,all,age,fine_tuning,7,1,18.200001,19.493568,True,zones,A,save/zones/frontal
SimCLR,SimCLR-nbr-cosine,nbr,cosine,,frontal,all,age,fine_tuning,7,2,17.319635,17.358353,True,zones,A,save/zones/frontal
SimCLR,SimCLR-nbr-cosine,nbr,cosine,,frontal,all,age,fine_tuning,7,3,20.962963,19.447819,True,zones,A,save/zones/frontal
SimCLR,SimCLR-nbr-wasser,nbr,wasserstein,,frontal,all,age,fine_tuning,7,0,22.506172,18.565859,True,zones,A,save/zones/frontal
SimCLR,SimCLR-nbr-wasser,nbr,wasserstein,,frontal,all,age,fine_tuning,7,1,18.200001,18.080214,True,zones,A,save/zones/frontal
SimCLR,SimCLR-nbr-wasser,nbr,wasserstein,,frontal,all,age,fine_tuning,7,2,17.319635,16.277613,True,zones,A,save/zones/frontal
SimCLR,SimCLR-nbr-wasser,nbr,wasserstein,,frontal,all,age,fine_tuning,7,3,20.962963,18.599466,True,zones,A,save/zones/frontal
SimCLR,SimCLR-nbr-riemann,nbr,riemann,,frontal,all,age,fine_tuning,7,0,22.506172,19.444847,True,zones,A,save/zones/frontal
SimCLR,SimCLR-nbr-riemann,nbr,riemann,,frontal,all,age,fine_tuning,7,1,18.200001,19.107716,True,zones,A,save/zones/frontal
SimCLR,SimCLR-nbr-riemann,nbr,riemann,,frontal,all,age,fine_tuning,7,2,17.319635,17.161795,True,zones,A,save/zones/frontal
SimCLR,SimCLR-nbr-riemann,nbr,riemann,,frontal,all,age,fine_tuning,7,3,20.962963,18.996292,True,zones,A,save/zones/frontal
SimCLR,SimCLR-xsubj-cosine,xsubj,cosine,,frontal,all,age,fine_tuning,7,0,22.506172,18.785568,True,zones,A,save/zones/frontal
SimCLR,SimCLR-xsubj-cosine,xsubj,cosine,,frontal,all,age,fine_tuning,7,1,18.200001,19.095003,True,zones,A,save/zones/frontal
SimCLR,SimCLR-xsubj-cosine,xsubj,cosine,,frontal,all,age,fine_tuning,7,2,17.319635,18.000395,True,zones,A,save/zones/frontal
SimCLR,SimCLR-xsubj-cosine,xsubj,cosine,,frontal,all,age,fine_tuning,7,3,20.962963,19.193119,True,zones,A,save/zones/frontal
SimCLR,SimCLR-xsubj-wasser,xsubj,wasserstein,,frontal,all,age,fine_tuning,7,0,22.506172,21.187473,True,zones,A,save/zones/frontal
SimCLR,SimCLR-xsubj-wasser,xsubj,wasserstein,,frontal,all,age,fine_tuning,7,1,18.200001,19.759422,True,zones,A,save/zones/frontal
SimCLR,SimCLR-xsubj-wasser,xsubj,wasserstein,,frontal,all,age,fine_tuning,7,2,17.319635,18.439398,True,zones,A,save/zones/frontal
SimCLR,SimCLR-xsubj-wasser,xsubj,wasserstein,,frontal,all,age,fine_tuning,7,3,20.962963,19.369873,True,zones,A,save/zones/frontal
SimCLR,SimCLR-xsubj-riemann,xsubj,riemann,,frontal,all,age,fine_tuning,7,0,22.506172,18.734083,True,zones,A,save/zones/frontal
SimCLR,SimCLR-xsubj-riemann,xsubj,riemann,,frontal,all,age,fine_tuning,7,1,18.200001,17.806797,True,zones,A,save/zones/frontal
SimCLR,SimCLR-xsubj-riemann,xsubj,riemann,,frontal,all,age,fine_tuning,7,2,17.319635,16.859568,True,zones,A,save/zones/frontal
SimCLR,SimCLR-xsubj-riemann,xsubj,riemann,,frontal,all,age,fine_tuning,7,3,20.962963,18.441578,True,zones,A,save/zones/frontal
SimCLR,SimCLR-diffage-cosine,diffage,cosine,,frontal,all,age,fine_tuning,7,0,22.506172,19.266258,True,zones,A,save/zones/frontal
SimCLR,SimCLR-diffage-cosine,diffage,cosine,,frontal,all,age,fine_tuning,7,1,18.200001,17.600431,True,zones,A,save/zones/frontal
SimCLR,SimCLR-diffage-cosine,diffage,cosine,,frontal,all,age,fine_tuning,7,2,17.319635,17.189886,True,zones,A,save/zones/frontal
SimCLR,SimCLR-diffage-cosine,diffage,cosine,,frontal,all,age,fine_tuning,7,3,20.962963,18.064587,True,zones,A,save/zones/frontal
SimCLR,SimCLR-diffage-wasser,diffage,wasserstein,,frontal,all,age,fine_tuning,7,0,22.506172,17.997871,True,zones,A,save/zones/frontal
SimCLR,SimCLR-diffage-wasser,diffage,wasserstein,,frontal,all,age,fine_tuning,7,1,18.200001,18.620443,True,zones,A,save/zones/frontal
SimCLR,SimCLR-diffage-wasser,diffage,wasserstein,,frontal,all,age,fine_tuning,7,2,17.319635,17.353514,True,zones,A,save/zones/frontal
SimCLR,SimCLR-diffage-wasser,diffage,wasserstein,,frontal,all,age,fine_tuning,7,3,20.962963,18.23093,True,zones,A,save/zones/frontal
SimCLR,SimCLR-diffage-riemann,diffage,riemann,,frontal,all,age,fine_tuning,7,0,22.506172,19.317276,True,zones,A,save/zones/frontal
SimCLR,SimCLR-diffage-riemann,diffage,riemann,,frontal,all,age,fine_tuning,7,1,18.200001,18.281292,True,zones,A,save/zones/frontal
SimCLR,SimCLR-diffage-riemann,diffage,riemann,,frontal,all,age,fine_tuning,7,2,17.319635,17.555397,True,zones,A,save/zones/frontal
SimCLR,SimCLR-diffage-riemann,diffage,riemann,,frontal,all,age,fine_tuning,7,3,20.962963,18.998198,True,zones,A,save/zones/frontal
VAE,VAE,,,,frontal,all,age,fine_tuning,7,0,22.506172,20.411573,True,zones,A,save/zones/frontal
VAE,VAE,,,,frontal,all,age,fine_tuning,7,1,18.200001,18.777969,True,zones,A,save/zones/frontal
VAE,VAE,,,,frontal,all,age,fine_tuning,7,2,17.319635,17.629438,True,zones,A,save/zones/frontal
VAE,VAE,,,,frontal,all,age,fine_tuning,7,3,20.962963,19.172688,True,zones,A,save/zones/frontal
SimCLR,SimCLR,augment,,,frontal,all,age,linear_probe,8,0,25.25,18.148771,True,zones,A,save/zones/frontal
SimCLR,SimCLR,augment,,,frontal,all,age,linear_probe,8,1,19.92,18.930487,True,zones,A,save/zones/frontal
SimCLR,SimCLR,augment,,,frontal,all,age,linear_probe,8,2,22.776316,21.968994,True,zones,A,save/zones/frontal
SimCLR,SimCLR,augment,,,frontal,all,age,linear_probe,8,3,13.230769,20.106846,True,zones,A,save/zones/frontal
SimCLR,SimCLR-nbr-cosine,nbr,cosine,,frontal,all,age,linear_probe,8,0,25.25,21.383316,True,zones,A,save/zones/frontal
SimCLR,SimCLR-nbr-cosine,nbr,cosine,,frontal,all,age,linear_probe,8,1,19.92,19.155237,True,zones,A,save/zones/frontal
SimCLR,SimCLR-nbr-cosine,nbr,cosine,,frontal,all,age,linear_probe,8,2,22.776316,26.829527,True,zones,A,save/zones/frontal
SimCLR,SimCLR-nbr-cosine,nbr,cosine,,frontal,all,age,linear_probe,8,3,13.230769,16.752686,True,zones,A,save/zones/frontal
SimCLR,SimCLR-nbr-wasser,nbr,wasserstein,,frontal,all,age,linear_probe,8,0,25.25,23.745056,True,zones,A,save/zones/frontal
SimCLR,SimCLR-nbr-wasser,nbr,wasserstein,,frontal,all,age,linear_probe,8,1,19.92,19.995457,True,zones,A,save/zones/frontal
SimCLR,SimCLR-nbr-wasser,nbr,wasserstein,,frontal,all,age,linear_probe,8,2,22.776316,26.71446,True,zones,A,save/zones/frontal
SimCLR,SimCLR-nbr-wasser,nbr,wasserstein,,frontal,all,age,linear_probe,8,3,13.230769,17.912249,True,zones,A,save/zones/frontal
SimCLR,SimCLR-nbr-riemann,nbr,riemann,,frontal,all,age,linear_probe,8,0,25.25,23.246248,True,zones,A,save/zones/frontal
SimCLR,SimCLR-nbr-riemann,nbr,riemann,,frontal,all,age,linear_probe,8,1,19.92,19.806688,True,zones,A,save/zones/frontal
SimCLR,SimCLR-nbr-riemann,nbr,riemann,,frontal,all,age,linear_probe,8,2,22.776316,26.007513,True,zones,A,save/zones/frontal
SimCLR,SimCLR-nbr-riemann,nbr,riemann,,frontal,all,age,linear_probe,8,3,13.230769,16.521795,True,zones,A,save/zones/frontal
SimCLR,SimCLR-xsubj-cosine,xsubj,cosine,,frontal,all,age,linear_probe,8,0,25.25,21.853487,True,zones,A,save/zones/frontal
SimCLR,SimCLR-xsubj-cosine,xsubj,cosine,,frontal,all,age,linear_probe,8,1,19.92,18.354851,True,zones,A,save/zones/frontal
SimCLR,SimCLR-xsubj-cosine,xsubj,cosine,,frontal,all,age,linear_probe,8,2,22.776316,27.654448,True,zones,A,save/zones/frontal
SimCLR,SimCLR-xsubj-cosine,xsubj,cosine,,frontal,all,age,linear_probe,8,3,13.230769,18.988619,True,zones,A,save/zones/frontal
SimCLR,SimCLR-xsubj-wasser,xsubj,wasserstein,,frontal,all,age,linear_probe,8,0,25.25,17.419386,True,zones,A,save/zones/frontal
SimCLR,SimCLR-xsubj-wasser,xsubj,wasserstein,,frontal,all,age,linear_probe,8,1,19.92,21.170496,True,zones,A,save/zones/frontal
SimCLR,SimCLR-xsubj-wasser,xsubj,wasserstein,,frontal,all,age,linear_probe,8,2,22.776316,28.329214,True,zones,A,save/zones/frontal
SimCLR,SimCLR-xsubj-wasser,xsubj,wasserstein,,frontal,all,age,linear_probe,8,3,13.230769,19.068903,True,zones,A,save/zones/frontal
SimCLR,SimCLR-xsubj-riemann,xsubj,riemann,,frontal,all,age,linear_probe,8,0,25.25,21.929651,True,zones,A,save/zones/frontal
SimCLR,SimCLR-xsubj-riemann,xsubj,riemann,,frontal,all,age,linear_probe,8,1,19.92,19.689808,True,zones,A,save/zones/frontal
SimCLR,SimCLR-xsubj-riemann,xsubj,riemann,,frontal,all,age,linear_probe,8,2,22.776316,26.845011,True,zones,A,save/zones/frontal
SimCLR,SimCLR-xsubj-riemann,xsubj,riemann,,frontal,all,age,linear_probe,8,3,13.230769,17.234089,True,zones,A,save/zones/frontal
SimCLR,SimCLR-diffage-cosine,diffage,cosine,,frontal,all,age,linear_probe,8,0,25.25,24.360764,True,zones,A,save/zones/frontal
SimCLR,SimCLR-diffage-cosine,diffage,cosine,,frontal,all,age,linear_probe,8,1,19.92,19.091249,True,zones,A,save/zones/frontal
SimCLR,SimCLR-diffage-cosine,diffage,cosine,,frontal,all,age,linear_probe,8,2,22.776316,23.349407,True,zones,A,save/zones/frontal
SimCLR,SimCLR-diffage-cosine,diffage,cosine,,frontal,all,age,linear_probe,8,3,13.230769,19.039482,True,zones,A,save/zones/frontal
SimCLR,SimCLR-diffage-wasser,diffage,wasserstein,,frontal,all,age,linear_probe,8,0,25.25,22.597931,True,zones,A,save/zones/frontal
SimCLR,SimCLR-diffage-wasser,diffage,wasserstein,,frontal,all,age,linear_probe,8,1,19.92,18.654324,True,zones,A,save/zones/frontal
SimCLR,SimCLR-diffage-wasser,diffage,wasserstein,,frontal,all,age,linear_probe,8,2,22.776316,23.899563,True,zones,A,save/zones/frontal
SimCLR,SimCLR-diffage-wasser,diffage,wasserstein,,frontal,all,age,linear_probe,8,3,13.230769,19.033297,True,zones,A,save/zones/frontal
SimCLR,SimCLR-diffage-riemann,diffage,riemann,,frontal,all,age,linear_probe,8,0,25.25,21.452881,True,zones,A,save/zones/frontal
SimCLR,SimCLR-diffage-riemann,diffage,riemann,,frontal,all,age,linear_probe,8,1,19.92,19.836363,True,zones,A,save/zones/frontal
SimCLR,SimCLR-diffage-riemann,diffage,riemann,,frontal,all,age,linear_probe,8,2,22.776316,24.415756,True,zones,A,save/zones/frontal
SimCLR,SimCLR-diffage-riemann,diffage,riemann,,frontal,all,age,linear_probe,8,3,13.230769,18.673363,True,zones,A,save/zones/frontal
VAE,VAE,,,,frontal,all,age,linear_probe,8,0,25.25,18.646564,True,zones,A,save/zones/frontal
VAE,VAE,,,,frontal,all,age,linear_probe,8,1,19.92,18.780207,True,zones,A,save/zones/frontal
VAE,VAE,,,,frontal,all,age,linear_probe,8,2,22.776316,19.000059,True,zones,A,save/zones/frontal
VAE,VAE,,,,frontal,all,age,linear_probe,8,3,13.230769,18.965141,True,zones,A,save/zones/frontal
SimCLR,SimCLR,augment,,,frontal,all,age,fine_tuning,8,0,25.25,25.859749,True,zones,A,save/zones/frontal
SimCLR,SimCLR,augment,,,frontal,all,age,fine_tuning,8,1,19.92,22.560768,True,zones,A,save/zones/frontal
SimCLR,SimCLR,augment,,,frontal,all,age,fine_tuning,8,2,22.776316,26.438995,True,zones,A,save/zones/frontal
SimCLR,SimCLR,augment,,,frontal,all,age,fine_tuning,8,3,13.230769,16.589943,True,zones,A,save/zones/frontal
SimCLR,SimCLR-nbr-cosine,nbr,cosine,,frontal,all,age,fine_tuning,8,0,25.25,24.896643,True,zones,A,save/zones/frontal
SimCLR,SimCLR-nbr-cosine,nbr,cosine,,frontal,all,age,fine_tuning,8,1,19.92,21.216354,True,zones,A,save/zones/frontal
SimCLR,SimCLR-nbr-cosine,nbr,cosine,,frontal,all,age,fine_tuning,8,2,22.776316,26.152308,True,zones,A,save/zones/frontal
SimCLR,SimCLR-nbr-cosine,nbr,cosine,,frontal,all,age,fine_tuning,8,3,13.230769,17.901386,True,zones,A,save/zones/frontal
SimCLR,SimCLR-nbr-wasser,nbr,wasserstein,,frontal,all,age,fine_tuning,8,0,25.25,25.839249,True,zones,A,save/zones/frontal
SimCLR,SimCLR-nbr-wasser,nbr,wasserstein,,frontal,all,age,fine_tuning,8,1,19.92,21.961115,True,zones,A,save/zones/frontal
SimCLR,SimCLR-nbr-wasser,nbr,wasserstein,,frontal,all,age,fine_tuning,8,2,22.776316,26.101713,True,zones,A,save/zones/frontal
SimCLR,SimCLR-nbr-wasser,nbr,wasserstein,,frontal,all,age,fine_tuning,8,3,13.230769,17.988903,True,zones,A,save/zones/frontal
SimCLR,SimCLR-nbr-riemann,nbr,riemann,,frontal,all,age,fine_tuning,8,0,25.25,25.767145,True,zones,A,save/zones/frontal
SimCLR,SimCLR-nbr-riemann,nbr,riemann,,frontal,all,age,fine_tuning,8,1,19.92,20.956903,True,zones,A,save/zones/frontal
SimCLR,SimCLR-nbr-riemann,nbr,riemann,,frontal,all,age,fine_tuning,8,2,22.776316,25.98394,True,zones,A,save/zones/frontal
SimCLR,SimCLR-nbr-riemann,nbr,riemann,,frontal,all,age,fine_tuning,8,3,13.230769,17.167437,True,zones,A,save/zones/frontal
SimCLR,SimCLR-xsubj-cosine,xsubj,cosine,,frontal,all,age,fine_tuning,8,0,25.25,24.950226,True,zones,A,save/zones/frontal
SimCLR,SimCLR-xsubj-cosine,xsubj,cosine,,frontal,all,age,fine_tuning,8,1,19.92,20.902771,True,zones,A,save/zones/frontal
SimCLR,SimCLR-xsubj-cosine,xsubj,cosine,,frontal,all,age,fine_tuning,8,2,22.776316,26.387047,True,zones,A,save/zones/frontal
SimCLR,SimCLR-xsubj-cosine,xsubj,cosine,,frontal,all,age,fine_tuning,8,3,13.230769,16.209654,True,zones,A,save/zones/frontal
SimCLR,SimCLR-xsubj-wasser,xsubj,wasserstein,,frontal,all,age,fine_tuning,8,0,25.25,25.041199,True,zones,A,save/zones/frontal
SimCLR,SimCLR-xsubj-wasser,xsubj,wasserstein,,frontal,all,age,fine_tuning,8,1,19.92,20.438263,True,zones,A,save/zones/frontal
SimCLR,SimCLR-xsubj-wasser,xsubj,wasserstein,,frontal,all,age,fine_tuning,8,2,22.776316,25.573933,True,zones,A,save/zones/frontal
SimCLR,SimCLR-xsubj-wasser,xsubj,wasserstein,,frontal,all,age,fine_tuning,8,3,13.230769,14.937084,True,zones,A,save/zones/frontal
SimCLR,SimCLR-xsubj-riemann,xsubj,riemann,,frontal,all,age,fine_tuning,8,0,25.25,24.686935,True,zones,A,save/zones/frontal
SimCLR,SimCLR-xsubj-riemann,xsubj,riemann,,frontal,all,age,fine_tuning,8,1,19.92,21.602104,True,zones,A,save/zones/frontal
SimCLR,SimCLR-xsubj-riemann,xsubj,riemann,,frontal,all,age,fine_tuning,8,2,22.776316,26.308567,True,zones,A,save/zones/frontal
SimCLR,SimCLR-xsubj-riemann,xsubj,riemann,,frontal,all,age,fine_tuning,8,3,13.230769,17.127863,True,zones,A,save/zones/frontal
SimCLR,SimCLR-diffage-cosine,diffage,cosine,,frontal,all,age,fine_tuning,8,0,25.25,23.665796,True,zones,A,save/zones/frontal
SimCLR,SimCLR-diffage-cosine,diffage,cosine,,frontal,all,age,fine_tuning,8,1,19.92,21.760994,True,zones,A,save/zones/frontal
SimCLR,SimCLR-diffage-cosine,diffage,cosine,,frontal,all,age,fine_tuning,8,2,22.776316,26.672489,True,zones,A,save/zones/frontal
SimCLR,SimCLR-diffage-cosine,diffage,cosine,,frontal,all,age,fine_tuning,8,3,13.230769,17.00514,True,zones,A,save/zones/frontal
SimCLR,SimCLR-diffage-wasser,diffage,wasserstein,,frontal,all,age,fine_tuning,8,0,25.25,24.756907,True,zones,A,save/zones/frontal
SimCLR,SimCLR-diffage-wasser,diffage,wasserstein,,frontal,all,age,fine_tuning,8,1,19.92,21.250679,True,zones,A,save/zones/frontal
SimCLR,SimCLR-diffage-wasser,diffage,wasserstein,,frontal,all,age,fine_tuning,8,2,22.776316,26.006561,True,zones,A,save/zones/frontal
SimCLR,SimCLR-diffage-wasser,diffage,wasserstein,,frontal,all,age,fine_tuning,8,3,13.230769,16.832239,True,zones,A,save/zones/frontal
SimCLR,SimCLR-diffage-riemann,diffage,riemann,,frontal,all,age,fine_tuning,8,0,25.25,27.391251,True,zones,A,save/zones/frontal
SimCLR,SimCLR-diffage-riemann,diffage,riemann,,frontal,all,age,fine_tuning,8,1,19.92,23.162277,True,zones,A,save/zones/frontal
SimCLR,SimCLR-diffage-riemann,diffage,riemann,,frontal,all,age,fine_tuning,8,2,22.776316,26.537466,True,zones,A,save/zones/frontal
SimCLR,SimCLR-diffage-riemann,diffage,riemann,,frontal,all,age,fine_tuning,8,3,13.230769,16.690264,True,zones,A,save/zones/frontal
VAE,VAE,,,,frontal,all,age,fine_tuning,8,0,25.25,26.15509,True,zones,A,save/zones/frontal
VAE,VAE,,,,frontal,all,age,fine_tuning,8,1,19.92,22.203819,True,zones,A,save/zones/frontal
VAE,VAE,,,,frontal,all,age,fine_tuning,8,2,22.776316,26.965797,True,zones,A,save/zones/frontal
VAE,VAE,,,,frontal,all,age,fine_tuning,8,3,13.230769,17.691347,True,zones,A,save/zones/frontal
SimCLR,SimCLR,augment,,,frontal,all,age,linear_probe,9,0,20.706896,18.504162,True,zones,A,save/zones/frontal
SimCLR,SimCLR,augment,,,frontal,all,age,linear_probe,9,1,15.652174,19.161041,True,zones,A,save/zones/frontal
SimCLR,SimCLR,augment,,,frontal,all,age,linear_probe,9,2,15.217391,18.490154,True,zones,A,save/zones/frontal
SimCLR,SimCLR,augment,,,frontal,all,age,linear_probe,9,3,9.236363,18.761457,True,zones,A,save/zones/frontal
SimCLR,SimCLR-nbr-cosine,nbr,cosine,,frontal,all,age,linear_probe,9,0,20.706896,16.766899,True,zones,A,save/zones/frontal
SimCLR,SimCLR-nbr-cosine,nbr,cosine,,frontal,all,age,linear_probe,9,1,15.652174,8.879758,True,zones,A,save/zones/frontal
SimCLR,SimCLR-nbr-cosine,nbr,cosine,,frontal,all,age,linear_probe,9,2,15.217391,18.26198,True,zones,A,save/zones/frontal
SimCLR,SimCLR-nbr-cosine,nbr,cosine,,frontal,all,age,linear_probe,9,3,9.236363,12.753225,True,zones,A,save/zones/frontal
SimCLR,SimCLR-nbr-wasser,nbr,wasserstein,,frontal,all,age,linear_probe,9,0,20.706896,16.462233,True,zones,A,save/zones/frontal
SimCLR,SimCLR-nbr-wasser,nbr,wasserstein,,frontal,all,age,linear_probe,9,1,15.652174,9.709829,True,zones,A,save/zones/frontal
SimCLR,SimCLR-nbr-wasser,nbr,wasserstein,,frontal,all,age,linear_probe,9,2,15.217391,16.653032,True,zones,A,save/zones/frontal
SimCLR,SimCLR-nbr-wasser,nbr,wasserstein,,frontal,all,age,linear_probe,9,3,9.236363,12.598483,True,zones,A,save/zones/frontal
SimCLR,SimCLR-nbr-riemann,nbr,riemann,,frontal,all,age,linear_probe,9,0,20.706896,16.128054,True,zones,A,save/zones/frontal
SimCLR,SimCLR-nbr-riemann,nbr,riemann,,frontal,all,age,linear_probe,9,1,15.652174,10.385386,True,zones,A,save/zones/frontal
SimCLR,SimCLR-nbr-riemann,nbr,riemann,,frontal,all,age,linear_probe,9,2,15.217391,16.487354,True,zones,A,save/zones/frontal
SimCLR,SimCLR-nbr-riemann,nbr,riemann,,frontal,all,age,linear_probe,9,3,9.236363,13.675034,True,zones,A,save/zones/frontal
SimCLR,SimCLR-xsubj-cosine,xsubj,cosine,,frontal,all,age,linear_probe,9,0,20.706896,19.751894,True,zones,A,save/zones/frontal
SimCLR,SimCLR-xsubj-cosine,xsubj,cosine,,frontal,all,age,linear_probe,9,1,15.652174,12.998847,True,zones,A,save/zones/frontal
SimCLR,SimCLR-xsubj-cosine,xsubj,cosine,,frontal,all,age,linear_probe,9,2,15.217391,17.927536,True,zones,A,save/zones/frontal
SimCLR,SimCLR-xsubj-cosine,xsubj,cosine,,frontal,all,age,linear_probe,9,3,9.236363,12.142272,True,zones,A,save/zones/frontal
SimCLR,SimCLR-xsubj-wasser,xsubj,wasserstein,,frontal,all,age,linear_probe,9,0,20.706896,19.672642,True,zones,A,save/zones/frontal
SimCLR,SimCLR-xsubj-wasser,xsubj,wasserstein,,frontal,all,age,linear_probe,9,1,15.652174,12.456925,True,zones,A,save/zones/frontal
SimCLR,SimCLR-xsubj-wasser,xsubj,wasserstein,,frontal,all,age,linear_probe,9,2,15.217391,18.103001,True,zones,A,save/zones/frontal
SimCLR,SimCLR-xsubj-wasser,xsubj,wasserstein,,frontal,all,age,linear_probe,9,3,9.236363,8.936515,True,zones,A,save/zones/frontal
SimCLR,SimCLR-xsubj-riemann,xsubj,riemann,,frontal,all,age,linear_probe,9,0,20.706896,19.235987,True,zones,A,save/zones/frontal
SimCLR,SimCLR-xsubj-riemann,xsubj,riemann,,frontal,all,age,linear_probe,9,1,15.652174,12.086469,True,zones,A,save/zones/frontal
SimCLR,SimCLR-xsubj-riemann,xsubj,riemann,,frontal,all,age,linear_probe,9,2,15.217391,19.818327,True,zones,A,save/zones/frontal
SimCLR,SimCLR-xsubj-riemann,xsubj,riemann,,frontal,all,age,linear_probe,9,3,9.236363,12.341889,True,zones,A,save/zones/frontal
SimCLR,SimCLR-diffage-cosine,diffage,cosine,,frontal,all,age,linear_probe,9,0,20.706896,19.552904,True,zones,A,save/zones/frontal
SimCLR,SimCLR-diffage-cosine,diffage,cosine,,frontal,all,age,linear_probe,9,1,15.652174,15.46132,True,zones,A,save/zones/frontal
SimCLR,SimCLR-diffage-cosine,diffage,cosine,,frontal,all,age,linear_probe,9,2,15.217391,17.743961,True,zones,A,save/zones/frontal
SimCLR,SimCLR-diffage-cosine,diffage,cosine,,frontal,all,age,linear_probe,9,3,9.236363,16.708065,True,zones,A,save/zones/frontal
SimCLR,SimCLR-diffage-wasser,diffage,wasserstein,,frontal,all,age,linear_probe,9,0,20.706896,19.688353,True,zones,A,save/zones/frontal
SimCLR,SimCLR-diffage-wasser,diffage,wasserstein,,frontal,all,age,linear_probe,9,1,15.652174,14.178123,True,zones,A,save/zones/frontal
SimCLR,SimCLR-diffage-wasser,diffage,wasserstein,,frontal,all,age,linear_probe,9,2,15.217391,18.227785,True,zones,A,save/zones/frontal
SimCLR,SimCLR-diffage-wasser,diffage,wasserstein,,frontal,all,age,linear_probe,9,3,9.236363,16.681915,True,zones,A,save/zones/frontal
SimCLR,SimCLR-diffage-riemann,diffage,riemann,,frontal,all,age,linear_probe,9,0,20.706896,20.241964,True,zones,A,save/zones/frontal
SimCLR,SimCLR-diffage-riemann,diffage,riemann,,frontal,all,age,linear_probe,9,1,15.652174,17.048883,True,zones,A,save/zones/frontal
SimCLR,SimCLR-diffage-riemann,diffage,riemann,,frontal,all,age,linear_probe,9,2,15.217391,17.231634,True,zones,A,save/zones/frontal
SimCLR,SimCLR-diffage-riemann,diffage,riemann,,frontal,all,age,linear_probe,9,3,9.236363,15.449295,True,zones,A,save/zones/frontal
VAE,VAE,,,,frontal,all,age,linear_probe,9,0,20.706896,19.337227,True,zones,A,save/zones/frontal
VAE,VAE,,,,frontal,all,age,linear_probe,9,1,15.652174,19.118864,True,zones,A,save/zones/frontal
VAE,VAE,,,,frontal,all,age,linear_probe,9,2,15.217391,19.31987,True,zones,A,save/zones/frontal
VAE,VAE,,,,frontal,all,age,linear_probe,9,3,9.236363,19.152082,True,zones,A,save/zones/frontal
SimCLR,SimCLR,augment,,,frontal,all,age,fine_tuning,9,0,20.706896,20.077641,True,zones,A,save/zones/frontal
SimCLR,SimCLR,augment,,,frontal,all,age,fine_tuning,9,1,15.652174,16.608868,True,zones,A,save/zones/frontal
SimCLR,SimCLR,augment,,,frontal,all,age,fine_tuning,9,2,15.217391,14.552542,True,zones,A,save/zones/frontal
SimCLR,SimCLR,augment,,,frontal,all,age,fine_tuning,9,3,9.236363,11.260125,True,zones,A,save/zones/frontal
SimCLR,SimCLR-nbr-cosine,nbr,cosine,,frontal,all,age,fine_tuning,9,0,20.706896,18.048563,True,zones,A,save/zones/frontal
SimCLR,SimCLR-nbr-cosine,nbr,cosine,,frontal,all,age,fine_tuning,9,1,15.652174,15.996453,True,zones,A,save/zones/frontal
SimCLR,SimCLR-nbr-cosine,nbr,cosine,,frontal,all,age,fine_tuning,9,2,15.217391,12.532736,True,zones,A,save/zones/frontal
SimCLR,SimCLR-nbr-cosine,nbr,cosine,,frontal,all,age,fine_tuning,9,3,9.236363,9.692337,True,zones,A,save/zones/frontal
SimCLR,SimCLR-nbr-wasser,nbr,wasserstein,,frontal,all,age,fine_tuning,9,0,20.706896,19.515593,True,zones,A,save/zones/frontal
SimCLR,SimCLR-nbr-wasser,nbr,wasserstein,,frontal,all,age,fine_tuning,9,1,15.652174,16.25075,True,zones,A,save/zones/frontal
SimCLR,SimCLR-nbr-wasser,nbr,wasserstein,,frontal,all,age,fine_tuning,9,2,15.217391,12.689515,True,zones,A,save/zones/frontal
SimCLR,SimCLR-nbr-wasser,nbr,wasserstein,,frontal,all,age,fine_tuning,9,3,9.236363,8.704898,True,zones,A,save/zones/frontal
SimCLR,SimCLR-nbr-riemann,nbr,riemann,,frontal,all,age,fine_tuning,9,0,20.706896,18.614416,True,zones,A,save/zones/frontal
SimCLR,SimCLR-nbr-riemann,nbr,riemann,,frontal,all,age,fine_tuning,9,1,15.652174,15.878333,True,zones,A,save/zones/frontal
SimCLR,SimCLR-nbr-riemann,nbr,riemann,,frontal,all,age,fine_tuning,9,2,15.217391,13.733028,True,zones,A,save/zones/frontal
SimCLR,SimCLR-nbr-riemann,nbr,riemann,,frontal,all,age,fine_tuning,9,3,9.236363,8.263416,True,zones,A,save/zones/frontal
SimCLR,SimCLR-xsubj-cosine,xsubj,cosine,,frontal,all,age,fine_tuning,9,0,20.706896,20.408052,True,zones,A,save/zones/frontal
SimCLR,SimCLR-xsubj-cosine,xsubj,cosine,,frontal,all,age,fine_tuning,9,1,15.652174,16.833017,True,zones,A,save/zones/frontal
SimCLR,SimCLR-xsubj-cosine,xsubj,cosine,,frontal,all,age,fine_tuning,9,2,15.217391,14.944617,True,zones,A,save/zones/frontal
SimCLR,SimCLR-xsubj-cosine,xsubj,cosine,,frontal,all,age,fine_tuning,9,3,9.236363,9.17545,True,zones,A,save/zones/frontal
SimCLR,SimCLR-xsubj-wasser,xsubj,wasserstein,,frontal,all,age,fine_tuning,9,0,20.706896,21.008322,True,zones,A,save/zones/frontal
SimCLR,SimCLR-xsubj-wasser,xsubj,wasserstein,,frontal,all,age,fine_tuning,9,1,15.652174,16.502153,True,zones,A,save/zones/frontal
SimCLR,SimCLR-xsubj-wasser,xsubj,wasserstein,,frontal,all,age,fine_tuning,9,2,15.217391,11.81628,True,zones,A,save/zones/frontal
SimCLR,SimCLR-xsubj-wasser,xsubj,wasserstein,,frontal,all,age,fine_tuning,9,3,9.236363,9.850938,True,zones,A,save/zones/frontal
SimCLR,SimCLR-xsubj-riemann,xsubj,riemann,,frontal,all,age,fine_tuning,9,0,20.706896,18.450609,True,zones,A,save/zones/frontal
SimCLR,SimCLR-xsubj-riemann,xsubj,riemann,,frontal,all,age,fine_tuning,9,1,15.652174,16.189289,True,zones,A,save/zones/frontal
SimCLR,SimCLR-xsubj-riemann,xsubj,riemann,,frontal,all,age,fine_tuning,9,2,15.217391,14.054315,True,zones,A,save/zones/frontal
SimCLR,SimCLR-xsubj-riemann,xsubj,riemann,,frontal,all,age,fine_tuning,9,3,9.236363,9.340645,True,zones,A,save/zones/frontal
SimCLR,SimCLR-diffage-cosine,diffage,cosine,,frontal,all,age,fine_tuning,9,0,20.706896,17.636288,True,zones,A,save/zones/frontal
SimCLR,SimCLR-diffage-cosine,diffage,cosine,,frontal,all,age,fine_tuning,9,1,15.652174,15.373909,True,zones,A,save/zones/frontal
SimCLR,SimCLR-diffage-cosine,diffage,cosine,,frontal,all,age,fine_tuning,9,2,15.217391,11.867716,True,zones,A,save/zones/frontal
SimCLR,SimCLR-diffage-cosine,diffage,cosine,,frontal,all,age,fine_tuning,9,3,9.236363,9.416194,True,zones,A,save/zones/frontal
SimCLR,SimCLR-diffage-wasser,diffage,wasserstein,,frontal,all,age,fine_tuning,9,0,20.706896,19.189451,True,zones,A,save/zones/frontal
SimCLR,SimCLR-diffage-wasser,diffage,wasserstein,,frontal,all,age,fine_tuning,9,1,15.652174,15.569815,True,zones,A,save/zones/frontal
SimCLR,SimCLR-diffage-wasser,diffage,wasserstein,,frontal,all,age,fine_tuning,9,2,15.217391,14.799548,True,zones,A,save/zones/frontal
SimCLR,SimCLR-diffage-wasser,diffage,wasserstein,,frontal,all,age,fine_tuning,9,3,9.236363,9.23072,True,zones,A,save/zones/frontal
SimCLR,SimCLR-diffage-riemann,diffage,riemann,,frontal,all,age,fine_tuning,9,0,20.706896,18.774857,True,zones,A,save/zones/frontal
SimCLR,SimCLR-diffage-riemann,diffage,riemann,,frontal,all,age,fine_tuning,9,1,15.652174,16.681896,True,zones,A,save/zones/frontal
SimCLR,SimCLR-diffage-riemann,diffage,riemann,,frontal,all,age,fine_tuning,9,2,15.217391,13.103167,True,zones,A,save/zones/frontal
SimCLR,SimCLR-diffage-riemann,diffage,riemann,,frontal,all,age,fine_tuning,9,3,9.236363,9.848631,True,zones,A,save/zones/frontal
VAE,VAE,,,,frontal,all,age,fine_tuning,9,0,20.706896,18.576715,True,zones,A,save/zones/frontal
VAE,VAE,,,,frontal,all,age,fine_tuning,9,1,15.652174,16.062544,True,zones,A,save/zones/frontal
VAE,VAE,,,,frontal,all,age,fine_tuning,9,2,15.217391,12.845321,True,zones,A,save/zones/frontal
VAE,VAE,,,,frontal,all,age,fine_tuning,9,3,9.236363,8.870111,True,zones,A,save/zones/frontal
SimCLR,SimCLR,augment,,,all,all,age,linear_probe,0,0,23.1,18.908819,False,nbr,A,save/nbr
SimCLR,SimCLR,augment,,,all,all,age,linear_probe,0,1,7.809524,11.443302,False,nbr,A,save/nbr
SimCLR,SimCLR,augment,,,all,all,age,linear_probe,0,2,24.571428,16.170551,False,nbr,A,save/nbr
SimCLR,SimCLR,augment,,,all,all,age,linear_probe,0,3,17.265957,16.412546,False,nbr,A,save/nbr
SimCLR,SimCLR,augment,,,all,all,age,linear_probe,0,4,14.981818,16.719955,False,nbr,A,save/nbr
SimCLR,SimCLR-nbr-cosine,nbr,cosine,,all,all,age,linear_probe,0,0,23.1,23.506611,False,nbr,A,save/nbr
SimCLR,SimCLR-nbr-cosine,nbr,cosine,,all,all,age,linear_probe,0,1,7.809524,12.327446,False,nbr,A,save/nbr
SimCLR,SimCLR-nbr-cosine,nbr,cosine,,all,all,age,linear_probe,0,2,24.571428,17.854557,False,nbr,A,save/nbr
SimCLR,SimCLR-nbr-cosine,nbr,cosine,,all,all,age,linear_probe,0,3,17.265957,19.029396,False,nbr,A,save/nbr
SimCLR,SimCLR-nbr-cosine,nbr,cosine,,all,all,age,linear_probe,0,4,14.981818,17.581232,False,nbr,A,save/nbr
SimCLR,SimCLR-nbr-wasser,nbr,wasserstein,,all,all,age,linear_probe,0,0,23.1,22.65662,False,nbr,A,save/nbr
SimCLR,SimCLR-nbr-wasser,nbr,wasserstein,,all,all,age,linear_probe,0,1,7.809524,12.849696,False,nbr,A,save/nbr
SimCLR,SimCLR-nbr-wasser,nbr,wasserstein,,all,all,age,linear_probe,0,2,24.571428,18.259094,False,nbr,A,save/nbr
SimCLR,SimCLR-nbr-wasser,nbr,wasserstein,,all,all,age,linear_probe,0,3,17.265957,18.531132,False,nbr,A,save/nbr
SimCLR,SimCLR-nbr-wasser,nbr,wasserstein,,all,all,age,linear_probe,0,4,14.981818,17.545849,False,nbr,A,save/nbr
SimCLR,SimCLR-nbr-riemann,nbr,riemann,,all,all,age,linear_probe,0,0,23.1,22.54101,False,nbr,A,save/nbr
SimCLR,SimCLR-nbr-riemann,nbr,riemann,,all,all,age,linear_probe,0,1,7.809524,12.713066,False,nbr,A,save/nbr
SimCLR,SimCLR-nbr-riemann,nbr,riemann,,all,all,age,linear_probe,0,2,24.571428,18.812246,False,nbr,A,save/nbr
SimCLR,SimCLR-nbr-riemann,nbr,riemann,,all,all,age,linear_probe,0,3,17.265957,17.380426,False,nbr,A,save/nbr
SimCLR,SimCLR-nbr-riemann,nbr,riemann,,all,all,age,linear_probe,0,4,14.981818,16.546663,False,nbr,A,save/nbr
SimCLR,SimCLR-xsubj-cosine,xsubj,cosine,,all,all,age,linear_probe,0,0,23.1,23.619572,False,nbr,A,save/nbr
SimCLR,SimCLR-xsubj-cosine,xsubj,cosine,,all,all,age,linear_probe,0,1,7.809524,10.99893,False,nbr,A,save/nbr
SimCLR,SimCLR-xsubj-cosine,xsubj,cosine,,all,all,age,linear_probe,0,2,24.571428,19.750946,False,nbr,A,save/nbr
SimCLR,SimCLR-xsubj-cosine,xsubj,cosine,,all,all,age,linear_probe,0,3,17.265957,18.735304,False,nbr,A,save/nbr
SimCLR,SimCLR-xsubj-cosine,xsubj,cosine,,all,all,age,linear_probe,0,4,14.981818,17.35799,False,nbr,A,save/nbr
SimCLR,SimCLR-xsubj-wasser,xsubj,wasserstein,,all,all,age,linear_probe,0,0,23.1,23.263805,False,nbr,A,save/nbr
SimCLR,SimCLR-xsubj-wasser,xsubj,wasserstein,,all,all,age,linear_probe,0,1,7.809524,11.620012,False,nbr,A,save/nbr
SimCLR,SimCLR-xsubj-wasser,xsubj,wasserstein,,all,all,age,linear_probe,0,2,24.571428,16.723001,False,nbr,A,save/nbr
SimCLR,SimCLR-xsubj-wasser,xsubj,wasserstein,,all,all,age,linear_probe,0,3,17.265957,18.129595,False,nbr,A,save/nbr
SimCLR,SimCLR-xsubj-wasser,xsubj,wasserstein,,all,all,age,linear_probe,0,4,14.981818,16.930113,False,nbr,A,save/nbr
SimCLR,SimCLR-xsubj-riemann,xsubj,riemann,,all,all,age,linear_probe,0,0,23.1,22.451378,False,nbr,A,save/nbr
SimCLR,SimCLR-xsubj-riemann,xsubj,riemann,,all,all,age,linear_probe,0,1,7.809524,11.223804,False,nbr,A,save/nbr
SimCLR,SimCLR-xsubj-riemann,xsubj,riemann,,all,all,age,linear_probe,0,2,24.571428,18.411179,False,nbr,A,save/nbr
SimCLR,SimCLR-xsubj-riemann,xsubj,riemann,,all,all,age,linear_probe,0,3,17.265957,18.788998,False,nbr,A,save/nbr
SimCLR,SimCLR-xsubj-riemann,xsubj,riemann,,all,all,age,linear_probe,0,4,14.981818,17.778872,False,nbr,A,save/nbr
SimCLR,SimCLR-diffage-cosine,diffage,cosine,,all,all,age,linear_probe,0,0,23.1,20.499723,False,nbr,A,save/nbr
SimCLR,SimCLR-diffage-cosine,diffage,cosine,,all,all,age,linear_probe,0,1,7.809524,13.509855,False,nbr,A,save/nbr
SimCLR,SimCLR-diffage-cosine,diffage,cosine,,all,all,age,linear_probe,0,2,24.571428,14.782532,False,nbr,A,save/nbr
SimCLR,SimCLR-diffage-cosine,diffage,cosine,,all,all,age,linear_probe,0,3,17.265957,17.93675,False,nbr,A,save/nbr
SimCLR,SimCLR-diffage-cosine,diffage,cosine,,all,all,age,linear_probe,0,4,14.981818,16.60425,False,nbr,A,save/nbr
SimCLR,SimCLR-diffage-wasser,diffage,wasserstein,,all,all,age,linear_probe,0,0,23.1,23.245625,False,nbr,A,save/nbr
SimCLR,SimCLR-diffage-wasser,diffage,wasserstein,,all,all,age,linear_probe,0,1,7.809524,12.473643,False,nbr,A,save/nbr
SimCLR,SimCLR-diffage-wasser,diffage,wasserstein,,all,all,age,linear_probe,0,2,24.571428,16.539,False,nbr,A,save/nbr
SimCLR,SimCLR-diffage-wasser,diffage,wasserstein,,all,all,age,linear_probe,0,3,17.265957,17.881311,False,nbr,A,save/nbr
SimCLR,SimCLR-diffage-wasser,diffage,wasserstein,,all,all,age,linear_probe,0,4,14.981818,17.525419,False,nbr,A,save/nbr
SimCLR,SimCLR-diffage-riemann,diffage,riemann,,all,all,age,linear_probe,0,0,23.1,21.297123,False,nbr,A,save/nbr
SimCLR,SimCLR-diffage-riemann,diffage,riemann,,all,all,age,linear_probe,0,1,7.809524,11.846917,False,nbr,A,save/nbr
SimCLR,SimCLR-diffage-riemann,diffage,riemann,,all,all,age,linear_probe,0,2,24.571428,15.743532,False,nbr,A,save/nbr
SimCLR,SimCLR-diffage-riemann,diffage,riemann,,all,all,age,linear_probe,0,3,17.265957,17.451433,False,nbr,A,save/nbr
SimCLR,SimCLR-diffage-riemann,diffage,riemann,,all,all,age,linear_probe,0,4,14.981818,16.806784,False,nbr,A,save/nbr
SimCLR,SimCLR,augment,,,all,all,age,fine_tuning,0,0,23.1,24.920544,False,nbr,A,save/nbr
SimCLR,SimCLR,augment,,,all,all,age,fine_tuning,0,1,7.809524,10.500002,False,nbr,A,save/nbr
SimCLR,SimCLR,augment,,,all,all,age,fine_tuning,0,2,24.571428,23.30842,False,nbr,A,save/nbr
SimCLR,SimCLR,augment,,,all,all,age,fine_tuning,0,3,17.265957,18.296957,False,nbr,A,save/nbr
SimCLR,SimCLR,augment,,,all,all,age,fine_tuning,0,4,14.981818,14.776928,False,nbr,A,save/nbr
SimCLR,SimCLR-nbr-cosine,nbr,cosine,,all,all,age,fine_tuning,0,0,23.1,24.285738,False,nbr,A,save/nbr
SimCLR,SimCLR-nbr-cosine,nbr,cosine,,all,all,age,fine_tuning,0,1,7.809524,11.291745,False,nbr,A,save/nbr
SimCLR,SimCLR-nbr-cosine,nbr,cosine,,all,all,age,fine_tuning,0,2,24.571428,21.839893,False,nbr,A,save/nbr
SimCLR,SimCLR-nbr-cosine,nbr,cosine,,all,all,age,fine_tuning,0,3,17.265957,18.421873,False,nbr,A,save/nbr
SimCLR,SimCLR-nbr-cosine,nbr,cosine,,all,all,age,fine_tuning,0,4,14.981818,15.341998,False,nbr,A,save/nbr
SimCLR,SimCLR-nbr-wasser,nbr,wasserstein,,all,all,age,fine_tuning,0,0,23.1,24.632912,False,nbr,A,save/nbr
SimCLR,SimCLR-nbr-wasser,nbr,wasserstein,,all,all,age,fine_tuning,0,1,7.809524,10.291155,False,nbr,A,save/nbr
SimCLR,SimCLR-nbr-wasser,nbr,wasserstein,,all,all,age,fine_tuning,0,2,24.571428,22.005234,False,nbr,A,save/nbr
SimCLR,SimCLR-nbr-wasser,nbr,wasserstein,,all,all,age,fine_tuning,0,3,17.265957,17.616047,False,nbr,A,save/nbr
SimCLR,SimCLR-nbr-wasser,nbr,wasserstein,,all,all,age,fine_tuning,0,4,14.981818,15.370559,False,nbr,A,save/nbr
SimCLR,SimCLR-nbr-riemann,nbr,riemann,,all,all,age,fine_tuning,0,0,23.1,24.704792,False,nbr,A,save/nbr
SimCLR,SimCLR-nbr-riemann,nbr,riemann,,all,all,age,fine_tuning,0,1,7.809524,10.486314,False,nbr,A,save/nbr
SimCLR,SimCLR-nbr-riemann,nbr,riemann,,all,all,age,fine_tuning,0,2,24.571428,22.302164,False,nbr,A,save/nbr
SimCLR,SimCLR-nbr-riemann,nbr,riemann,,all,all,age,fine_tuning,0,3,17.265957,18.162199,False,nbr,A,save/nbr
SimCLR,SimCLR-nbr-riemann,nbr,riemann,,all,all,age,fine_tuning,0,4,14.981818,14.436074,False,nbr,A,save/nbr
SimCLR,SimCLR-xsubj-cosine,xsubj,cosine,,all,all,age,fine_tuning,0,0,23.1,23.921303,False,nbr,A,save/nbr
SimCLR,SimCLR-xsubj-cosine,xsubj,cosine,,all,all,age,fine_tuning,0,1,7.809524,9.836586,False,nbr,A,save/nbr
SimCLR,SimCLR-xsubj-cosine,xsubj,cosine,,all,all,age,fine_tuning,0,2,24.571428,23.078779,False,nbr,A,save/nbr
SimCLR,SimCLR-xsubj-cosine,xsubj,cosine,,all,all,age,fine_tuning,0,3,17.265957,16.706244,False,nbr,A,save/nbr
SimCLR,SimCLR-xsubj-cosine,xsubj,cosine,,all,all,age,fine_tuning,0,4,14.981818,15.03447,False,nbr,A,save/nbr
SimCLR,SimCLR-xsubj-wasser,xsubj,wasserstein,,all,all,age,fine_tuning,0,0,23.1,23.727261,False,nbr,A,save/nbr
SimCLR,SimCLR-xsubj-wasser,xsubj,wasserstein,,all,all,age,fine_tuning,0,1,7.809524,10.296787,False,nbr,A,save/nbr
SimCLR,SimCLR-xsubj-wasser,xsubj,wasserstein,,all,all,age,fine_tuning,0,2,24.571428,22.951738,False,nbr,A,save/nbr
SimCLR,SimCLR-xsubj-wasser,xsubj,wasserstein,,all,all,age,fine_tuning,0,3,17.265957,17.648699,False,nbr,A,save/nbr
SimCLR,SimCLR-xsubj-wasser,xsubj,wasserstein,,all,all,age,fine_tuning,0,4,14.981818,15.013304,False,nbr,A,save/nbr
SimCLR,SimCLR-xsubj-riemann,xsubj,riemann,,all,all,age,fine_tuning,0,0,23.1,24.01277,False,nbr,A,save/nbr
SimCLR,SimCLR-xsubj-riemann,xsubj,riemann,,all,all,age,fine_tuning,0,1,7.809524,10.916069,False,nbr,A,save/nbr
SimCLR,SimCLR-xsubj-riemann,xsubj,riemann,,all,all,age,fine_tuning,0,2,24.571428,19.61961,False,nbr,A,save/nbr
SimCLR,SimCLR-xsubj-riemann,xsubj,riemann,,all,all,age,fine_tuning,0,3,17.265957,18.129055,False,nbr,A,save/nbr
SimCLR,SimCLR-xsubj-riemann,xsubj,riemann,,all,all,age,fine_tuning,0,4,14.981818,14.039204,False,nbr,A,save/nbr
SimCLR,SimCLR-diffage-cosine,diffage,cosine,,all,all,age,fine_tuning,0,0,23.1,23.621365,False,nbr,A,save/nbr
SimCLR,SimCLR-diffage-cosine,diffage,cosine,,all,all,age,fine_tuning,0,1,7.809524,10.134401,False,nbr,A,save/nbr
SimCLR,SimCLR-diffage-cosine,diffage,cosine,,all,all,age,fine_tuning,0,2,24.571428,21.698057,False,nbr,A,save/nbr
SimCLR,SimCLR-diffage-cosine,diffage,cosine,,all,all,age,fine_tuning,0,3,17.265957,16.956602,False,nbr,A,save/nbr
SimCLR,SimCLR-diffage-cosine,diffage,cosine,,all,all,age,fine_tuning,0,4,14.981818,14.393912,False,nbr,A,save/nbr
SimCLR,SimCLR-diffage-wasser,diffage,wasserstein,,all,all,age,fine_tuning,0,0,23.1,25.357647,False,nbr,A,save/nbr
SimCLR,SimCLR-diffage-wasser,diffage,wasserstein,,all,all,age,fine_tuning,0,1,7.809524,11.574169,False,nbr,A,save/nbr
SimCLR,SimCLR-diffage-wasser,diffage,wasserstein,,all,all,age,fine_tuning,0,2,24.571428,22.44467,False,nbr,A,save/nbr
SimCLR,SimCLR-diffage-wasser,diffage,wasserstein,,all,all,age,fine_tuning,0,3,17.265957,18.376335,False,nbr,A,save/nbr
SimCLR,SimCLR-diffage-wasser,diffage,wasserstein,,all,all,age,fine_tuning,0,4,14.981818,15.764657,False,nbr,A,save/nbr
SimCLR,SimCLR-diffage-riemann,diffage,riemann,,all,all,age,fine_tuning,0,0,23.1,25.027288,False,nbr,A,save/nbr
SimCLR,SimCLR-diffage-riemann,diffage,riemann,,all,all,age,fine_tuning,0,1,7.809524,10.429583,False,nbr,A,save/nbr
SimCLR,SimCLR-diffage-riemann,diffage,riemann,,all,all,age,fine_tuning,0,2,24.571428,21.329741,False,nbr,A,save/nbr
SimCLR,SimCLR-diffage-riemann,diffage,riemann,,all,all,age,fine_tuning,0,3,17.265957,18.441549,False,nbr,A,save/nbr
SimCLR,SimCLR-diffage-riemann,diffage,riemann,,all,all,age,fine_tuning,0,4,14.981818,14.540915,False,nbr,A,save/nbr
SimCLR,SimCLR,augment,,,all,all,age,linear_probe,1,0,22.484848,16.002554,False,nbr,A,save/nbr
SimCLR,SimCLR,augment,,,all,all,age,linear_probe,1,1,23.361702,22.519703,False,nbr,A,save/nbr
SimCLR,SimCLR,augment,,,all,all,age,linear_probe,1,2,8.131579,19.162228,False,nbr,A,save/nbr
SimCLR,SimCLR,augment,,,all,all,age,linear_probe,1,3,24.431654,22.704197,False,nbr,A,save/nbr
SimCLR,SimCLR,augment,,,all,all,age,linear_probe,1,4,10.466666,15.683061,False,nbr,A,save/nbr
SimCLR,SimCLR-nbr-cosine,nbr,cosine,,all,all,age,linear_probe,1,0,22.484848,21.061485,False,nbr,A,save/nbr
SimCLR,SimCLR-nbr-cosine,nbr,cosine,,all,all,age,linear_probe,1,1,23.361702,21.073561,False,nbr,A,save/nbr
SimCLR,SimCLR-nbr-cosine,nbr,cosine,,all,all,age,linear_probe,1,2,8.131579,13.612856,False,nbr,A,save/nbr
SimCLR,SimCLR-nbr-cosine,nbr,cosine,,all,all,age,linear_probe,1,3,24.431654,21.266594,False,nbr,A,save/nbr
SimCLR,SimCLR-nbr-cosine,nbr,cosine,,all,all,age,linear_probe,1,4,10.466666,11.365012,False,nbr,A,save/nbr
SimCLR,SimCLR-nbr-wasser,nbr,wasserstein,,all,all,age,linear_probe,1,0,22.484848,21.346195,False,nbr,A,save/nbr
SimCLR,SimCLR-nbr-wasser,nbr,wasserstein,,all,all,age,linear_probe,1,1,23.361702,22.696419,False,nbr,A,save/nbr
SimCLR,SimCLR-nbr-wasser,nbr,wasserstein,,all,all,age,linear_probe,1,2,8.131579,13.364552,False,nbr,A,save/nbr
SimCLR,SimCLR-nbr-wasser,nbr,wasserstein,,all,all,age,linear_probe,1,3,24.431654,21.910688,False,nbr,A,save/nbr
SimCLR,SimCLR-nbr-wasser,nbr,wasserstein,,all,all,age,linear_probe,1,4,10.466666,11.565234,False,nbr,A,save/nbr
SimCLR,SimCLR-nbr-riemann,nbr,riemann,,all,all,age,linear_probe,1,0,22.484848,20.771717,False,nbr,A,save/nbr
SimCLR,SimCLR-nbr-riemann,nbr,riemann,,all,all,age,linear_probe,1,1,23.361702,20.759678,False,nbr,A,save/nbr
SimCLR,SimCLR-nbr-riemann,nbr,riemann,,all,all,age,linear_probe,1,2,8.131579,12.663948,False,nbr,A,save/nbr
SimCLR,SimCLR-nbr-riemann,nbr,riemann,,all,all,age,linear_probe,1,3,24.431654,22.154383,False,nbr,A,save/nbr
SimCLR,SimCLR-nbr-riemann,nbr,riemann,,all,all,age,linear_probe,1,4,10.466666,12.962326,False,nbr,A,save/nbr
SimCLR,SimCLR-xsubj-cosine,xsubj,cosine,,all,all,age,linear_probe,1,0,22.484848,20.92247,False,nbr,A,save/nbr
SimCLR,SimCLR-xsubj-cosine,xsubj,cosine,,all,all,age,linear_probe,1,1,23.361702,20.938324,False,nbr,A,save/nbr
SimCLR,SimCLR-xsubj-cosine,xsubj,cosine,,all,all,age,linear_probe,1,2,8.131579,13.08418,False,nbr,A,save/nbr
SimCLR,SimCLR-xsubj-cosine,xsubj,cosine,,all,all,age,linear_probe,1,3,24.431654,24.579134,False,nbr,A,save/nbr
SimCLR,SimCLR-xsubj-cosine,xsubj,cosine,,all,all,age,linear_probe,1,4,10.466666,11.073613,False,nbr,A,save/nbr
SimCLR,SimCLR-xsubj-wasser,xsubj,wasserstein,,all,all,age,linear_probe,1,0,22.484848,20.00614,False,nbr,A,save/nbr
SimCLR,SimCLR-xsubj-wasser,xsubj,wasserstein,,all,all,age,linear_probe,1,1,23.361702,20.874119,False,nbr,A,save/nbr
SimCLR,SimCLR-xsubj-wasser,xsubj,wasserstein,,all,all,age,linear_probe,1,2,8.131579,13.232445,False,nbr,A,save/nbr
SimCLR,SimCLR-xsubj-wasser,xsubj,wasserstein,,all,all,age,linear_probe,1,3,24.431654,23.727564,False,nbr,A,save/nbr
SimCLR,SimCLR-xsubj-wasser,xsubj,wasserstein,,all,all,age,linear_probe,1,4,10.466666,11.501916,False,nbr,A,save/nbr
SimCLR,SimCLR-xsubj-riemann,xsubj,riemann,,all,all,age,linear_probe,1,0,22.484848,20.674788,False,nbr,A,save/nbr
SimCLR,SimCLR-xsubj-riemann,xsubj,riemann,,all,all,age,linear_probe,1,1,23.361702,21.464199,False,nbr,A,save/nbr
SimCLR,SimCLR-xsubj-riemann,xsubj,riemann,,all,all,age,linear_probe,1,2,8.131579,14.509067,False,nbr,A,save/nbr
SimCLR,SimCLR-xsubj-riemann,xsubj,riemann,,all,all,age,linear_probe,1,3,24.431654,22.869211,False,nbr,A,save/nbr
SimCLR,SimCLR-xsubj-riemann,xsubj,riemann,,all,all,age,linear_probe,1,4,10.466666,10.203643,False,nbr,A,save/nbr
SimCLR,SimCLR-diffage-cosine,diffage,cosine,,all,all,age,linear_probe,1,0,22.484848,18.878431,False,nbr,A,save/nbr
SimCLR,SimCLR-diffage-cosine,diffage,cosine,,all,all,age,linear_probe,1,1,23.361702,20.746273,False,nbr,A,save/nbr
SimCLR,SimCLR-diffage-cosine,diffage,cosine,,all,all,age,linear_probe,1,2,8.131579,16.714172,False,nbr,A,save/nbr
SimCLR,SimCLR-diffage-cosine,diffage,cosine,,all,all,age,linear_probe,1,3,24.431654,21.846542,False,nbr,A,save/nbr
SimCLR,SimCLR-diffage-cosine,diffage,cosine,,all,all,age,linear_probe,1,4,10.466666,14.39838,False,nbr,A,save/nbr
SimCLR,SimCLR-diffage-wasser,diffage,wasserstein,,all,all,age,linear_probe,1,0,22.484848,19.265635,False,nbr,A,save/nbr
SimCLR,SimCLR-diffage-wasser,diffage,wasserstein,,all,all,age,linear_probe,1,1,23.361702,22.449936,False,nbr,A,save/nbr
SimCLR,SimCLR-diffage-wasser,diffage,wasserstein,,all,all,age,linear_probe,1,2,8.131579,12.009925,False,nbr,A,save/nbr
SimCLR,SimCLR-diffage-wasser,diffage,wasserstein,,all,all,age,linear_probe,1,3,24.431654,22.090359,False,nbr,A,save/nbr
SimCLR,SimCLR-diffage-wasser,diffage,wasserstein,,all,all,age,linear_probe,1,4,10.466666,11.936819,False,nbr,A,save/nbr
SimCLR,SimCLR-diffage-riemann,diffage,riemann,,all,all,age,linear_probe,1,0,22.484848,18.123896,False,nbr,A,save/nbr
SimCLR,SimCLR-diffage-riemann,diffage,riemann,,all,all,age,linear_probe,1,1,23.361702,22.753065,False,nbr,A,save/nbr
SimCLR,SimCLR-diffage-riemann,diffage,riemann,,all,all,age,linear_probe,1,2,8.131579,11.981998,False,nbr,A,save/nbr
SimCLR,SimCLR-diffage-riemann,diffage,riemann,,all,all,age,linear_probe,1,3,24.431654,21.843237,False,nbr,A,save/nbr
SimCLR,SimCLR-diffage-riemann,diffage,riemann,,all,all,age,linear_probe,1,4,10.466666,14.659557,False,nbr,A,save/nbr
SimCLR,SimCLR,augment,,,all,all,age,fine_tuning,1,0,22.484848,23.550182,False,nbr,A,save/nbr
SimCLR,SimCLR,augment,,,all,all,age,fine_tuning,1,1,23.361702,24.594276,False,nbr,A,save/nbr
SimCLR,SimCLR,augment,,,all,all,age,fine_tuning,1,2,8.131579,12.646772,False,nbr,A,save/nbr
SimCLR,SimCLR,augment,,,all,all,age,fine_tuning,1,3,24.431654,28.042595,False,nbr,A,save/nbr
SimCLR,SimCLR,augment,,,all,all,age,fine_tuning,1,4,10.466666,11.141706,False,nbr,A,save/nbr
SimCLR,SimCLR-nbr-cosine,nbr,cosine,,all,all,age,fine_tuning,1,0,22.484848,23.117802,False,nbr,A,save/nbr
SimCLR,SimCLR-nbr-cosine,nbr,cosine,,all,all,age,fine_tuning,1,1,23.361702,20.272144,False,nbr,A,save/nbr
SimCLR,SimCLR-nbr-cosine,nbr,cosine,,all,all,age,fine_tuning,1,2,8.131579,11.396579,False,nbr,A,save/nbr
SimCLR,SimCLR-nbr-cosine,nbr,cosine,,all,all,age,fine_tuning,1,3,24.431654,24.315651,False,nbr,A,save/nbr
SimCLR,SimCLR-nbr-cosine,nbr,cosine,,all,all,age,fine_tuning,1,4,10.466666,9.988462,False,nbr,A,save/nbr
SimCLR,SimCLR-nbr-wasser,nbr,wasserstein,,all,all,age,fine_tuning,1,0,22.484848,24.961721,False,nbr,A,save/nbr
SimCLR,SimCLR-nbr-wasser,nbr,wasserstein,,all,all,age,fine_tuning,1,1,23.361702,25.018682,False,nbr,A,save/nbr
SimCLR,SimCLR-nbr-wasser,nbr,wasserstein,,all,all,age,fine_tuning,1,2,8.131579,11.510907,False,nbr,A,save/nbr
SimCLR,SimCLR-nbr-wasser,nbr,wasserstein,,all,all,age,fine_tuning,1,3,24.431654,25.66334,False,nbr,A,save/nbr
SimCLR,SimCLR-nbr-wasser,nbr,wasserstein,,all,all,age,fine_tuning,1,4,10.466666,13.204943,False,nbr,A,save/nbr
SimCLR,SimCLR-nbr-riemann,nbr,riemann,,all,all,age,fine_tuning,1,0,22.484848,23.076277,False,nbr,A,save/nbr
SimCLR,SimCLR-nbr-riemann,nbr,riemann,,all,all,age,fine_tuning,1,1,23.361702,20.157442,False,nbr,A,save/nbr
SimCLR,SimCLR-nbr-riemann,nbr,riemann,,all,all,age,fine_tuning,1,2,8.131579,9.186763,False,nbr,A,save/nbr
SimCLR,SimCLR-nbr-riemann,nbr,riemann,,all,all,age,fine_tuning,1,3,24.431654,24.777159,False,nbr,A,save/nbr
SimCLR,SimCLR-nbr-riemann,nbr,riemann,,all,all,age,fine_tuning,1,4,10.466666,10.516362,False,nbr,A,save/nbr
SimCLR,SimCLR-xsubj-cosine,xsubj,cosine,,all,all,age,fine_tuning,1,0,22.484848,23.111086,False,nbr,A,save/nbr
SimCLR,SimCLR-xsubj-cosine,xsubj,cosine,,all,all,age,fine_tuning,1,1,23.361702,22.10465,False,nbr,A,save/nbr
SimCLR,SimCLR-xsubj-cosine,xsubj,cosine,,all,all,age,fine_tuning,1,2,8.131579,10.01626,False,nbr,A,save/nbr
SimCLR,SimCLR-xsubj-cosine,xsubj,cosine,,all,all,age,fine_tuning,1,3,24.431654,24.437508,False,nbr,A,save/nbr
SimCLR,SimCLR-xsubj-cosine,xsubj,cosine,,all,all,age,fine_tuning,1,4,10.466666,9.640158,False,nbr,A,save/nbr
SimCLR,SimCLR-xsubj-wasser,xsubj,wasserstein,,all,all,age,fine_tuning,1,0,22.484848,23.016575,False,nbr,A,save/nbr
SimCLR,SimCLR-xsubj-wasser,xsubj,wasserstein,,all,all,age,fine_tuning,1,1,23.361702,18.456244,False,nbr,A,save/nbr
SimCLR,SimCLR-xsubj-wasser,xsubj,wasserstein,,all,all,age,fine_tuning,1,2,8.131579,9.493672,False,nbr,A,save/nbr
SimCLR,SimCLR-xsubj-wasser,xsubj,wasserstein,,all,all,age,fine_tuning,1,3,24.431654,23.273722,False,nbr,A,save/nbr
SimCLR,SimCLR-xsubj-wasser,xsubj,wasserstein,,all,all,age,fine_tuning,1,4,10.466666,10.235392,False,nbr,A,save/nbr
SimCLR,SimCLR-xsubj-riemann,xsubj,riemann,,all,all,age,fine_tuning,1,0,22.484848,22.818546,False,nbr,A,save/nbr
SimCLR,SimCLR-xsubj-riemann,xsubj,riemann,,all,all,age,fine_tuning,1,1,23.361702,22.282249,False,nbr,A,save/nbr
SimCLR,SimCLR-xsubj-riemann,xsubj,riemann,,all,all,age,fine_tuning,1,2,8.131579,10.312314,False,nbr,A,save/nbr
SimCLR,SimCLR-xsubj-riemann,xsubj,riemann,,all,all,age,fine_tuning,1,3,24.431654,23.661407,False,nbr,A,save/nbr
SimCLR,SimCLR-xsubj-riemann,xsubj,riemann,,all,all,age,fine_tuning,1,4,10.466666,9.968428,False,nbr,A,save/nbr
SimCLR,SimCLR-diffage-cosine,diffage,cosine,,all,all,age,fine_tuning,1,0,22.484848,21.648293,False,nbr,A,save/nbr
SimCLR,SimCLR-diffage-cosine,diffage,cosine,,all,all,age,fine_tuning,1,1,23.361702,22.216461,False,nbr,A,save/nbr
SimCLR,SimCLR-diffage-cosine,diffage,cosine,,all,all,age,fine_tuning,1,2,8.131579,8.925042,False,nbr,A,save/nbr
SimCLR,SimCLR-diffage-cosine,diffage,cosine,,all,all,age,fine_tuning,1,3,24.431654,23.471807,False,nbr,A,save/nbr
SimCLR,SimCLR-diffage-cosine,diffage,cosine,,all,all,age,fine_tuning,1,4,10.466666,9.339458,False,nbr,A,save/nbr
SimCLR,SimCLR-diffage-wasser,diffage,wasserstein,,all,all,age,fine_tuning,1,0,22.484848,23.078686,False,nbr,A,save/nbr
SimCLR,SimCLR-diffage-wasser,diffage,wasserstein,,all,all,age,fine_tuning,1,1,23.361702,22.844912,False,nbr,A,save/nbr
SimCLR,SimCLR-diffage-wasser,diffage,wasserstein,,all,all,age,fine_tuning,1,2,8.131579,9.884789,False,nbr,A,save/nbr
SimCLR,SimCLR-diffage-wasser,diffage,wasserstein,,all,all,age,fine_tuning,1,3,24.431654,26.163031,False,nbr,A,save/nbr
SimCLR,SimCLR-diffage-wasser,diffage,wasserstein,,all,all,age,fine_tuning,1,4,10.466666,9.423069,False,nbr,A,save/nbr
SimCLR,SimCLR-diffage-riemann,diffage,riemann,,all,all,age,fine_tuning,1,0,22.484848,23.823132,False,nbr,A,save/nbr
SimCLR,SimCLR-diffage-riemann,diffage,riemann,,all,all,age,fine_tuning,1,1,23.361702,22.888433,False,nbr,A,save/nbr
SimCLR,SimCLR-diffage-riemann,diffage,riemann,,all,all,age,fine_tuning,1,2,8.131579,11.128164,False,nbr,A,save/nbr
SimCLR,SimCLR-diffage-riemann,diffage,riemann,,all,all,age,fine_tuning,1,3,24.431654,26.059759,False,nbr,A,save/nbr
SimCLR,SimCLR-diffage-riemann,diffage,riemann,,all,all,age,fine_tuning,1,4,10.466666,10.504562,False,nbr,A,save/nbr
SimCLR,SimCLR,augment,,,all,all,age,linear_probe,2,0,13.857142,19.962217,False,nbr,A,save/nbr
SimCLR,SimCLR,augment,,,all,all,age,linear_probe,2,1,16.74074,21.553854,False,nbr,A,save/nbr
SimCLR,SimCLR,augment,,,all,all,age,linear_probe,2,2,27.48,23.590851,False,nbr,A,save/nbr
SimCLR,SimCLR,augment,,,all,all,age,linear_probe,2,3,17.288889,18.707878,False,nbr,A,save/nbr
SimCLR,SimCLR,augment,,,all,all,age,linear_probe,2,4,36.0,18.504505,False,nbr,A,save/nbr
SimCLR,SimCLR-nbr-cosine,nbr,cosine,,all,all,age,linear_probe,2,0,13.857142,9.461919,False,nbr,A,save/nbr
SimCLR,SimCLR-nbr-cosine,nbr,cosine,,all,all,age,linear_probe,2,1,16.74074,16.812754,False,nbr,A,save/nbr
SimCLR,SimCLR-nbr-cosine,nbr,cosine,,all,all,age,linear_probe,2,2,27.48,26.219852,False,nbr,A,save/nbr
SimCLR,SimCLR-nbr-cosine,nbr,cosine,,all,all,age,linear_probe,2,3,17.288889,19.721668,False,nbr,A,save/nbr
SimCLR,SimCLR-nbr-cosine,nbr,cosine,,all,all,age,linear_probe,2,4,36.0,27.10552,False,nbr,A,save/nbr
SimCLR,SimCLR-nbr-wasser,nbr,wasserstein,,all,all,age,linear_probe,2,0,13.857142,5.657879,False,nbr,A,save/nbr
SimCLR,SimCLR-nbr-wasser,nbr,wasserstein,,all,all,age,linear_probe,2,1,16.74074,16.050486,False,nbr,A,save/nbr
SimCLR,SimCLR-nbr-wasser,nbr,wasserstein,,all,all,age,linear_probe,2,2,27.48,26.721088,False,nbr,A,save/nbr
SimCLR,SimCLR-nbr-wasser,nbr,wasserstein,,all,all,age,linear_probe,2,3,17.288889,19.63237,False,nbr,A,save/nbr
SimCLR,SimCLR-nbr-wasser,nbr,wasserstein,,all,all,age,linear_probe,2,4,36.0,24.654247,False,nbr,A,save/nbr
SimCLR,SimCLR-nbr-riemann,nbr,riemann,,all,all,age,linear_probe,2,0,13.857142,7.442416,False,nbr,A,save/nbr
SimCLR,SimCLR-nbr-riemann,nbr,riemann,,all,all,age,linear_probe,2,1,16.74074,15.710668,False,nbr,A,save/nbr
SimCLR,SimCLR-nbr-riemann,nbr,riemann,,all,all,age,linear_probe,2,2,27.48,27.640398,False,nbr,A,save/nbr
SimCLR,SimCLR-nbr-riemann,nbr,riemann,,all,all,age,linear_probe,2,3,17.288889,19.932953,False,nbr,A,save/nbr
SimCLR,SimCLR-nbr-riemann,nbr,riemann,,all,all,age,linear_probe,2,4,36.0,24.469692,False,nbr,A,save/nbr
SimCLR,SimCLR-xsubj-cosine,xsubj,cosine,,all,all,age,linear_probe,2,0,13.857142,8.23828,False,nbr,A,save/nbr
SimCLR,SimCLR-xsubj-cosine,xsubj,cosine,,all,all,age,linear_probe,2,1,16.74074,13.797075,False,nbr,A,save/nbr
SimCLR,SimCLR-xsubj-cosine,xsubj,cosine,,all,all,age,linear_probe,2,2,27.48,25.575047,False,nbr,A,save/nbr
SimCLR,SimCLR-xsubj-cosine,xsubj,cosine,,all,all,age,linear_probe,2,3,17.288889,17.391233,False,nbr,A,save/nbr
SimCLR,SimCLR-xsubj-cosine,xsubj,cosine,,all,all,age,linear_probe,2,4,36.0,28.74991,False,nbr,A,save/nbr
SimCLR,SimCLR-xsubj-wasser,xsubj,wasserstein,,all,all,age,linear_probe,2,0,13.857142,8.543452,False,nbr,A,save/nbr
SimCLR,SimCLR-xsubj-wasser,xsubj,wasserstein,,all,all,age,linear_probe,2,1,16.74074,14.984694,False,nbr,A,save/nbr
SimCLR,SimCLR-xsubj-wasser,xsubj,wasserstein,,all,all,age,linear_probe,2,2,27.48,26.553761,False,nbr,A,save/nbr
SimCLR,SimCLR-xsubj-wasser,xsubj,wasserstein,,all,all,age,linear_probe,2,3,17.288889,17.436926,False,nbr,A,save/nbr
SimCLR,SimCLR-xsubj-wasser,xsubj,wasserstein,,all,all,age,linear_probe,2,4,36.0,29.507162,False,nbr,A,save/nbr
SimCLR,SimCLR-xsubj-riemann,xsubj,riemann,,all,all,age,linear_probe,2,0,13.857142,9.976767,False,nbr,A,save/nbr
SimCLR,SimCLR-xsubj-riemann,xsubj,riemann,,all,all,age,linear_probe,2,1,16.74074,14.113103,False,nbr,A,save/nbr
SimCLR,SimCLR-xsubj-riemann,xsubj,riemann,,all,all,age,linear_probe,2,2,27.48,26.297792,False,nbr,A,save/nbr
SimCLR,SimCLR-xsubj-riemann,xsubj,riemann,,all,all,age,linear_probe,2,3,17.288889,17.135368,False,nbr,A,save/nbr
SimCLR,SimCLR-xsubj-riemann,xsubj,riemann,,all,all,age,linear_probe,2,4,36.0,28.879679,False,nbr,A,save/nbr
SimCLR,SimCLR-diffage-cosine,diffage,cosine,,all,all,age,linear_probe,2,0,13.857142,13.305548,False,nbr,A,save/nbr
SimCLR,SimCLR-diffage-cosine,diffage,cosine,,all,all,age,linear_probe,2,1,16.74074,18.100271,False,nbr,A,save/nbr
SimCLR,SimCLR-diffage-cosine,diffage,cosine,,all,all,age,linear_probe,2,2,27.48,24.757343,False,nbr,A,save/nbr
SimCLR,SimCLR-diffage-cosine,diffage,cosine,,all,all,age,linear_probe,2,3,17.288889,18.127661,False,nbr,A,save/nbr
SimCLR,SimCLR-diffage-cosine,diffage,cosine,,all,all,age,linear_probe,2,4,36.0,22.919559,False,nbr,A,save/nbr
SimCLR,SimCLR-diffage-wasser,diffage,wasserstein,,all,all,age,linear_probe,2,0,13.857142,13.282939,False,nbr,A,save/nbr
SimCLR,SimCLR-diffage-wasser,diffage,wasserstein,,all,all,age,linear_probe,2,1,16.74074,16.61598,False,nbr,A,save/nbr
SimCLR,SimCLR-diffage-wasser,diffage,wasserstein,,all,all,age,linear_probe,2,2,27.48,24.709888,False,nbr,A,save/nbr
SimCLR,SimCLR-diffage-wasser,diffage,wasserstein,,all,all,age,linear_probe,2,3,17.288889,18.380022,False,nbr,A,save/nbr
SimCLR,SimCLR-diffage-wasser,diffage,wasserstein,,all,all,age,linear_probe,2,4,36.0,23.905029,False,nbr,A,save/nbr
SimCLR,SimCLR-diffage-riemann,diffage,riemann,,all,all,age,linear_probe,2,0,13.857142,9.902005,False,nbr,A,save/nbr
SimCLR,SimCLR-diffage-riemann,diffage,riemann,,all,all,age,linear_probe,2,1,16.74074,14.196942,False,nbr,A,save/nbr
SimCLR,SimCLR-diffage-riemann,diffage,riemann,,all,all,age,linear_probe,2,2,27.48,26.160385,False,nbr,A,save/nbr
SimCLR,SimCLR-diffage-riemann,diffage,riemann,,all,all,age,linear_probe,2,3,17.288889,16.938139,False,nbr,A,save/nbr
SimCLR,SimCLR-diffage-riemann,diffage,riemann,,all,all,age,linear_probe,2,4,36.0,20.954815,False,nbr,A,save/nbr
SimCLR,SimCLR,augment,,,all,all,age,fine_tuning,2,0,13.857142,11.865446,False,nbr,A,save/nbr
SimCLR,SimCLR,augment,,,all,all,age,fine_tuning,2,1,16.74074,11.702845,False,nbr,A,save/nbr
SimCLR,SimCLR,augment,,,all,all,age,fine_tuning,2,2,27.48,27.475374,False,nbr,A,save/nbr
SimCLR,SimCLR,augment,,,all,all,age,fine_tuning,2,3,17.288889,16.341227,False,nbr,A,save/nbr
SimCLR,SimCLR,augment,,,all,all,age,fine_tuning,2,4,36.0,33.722893,False,nbr,A,save/nbr
SimCLR,SimCLR-nbr-cosine,nbr,cosine,,all,all,age,fine_tuning,2,0,13.857142,12.68945,False,nbr,A,save/nbr
SimCLR,SimCLR-nbr-cosine,nbr,cosine,,all,all,age,fine_tuning,2,1,16.74074,15.002308,False,nbr,A,save/nbr
SimCLR,SimCLR-nbr-cosine,nbr,cosine,,all,all,age,fine_tuning,2,2,27.48,28.437464,False,nbr,A,save/nbr
SimCLR,SimCLR-nbr-cosine,nbr,cosine,,all,all,age,fine_tuning,2,3,17.288889,16.769403,False,nbr,A,save/nbr
SimCLR,SimCLR-nbr-cosine,nbr,cosine,,all,all,age,fine_tuning,2,4,36.0,35.256741,False,nbr,A,save/nbr
SimCLR,SimCLR-nbr-wasser,nbr,wasserstein,,all,all,age,fine_tuning,2,0,13.857142,10.236397,False,nbr,A,save/nbr
SimCLR,SimCLR-nbr-wasser,nbr,wasserstein,,all,all,age,fine_tuning,2,1,16.74074,14.500447,False,nbr,A,save/nbr
SimCLR,SimCLR-nbr-wasser,nbr,wasserstein,,all,all,age,fine_tuning,2,2,27.48,27.164474,False,nbr,A,save/nbr
SimCLR,SimCLR-nbr-wasser,nbr,wasserstein,,all,all,age,fine_tuning,2,3,17.288889,15.903159,False,nbr,A,save/nbr
SimCLR,SimCLR-nbr-wasser,nbr,wasserstein,,all,all,age,fine_tuning,2,4,36.0,35.531597,False,nbr,A,save/nbr
SimCLR,SimCLR-nbr-riemann,nbr,riemann,,all,all,age,fine_tuning,2,0,13.857142,11.405917,False,nbr,A,save/nbr
SimCLR,SimCLR-nbr-riemann,nbr,riemann,,all,all,age,fine_tuning,2,1,16.74074,14.739216,False,nbr,A,save/nbr
SimCLR,SimCLR-nbr-riemann,nbr,riemann,,all,all,age,fine_tuning,2,2,27.48,27.081177,False,nbr,A,save/nbr
SimCLR,SimCLR-nbr-riemann,nbr,riemann,,all,all,age,fine_tuning,2,3,17.288889,16.370626,False,nbr,A,save/nbr
SimCLR,SimCLR-nbr-riemann,nbr,riemann,,all,all,age,fine_tuning,2,4,36.0,35.712093,False,nbr,A,save/nbr
SimCLR,SimCLR-xsubj-cosine,xsubj,cosine,,all,all,age,fine_tuning,2,0,13.857142,11.465014,False,nbr,A,save/nbr
SimCLR,SimCLR-xsubj-cosine,xsubj,cosine,,all,all,age,fine_tuning,2,1,16.74074,14.792459,False,nbr,A,save/nbr
SimCLR,SimCLR-xsubj-cosine,xsubj,cosine,,all,all,age,fine_tuning,2,2,27.48,27.409651,False,nbr,A,save/nbr
SimCLR,SimCLR-xsubj-cosine,xsubj,cosine,,all,all,age,fine_tuning,2,3,17.288889,15.902357,False,nbr,A,save/nbr
SimCLR,SimCLR-xsubj-cosine,xsubj,cosine,,all,all,age,fine_tuning,2,4,36.0,33.113033,False,nbr,A,save/nbr
SimCLR,SimCLR-xsubj-wasser,xsubj,wasserstein,,all,all,age,fine_tuning,2,0,13.857142,12.0373,False,nbr,A,save/nbr
SimCLR,SimCLR-xsubj-wasser,xsubj,wasserstein,,all,all,age,fine_tuning,2,1,16.74074,15.032532,False,nbr,A,save/nbr
SimCLR,SimCLR-xsubj-wasser,xsubj,wasserstein,,all,all,age,fine_tuning,2,2,27.48,27.647158,False,nbr,A,save/nbr
SimCLR,SimCLR-xsubj-wasser,xsubj,wasserstein,,all,all,age,fine_tuning,2,3,17.288889,15.396201,False,nbr,A,save/nbr
SimCLR,SimCLR-xsubj-wasser,xsubj,wasserstein,,all,all,age,fine_tuning,2,4,36.0,34.123829,False,nbr,A,save/nbr
SimCLR,SimCLR-xsubj-riemann,xsubj,riemann,,all,all,age,fine_tuning,2,0,13.857142,10.761669,False,nbr,A,save/nbr
SimCLR,SimCLR-xsubj-riemann,xsubj,riemann,,all,all,age,fine_tuning,2,1,16.74074,12.481437,False,nbr,A,save/nbr
SimCLR,SimCLR-xsubj-riemann,xsubj,riemann,,all,all,age,fine_tuning,2,2,27.48,26.568161,False,nbr,A,save/nbr
SimCLR,SimCLR-xsubj-riemann,xsubj,riemann,,all,all,age,fine_tuning,2,3,17.288889,14.953289,False,nbr,A,save/nbr
SimCLR,SimCLR-xsubj-riemann,xsubj,riemann,,all,all,age,fine_tuning,2,4,36.0,35.654385,False,nbr,A,save/nbr
SimCLR,SimCLR-diffage-cosine,diffage,cosine,,all,all,age,fine_tuning,2,0,13.857142,10.970291,False,nbr,A,save/nbr
SimCLR,SimCLR-diffage-cosine,diffage,cosine,,all,all,age,fine_tuning,2,1,16.74074,10.478612,False,nbr,A,save/nbr
SimCLR,SimCLR-diffage-cosine,diffage,cosine,,all,all,age,fine_tuning,2,2,27.48,25.969685,False,nbr,A,save/nbr
SimCLR,SimCLR-diffage-cosine,diffage,cosine,,all,all,age,fine_tuning,2,3,17.288889,15.264241,False,nbr,A,save/nbr
SimCLR,SimCLR-diffage-cosine,diffage,cosine,,all,all,age,fine_tuning,2,4,36.0,32.394276,False,nbr,A,save/nbr
SimCLR,SimCLR-diffage-wasser,diffage,wasserstein,,all,all,age,fine_tuning,2,0,13.857142,14.884732,False,nbr,A,save/nbr
SimCLR,SimCLR-diffage-wasser,diffage,wasserstein,,all,all,age,fine_tuning,2,1,16.74074,17.343674,False,nbr,A,save/nbr
SimCLR,SimCLR-diffage-wasser,diffage,wasserstein,,all,all,age,fine_tuning,2,2,27.48,30.678499,False,nbr,A,save/nbr
SimCLR,SimCLR-diffage-wasser,diffage,wasserstein,,all,all,age,fine_tuning,2,3,17.288889,20.056931,False,nbr,A,save/nbr
SimCLR,SimCLR-diffage-wasser,diffage,wasserstein,,all,all,age,fine_tuning,2,4,36.0,36.07745,False,nbr,A,save/nbr
SimCLR,SimCLR-diffage-riemann,diffage,riemann,,all,all,age,fine_tuning,2,0,13.857142,12.858556,False,nbr,A,save/nbr
SimCLR,SimCLR-diffage-riemann,diffage,riemann,,all,all,age,fine_tuning,2,1,16.74074,13.501678,False,nbr,A,save/nbr
SimCLR,SimCLR-diffage-riemann,diffage,riemann,,all,all,age,fine_tuning,2,2,27.48,26.677696,False,nbr,A,save/nbr
SimCLR,SimCLR-diffage-riemann,diffage,riemann,,all,all,age,fine_tuning,2,3,17.288889,15.935759,False,nbr,A,save/nbr
SimCLR,SimCLR-diffage-riemann,diffage,riemann,,all,all,age,fine_tuning,2,4,36.0,34.286221,False,nbr,A,save/nbr
SimCLR,SimCLR,augment,,,all,all,age,linear_probe,3,0,20.033897,17.413677,False,nbr,A,save/nbr
SimCLR,SimCLR,augment,,,all,all,age,linear_probe,3,1,10.086957,19.118076,False,nbr,A,save/nbr
SimCLR,SimCLR,augment,,,all,all,age,linear_probe,3,2,12.6,14.553706,False,nbr,A,save/nbr
SimCLR,SimCLR,augment,,,all,all,age,linear_probe,3,3,13.517241,15.52236,False,nbr,A,save/nbr
SimCLR,SimCLR,augment,,,all,all,age,linear_probe,3,4,25.104347,21.152737,False,nbr,A,save/nbr
SimCLR,SimCLR-nbr-cosine,nbr,cosine,,all,all,age,linear_probe,3,0,20.033897,20.181622,False,nbr,A,save/nbr
SimCLR,SimCLR-nbr-cosine,nbr,cosine,,all,all,age,linear_probe,3,1,10.086957,11.378436,False,nbr,A,save/nbr
SimCLR,SimCLR-nbr-cosine,nbr,cosine,,all,all,age,linear_probe,3,2,12.6,15.365417,False,nbr,A,save/nbr
SimCLR,SimCLR-nbr-cosine,nbr,cosine,,all,all,age,linear_probe,3,3,13.517241,13.218417,False,nbr,A,save/nbr
SimCLR,SimCLR-nbr-cosine,nbr,cosine,,all,all,age,linear_probe,3,4,25.104347,24.36754,False,nbr,A,save/nbr
SimCLR,SimCLR-nbr-wasser,nbr,wasserstein,,all,all,age,linear_probe,3,0,20.033897,20.606152,False,nbr,A,save/nbr
SimCLR,SimCLR-nbr-wasser,nbr,wasserstein,,all,all,age,linear_probe,3,1,10.086957,11.240654,False,nbr,A,save/nbr
SimCLR,SimCLR-nbr-wasser,nbr,wasserstein,,all,all,age,linear_probe,3,2,12.6,13.824806,False,nbr,A,save/nbr
SimCLR,SimCLR-nbr-wasser,nbr,wasserstein,,all,all,age,linear_probe,3,3,13.517241,13.607201,False,nbr,A,save/nbr
SimCLR,SimCLR-nbr-wasser,nbr,wasserstein,,all,all,age,linear_probe,3,4,25.104347,23.607706,False,nbr,A,save/nbr
SimCLR,SimCLR-nbr-riemann,nbr,riemann,,all,all,age,linear_probe,3,0,20.033897,20.678583,False,nbr,A,save/nbr
SimCLR,SimCLR-nbr-riemann,nbr,riemann,,all,all,age,linear_probe,3,1,10.086957,9.40816,False,nbr,A,save/nbr
SimCLR,SimCLR-nbr-riemann,nbr,riemann,,all,all,age,linear_probe,3,2,12.6,15.949999,False,nbr,A,save/nbr
SimCLR,SimCLR-nbr-riemann,nbr,riemann,,all,all,age,linear_probe,3,3,13.517241,14.072003,False,nbr,A,save/nbr
SimCLR,SimCLR-nbr-riemann,nbr,riemann,,all,all,age,linear_probe,3,4,25.104347,23.342447,False,nbr,A,save/nbr
SimCLR,SimCLR-xsubj-cosine,xsubj,cosine,,all,all,age,linear_probe,3,0,20.033897,18.805258,False,nbr,A,save/nbr
SimCLR,SimCLR-xsubj-cosine,xsubj,cosine,,all,all,age,linear_probe,3,1,10.086957,9.894076,False,nbr,A,save/nbr
SimCLR,SimCLR-xsubj-cosine,xsubj,cosine,,all,all,age,linear_probe,3,2,12.6,12.65625,False,nbr,A,save/nbr
SimCLR,SimCLR-xsubj-cosine,xsubj,cosine,,all,all,age,linear_probe,3,3,13.517241,15.858944,False,nbr,A,save/nbr
SimCLR,SimCLR-xsubj-cosine,xsubj,cosine,,all,all,age,linear_probe,3,4,25.104347,23.065411,False,nbr,A,save/nbr
SimCLR,SimCLR-xsubj-wasser,xsubj,wasserstein,,all,all,age,linear_probe,3,0,20.033897,19.098949,False,nbr,A,save/nbr
SimCLR,SimCLR-xsubj-wasser,xsubj,wasserstein,,all,all,age,linear_probe,3,1,10.086957,10.875069,False,nbr,A,save/nbr
SimCLR,SimCLR-xsubj-wasser,xsubj,wasserstein,,all,all,age,linear_probe,3,2,12.6,13.563667,False,nbr,A,save/nbr
SimCLR,SimCLR-xsubj-wasser,xsubj,wasserstein,,all,all,age,linear_probe,3,3,13.517241,13.78273,False,nbr,A,save/nbr
SimCLR,SimCLR-xsubj-wasser,xsubj,wasserstein,,all,all,age,linear_probe,3,4,25.104347,23.757851,False,nbr,A,save/nbr
SimCLR,SimCLR-xsubj-riemann,xsubj,riemann,,all,all,age,linear_probe,3,0,20.033897,18.379436,False,nbr,A,save/nbr
SimCLR,SimCLR-xsubj-riemann,xsubj,riemann,,all,all,age,linear_probe,3,1,10.086957,10.731046,False,nbr,A,save/nbr
SimCLR,SimCLR-xsubj-riemann,xsubj,riemann,,all,all,age,linear_probe,3,2,12.6,12.379548,False,nbr,A,save/nbr
SimCLR,SimCLR-xsubj-riemann,xsubj,riemann,,all,all,age,linear_probe,3,3,13.517241,14.347466,False,nbr,A,save/nbr
SimCLR,SimCLR-xsubj-riemann,xsubj,riemann,,all,all,age,linear_probe,3,4,25.104347,22.37554,False,nbr,A,save/nbr
SimCLR,SimCLR-diffage-cosine,diffage,cosine,,all,all,age,linear_probe,3,0,20.033897,21.091555,False,nbr,A,save/nbr
SimCLR,SimCLR-diffage-cosine,diffage,cosine,,all,all,age,linear_probe,3,1,10.086957,15.556996,False,nbr,A,save/nbr
SimCLR,SimCLR-diffage-cosine,diffage,cosine,,all,all,age,linear_probe,3,2,12.6,14.891387,False,nbr,A,save/nbr
SimCLR,SimCLR-diffage-cosine,diffage,cosine,,all,all,age,linear_probe,3,3,13.517241,14.15727,False,nbr,A,save/nbr
SimCLR,SimCLR-diffage-cosine,diffage,cosine,,all,all,age,linear_probe,3,4,25.104347,23.416912,False,nbr,A,save/nbr
SimCLR,SimCLR-diffage-wasser,diffage,wasserstein,,all,all,age,linear_probe,3,0,20.033897,20.798237,False,nbr,A,save/nbr
SimCLR,SimCLR-diffage-wasser,diffage,wasserstein,,all,all,age,linear_probe,3,1,10.086957,15.715638,False,nbr,A,save/nbr
SimCLR,SimCLR-diffage-wasser,diffage,wasserstein,,all,all,age,linear_probe,3,2,12.6,17.372889,False,nbr,A,save/nbr
SimCLR,SimCLR-diffage-wasser,diffage,wasserstein,,all,all,age,linear_probe,3,3,13.517241,15.388439,False,nbr,A,save/nbr
SimCLR,SimCLR-diffage-wasser,diffage,wasserstein,,all,all,age,linear_probe,3,4,25.104347,24.479113,False,nbr,A,save/nbr
SimCLR,SimCLR-diffage-riemann,diffage,riemann,,all,all,age,linear_probe,3,0,20.033897,21.719919,False,nbr,A,save/nbr
SimCLR,SimCLR-diffage-riemann,diffage,riemann,,all,all,age,linear_probe,3,1,10.086957,15.129363,False,nbr,A,save/nbr
SimCLR,SimCLR-diffage-riemann,diffage,riemann,,all,all,age,linear_probe,3,2,12.6,12.673328,False,nbr,A,save/nbr
SimCLR,SimCLR-diffage-riemann,diffage,riemann,,all,all,age,linear_probe,3,3,13.517241,15.716352,False,nbr,A,save/nbr
SimCLR,SimCLR-diffage-riemann,diffage,riemann,,all,all,age,linear_probe,3,4,25.104347,24.829559,False,nbr,A,save/nbr
SimCLR,SimCLR,augment,,,all,all,age,fine_tuning,3,0,20.033897,19.938545,False,nbr,A,save/nbr
SimCLR,SimCLR,augment,,,all,all,age,fine_tuning,3,1,10.086957,11.263224,False,nbr,A,save/nbr
SimCLR,SimCLR,augment,,,all,all,age,fine_tuning,3,2,12.6,13.829332,False,nbr,A,save/nbr
SimCLR,SimCLR,augment,,,all,all,age,fine_tuning,3,3,13.517241,14.737428,False,nbr,A,save/nbr
SimCLR,SimCLR,augment,,,all,all,age,fine_tuning,3,4,25.104347,24.96574,False,nbr,A,save/nbr
SimCLR,SimCLR-nbr-cosine,nbr,cosine,,all,all,age,fine_tuning,3,0,20.033897,19.230284,False,nbr,A,save/nbr
SimCLR,SimCLR-nbr-cosine,nbr,cosine,,all,all,age,fine_tuning,3,1,10.086957,11.296881,False,nbr,A,save/nbr
SimCLR,SimCLR-nbr-cosine,nbr,cosine,,all,all,age,fine_tuning,3,2,12.6,13.138006,False,nbr,A,save/nbr
SimCLR,SimCLR-nbr-cosine,nbr,cosine,,all,all,age,fine_tuning,3,3,13.517241,13.239558,False,nbr,A,save/nbr
SimCLR,SimCLR-nbr-cosine,nbr,cosine,,all,all,age,fine_tuning,3,4,25.104347,23.452469,False,nbr,A,save/nbr
SimCLR,SimCLR-nbr-wasser,nbr,wasserstein,,all,all,age,fine_tuning,3,0,20.033897,20.000921,False,nbr,A,save/nbr
SimCLR,SimCLR-nbr-wasser,nbr,wasserstein,,all,all,age,fine_tuning,3,1,10.086957,11.396784,False,nbr,A,save/nbr
SimCLR,SimCLR-nbr-wasser,nbr,wasserstein,,all,all,age,fine_tuning,3,2,12.6,12.868081,False,nbr,A,save/nbr
SimCLR,SimCLR-nbr-wasser,nbr,wasserstein,,all,all,age,fine_tuning,3,3,13.517241,14.228072,False,nbr,A,save/nbr
SimCLR,SimCLR-nbr-wasser,nbr,wasserstein,,all,all,age,fine_tuning,3,4,25.104347,24.217756,False,nbr,A,save/nbr
SimCLR,SimCLR-nbr-riemann,nbr,riemann,,all,all,age,fine_tuning,3,0,20.033897,19.127922,False,nbr,A,save/nbr
SimCLR,SimCLR-nbr-riemann,nbr,riemann,,all,all,age,fine_tuning,3,1,10.086957,11.065366,False,nbr,A,save/nbr
SimCLR,SimCLR-nbr-riemann,nbr,riemann,,all,all,age,fine_tuning,3,2,12.6,13.423851,False,nbr,A,save/nbr
SimCLR,SimCLR-nbr-riemann,nbr,riemann,,all,all,age,fine_tuning,3,3,13.517241,14.495796,False,nbr,A,save/nbr
SimCLR,SimCLR-nbr-riemann,nbr,riemann,,all,all,age,fine_tuning,3,4,25.104347,24.483141,False,nbr,A,save/nbr
SimCLR,SimCLR-xsubj-cosine,xsubj,cosine,,all,all,age,fine_tuning,3,0,20.033897,19.5033,False,nbr,A,save/nbr
SimCLR,SimCLR-xsubj-cosine,xsubj,cosine,,all,all,age,fine_tuning,3,1,10.086957,11.443674,False,nbr,A,save/nbr
SimCLR,SimCLR-xsubj-cosine,xsubj,cosine,,all,all,age,fine_tuning,3,2,12.6,13.184124,False,nbr,A,save/nbr
SimCLR,SimCLR-xsubj-cosine,xsubj,cosine,,all,all,age,fine_tuning,3,3,13.517241,14.649429,False,nbr,A,save/nbr
SimCLR,SimCLR-xsubj-cosine,xsubj,cosine,,all,all,age,fine_tuning,3,4,25.104347,25.256516,False,nbr,A,save/nbr
SimCLR,SimCLR-xsubj-wasser,xsubj,wasserstein,,all,all,age,fine_tuning,3,0,20.033897,19.23303,False,nbr,A,save/nbr
SimCLR,SimCLR-xsubj-wasser,xsubj,wasserstein,,all,all,age,fine_tuning,3,1,10.086957,11.478431,False,nbr,A,save/nbr
SimCLR,SimCLR-xsubj-wasser,xsubj,wasserstein,,all,all,age,fine_tuning,3,2,12.6,13.346066,False,nbr,A,save/nbr
SimCLR,SimCLR-xsubj-wasser,xsubj,wasserstein,,all,all,age,fine_tuning,3,3,13.517241,15.888163,False,nbr,A,save/nbr
SimCLR,SimCLR-xsubj-wasser,xsubj,wasserstein,,all,all,age,fine_tuning,3,4,25.104347,24.757732,False,nbr,A,save/nbr
SimCLR,SimCLR-xsubj-riemann,xsubj,riemann,,all,all,age,fine_tuning,3,0,20.033897,19.419073,False,nbr,A,save/nbr
SimCLR,SimCLR-xsubj-riemann,xsubj,riemann,,all,all,age,fine_tuning,3,1,10.086957,12.284891,False,nbr,A,save/nbr
SimCLR,SimCLR-xsubj-riemann,xsubj,riemann,,all,all,age,fine_tuning,3,2,12.6,13.010855,False,nbr,A,save/nbr
SimCLR,SimCLR-xsubj-riemann,xsubj,riemann,,all,all,age,fine_tuning,3,3,13.517241,16.14333,False,nbr,A,save/nbr
SimCLR,SimCLR-xsubj-riemann,xsubj,riemann,,all,all,age,fine_tuning,3,4,25.104347,25.163263,False,nbr,A,save/nbr
SimCLR,SimCLR-diffage-cosine,diffage,cosine,,all,all,age,fine_tuning,3,0,20.033897,19.855141,False,nbr,A,save/nbr
SimCLR,SimCLR-diffage-cosine,diffage,cosine,,all,all,age,fine_tuning,3,1,10.086957,12.355327,False,nbr,A,save/nbr
SimCLR,SimCLR-diffage-cosine,diffage,cosine,,all,all,age,fine_tuning,3,2,12.6,12.830706,False,nbr,A,save/nbr
SimCLR,SimCLR-diffage-cosine,diffage,cosine,,all,all,age,fine_tuning,3,3,13.517241,14.248985,False,nbr,A,save/nbr
SimCLR,SimCLR-diffage-cosine,diffage,cosine,,all,all,age,fine_tuning,3,4,25.104347,24.759861,False,nbr,A,save/nbr
SimCLR,SimCLR-diffage-wasser,diffage,wasserstein,,all,all,age,fine_tuning,3,0,20.033897,18.269512,False,nbr,A,save/nbr
SimCLR,SimCLR-diffage-wasser,diffage,wasserstein,,all,all,age,fine_tuning,3,1,10.086957,10.333109,False,nbr,A,save/nbr
SimCLR,SimCLR-diffage-wasser,diffage,wasserstein,,all,all,age,fine_tuning,3,2,12.6,11.500896,False,nbr,A,save/nbr
SimCLR,SimCLR-diffage-wasser,diffage,wasserstein,,all,all,age,fine_tuning,3,3,13.517241,12.690183,False,nbr,A,save/nbr
SimCLR,SimCLR-diffage-wasser,diffage,wasserstein,,all,all,age,fine_tuning,3,4,25.104347,23.983549,False,nbr,A,save/nbr
SimCLR,SimCLR-diffage-riemann,diffage,riemann,,all,all,age,fine_tuning,3,0,20.033897,20.087093,False,nbr,A,save/nbr
SimCLR,SimCLR-diffage-riemann,diffage,riemann,,all,all,age,fine_tuning,3,1,10.086957,11.24306,False,nbr,A,save/nbr
SimCLR,SimCLR-diffage-riemann,diffage,riemann,,all,all,age,fine_tuning,3,2,12.6,12.854196,False,nbr,A,save/nbr
SimCLR,SimCLR-diffage-riemann,diffage,riemann,,all,all,age,fine_tuning,3,3,13.517241,14.755943,False,nbr,A,save/nbr
SimCLR,SimCLR-diffage-riemann,diffage,riemann,,all,all,age,fine_tuning,3,4,25.104347,24.356243,False,nbr,A,save/nbr
SimCLR,SimCLR,augment,,,all,all,age,linear_probe,4,0,12.185185,16.708502,False,nbr,A,save/nbr
SimCLR,SimCLR,augment,,,all,all,age,linear_probe,4,1,10.902439,16.351946,False,nbr,A,save/nbr
SimCLR,SimCLR,augment,,,all,all,age,linear_probe,4,2,7.125,15.397425,False,nbr,A,save/nbr
SimCLR,SimCLR,augment,,,all,all,age,linear_probe,4,3,31.799999,20.594398,False,nbr,A,save/nbr
SimCLR,SimCLR,augment,,,all,all,age,linear_probe,4,4,10.609756,22.612503,False,nbr,A,save/nbr
SimCLR,SimCLR-nbr-cosine,nbr,cosine,,all,all,age,linear_probe,4,0,12.185185,12.044495,False,nbr,A,save/nbr
SimCLR,SimCLR-nbr-cosine,nbr,cosine,,all,all,age,linear_probe,4,1,10.902439,11.207284,False,nbr,A,save/nbr
SimCLR,SimCLR-nbr-cosine,nbr,cosine,,all,all,age,linear_probe,4,2,7.125,13.522803,False,nbr,A,save/nbr
SimCLR,SimCLR-nbr-cosine,nbr,cosine,,all,all,age,linear_probe,4,3,31.799999,24.204803,False,nbr,A,save/nbr
SimCLR,SimCLR-nbr-cosine,nbr,cosine,,all,all,age,linear_probe,4,4,10.609756,15.319856,False,nbr,A,save/nbr
SimCLR,SimCLR-nbr-wasser,nbr,wasserstein,,all,all,age,linear_probe,4,0,12.185185,11.69818,False,nbr,A,save/nbr
SimCLR,SimCLR-nbr-wasser,nbr,wasserstein,,all,all,age,linear_probe,4,1,10.902439,12.145522,False,nbr,A,save/nbr
SimCLR,SimCLR-nbr-wasser,nbr,wasserstein,,all,all,age,linear_probe,4,2,7.125,13.446775,False,nbr,A,save/nbr
SimCLR,SimCLR-nbr-wasser,nbr,wasserstein,,all,all,age,linear_probe,4,3,31.799999,23.885426,False,nbr,A,save/nbr
SimCLR,SimCLR-nbr-wasser,nbr,wasserstein,,all,all,age,linear_probe,4,4,10.609756,14.604218,False,nbr,A,save/nbr
SimCLR,SimCLR-nbr-riemann,nbr,riemann,,all,all,age,linear_probe,4,0,12.185185,12.607169,False,nbr,A,save/nbr
SimCLR,SimCLR-nbr-riemann,nbr,riemann,,all,all,age,linear_probe,4,1,10.902439,13.521194,False,nbr,A,save/nbr
SimCLR,SimCLR-nbr-riemann,nbr,riemann,,all,all,age,linear_probe,4,2,7.125,14.491634,False,nbr,A,save/nbr
SimCLR,SimCLR-nbr-riemann,nbr,riemann,,all,all,age,linear_probe,4,3,31.799999,23.070923,False,nbr,A,save/nbr
SimCLR,SimCLR-nbr-riemann,nbr,riemann,,all,all,age,linear_probe,4,4,10.609756,14.949288,False,nbr,A,save/nbr
SimCLR,SimCLR-xsubj-cosine,xsubj,cosine,,all,all,age,linear_probe,4,0,12.185185,9.47386,False,nbr,A,save/nbr
SimCLR,SimCLR-xsubj-cosine,xsubj,cosine,,all,all,age,linear_probe,4,1,10.902439,10.072109,False,nbr,A,save/nbr
SimCLR,SimCLR-xsubj-cosine,xsubj,cosine,,all,all,age,linear_probe,4,2,7.125,10.645153,False,nbr,A,save/nbr
SimCLR,SimCLR-xsubj-cosine,xsubj,cosine,,all,all,age,linear_probe,4,3,31.799999,24.717857,False,nbr,A,save/nbr
SimCLR,SimCLR-xsubj-cosine,xsubj,cosine,,all,all,age,linear_probe,4,4,10.609756,14.510407,False,nbr,A,save/nbr
SimCLR,SimCLR-xsubj-wasser,xsubj,wasserstein,,all,all,age,linear_probe,4,0,12.185185,8.040325,False,nbr,A,save/nbr
SimCLR,SimCLR-xsubj-wasser,xsubj,wasserstein,,all,all,age,linear_probe,4,1,10.902439,10.305532,False,nbr,A,save/nbr
SimCLR,SimCLR-xsubj-wasser,xsubj,wasserstein,,all,all,age,linear_probe,4,2,7.125,11.715248,False,nbr,A,save/nbr
SimCLR,SimCLR-xsubj-wasser,xsubj,wasserstein,,all,all,age,linear_probe,4,3,31.799999,24.882952,False,nbr,A,save/nbr
SimCLR,SimCLR-xsubj-wasser,xsubj,wasserstein,,all,all,age,linear_probe,4,4,10.609756,12.579837,False,nbr,A,save/nbr
SimCLR,SimCLR-xsubj-riemann,xsubj,riemann,,all,all,age,linear_probe,4,0,12.185185,9.973336,False,nbr,A,save/nbr
SimCLR,SimCLR-xsubj-riemann,xsubj,riemann,,all,all,age,linear_probe,4,1,10.902439,11.038308,False,nbr,A,save/nbr
SimCLR,SimCLR-xsubj-riemann,xsubj,riemann,,all,all,age,linear_probe,4,2,7.125,12.228832,False,nbr,A,save/nbr
SimCLR,SimCLR-xsubj-riemann,xsubj,riemann,,all,all,age,linear_probe,4,3,31.799999,22.839325,False,nbr,A,save/nbr
SimCLR,SimCLR-xsubj-riemann,xsubj,riemann,,all,all,age,linear_probe,4,4,10.609756,15.945368,False,nbr,A,save/nbr
SimCLR,SimCLR-diffage-cosine,diffage,cosine,,all,all,age,linear_probe,4,0,12.185185,13.755049,False,nbr,A,save/nbr
SimCLR,SimCLR-diffage-cosine,diffage,cosine,,all,all,age,linear_probe,4,1,10.902439,13.67196,False,nbr,A,save/nbr
SimCLR,SimCLR-diffage-cosine,diffage,cosine,,all,all,age,linear_probe,4,2,7.125,16.777481,False,nbr,A,save/nbr
SimCLR,SimCLR-diffage-cosine,diffage,cosine,,all,all,age,linear_probe,4,3,31.799999,21.871269,False,nbr,A,save/nbr
SimCLR,SimCLR-diffage-cosine,diffage,cosine,,all,all,age,linear_probe,4,4,10.609756,19.350637,False,nbr,A,save/nbr
SimCLR,SimCLR-diffage-wasser,diffage,wasserstein,,all,all,age,linear_probe,4,0,12.185185,13.278316,False,nbr,A,save/nbr
SimCLR,SimCLR-diffage-wasser,diffage,wasserstein,,all,all,age,linear_probe,4,1,10.902439,12.284566,False,nbr,A,save/nbr
SimCLR,SimCLR-diffage-wasser,diffage,wasserstein,,all,all,age,linear_probe,4,2,7.125,14.838411,False,nbr,A,save/nbr
SimCLR,SimCLR-diffage-wasser,diffage,wasserstein,,all,all,age,linear_probe,4,3,31.799999,21.682625,False,nbr,A,save/nbr
SimCLR,SimCLR-diffage-wasser,diffage,wasserstein,,all,all,age,linear_probe,4,4,10.609756,18.679075,False,nbr,A,save/nbr
SimCLR,SimCLR-diffage-riemann,diffage,riemann,,all,all,age,linear_probe,4,0,12.185185,12.496912,False,nbr,A,save/nbr
SimCLR,SimCLR-diffage-riemann,diffage,riemann,,all,all,age,linear_probe,4,1,10.902439,12.741117,False,nbr,A,save/nbr
SimCLR,SimCLR-diffage-riemann,diffage,riemann,,all,all,age,linear_probe,4,2,7.125,14.837906,False,nbr,A,save/nbr
SimCLR,SimCLR-diffage-riemann,diffage,riemann,,all,all,age,linear_probe,4,3,31.799999,21.487732,False,nbr,A,save/nbr
SimCLR,SimCLR-diffage-riemann,diffage,riemann,,all,all,age,linear_probe,4,4,10.609756,15.478855,False,nbr,A,save/nbr
SimCLR,SimCLR,augment,,,all,all,age,fine_tuning,4,0,12.185185,7.958288,False,nbr,A,save/nbr
SimCLR,SimCLR,augment,,,all,all,age,fine_tuning,4,1,10.902439,11.616137,False,nbr,A,save/nbr
SimCLR,SimCLR,augment,,,all,all,age,fine_tuning,4,2,7.125,8.91823,False,nbr,A,save/nbr
SimCLR,SimCLR,augment,,,all,all,age,fine_tuning,4,3,31.799999,31.344677,False,nbr,A,save/nbr
SimCLR,SimCLR,augment,,,all,all,age,fine_tuning,4,4,10.609756,13.670036,False,nbr,A,save/nbr
SimCLR,SimCLR-nbr-cosine,nbr,cosine,,all,all,age,fine_tuning,4,0,12.185185,9.12359,False,nbr,A,save/nbr
SimCLR,SimCLR-nbr-cosine,nbr,cosine,,all,all,age,fine_tuning,4,1,10.902439,10.503122,False,nbr,A,save/nbr
SimCLR,SimCLR-nbr-cosine,nbr,cosine,,all,all,age,fine_tuning,4,2,7.125,11.14702,False,nbr,A,save/nbr
SimCLR,SimCLR-nbr-cosine,nbr,cosine,,all,all,age,fine_tuning,4,3,31.799999,31.691807,False,nbr,A,save/nbr
SimCLR,SimCLR-nbr-cosine,nbr,cosine,,all,all,age,fine_tuning,4,4,10.609756,10.949303,False,nbr,A,save/nbr
SimCLR,SimCLR-nbr-wasser,nbr,wasserstein,,all,all,age,fine_tuning,4,0,12.185185,10.087459,False,nbr,A,save/nbr
SimCLR,SimCLR-nbr-wasser,nbr,wasserstein,,all,all,age,fine_tuning,4,1,10.902439,11.53196,False,nbr,A,save/nbr
SimCLR,SimCLR-nbr-wasser,nbr,wasserstein,,all,all,age,fine_tuning,4,2,7.125,10.51472,False,nbr,A,save/nbr
SimCLR,SimCLR-nbr-wasser,nbr,wasserstein,,all,all,age,fine_tuning,4,3,31.799999,29.282816,False,nbr,A,save/nbr
SimCLR,SimCLR-nbr-wasser,nbr,wasserstein,,all,all,age,fine_tuning,4,4,10.609756,11.504133,False,nbr,A,save/nbr
SimCLR,SimCLR-nbr-riemann,nbr,riemann,,all,all,age,fine_tuning,4,0,12.185185,9.77338,False,nbr,A,save/nbr
SimCLR,SimCLR-nbr-riemann,nbr,riemann,,all,all,age,fine_tuning,4,1,10.902439,11.473645,False,nbr,A,save/nbr
SimCLR,SimCLR-nbr-riemann,nbr,riemann,,all,all,age,fine_tuning,4,2,7.125,10.986513,False,nbr,A,save/nbr
SimCLR,SimCLR-nbr-riemann,nbr,riemann,,all,all,age,fine_tuning,4,3,31.799999,30.734688,False,nbr,A,save/nbr
SimCLR,SimCLR-nbr-riemann,nbr,riemann,,all,all,age,fine_tuning,4,4,10.609756,13.662724,False,nbr,A,save/nbr
SimCLR,SimCLR-xsubj-cosine,xsubj,cosine,,all,all,age,fine_tuning,4,0,12.185185,8.593822,False,nbr,A,save/nbr
SimCLR,SimCLR-xsubj-cosine,xsubj,cosine,,all,all,age,fine_tuning,4,1,10.902439,9.070656,False,nbr,A,save/nbr
SimCLR,SimCLR-xsubj-cosine,xsubj,cosine,,all,all,age,fine_tuning,4,2,7.125,9.338472,False,nbr,A,save/nbr
SimCLR,SimCLR-xsubj-cosine,xsubj,cosine,,all,all,age,fine_tuning,4,3,31.799999,30.708958,False,nbr,A,save/nbr
SimCLR,SimCLR-xsubj-cosine,xsubj,cosine,,all,all,age,fine_tuning,4,4,10.609756,11.444146,False,nbr,A,save/nbr
SimCLR,SimCLR-xsubj-wasser,xsubj,wasserstein,,all,all,age,fine_tuning,4,0,12.185185,9.801867,False,nbr,A,save/nbr
SimCLR,SimCLR-xsubj-wasser,xsubj,wasserstein,,all,all,age,fine_tuning,4,1,10.902439,11.724191,False,nbr,A,save/nbr
SimCLR,SimCLR-xsubj-wasser,xsubj,wasserstein,,all,all,age,fine_tuning,4,2,7.125,9.911146,False,nbr,A,save/nbr
SimCLR,SimCLR-xsubj-wasser,xsubj,wasserstein,,all,all,age,fine_tuning,4,3,31.799999,31.872526,False,nbr,A,save/nbr
SimCLR,SimCLR-xsubj-wasser,xsubj,wasserstein,,all,all,age,fine_tuning,4,4,10.609756,12.293686,False,nbr,A,save/nbr
SimCLR,SimCLR-xsubj-riemann,xsubj,riemann,,all,all,age,fine_tuning,4,0,12.185185,10.714939,False,nbr,A,save/nbr
SimCLR,SimCLR-xsubj-riemann,xsubj,riemann,,all,all,age,fine_tuning,4,1,10.902439,11.749417,False,nbr,A,save/nbr
SimCLR,SimCLR-xsubj-riemann,xsubj,riemann,,all,all,age,fine_tuning,4,2,7.125,9.733326,False,nbr,A,save/nbr
SimCLR,SimCLR-xsubj-riemann,xsubj,riemann,,all,all,age,fine_tuning,4,3,31.799999,30.808792,False,nbr,A,save/nbr
SimCLR,SimCLR-xsubj-riemann,xsubj,riemann,,all,all,age,fine_tuning,4,4,10.609756,13.716853,False,nbr,A,save/nbr
SimCLR,SimCLR-diffage-cosine,diffage,cosine,,all,all,age,fine_tuning,4,0,12.185185,10.473641,False,nbr,A,save/nbr
SimCLR,SimCLR-diffage-cosine,diffage,cosine,,all,all,age,fine_tuning,4,1,10.902439,11.518734,False,nbr,A,save/nbr
SimCLR,SimCLR-diffage-cosine,diffage,cosine,,all,all,age,fine_tuning,4,2,7.125,10.053736,False,nbr,A,save/nbr
SimCLR,SimCLR-diffage-cosine,diffage,cosine,,all,all,age,fine_tuning,4,3,31.799999,32.988678,False,nbr,A,save/nbr
SimCLR,SimCLR-diffage-cosine,diffage,cosine,,all,all,age,fine_tuning,4,4,10.609756,15.325254,False,nbr,A,save/nbr
SimCLR,SimCLR-diffage-wasser,diffage,wasserstein,,all,all,age,fine_tuning,4,0,12.185185,10.623756,False,nbr,A,save/nbr
SimCLR,SimCLR-diffage-wasser,diffage,wasserstein,,all,all,age,fine_tuning,4,1,10.902439,9.640257,False,nbr,A,save/nbr
SimCLR,SimCLR-diffage-wasser,diffage,wasserstein,,all,all,age,fine_tuning,4,2,7.125,9.603937,False,nbr,A,save/nbr
SimCLR,SimCLR-diffage-wasser,diffage,wasserstein,,all,all,age,fine_tuning,4,3,31.799999,31.289577,False,nbr,A,save/nbr
SimCLR,SimCLR-diffage-wasser,diffage,wasserstein,,all,all,age,fine_tuning,4,4,10.609756,12.392909,False,nbr,A,save/nbr
SimCLR,SimCLR-diffage-riemann,diffage,riemann,,all,all,age,fine_tuning,4,0,12.185185,10.674047,False,nbr,A,save/nbr
SimCLR,SimCLR-diffage-riemann,diffage,riemann,,all,all,age,fine_tuning,4,1,10.902439,9.807347,False,nbr,A,save/nbr
SimCLR,SimCLR-diffage-riemann,diffage,riemann,,all,all,age,fine_tuning,4,2,7.125,9.125003,False,nbr,A,save/nbr
SimCLR,SimCLR-diffage-riemann,diffage,riemann,,all,all,age,fine_tuning,4,3,31.799999,30.76469,False,nbr,A,save/nbr
SimCLR,SimCLR-diffage-riemann,diffage,riemann,,all,all,age,fine_tuning,4,4,10.609756,11.796236,False,nbr,A,save/nbr
SimCLR,SimCLR,augment,,,all,all,age,linear_probe,5,0,21.299999,23.599976,False,nbr,A,save/nbr
SimCLR,SimCLR,augment,,,all,all,age,linear_probe,5,1,16.439024,15.428167,False,nbr,A,save/nbr
SimCLR,SimCLR,augment,,,all,all,age,linear_probe,5,2,14.341772,17.276514,False,nbr,A,save/nbr
SimCLR,SimCLR,augment,,,all,all,age,linear_probe,5,3,22.196079,19.535261,False,nbr,A,save/nbr
SimCLR,SimCLR-nbr-cosine,nbr,cosine,,all,all,age,linear_probe,5,0,21.299999,22.301796,False,nbr,A,save/nbr
SimCLR,SimCLR-nbr-cosine,nbr,cosine,,all,all,age,linear_probe,5,1,16.439024,14.234879,False,nbr,A,save/nbr
SimCLR,SimCLR-nbr-cosine,nbr,cosine,,all,all,age,linear_probe,5,2,14.341772,16.339413,False,nbr,A,save/nbr
SimCLR,SimCLR-nbr-cosine,nbr,cosine,,all,all,age,linear_probe,5,3,22.196079,26.108238,False,nbr,A,save/nbr
SimCLR,SimCLR-nbr-wasser,nbr,wasserstein,,all,all,age,linear_probe,5,0,21.299999,23.243374,False,nbr,A,save/nbr
SimCLR,SimCLR-nbr-wasser,nbr,wasserstein,,all,all,age,linear_probe,5,1,16.439024,13.490592,False,nbr,A,save/nbr
SimCLR,SimCLR-nbr-wasser,nbr,wasserstein,,all,all,age,linear_probe,5,2,14.341772,16.211922,False,nbr,A,save/nbr
SimCLR,SimCLR-nbr-wasser,nbr,wasserstein,,all,all,age,linear_probe,5,3,22.196079,27.239223,False,nbr,A,save/nbr
SimCLR,SimCLR-nbr-riemann,nbr,riemann,,all,all,age,linear_probe,5,0,21.299999,21.589912,False,nbr,A,save/nbr
SimCLR,SimCLR-nbr-riemann,nbr,riemann,,all,all,age,linear_probe,5,1,16.439024,14.369759,False,nbr,A,save/nbr
SimCLR,SimCLR-nbr-riemann,nbr,riemann,,all,all,age,linear_probe,5,2,14.341772,16.831644,False,nbr,A,save/nbr
SimCLR,SimCLR-nbr-riemann,nbr,riemann,,all,all,age,linear_probe,5,3,22.196079,27.826818,False,nbr,A,save/nbr
SimCLR,SimCLR-xsubj-cosine,xsubj,cosine,,all,all,age,linear_probe,5,0,21.299999,24.063803,False,nbr,A,save/nbr
SimCLR,SimCLR-xsubj-cosine,xsubj,cosine,,all,all,age,linear_probe,5,1,16.439024,15.446404,False,nbr,A,save/nbr
SimCLR,SimCLR-xsubj-cosine,xsubj,cosine,,all,all,age,linear_probe,5,2,14.341772,14.227718,False,nbr,A,save/nbr
SimCLR,SimCLR-xsubj-cosine,xsubj,cosine,,all,all,age,linear_probe,5,3,22.196079,26.745579,False,nbr,A,save/nbr
SimCLR,SimCLR-xsubj-wasser,xsubj,wasserstein,,all,all,age,linear_probe,5,0,21.299999,24.30616,False,nbr,A,save/nbr
SimCLR,SimCLR-xsubj-wasser,xsubj,wasserstein,,all,all,age,linear_probe,5,1,16.439024,16.053904,False,nbr,A,save/nbr
SimCLR,SimCLR-xsubj-wasser,xsubj,wasserstein,,all,all,age,linear_probe,5,2,14.341772,16.603117,False,nbr,A,save/nbr
SimCLR,SimCLR-xsubj-wasser,xsubj,wasserstein,,all,all,age,linear_probe,5,3,22.196079,28.250637,False,nbr,A,save/nbr
SimCLR,SimCLR-xsubj-riemann,xsubj,riemann,,all,all,age,linear_probe,5,0,21.299999,23.649424,False,nbr,A,save/nbr
SimCLR,SimCLR-xsubj-riemann,xsubj,riemann,,all,all,age,linear_probe,5,1,16.439024,14.665137,False,nbr,A,save/nbr
SimCLR,SimCLR-xsubj-riemann,xsubj,riemann,,all,all,age,linear_probe,5,2,14.341772,16.141932,False,nbr,A,save/nbr
SimCLR,SimCLR-xsubj-riemann,xsubj,riemann,,all,all,age,linear_probe,5,3,22.196079,27.525629,False,nbr,A,save/nbr
SimCLR,SimCLR-diffage-cosine,diffage,cosine,,all,all,age,linear_probe,5,0,21.299999,19.322157,False,nbr,A,save/nbr
SimCLR,SimCLR-diffage-cosine,diffage,cosine,,all,all,age,linear_probe,5,1,16.439024,13.225092,False,nbr,A,save/nbr
SimCLR,SimCLR-diffage-cosine,diffage,cosine,,all,all,age,linear_probe,5,2,14.341772,15.938993,False,nbr,A,save/nbr
SimCLR,SimCLR-diffage-cosine,diffage,cosine,,all,all,age,linear_probe,5,3,22.196079,22.930708,False,nbr,A,save/nbr
SimCLR,SimCLR-diffage-wasser,diffage,wasserstein,,all,all,age,linear_probe,5,0,21.299999,21.198301,False,nbr,A,save/nbr
SimCLR,SimCLR-diffage-wasser,diffage,wasserstein,,all,all,age,linear_probe,5,1,16.439024,15.947786,False,nbr,A,save/nbr
SimCLR,SimCLR-diffage-wasser,diffage,wasserstein,,all,all,age,linear_probe,5,2,14.341772,17.776478,False,nbr,A,save/nbr
SimCLR,SimCLR-diffage-wasser,diffage,wasserstein,,all,all,age,linear_probe,5,3,22.196079,24.972376,False,nbr,A,save/nbr
SimCLR,SimCLR-diffage-riemann,diffage,riemann,,all,all,age,linear_probe,5,0,21.299999,21.457371,False,nbr,A,save/nbr
SimCLR,SimCLR-diffage-riemann,diffage,riemann,,all,all,age,linear_probe,5,1,16.439024,14.997622,False,nbr,A,save/nbr
SimCLR,SimCLR-diffage-riemann,diffage,riemann,,all,all,age,linear_probe,5,2,14.341772,16.477594,False,nbr,A,save/nbr
SimCLR,SimCLR-diffage-riemann,diffage,riemann,,all,all,age,linear_probe,5,3,22.196079,25.209053,False,nbr,A,save/nbr
SimCLR,SimCLR,augment,,,all,all,age,fine_tuning,5,0,21.299999,23.408375,False,nbr,A,save/nbr
SimCLR,SimCLR,augment,,,all,all,age,fine_tuning,5,1,16.439024,16.949303,False,nbr,A,save/nbr
SimCLR,SimCLR,augment,,,all,all,age,fine_tuning,5,2,14.341772,17.381119,False,nbr,A,save/nbr
SimCLR,SimCLR,augment,,,all,all,age,fine_tuning,5,3,22.196079,24.636898,False,nbr,A,save/nbr
SimCLR,SimCLR-nbr-cosine,nbr,cosine,,all,all,age,fine_tuning,5,0,21.299999,22.473206,False,nbr,A,save/nbr
SimCLR,SimCLR-nbr-cosine,nbr,cosine,,all,all,age,fine_tuning,5,1,16.439024,15.337316,False,nbr,A,save/nbr
SimCLR,SimCLR-nbr-cosine,nbr,cosine,,all,all,age,fine_tuning,5,2,14.341772,16.070002,False,nbr,A,save/nbr
SimCLR,SimCLR-nbr-cosine,nbr,cosine,,all,all,age,fine_tuning,5,3,22.196079,24.351528,False,nbr,A,save/nbr
SimCLR,SimCLR-nbr-wasser,nbr,wasserstein,,all,all,age,fine_tuning,5,0,21.299999,23.796108,False,nbr,A,save/nbr
SimCLR,SimCLR-nbr-wasser,nbr,wasserstein,,all,all,age,fine_tuning,5,1,16.439024,16.937832,False,nbr,A,save/nbr
SimCLR,SimCLR-nbr-wasser,nbr,wasserstein,,all,all,age,fine_tuning,5,2,14.341772,17.224792,False,nbr,A,save/nbr
SimCLR,SimCLR-nbr-wasser,nbr,wasserstein,,all,all,age,fine_tuning,5,3,22.196079,24.8598,False,nbr,A,save/nbr
SimCLR,SimCLR-nbr-riemann,nbr,riemann,,all,all,age,fine_tuning,5,0,21.299999,23.157551,False,nbr,A,save/nbr
SimCLR,SimCLR-nbr-riemann,nbr,riemann,,all,all,age,fine_tuning,5,1,16.439024,16.901817,False,nbr,A,save/nbr
SimCLR,SimCLR-nbr-riemann,nbr,riemann,,all,all,age,fine_tuning,5,2,14.341772,16.410582,False,nbr,A,save/nbr
SimCLR,SimCLR-nbr-riemann,nbr,riemann,,all,all,age,fine_tuning,5,3,22.196079,24.046381,False,nbr,A,save/nbr
SimCLR,SimCLR-xsubj-cosine,xsubj,cosine,,all,all,age,fine_tuning,5,0,21.299999,22.360775,False,nbr,A,save/nbr
SimCLR,SimCLR-xsubj-cosine,xsubj,cosine,,all,all,age,fine_tuning,5,1,16.439024,15.88553,False,nbr,A,save/nbr
SimCLR,SimCLR-xsubj-cosine,xsubj,cosine,,all,all,age,fine_tuning,5,2,14.341772,15.582676,False,nbr,A,save/nbr
SimCLR,SimCLR-xsubj-cosine,xsubj,cosine,,all,all,age,fine_tuning,5,3,22.196079,23.991026,False,nbr,A,save/nbr
SimCLR,SimCLR-xsubj-wasser,xsubj,wasserstein,,all,all,age,fine_tuning,5,0,21.299999,22.245544,False,nbr,A,save/nbr
SimCLR,SimCLR-xsubj-wasser,xsubj,wasserstein,,all,all,age,fine_tuning,5,1,16.439024,16.411732,False,nbr,A,save/nbr
SimCLR,SimCLR-xsubj-wasser,xsubj,wasserstein,,all,all,age,fine_tuning,5,2,14.341772,17.144119,False,nbr,A,save/nbr
SimCLR,SimCLR-xsubj-wasser,xsubj,wasserstein,,all,all,age,fine_tuning,5,3,22.196079,23.639618,False,nbr,A,save/nbr
SimCLR,SimCLR-xsubj-riemann,xsubj,riemann,,all,all,age,fine_tuning,5,0,21.299999,23.390446,False,nbr,A,save/nbr
SimCLR,SimCLR-xsubj-riemann,xsubj,riemann,,all,all,age,fine_tuning,5,1,16.439024,15.456299,False,nbr,A,save/nbr
SimCLR,SimCLR-xsubj-riemann,xsubj,riemann,,all,all,age,fine_tuning,5,2,14.341772,15.893635,False,nbr,A,save/nbr
SimCLR,SimCLR-xsubj-riemann,xsubj,riemann,,all,all,age,fine_tuning,5,3,22.196079,23.738907,False,nbr,A,save/nbr
SimCLR,SimCLR-diffage-cosine,diffage,cosine,,all,all,age,fine_tuning,5,0,21.299999,24.043213,False,nbr,A,save/nbr
SimCLR,SimCLR-diffage-cosine,diffage,cosine,,all,all,age,fine_tuning,5,1,16.439024,14.854343,False,nbr,A,save/nbr
SimCLR,SimCLR-diffage-cosine,diffage,cosine,,all,all,age,fine_tuning,5,2,14.341772,16.407671,False,nbr,A,save/nbr
SimCLR,SimCLR-diffage-cosine,diffage,cosine,,all,all,age,fine_tuning,5,3,22.196079,25.159002,False,nbr,A,save/nbr
SimCLR,SimCLR-diffage-wasser,diffage,wasserstein,,all,all,age,fine_tuning,5,0,21.299999,24.698277,False,nbr,A,save/nbr
SimCLR,SimCLR-diffage-wasser,diffage,wasserstein,,all,all,age,fine_tuning,5,1,16.439024,16.874155,False,nbr,A,save/nbr
SimCLR,SimCLR-diffage-wasser,diffage,wasserstein,,all,all,age,fine_tuning,5,2,14.341772,17.547903,False,nbr,A,save/nbr
SimCLR,SimCLR-diffage-wasser,diffage,wasserstein,,all,all,age,fine_tuning,5,3,22.196079,25.01474,False,nbr,A,save/nbr
SimCLR,SimCLR-diffage-riemann,diffage,riemann,,all,all,age,fine_tuning,5,0,21.299999,22.900803,False,nbr,A,save/nbr
SimCLR,SimCLR-diffage-riemann,diffage,riemann,,all,all,age,fine_tuning,5,1,16.439024,16.067768,False,nbr,A,save/nbr
SimCLR,SimCLR-diffage-riemann,diffage,riemann,,all,all,age,fine_tuning,5,2,14.341772,16.590425,False,nbr,A,save/nbr
SimCLR,SimCLR-diffage-riemann,diffage,riemann,,all,all,age,fine_tuning,5,3,22.196079,23.82609,False,nbr,A,save/nbr
SimCLR,SimCLR,augment,,,all,all,age,linear_probe,6,0,23.77,19.593864,False,nbr,A,save/nbr
SimCLR,SimCLR,augment,,,all,all,age,linear_probe,6,1,10.272727,18.915968,False,nbr,A,save/nbr
SimCLR,SimCLR,augment,,,all,all,age,linear_probe,6,2,22.170732,19.046217,False,nbr,A,save/nbr
SimCLR,SimCLR,augment,,,all,all,age,linear_probe,6,3,11.014925,17.254259,False,nbr,A,save/nbr
SimCLR,SimCLR-nbr-cosine,nbr,cosine,,all,all,age,linear_probe,6,0,23.77,22.076023,False,nbr,A,save/nbr
SimCLR,SimCLR-nbr-cosine,nbr,cosine,,all,all,age,linear_probe,6,1,10.272727,11.657418,False,nbr,A,save/nbr
SimCLR,SimCLR-nbr-cosine,nbr,cosine,,all,all,age,linear_probe,6,2,22.170732,20.916853,False,nbr,A,save/nbr
SimCLR,SimCLR-nbr-cosine,nbr,cosine,,all,all,age,linear_probe,6,3,11.014925,13.810342,False,nbr,A,save/nbr
SimCLR,SimCLR-nbr-wasser,nbr,wasserstein,,all,all,age,linear_probe,6,0,23.77,22.468138,False,nbr,A,save/nbr
SimCLR,SimCLR-nbr-wasser,nbr,wasserstein,,all,all,age,linear_probe,6,1,10.272727,12.017762,False,nbr,A,save/nbr
SimCLR,SimCLR-nbr-wasser,nbr,wasserstein,,all,all,age,linear_probe,6,2,22.170732,20.661978,False,nbr,A,save/nbr
SimCLR,SimCLR-nbr-wasser,nbr,wasserstein,,all,all,age,linear_probe,6,3,11.014925,13.086951,False,nbr,A,save/nbr
SimCLR,SimCLR-nbr-riemann,nbr,riemann,,all,all,age,linear_probe,6,0,23.77,21.303875,False,nbr,A,save/nbr
SimCLR,SimCLR-nbr-riemann,nbr,riemann,,all,all,age,linear_probe,6,1,10.272727,12.177596,False,nbr,A,save/nbr
SimCLR,SimCLR-nbr-riemann,nbr,riemann,,all,all,age,linear_probe,6,2,22.170732,20.696878,False,nbr,A,save/nbr
SimCLR,SimCLR-nbr-riemann,nbr,riemann,,all,all,age,linear_probe,6,3,11.014925,14.371379,False,nbr,A,save/nbr
SimCLR,SimCLR-xsubj-cosine,xsubj,cosine,,all,all,age,linear_probe,6,0,23.77,22.080425,False,nbr,A,save/nbr
SimCLR,SimCLR-xsubj-cosine,xsubj,cosine,,all,all,age,linear_probe,6,1,10.272727,10.939,False,nbr,A,save/nbr
SimCLR,SimCLR-xsubj-cosine,xsubj,cosine,,all,all,age,linear_probe,6,2,22.170732,18.648129,False,nbr,A,save/nbr
SimCLR,SimCLR-xsubj-cosine,xsubj,cosine,,all,all,age,linear_probe,6,3,11.014925,12.918226,False,nbr,A,save/nbr
SimCLR,SimCLR-xsubj-wasser,xsubj,wasserstein,,all,all,age,linear_probe,6,0,23.77,22.012932,False,nbr,A,save/nbr
SimCLR,SimCLR-xsubj-wasser,xsubj,wasserstein,,all,all,age,linear_probe,6,1,10.272727,10.891236,False,nbr,A,save/nbr
SimCLR,SimCLR-xsubj-wasser,xsubj,wasserstein,,all,all,age,linear_probe,6,2,22.170732,17.951736,False,nbr,A,save/nbr
SimCLR,SimCLR-xsubj-wasser,xsubj,wasserstein,,all,all,age,linear_probe,6,3,11.014925,13.815072,False,nbr,A,save/nbr
SimCLR,SimCLR-xsubj-riemann,xsubj,riemann,,all,all,age,linear_probe,6,0,23.77,22.550034,False,nbr,A,save/nbr
SimCLR,SimCLR-xsubj-riemann,xsubj,riemann,,all,all,age,linear_probe,6,1,10.272727,9.635426,False,nbr,A,save/nbr
SimCLR,SimCLR-xsubj-riemann,xsubj,riemann,,all,all,age,linear_probe,6,2,22.170732,19.654789,False,nbr,A,save/nbr
SimCLR,SimCLR-xsubj-riemann,xsubj,riemann,,all,all,age,linear_probe,6,3,11.014925,12.81538,False,nbr,A,save/nbr
SimCLR,SimCLR-diffage-cosine,diffage,cosine,,all,all,age,linear_probe,6,0,23.77,22.918079,False,nbr,A,save/nbr
SimCLR,SimCLR-diffage-cosine,diffage,cosine,,all,all,age,linear_probe,6,1,10.272727,11.391176,False,nbr,A,save/nbr
SimCLR,SimCLR-diffage-cosine,diffage,cosine,,all,all,age,linear_probe,6,2,22.170732,22.264818,False,nbr,A,save/nbr
SimCLR,SimCLR-diffage-cosine,diffage,cosine,,all,all,age,linear_probe,6,3,11.014925,14.60677,False,nbr,A,save/nbr
SimCLR,SimCLR-diffage-wasser,diffage,wasserstein,,all,all,age,linear_probe,6,0,23.77,21.424328,False,nbr,A,save/nbr
SimCLR,SimCLR-diffage-wasser,diffage,wasserstein,,all,all,age,linear_probe,6,1,10.272727,11.368556,False,nbr,A,save/nbr
SimCLR,SimCLR-diffage-wasser,diffage,wasserstein,,all,all,age,linear_probe,6,2,22.170732,20.854929,False,nbr,A,save/nbr
SimCLR,SimCLR-diffage-wasser,diffage,wasserstein,,all,all,age,linear_probe,6,3,11.014925,15.706716,False,nbr,A,save/nbr
SimCLR,SimCLR-diffage-riemann,diffage,riemann,,all,all,age,linear_probe,6,0,23.77,20.980797,False,nbr,A,save/nbr
SimCLR,SimCLR-diffage-riemann,diffage,riemann,,all,all,age,linear_probe,6,1,10.272727,12.570504,False,nbr,A,save/nbr
SimCLR,SimCLR-diffage-riemann,diffage,riemann,,all,all,age,linear_probe,6,2,22.170732,19.756094,False,nbr,A,save/nbr
SimCLR,SimCLR-diffage-riemann,diffage,riemann,,all,all,age,linear_probe,6,3,11.014925,14.175518,False,nbr,A,save/nbr
SimCLR,SimCLR,augment,,,all,all,age,fine_tuning,6,0,23.77,24.827072,False,nbr,A,save/nbr
SimCLR,SimCLR,augment,,,all,all,age,fine_tuning,6,1,10.272727,12.524274,False,nbr,A,save/nbr
SimCLR,SimCLR,augment,,,all,all,age,fine_tuning,6,2,22.170732,22.501097,False,nbr,A,save/nbr
SimCLR,SimCLR,augment,,,all,all,age,fine_tuning,6,3,11.014925,13.083021,False,nbr,A,save/nbr
SimCLR,SimCLR-nbr-cosine,nbr,cosine,,all,all,age,fine_tuning,6,0,23.77,24.143299,False,nbr,A,save/nbr
SimCLR,SimCLR-nbr-cosine,nbr,cosine,,all,all,age,fine_tuning,6,1,10.272727,10.205185,False,nbr,A,save/nbr
SimCLR,SimCLR-nbr-cosine,nbr,cosine,,all,all,age,fine_tuning,6,2,22.170732,22.04681,False,nbr,A,save/nbr
SimCLR,SimCLR-nbr-cosine,nbr,cosine,,all,all,age,fine_tuning,6,3,11.014925,11.733259,False,nbr,A,save/nbr
SimCLR,SimCLR-nbr-wasser,nbr,wasserstein,,all,all,age,fine_tuning,6,0,23.77,22.850883,False,nbr,A,save/nbr
SimCLR,SimCLR-nbr-wasser,nbr,wasserstein,,all,all,age,fine_tuning,6,1,10.272727,9.069855,False,nbr,A,save/nbr
SimCLR,SimCLR-nbr-wasser,nbr,wasserstein,,all,all,age,fine_tuning,6,2,22.170732,21.310162,False,nbr,A,save/nbr
SimCLR,SimCLR-nbr-wasser,nbr,wasserstein,,all,all,age,fine_tuning,6,3,11.014925,10.216139,False,nbr,A,save/nbr
SimCLR,SimCLR-nbr-riemann,nbr,riemann,,all,all,age,fine_tuning,6,0,23.77,22.287071,False,nbr,A,save/nbr
SimCLR,SimCLR-nbr-riemann,nbr,riemann,,all,all,age,fine_tuning,6,1,10.272727,10.103443,False,nbr,A,save/nbr
SimCLR,SimCLR-nbr-riemann,nbr,riemann,,all,all,age,fine_tuning,6,2,22.170732,21.70586,False,nbr,A,save/nbr
SimCLR,SimCLR-nbr-riemann,nbr,riemann,,all,all,age,fine_tuning,6,3,11.014925,10.530051,False,nbr,A,save/nbr
SimCLR,SimCLR-xsubj-cosine,xsubj,cosine,,all,all,age,fine_tuning,6,0,23.77,22.804375,False,nbr,A,save/nbr
SimCLR,SimCLR-xsubj-cosine,xsubj,cosine,,all,all,age,fine_tuning,6,1,10.272727,11.167301,False,nbr,A,save/nbr
SimCLR,SimCLR-xsubj-cosine,xsubj,cosine,,all,all,age,fine_tuning,6,2,22.170732,21.197344,False,nbr,A,save/nbr
SimCLR,SimCLR-xsubj-cosine,xsubj,cosine,,all,all,age,fine_tuning,6,3,11.014925,11.438516,False,nbr,A,save/nbr
SimCLR,SimCLR-xsubj-wasser,xsubj,wasserstein,,all,all,age,fine_tuning,6,0,23.77,22.885475,False,nbr,A,save/nbr
SimCLR,SimCLR-xsubj-wasser,xsubj,wasserstein,,all,all,age,fine_tuning,6,1,10.272727,9.487965,False,nbr,A,save/nbr
SimCLR,SimCLR-xsubj-wasser,xsubj,wasserstein,,all,all,age,fine_tuning,6,2,22.170732,21.243597,False,nbr,A,save/nbr
SimCLR,SimCLR-xsubj-wasser,xsubj,wasserstein,,all,all,age,fine_tuning,6,3,11.014925,10.280037,False,nbr,A,save/nbr
SimCLR,SimCLR-xsubj-riemann,xsubj,riemann,,all,all,age,fine_tuning,6,0,23.77,23.974192,False,nbr,A,save/nbr
SimCLR,SimCLR-xsubj-riemann,xsubj,riemann,,all,all,age,fine_tuning,6,1,10.272727,8.657824,False,nbr,A,save/nbr
SimCLR,SimCLR-xsubj-riemann,xsubj,riemann,,all,all,age,fine_tuning,6,2,22.170732,21.303082,False,nbr,A,save/nbr
SimCLR,SimCLR-xsubj-riemann,xsubj,riemann,,all,all,age,fine_tuning,6,3,11.014925,10.910867,False,nbr,A,save/nbr
SimCLR,SimCLR-diffage-cosine,diffage,cosine,,all,all,age,fine_tuning,6,0,23.77,22.859259,False,nbr,A,save/nbr
SimCLR,SimCLR-diffage-cosine,diffage,cosine,,all,all,age,fine_tuning,6,1,10.272727,10.916869,False,nbr,A,save/nbr
SimCLR,SimCLR-diffage-cosine,diffage,cosine,,all,all,age,fine_tuning,6,2,22.170732,22.357821,False,nbr,A,save/nbr
SimCLR,SimCLR-diffage-cosine,diffage,cosine,,all,all,age,fine_tuning,6,3,11.014925,11.848575,False,nbr,A,save/nbr
SimCLR,SimCLR-diffage-wasser,diffage,wasserstein,,all,all,age,fine_tuning,6,0,23.77,23.155689,False,nbr,A,save/nbr
SimCLR,SimCLR-diffage-wasser,diffage,wasserstein,,all,all,age,fine_tuning,6,1,10.272727,9.67617,False,nbr,A,save/nbr
SimCLR,SimCLR-diffage-wasser,diffage,wasserstein,,all,all,age,fine_tuning,6,2,22.170732,21.980568,False,nbr,A,save/nbr
SimCLR,SimCLR-diffage-wasser,diffage,wasserstein,,all,all,age,fine_tuning,6,3,11.014925,10.728956,False,nbr,A,save/nbr
SimCLR,SimCLR-diffage-riemann,diffage,riemann,,all,all,age,fine_tuning,6,0,23.77,23.345667,False,nbr,A,save/nbr
SimCLR,SimCLR-diffage-riemann,diffage,riemann,,all,all,age,fine_tuning,6,1,10.272727,11.231613,False,nbr,A,save/nbr
SimCLR,SimCLR-diffage-riemann,diffage,riemann,,all,all,age,fine_tuning,6,2,22.170732,21.837315,False,nbr,A,save/nbr
SimCLR,SimCLR-diffage-riemann,diffage,riemann,,all,all,age,fine_tuning,6,3,11.014925,10.787218,False,nbr,A,save/nbr
SimCLR,SimCLR,augment,,,all,all,age,linear_probe,7,0,22.506172,18.851027,False,nbr,A,save/nbr
SimCLR,SimCLR,augment,,,all,all,age,linear_probe,7,1,18.200001,14.811319,False,nbr,A,save/nbr
SimCLR,SimCLR,augment,,,all,all,age,linear_probe,7,2,17.319635,18.152967,False,nbr,A,save/nbr
SimCLR,SimCLR,augment,,,all,all,age,linear_probe,7,3,20.962963,18.245045,False,nbr,A,save/nbr
SimCLR,SimCLR-nbr-cosine,nbr,cosine,,all,all,age,linear_probe,7,0,22.506172,19.558817,False,nbr,A,save/nbr
SimCLR,SimCLR-nbr-cosine,nbr,cosine,,all,all,age,linear_probe,7,1,18.200001,16.485353,False,nbr,A,save/nbr
SimCLR,SimCLR-nbr-cosine,nbr,cosine,,all,all,age,linear_probe,7,2,17.319635,18.004814,False,nbr,A,save/nbr
SimCLR,SimCLR-nbr-cosine,nbr,cosine,,all,all,age,linear_probe,7,3,20.962963,17.652218,False,nbr,A,save/nbr
SimCLR,SimCLR-nbr-wasser,nbr,wasserstein,,all,all,age,linear_probe,7,0,22.506172,18.792171,False,nbr,A,save/nbr
SimCLR,SimCLR-nbr-wasser,nbr,wasserstein,,all,all,age,linear_probe,7,1,18.200001,16.907248,False,nbr,A,save/nbr
SimCLR,SimCLR-nbr-wasser,nbr,wasserstein,,all,all,age,linear_probe,7,2,17.319635,18.645121,False,nbr,A,save/nbr
SimCLR,SimCLR-nbr-wasser,nbr,wasserstein,,all,all,age,linear_probe,7,3,20.962963,16.410194,False,nbr,A,save/nbr
SimCLR,SimCLR-nbr-riemann,nbr,riemann,,all,all,age,linear_probe,7,0,22.506172,18.311153,False,nbr,A,save/nbr
SimCLR,SimCLR-nbr-riemann,nbr,riemann,,all,all,age,linear_probe,7,1,18.200001,14.916316,False,nbr,A,save/nbr
SimCLR,SimCLR-nbr-riemann,nbr,riemann,,all,all,age,linear_probe,7,2,17.319635,18.767233,False,nbr,A,save/nbr
SimCLR,SimCLR-nbr-riemann,nbr,riemann,,all,all,age,linear_probe,7,3,20.962963,16.958858,False,nbr,A,save/nbr
SimCLR,SimCLR-xsubj-cosine,xsubj,cosine,,all,all,age,linear_probe,7,0,22.506172,20.200253,False,nbr,A,save/nbr
SimCLR,SimCLR-xsubj-cosine,xsubj,cosine,,all,all,age,linear_probe,7,1,18.200001,16.903475,False,nbr,A,save/nbr
SimCLR,SimCLR-xsubj-cosine,xsubj,cosine,,all,all,age,linear_probe,7,2,17.319635,19.187643,False,nbr,A,save/nbr
SimCLR,SimCLR-xsubj-cosine,xsubj,cosine,,all,all,age,linear_probe,7,3,20.962963,16.902086,False,nbr,A,save/nbr
SimCLR,SimCLR-xsubj-wasser,xsubj,wasserstein,,all,all,age,linear_probe,7,0,22.506172,20.263622,False,nbr,A,save/nbr
SimCLR,SimCLR-xsubj-wasser,xsubj,wasserstein,,all,all,age,linear_probe,7,1,18.200001,17.456661,False,nbr,A,save/nbr
SimCLR,SimCLR-xsubj-wasser,xsubj,wasserstein,,all,all,age,linear_probe,7,2,17.319635,20.063944,False,nbr,A,save/nbr
SimCLR,SimCLR-xsubj-wasser,xsubj,wasserstein,,all,all,age,linear_probe,7,3,20.962963,16.999891,False,nbr,A,save/nbr
SimCLR,SimCLR-xsubj-riemann,xsubj,riemann,,all,all,age,linear_probe,7,0,22.506172,19.930611,False,nbr,A,save/nbr
SimCLR,SimCLR-xsubj-riemann,xsubj,riemann,,all,all,age,linear_probe,7,1,18.200001,16.256683,False,nbr,A,save/nbr
SimCLR,SimCLR-xsubj-riemann,xsubj,riemann,,all,all,age,linear_probe,7,2,17.319635,18.890455,False,nbr,A,save/nbr
SimCLR,SimCLR-xsubj-riemann,xsubj,riemann,,all,all,age,linear_probe,7,3,20.962963,17.637877,False,nbr,A,save/nbr
SimCLR,SimCLR-diffage-cosine,diffage,cosine,,all,all,age,linear_probe,7,0,22.506172,19.6099,False,nbr,A,save/nbr
SimCLR,SimCLR-diffage-cosine,diffage,cosine,,all,all,age,linear_probe,7,1,18.200001,16.588984,False,nbr,A,save/nbr
SimCLR,SimCLR-diffage-cosine,diffage,cosine,,all,all,age,linear_probe,7,2,17.319635,19.680857,False,nbr,A,save/nbr
SimCLR,SimCLR-diffage-cosine,diffage,cosine,,all,all,age,linear_probe,7,3,20.962963,18.581995,False,nbr,A,save/nbr
SimCLR,SimCLR-diffage-wasser,diffage,wasserstein,,all,all,age,linear_probe,7,0,22.506172,18.052824,False,nbr,A,save/nbr
SimCLR,SimCLR-diffage-wasser,diffage,wasserstein,,all,all,age,linear_probe,7,1,18.200001,15.573496,False,nbr,A,save/nbr
SimCLR,SimCLR-diffage-wasser,diffage,wasserstein,,all,all,age,linear_probe,7,2,17.319635,18.010267,False,nbr,A,save/nbr
SimCLR,SimCLR-diffage-wasser,diffage,wasserstein,,all,all,age,linear_probe,7,3,20.962963,18.223776,False,nbr,A,save/nbr
SimCLR,SimCLR-diffage-riemann,diffage,riemann,,all,all,age,linear_probe,7,0,22.506172,20.615646,False,nbr,A,save/nbr
SimCLR,SimCLR-diffage-riemann,diffage,riemann,,all,all,age,linear_probe,7,1,18.200001,13.79772,False,nbr,A,save/nbr
SimCLR,SimCLR-diffage-riemann,diffage,riemann,,all,all,age,linear_probe,7,2,17.319635,18.152702,False,nbr,A,save/nbr
SimCLR,SimCLR-diffage-riemann,diffage,riemann,,all,all,age,linear_probe,7,3,20.962963,17.908077,False,nbr,A,save/nbr
SimCLR,SimCLR,augment,,,all,all,age,fine_tuning,7,0,22.506172,20.392302,False,nbr,A,save/nbr
SimCLR,SimCLR,augment,,,all,all,age,fine_tuning,7,1,18.200001,17.172626,False,nbr,A,save/nbr
SimCLR,SimCLR,augment,,,all,all,age,fine_tuning,7,2,17.319635,17.786491,False,nbr,A,save/nbr
SimCLR,SimCLR,augment,,,all,all,age,fine_tuning,7,3,20.962963,17.51366,False,nbr,A,save/nbr
SimCLR,SimCLR-nbr-cosine,nbr,cosine,,all,all,age,fine_tuning,7,0,22.506172,20.544558,False,nbr,A,save/nbr
SimCLR,SimCLR-nbr-cosine,nbr,cosine,,all,all,age,fine_tuning,7,1,18.200001,15.453196,False,nbr,A,save/nbr
SimCLR,SimCLR-nbr-cosine,nbr,cosine,,all,all,age,fine_tuning,7,2,17.319635,17.512297,False,nbr,A,save/nbr
SimCLR,SimCLR-nbr-cosine,nbr,cosine,,all,all,age,fine_tuning,7,3,20.962963,18.851959,False,nbr,A,save/nbr
SimCLR,SimCLR-nbr-wasser,nbr,wasserstein,,all,all,age,fine_tuning,7,0,22.506172,21.333694,False,nbr,A,save/nbr
SimCLR,SimCLR-nbr-wasser,nbr,wasserstein,,all,all,age,fine_tuning,7,1,18.200001,13.596881,False,nbr,A,save/nbr
SimCLR,SimCLR-nbr-wasser,nbr,wasserstein,,all,all,age,fine_tuning,7,2,17.319635,17.364445,False,nbr,A,save/nbr
SimCLR,SimCLR-nbr-wasser,nbr,wasserstein,,all,all,age,fine_tuning,7,3,20.962963,18.105934,False,nbr,A,save/nbr
SimCLR,SimCLR-nbr-riemann,nbr,riemann,,all,all,age,fine_tuning,7,0,22.506172,19.19681,False,nbr,A,save/nbr
SimCLR,SimCLR-nbr-riemann,nbr,riemann,,all,all,age,fine_tuning,7,1,18.200001,14.116117,False,nbr,A,save/nbr
SimCLR,SimCLR-nbr-riemann,nbr,riemann,,all,all,age,fine_tuning,7,2,17.319635,16.766087,False,nbr,A,save/nbr
SimCLR,SimCLR-nbr-riemann,nbr,riemann,,all,all,age,fine_tuning,7,3,20.962963,17.999233,False,nbr,A,save/nbr
SimCLR,SimCLR-xsubj-cosine,xsubj,cosine,,all,all,age,fine_tuning,7,0,22.506172,21.959684,False,nbr,A,save/nbr
SimCLR,SimCLR-xsubj-cosine,xsubj,cosine,,all,all,age,fine_tuning,7,1,18.200001,15.003358,False,nbr,A,save/nbr
SimCLR,SimCLR-xsubj-cosine,xsubj,cosine,,all,all,age,fine_tuning,7,2,17.319635,17.735096,False,nbr,A,save/nbr
SimCLR,SimCLR-xsubj-cosine,xsubj,cosine,,all,all,age,fine_tuning,7,3,20.962963,18.065971,False,nbr,A,save/nbr
SimCLR,SimCLR-xsubj-wasser,xsubj,wasserstein,,all,all,age,fine_tuning,7,0,22.506172,18.491028,False,nbr,A,save/nbr
SimCLR,SimCLR-xsubj-wasser,xsubj,wasserstein,,all,all,age,fine_tuning,7,1,18.200001,14.843534,False,nbr,A,save/nbr
SimCLR,SimCLR-xsubj-wasser,xsubj,wasserstein,,all,all,age,fine_tuning,7,2,17.319635,17.009781,False,nbr,A,save/nbr
SimCLR,SimCLR-xsubj-wasser,xsubj,wasserstein,,all,all,age,fine_tuning,7,3,20.962963,17.464806,False,nbr,A,save/nbr
SimCLR,SimCLR-xsubj-riemann,xsubj,riemann,,all,all,age,fine_tuning,7,0,22.506172,19.614185,False,nbr,A,save/nbr
SimCLR,SimCLR-xsubj-riemann,xsubj,riemann,,all,all,age,fine_tuning,7,1,18.200001,15.553814,False,nbr,A,save/nbr
SimCLR,SimCLR-xsubj-riemann,xsubj,riemann,,all,all,age,fine_tuning,7,2,17.319635,17.222984,False,nbr,A,save/nbr
SimCLR,SimCLR-xsubj-riemann,xsubj,riemann,,all,all,age,fine_tuning,7,3,20.962963,18.435202,False,nbr,A,save/nbr
SimCLR,SimCLR-diffage-cosine,diffage,cosine,,all,all,age,fine_tuning,7,0,22.506172,21.182993,False,nbr,A,save/nbr
SimCLR,SimCLR-diffage-cosine,diffage,cosine,,all,all,age,fine_tuning,7,1,18.200001,15.074065,False,nbr,A,save/nbr
SimCLR,SimCLR-diffage-cosine,diffage,cosine,,all,all,age,fine_tuning,7,2,17.319635,17.489008,False,nbr,A,save/nbr
SimCLR,SimCLR-diffage-cosine,diffage,cosine,,all,all,age,fine_tuning,7,3,20.962963,17.973469,False,nbr,A,save/nbr
SimCLR,SimCLR-diffage-wasser,diffage,wasserstein,,all,all,age,fine_tuning,7,0,22.506172,20.845203,False,nbr,A,save/nbr
SimCLR,SimCLR-diffage-wasser,diffage,wasserstein,,all,all,age,fine_tuning,7,1,18.200001,14.813193,False,nbr,A,save/nbr
SimCLR,SimCLR-diffage-wasser,diffage,wasserstein,,all,all,age,fine_tuning,7,2,17.319635,17.52042,False,nbr,A,save/nbr
SimCLR,SimCLR-diffage-wasser,diffage,wasserstein,,all,all,age,fine_tuning,7,3,20.962963,18.418404,False,nbr,A,save/nbr
SimCLR,SimCLR-diffage-riemann,diffage,riemann,,all,all,age,fine_tuning,7,0,22.506172,20.003847,False,nbr,A,save/nbr
SimCLR,SimCLR-diffage-riemann,diffage,riemann,,all,all,age,fine_tuning,7,1,18.200001,14.737823,False,nbr,A,save/nbr
SimCLR,SimCLR-diffage-riemann,diffage,riemann,,all,all,age,fine_tuning,7,2,17.319635,17.548714,False,nbr,A,save/nbr
SimCLR,SimCLR-diffage-riemann,diffage,riemann,,all,all,age,fine_tuning,7,3,20.962963,17.92346,False,nbr,A,save/nbr
SimCLR,SimCLR,augment,,,all,all,age,linear_probe,8,0,25.25,23.979362,False,nbr,A,save/nbr
SimCLR,SimCLR,augment,,,all,all,age,linear_probe,8,1,19.92,16.492571,False,nbr,A,save/nbr
SimCLR,SimCLR,augment,,,all,all,age,linear_probe,8,2,22.776316,19.394712,False,nbr,A,save/nbr
SimCLR,SimCLR,augment,,,all,all,age,linear_probe,8,3,13.230769,20.362993,False,nbr,A,save/nbr
SimCLR,SimCLR-nbr-cosine,nbr,cosine,,all,all,age,linear_probe,8,0,25.25,25.989996,False,nbr,A,save/nbr
SimCLR,SimCLR-nbr-cosine,nbr,cosine,,all,all,age,linear_probe,8,1,19.92,18.987659,False,nbr,A,save/nbr
SimCLR,SimCLR-nbr-cosine,nbr,cosine,,all,all,age,linear_probe,8,2,22.776316,24.039761,False,nbr,A,save/nbr
SimCLR,SimCLR-nbr-cosine,nbr,cosine,,all,all,age,linear_probe,8,3,13.230769,16.09129,False,nbr,A,save/nbr
SimCLR,SimCLR-nbr-wasser,nbr,wasserstein,,all,all,age,linear_probe,8,0,25.25,24.573053,False,nbr,A,save/nbr
SimCLR,SimCLR-nbr-wasser,nbr,wasserstein,,all,all,age,linear_probe,8,1,19.92,17.853003,False,nbr,A,save/nbr
SimCLR,SimCLR-nbr-wasser,nbr,wasserstein,,all,all,age,linear_probe,8,2,22.776316,23.657293,False,nbr,A,save/nbr
SimCLR,SimCLR-nbr-wasser,nbr,wasserstein,,all,all,age,linear_probe,8,3,13.230769,17.414707,False,nbr,A,save/nbr
SimCLR,SimCLR-nbr-riemann,nbr,riemann,,all,all,age,linear_probe,8,0,25.25,24.125296,False,nbr,A,save/nbr
SimCLR,SimCLR-nbr-riemann,nbr,riemann,,all,all,age,linear_probe,8,1,19.92,18.885256,False,nbr,A,save/nbr
SimCLR,SimCLR-nbr-riemann,nbr,riemann,,all,all,age,linear_probe,8,2,22.776316,23.7043,False,nbr,A,save/nbr
SimCLR,SimCLR-nbr-riemann,nbr,riemann,,all,all,age,linear_probe,8,3,13.230769,15.530602,False,nbr,A,save/nbr
SimCLR,SimCLR-xsubj-cosine,xsubj,cosine,,all,all,age,linear_probe,8,0,25.25,25.81661,False,nbr,A,save/nbr
SimCLR,SimCLR-xsubj-cosine,xsubj,cosine,,all,all,age,linear_probe,8,1,19.92,16.44516,False,nbr,A,save/nbr
SimCLR,SimCLR-xsubj-cosine,xsubj,cosine,,all,all,age,linear_probe,8,2,22.776316,24.149927,False,nbr,A,save/nbr
SimCLR,SimCLR-xsubj-cosine,xsubj,cosine,,all,all,age,linear_probe,8,3,13.230769,18.193142,False,nbr,A,save/nbr
SimCLR,SimCLR-xsubj-wasser,xsubj,wasserstein,,all,all,age,linear_probe,8,0,25.25,21.389832,False,nbr,A,save/nbr
SimCLR,SimCLR-xsubj-wasser,xsubj,wasserstein,,all,all,age,linear_probe,8,1,19.92,19.927942,False,nbr,A,save/nbr
SimCLR,SimCLR-xsubj-wasser,xsubj,wasserstein,,all,all,age,linear_probe,8,2,22.776316,23.658249,False,nbr,A,save/nbr
SimCLR,SimCLR-xsubj-wasser,xsubj,wasserstein,,all,all,age,linear_probe,8,3,13.230769,16.819132,False,nbr,A,save/nbr
SimCLR,SimCLR-xsubj-riemann,xsubj,riemann,,all,all,age,linear_probe,8,0,25.25,24.633514,False,nbr,A,save/nbr
SimCLR,SimCLR-xsubj-riemann,xsubj,riemann,,all,all,age,linear_probe,8,1,19.92,18.376837,False,nbr,A,save/nbr
SimCLR,SimCLR-xsubj-riemann,xsubj,riemann,,all,all,age,linear_probe,8,2,22.776316,25.759232,False,nbr,A,save/nbr
SimCLR,SimCLR-xsubj-riemann,xsubj,riemann,,all,all,age,linear_probe,8,3,13.230769,18.158508,False,nbr,A,save/nbr
SimCLR,SimCLR-diffage-cosine,diffage,cosine,,all,all,age,linear_probe,8,0,25.25,23.825453,False,nbr,A,save/nbr
SimCLR,SimCLR-diffage-cosine,diffage,cosine,,all,all,age,linear_probe,8,1,19.92,18.077831,False,nbr,A,save/nbr
SimCLR,SimCLR-diffage-cosine,diffage,cosine,,all,all,age,linear_probe,8,2,22.776316,21.861181,False,nbr,A,save/nbr
SimCLR,SimCLR-diffage-cosine,diffage,cosine,,all,all,age,linear_probe,8,3,13.230769,17.788143,False,nbr,A,save/nbr
SimCLR,SimCLR-diffage-wasser,diffage,wasserstein,,all,all,age,linear_probe,8,0,25.25,22.815033,False,nbr,A,save/nbr
SimCLR,SimCLR-diffage-wasser,diffage,wasserstein,,all,all,age,linear_probe,8,1,19.92,19.302923,False,nbr,A,save/nbr
SimCLR,SimCLR-diffage-wasser,diffage,wasserstein,,all,all,age,linear_probe,8,2,22.776316,24.947432,False,nbr,A,save/nbr
SimCLR,SimCLR-diffage-wasser,diffage,wasserstein,,all,all,age,linear_probe,8,3,13.230769,16.393932,False,nbr,A,save/nbr
SimCLR,SimCLR-diffage-riemann,diffage,riemann,,all,all,age,linear_probe,8,0,25.25,24.353323,False,nbr,A,save/nbr
SimCLR,SimCLR-diffage-riemann,diffage,riemann,,all,all,age,linear_probe,8,1,19.92,18.339172,False,nbr,A,save/nbr
SimCLR,SimCLR-diffage-riemann,diffage,riemann,,all,all,age,linear_probe,8,2,22.776316,22.791613,False,nbr,A,save/nbr
SimCLR,SimCLR-diffage-riemann,diffage,riemann,,all,all,age,linear_probe,8,3,13.230769,17.193872,False,nbr,A,save/nbr
SimCLR,SimCLR,augment,,,all,all,age,fine_tuning,8,0,25.25,26.587168,False,nbr,A,save/nbr
SimCLR,SimCLR,augment,,,all,all,age,fine_tuning,8,1,19.92,20.217962,False,nbr,A,save/nbr
SimCLR,SimCLR,augment,,,all,all,age,fine_tuning,8,2,22.776316,24.295517,False,nbr,A,save/nbr
SimCLR,SimCLR,augment,,,all,all,age,fine_tuning,8,3,13.230769,15.189379,False,nbr,A,save/nbr
SimCLR,SimCLR-nbr-cosine,nbr,cosine,,all,all,age,fine_tuning,8,0,25.25,26.525675,False,nbr,A,save/nbr
SimCLR,SimCLR-nbr-cosine,nbr,cosine,,all,all,age,fine_tuning,8,1,19.92,18.579622,False,nbr,A,save/nbr
SimCLR,SimCLR-nbr-cosine,nbr,cosine,,all,all,age,fine_tuning,8,2,22.776316,24.428749,False,nbr,A,save/nbr
SimCLR,SimCLR-nbr-cosine,nbr,cosine,,all,all,age,fine_tuning,8,3,13.230769,15.885098,False,nbr,A,save/nbr
SimCLR,SimCLR-nbr-wasser,nbr,wasserstein,,all,all,age,fine_tuning,8,0,25.25,26.88772,False,nbr,A,save/nbr
SimCLR,SimCLR-nbr-wasser,nbr,wasserstein,,all,all,age,fine_tuning,8,1,19.92,20.445169,False,nbr,A,save/nbr
SimCLR,SimCLR-nbr-wasser,nbr,wasserstein,,all,all,age,fine_tuning,8,2,22.776316,24.770725,False,nbr,A,save/nbr
SimCLR,SimCLR-nbr-wasser,nbr,wasserstein,,all,all,age,fine_tuning,8,3,13.230769,16.029608,False,nbr,A,save/nbr
SimCLR,SimCLR-nbr-riemann,nbr,riemann,,all,all,age,fine_tuning,8,0,25.25,27.910887,False,nbr,A,save/nbr
SimCLR,SimCLR-nbr-riemann,nbr,riemann,,all,all,age,fine_tuning,8,1,19.92,21.283857,False,nbr,A,save/nbr
SimCLR,SimCLR-nbr-riemann,nbr,riemann,,all,all,age,fine_tuning,8,2,22.776316,26.801271,False,nbr,A,save/nbr
SimCLR,SimCLR-nbr-riemann,nbr,riemann,,all,all,age,fine_tuning,8,3,13.230769,17.728945,False,nbr,A,save/nbr
SimCLR,SimCLR-xsubj-cosine,xsubj,cosine,,all,all,age,fine_tuning,8,0,25.25,27.394678,False,nbr,A,save/nbr
SimCLR,SimCLR-xsubj-cosine,xsubj,cosine,,all,all,age,fine_tuning,8,1,19.92,22.826488,False,nbr,A,save/nbr
SimCLR,SimCLR-xsubj-cosine,xsubj,cosine,,all,all,age,fine_tuning,8,2,22.776316,25.226639,False,nbr,A,save/nbr
SimCLR,SimCLR-xsubj-cosine,xsubj,cosine,,all,all,age,fine_tuning,8,3,13.230769,16.170918,False,nbr,A,save/nbr
SimCLR,SimCLR-xsubj-wasser,xsubj,wasserstein,,all,all,age,fine_tuning,8,0,25.25,26.025322,False,nbr,A,save/nbr
SimCLR,SimCLR-xsubj-wasser,xsubj,wasserstein,,all,all,age,fine_tuning,8,1,19.92,18.772957,False,nbr,A,save/nbr
SimCLR,SimCLR-xsubj-wasser,xsubj,wasserstein,,all,all,age,fine_tuning,8,2,22.776316,24.56546,False,nbr,A,save/nbr
SimCLR,SimCLR-xsubj-wasser,xsubj,wasserstein,,all,all,age,fine_tuning,8,3,13.230769,14.765397,False,nbr,A,save/nbr
SimCLR,SimCLR-xsubj-riemann,xsubj,riemann,,all,all,age,fine_tuning,8,0,25.25,27.718063,False,nbr,A,save/nbr
SimCLR,SimCLR-xsubj-riemann,xsubj,riemann,,all,all,age,fine_tuning,8,1,19.92,22.520109,False,nbr,A,save/nbr
SimCLR,SimCLR-xsubj-riemann,xsubj,riemann,,all,all,age,fine_tuning,8,2,22.776316,24.386517,False,nbr,A,save/nbr
SimCLR,SimCLR-xsubj-riemann,xsubj,riemann,,all,all,age,fine_tuning,8,3,13.230769,15.108735,False,nbr,A,save/nbr
SimCLR,SimCLR-diffage-cosine,diffage,cosine,,all,all,age,fine_tuning,8,0,25.25,24.638678,False,nbr,A,save/nbr
SimCLR,SimCLR-diffage-cosine,diffage,cosine,,all,all,age,fine_tuning,8,1,19.92,18.845949,False,nbr,A,save/nbr
SimCLR,SimCLR-diffage-cosine,diffage,cosine,,all,all,age,fine_tuning,8,2,22.776316,24.725245,False,nbr,A,save/nbr
SimCLR,SimCLR-diffage-cosine,diffage,cosine,,all,all,age,fine_tuning,8,3,13.230769,16.395882,False,nbr,A,save/nbr
SimCLR,SimCLR-diffage-wasser,diffage,wasserstein,,all,all,age,fine_tuning,8,0,25.25,26.741323,False,nbr,A,save/nbr
SimCLR,SimCLR-diffage-wasser,diffage,wasserstein,,all,all,age,fine_tuning,8,1,19.92,19.980883,False,nbr,A,save/nbr
SimCLR,SimCLR-diffage-wasser,diffage,wasserstein,,all,all,age,fine_tuning,8,2,22.776316,24.208399,False,nbr,A,save/nbr
SimCLR,SimCLR-diffage-wasser,diffage,wasserstein,,all,all,age,fine_tuning,8,3,13.230769,15.829265,False,nbr,A,save/nbr
SimCLR,SimCLR-diffage-riemann,diffage,riemann,,all,all,age,fine_tuning,8,0,25.25,22.449081,False,nbr,A,save/nbr
SimCLR,SimCLR-diffage-riemann,diffage,riemann,,all,all,age,fine_tuning,8,1,19.92,19.915808,False,nbr,A,save/nbr
SimCLR,SimCLR-diffage-riemann,diffage,riemann,,all,all,age,fine_tuning,8,2,22.776316,23.443394,False,nbr,A,save/nbr
SimCLR,SimCLR-diffage-riemann,diffage,riemann,,all,all,age,fine_tuning,8,3,13.230769,14.238546,False,nbr,A,save/nbr
SimCLR,SimCLR,augment,,,all,all,age,linear_probe,9,0,20.706896,18.040211,False,nbr,A,save/nbr
SimCLR,SimCLR,augment,,,all,all,age,linear_probe,9,1,15.652174,17.568029,False,nbr,A,save/nbr
SimCLR,SimCLR,augment,,,all,all,age,linear_probe,9,2,15.217391,18.830439,False,nbr,A,save/nbr
SimCLR,SimCLR,augment,,,all,all,age,linear_probe,9,3,9.236363,17.726074,False,nbr,A,save/nbr
SimCLR,SimCLR-nbr-cosine,nbr,cosine,,all,all,age,linear_probe,9,0,20.706896,19.212904,False,nbr,A,save/nbr
SimCLR,SimCLR-nbr-cosine,nbr,cosine,,all,all,age,linear_probe,9,1,15.652174,12.958017,False,nbr,A,save/nbr
SimCLR,SimCLR-nbr-cosine,nbr,cosine,,all,all,age,linear_probe,9,2,15.217391,15.0945,False,nbr,A,save/nbr
SimCLR,SimCLR-nbr-cosine,nbr,cosine,,all,all,age,linear_probe,9,3,9.236363,11.17343,False,nbr,A,save/nbr
SimCLR,SimCLR-nbr-wasser,nbr,wasserstein,,all,all,age,linear_probe,9,0,20.706896,19.487988,False,nbr,A,save/nbr
SimCLR,SimCLR-nbr-wasser,nbr,wasserstein,,all,all,age,linear_probe,9,1,15.652174,13.582038,False,nbr,A,save/nbr
SimCLR,SimCLR-nbr-wasser,nbr,wasserstein,,all,all,age,linear_probe,9,2,15.217391,14.701603,False,nbr,A,save/nbr
SimCLR,SimCLR-nbr-wasser,nbr,wasserstein,,all,all,age,linear_probe,9,3,9.236363,9.277226,False,nbr,A,save/nbr
SimCLR,SimCLR-nbr-riemann,nbr,riemann,,all,all,age,linear_probe,9,0,20.706896,19.549587,False,nbr,A,save/nbr
SimCLR,SimCLR-nbr-riemann,nbr,riemann,,all,all,age,linear_probe,9,1,15.652174,13.356833,False,nbr,A,save/nbr
SimCLR,SimCLR-nbr-riemann,nbr,riemann,,all,all,age,linear_probe,9,2,15.217391,14.07488,False,nbr,A,save/nbr
SimCLR,SimCLR-nbr-riemann,nbr,riemann,,all,all,age,linear_probe,9,3,9.236363,9.306252,False,nbr,A,save/nbr
SimCLR,SimCLR-xsubj-cosine,xsubj,cosine,,all,all,age,linear_probe,9,0,20.706896,19.29147,False,nbr,A,save/nbr
SimCLR,SimCLR-xsubj-cosine,xsubj,cosine,,all,all,age,linear_probe,9,1,15.652174,12.911869,False,nbr,A,save/nbr
SimCLR,SimCLR-xsubj-cosine,xsubj,cosine,,all,all,age,linear_probe,9,2,15.217391,15.520867,False,nbr,A,save/nbr
SimCLR,SimCLR-xsubj-cosine,xsubj,cosine,,all,all,age,linear_probe,9,3,9.236363,9.86063,False,nbr,A,save/nbr
SimCLR,SimCLR-xsubj-wasser,xsubj,wasserstein,,all,all,age,linear_probe,9,0,20.706896,18.547676,False,nbr,A,save/nbr
SimCLR,SimCLR-xsubj-wasser,xsubj,wasserstein,,all,all,age,linear_probe,9,1,15.652174,14.928881,False,nbr,A,save/nbr
SimCLR,SimCLR-xsubj-wasser,xsubj,wasserstein,,all,all,age,linear_probe,9,2,15.217391,15.100956,False,nbr,A,save/nbr
SimCLR,SimCLR-xsubj-wasser,xsubj,wasserstein,,all,all,age,linear_probe,9,3,9.236363,10.758882,False,nbr,A,save/nbr
SimCLR,SimCLR-xsubj-riemann,xsubj,riemann,,all,all,age,linear_probe,9,0,20.706896,18.350428,False,nbr,A,save/nbr
SimCLR,SimCLR-xsubj-riemann,xsubj,riemann,,all,all,age,linear_probe,9,1,15.652174,13.485297,False,nbr,A,save/nbr
SimCLR,SimCLR-xsubj-riemann,xsubj,riemann,,all,all,age,linear_probe,9,2,15.217391,14.224759,False,nbr,A,save/nbr
SimCLR,SimCLR-xsubj-riemann,xsubj,riemann,,all,all,age,linear_probe,9,3,9.236363,10.351698,False,nbr,A,save/nbr
SimCLR,SimCLR-diffage-cosine,diffage,cosine,,all,all,age,linear_probe,9,0,20.706896,20.450804,False,nbr,A,save/nbr
SimCLR,SimCLR-diffage-cosine,diffage,cosine,,all,all,age,linear_probe,9,1,15.652174,16.352865,False,nbr,A,save/nbr
SimCLR,SimCLR-diffage-cosine,diffage,cosine,,all,all,age,linear_probe,9,2,15.217391,20.289326,False,nbr,A,save/nbr
SimCLR,SimCLR-diffage-cosine,diffage,cosine,,all,all,age,linear_probe,9,3,9.236363,13.453751,False,nbr,A,save/nbr
SimCLR,SimCLR-diffage-wasser,diffage,wasserstein,,all,all,age,linear_probe,9,0,20.706896,20.994982,False,nbr,A,save/nbr
SimCLR,SimCLR-diffage-wasser,diffage,wasserstein,,all,all,age,linear_probe,9,1,15.652174,12.691709,False,nbr,A,save/nbr
SimCLR,SimCLR-diffage-wasser,diffage,wasserstein,,all,all,age,linear_probe,9,2,15.217391,16.750847,False,nbr,A,save/nbr
SimCLR,SimCLR-diffage-wasser,diffage,wasserstein,,all,all,age,linear_probe,9,3,9.236363,11.982027,False,nbr,A,save/nbr
SimCLR,SimCLR-diffage-riemann,diffage,riemann,,all,all,age,linear_probe,9,0,20.706896,20.294872,False,nbr,A,save/nbr
SimCLR,SimCLR-diffage-riemann,diffage,riemann,,all,all,age,linear_probe,9,1,15.652174,13.993009,False,nbr,A,save/nbr
SimCLR,SimCLR-diffage-riemann,diffage,riemann,,all,all,age,linear_probe,9,2,15.217391,15.67061,False,nbr,A,save/nbr
SimCLR,SimCLR-diffage-riemann,diffage,riemann,,all,all,age,linear_probe,9,3,9.236363,12.931642,False,nbr,A,save/nbr
SimCLR,SimCLR,augment,,,all,all,age,fine_tuning,9,0,20.706896,21.371691,False,nbr,A,save/nbr
SimCLR,SimCLR,augment,,,all,all,age,fine_tuning,9,1,15.652174,11.688727,False,nbr,A,save/nbr
SimCLR,SimCLR,augment,,,all,all,age,fine_tuning,9,2,15.217391,13.578617,False,nbr,A,save/nbr
SimCLR,SimCLR,augment,,,all,all,age,fine_tuning,9,3,9.236363,11.108654,False,nbr,A,save/nbr
SimCLR,SimCLR-nbr-cosine,nbr,cosine,,all,all,age,fine_tuning,9,0,20.706896,21.135847,False,nbr,A,save/nbr
SimCLR,SimCLR-nbr-cosine,nbr,cosine,,all,all,age,fine_tuning,9,1,15.652174,14.788549,False,nbr,A,save/nbr
SimCLR,SimCLR-nbr-cosine,nbr,cosine,,all,all,age,fine_tuning,9,2,15.217391,11.809444,False,nbr,A,save/nbr
SimCLR,SimCLR-nbr-cosine,nbr,cosine,,all,all,age,fine_tuning,9,3,9.236363,10.69513,False,nbr,A,save/nbr
SimCLR,SimCLR-nbr-wasser,nbr,wasserstein,,all,all,age,fine_tuning,9,0,20.706896,21.638756,False,nbr,A,save/nbr
SimCLR,SimCLR-nbr-wasser,nbr,wasserstein,,all,all,age,fine_tuning,9,1,15.652174,13.453673,False,nbr,A,save/nbr
SimCLR,SimCLR-nbr-wasser,nbr,wasserstein,,all,all,age,fine_tuning,9,2,15.217391,11.205718,False,nbr,A,save/nbr
SimCLR,SimCLR-nbr-wasser,nbr,wasserstein,,all,all,age,fine_tuning,9,3,9.236363,11.197245,False,nbr,A,save/nbr
SimCLR,SimCLR-nbr-riemann,nbr,riemann,,all,all,age,fine_tuning,9,0,20.706896,17.717024,False,nbr,A,save/nbr
SimCLR,SimCLR-nbr-riemann,nbr,riemann,,all,all,age,fine_tuning,9,1,15.652174,12.36936,False,nbr,A,save/nbr
SimCLR,SimCLR-nbr-riemann,nbr,riemann,,all,all,age,fine_tuning,9,2,15.217391,11.545653,False,nbr,A,save/nbr
SimCLR,SimCLR-nbr-riemann,nbr,riemann,,all,all,age,fine_tuning,9,3,9.236363,9.210417,False,nbr,A,save/nbr
SimCLR,SimCLR-xsubj-cosine,xsubj,cosine,,all,all,age,fine_tuning,9,0,20.706896,21.112549,False,nbr,A,save/nbr
SimCLR,SimCLR-xsubj-cosine,xsubj,cosine,,all,all,age,fine_tuning,9,1,15.652174,15.160779,False,nbr,A,save/nbr
SimCLR,SimCLR-xsubj-cosine,xsubj,cosine,,all,all,age,fine_tuning,9,2,15.217391,11.63661,False,nbr,A,save/nbr
SimCLR,SimCLR-xsubj-cosine,xsubj,cosine,,all,all,age,fine_tuning,9,3,9.236363,9.996285,False,nbr,A,save/nbr
SimCLR,SimCLR-xsubj-wasser,xsubj,wasserstein,,all,all,age,fine_tuning,9,0,20.706896,21.846245,False,nbr,A,save/nbr
SimCLR,SimCLR-xsubj-wasser,xsubj,wasserstein,,all,all,age,fine_tuning,9,1,15.652174,16.322559,False,nbr,A,save/nbr
SimCLR,SimCLR-xsubj-wasser,xsubj,wasserstein,,all,all,age,fine_tuning,9,2,15.217391,14.087995,False,nbr,A,save/nbr
SimCLR,SimCLR-xsubj-wasser,xsubj,wasserstein,,all,all,age,fine_tuning,9,3,9.236363,11.235474,False,nbr,A,save/nbr
SimCLR,SimCLR-xsubj-riemann,xsubj,riemann,,all,all,age,fine_tuning,9,0,20.706896,21.582394,False,nbr,A,save/nbr
SimCLR,SimCLR-xsubj-riemann,xsubj,riemann,,all,all,age,fine_tuning,9,1,15.652174,14.362223,False,nbr,A,save/nbr
SimCLR,SimCLR-xsubj-riemann,xsubj,riemann,,all,all,age,fine_tuning,9,2,15.217391,10.810562,False,nbr,A,save/nbr
SimCLR,SimCLR-xsubj-riemann,xsubj,riemann,,all,all,age,fine_tuning,9,3,9.236363,10.015458,False,nbr,A,save/nbr
SimCLR,SimCLR-diffage-cosine,diffage,cosine,,all,all,age,fine_tuning,9,0,20.706896,19.866884,False,nbr,A,save/nbr
SimCLR,SimCLR-diffage-cosine,diffage,cosine,,all,all,age,fine_tuning,9,1,15.652174,14.310693,False,nbr,A,save/nbr
SimCLR,SimCLR-diffage-cosine,diffage,cosine,,all,all,age,fine_tuning,9,2,15.217391,13.024384,False,nbr,A,save/nbr
SimCLR,SimCLR-diffage-cosine,diffage,cosine,,all,all,age,fine_tuning,9,3,9.236363,10.414976,False,nbr,A,save/nbr
SimCLR,SimCLR-diffage-wasser,diffage,wasserstein,,all,all,age,fine_tuning,9,0,20.706896,21.165356,False,nbr,A,save/nbr
SimCLR,SimCLR-diffage-wasser,diffage,wasserstein,,all,all,age,fine_tuning,9,1,15.652174,16.529158,False,nbr,A,save/nbr
SimCLR,SimCLR-diffage-wasser,diffage,wasserstein,,all,all,age,fine_tuning,9,2,15.217391,14.859637,False,nbr,A,save/nbr
SimCLR,SimCLR-diffage-wasser,diffage,wasserstein,,all,all,age,fine_tuning,9,3,9.236363,10.849873,False,nbr,A,save/nbr
SimCLR,SimCLR-diffage-riemann,diffage,riemann,,all,all,age,fine_tuning,9,0,20.706896,20.843569,False,nbr,A,save/nbr
SimCLR,SimCLR-diffage-riemann,diffage,riemann,,all,all,age,fine_tuning,9,1,15.652174,13.861983,False,nbr,A,save/nbr
SimCLR,SimCLR-diffage-riemann,diffage,riemann,,all,all,age,fine_tuning,9,2,15.217391,13.384972,False,nbr,A,save/nbr
SimCLR,SimCLR-diffage-riemann,diffage,riemann,,all,all,age,fine_tuning,9,3,9.236363,11.858253,False,nbr,A,save/nbr
SimCLR,SimCLR,augment,,,all,all,age,linear_probe,0,0,23.1,19.07724,False,etapa_a,A,save/etapa_a
SimCLR,SimCLR,augment,,,all,all,age,linear_probe,0,1,7.809524,11.518318,False,etapa_a,A,save/etapa_a
SimCLR,SimCLR,augment,,,all,all,age,linear_probe,0,2,24.571428,16.354897,False,etapa_a,A,save/etapa_a
SimCLR,SimCLR,augment,,,all,all,age,linear_probe,0,3,17.265957,16.458578,False,etapa_a,A,save/etapa_a
SimCLR,SimCLR,augment,,,all,all,age,linear_probe,0,4,14.981818,16.944876,False,etapa_a,A,save/etapa_a
SimCLR,SimCLR-xsubj-cosine,xsubj,cosine,,all,all,age,linear_probe,0,0,23.1,21.762287,False,etapa_a,A,save/etapa_a
SimCLR,SimCLR-xsubj-cosine,xsubj,cosine,,all,all,age,linear_probe,0,1,7.809524,10.541326,False,etapa_a,A,save/etapa_a
SimCLR,SimCLR-xsubj-cosine,xsubj,cosine,,all,all,age,linear_probe,0,2,24.571428,18.342131,False,etapa_a,A,save/etapa_a
SimCLR,SimCLR-xsubj-cosine,xsubj,cosine,,all,all,age,linear_probe,0,3,17.265957,18.580069,False,etapa_a,A,save/etapa_a
SimCLR,SimCLR-xsubj-cosine,xsubj,cosine,,all,all,age,linear_probe,0,4,14.981818,17.390392,False,etapa_a,A,save/etapa_a
SimCLR,SimCLR-xsubj-wasser,xsubj,wasserstein,,all,all,age,linear_probe,0,0,23.1,23.499319,False,etapa_a,A,save/etapa_a
SimCLR,SimCLR-xsubj-wasser,xsubj,wasserstein,,all,all,age,linear_probe,0,1,7.809524,11.029286,False,etapa_a,A,save/etapa_a
SimCLR,SimCLR-xsubj-wasser,xsubj,wasserstein,,all,all,age,linear_probe,0,2,24.571428,19.112886,False,etapa_a,A,save/etapa_a
SimCLR,SimCLR-xsubj-wasser,xsubj,wasserstein,,all,all,age,linear_probe,0,3,17.265957,19.465012,False,etapa_a,A,save/etapa_a
SimCLR,SimCLR-xsubj-wasser,xsubj,wasserstein,,all,all,age,linear_probe,0,4,14.981818,18.601675,False,etapa_a,A,save/etapa_a
SimCLR,SimCLR-xsubj-riemann,xsubj,riemann,,all,all,age,linear_probe,0,0,23.1,23.027069,False,etapa_a,A,save/etapa_a
SimCLR,SimCLR-xsubj-riemann,xsubj,riemann,,all,all,age,linear_probe,0,1,7.809524,10.140415,False,etapa_a,A,save/etapa_a
SimCLR,SimCLR-xsubj-riemann,xsubj,riemann,,all,all,age,linear_probe,0,2,24.571428,19.293575,False,etapa_a,A,save/etapa_a
SimCLR,SimCLR-xsubj-riemann,xsubj,riemann,,all,all,age,linear_probe,0,3,17.265957,19.286228,False,etapa_a,A,save/etapa_a
SimCLR,SimCLR-xsubj-riemann,xsubj,riemann,,all,all,age,linear_probe,0,4,14.981818,17.786236,False,etapa_a,A,save/etapa_a
SimCLR,SimCLR,augment,,,all,all,age,fine_tuning,0,0,23.1,24.58868,False,etapa_a,A,save/etapa_a
SimCLR,SimCLR,augment,,,all,all,age,fine_tuning,0,1,7.809524,12.073858,False,etapa_a,A,save/etapa_a
SimCLR,SimCLR,augment,,,all,all,age,fine_tuning,0,2,24.571428,21.136831,False,etapa_a,A,save/etapa_a
SimCLR,SimCLR,augment,,,all,all,age,fine_tuning,0,3,17.265957,17.968008,False,etapa_a,A,save/etapa_a
SimCLR,SimCLR,augment,,,all,all,age,fine_tuning,0,4,14.981818,14.527981,False,etapa_a,A,save/etapa_a
SimCLR,SimCLR-xsubj-cosine,xsubj,cosine,,all,all,age,fine_tuning,0,0,23.1,24.61413,False,etapa_a,A,save/etapa_a
SimCLR,SimCLR-xsubj-cosine,xsubj,cosine,,all,all,age,fine_tuning,0,1,7.809524,11.81267,False,etapa_a,A,save/etapa_a
SimCLR,SimCLR-xsubj-cosine,xsubj,cosine,,all,all,age,fine_tuning,0,2,24.571428,22.007296,False,etapa_a,A,save/etapa_a
SimCLR,SimCLR-xsubj-cosine,xsubj,cosine,,all,all,age,fine_tuning,0,3,17.265957,18.620745,False,etapa_a,A,save/etapa_a
SimCLR,SimCLR-xsubj-cosine,xsubj,cosine,,all,all,age,fine_tuning,0,4,14.981818,15.396221,False,etapa_a,A,save/etapa_a
SimCLR,SimCLR-xsubj-wasser,xsubj,wasserstein,,all,all,age,fine_tuning,0,0,23.1,24.18461,False,etapa_a,A,save/etapa_a
SimCLR,SimCLR-xsubj-wasser,xsubj,wasserstein,,all,all,age,fine_tuning,0,1,7.809524,11.062154,False,etapa_a,A,save/etapa_a
SimCLR,SimCLR-xsubj-wasser,xsubj,wasserstein,,all,all,age,fine_tuning,0,2,24.571428,20.42145,False,etapa_a,A,save/etapa_a
SimCLR,SimCLR-xsubj-wasser,xsubj,wasserstein,,all,all,age,fine_tuning,0,3,17.265957,18.031038,False,etapa_a,A,save/etapa_a
SimCLR,SimCLR-xsubj-wasser,xsubj,wasserstein,,all,all,age,fine_tuning,0,4,14.981818,14.883986,False,etapa_a,A,save/etapa_a
SimCLR,SimCLR-xsubj-riemann,xsubj,riemann,,all,all,age,fine_tuning,0,0,23.1,24.538857,False,etapa_a,A,save/etapa_a
SimCLR,SimCLR-xsubj-riemann,xsubj,riemann,,all,all,age,fine_tuning,0,1,7.809524,12.10564,False,etapa_a,A,save/etapa_a
SimCLR,SimCLR-xsubj-riemann,xsubj,riemann,,all,all,age,fine_tuning,0,2,24.571428,23.886553,False,etapa_a,A,save/etapa_a
SimCLR,SimCLR-xsubj-riemann,xsubj,riemann,,all,all,age,fine_tuning,0,3,17.265957,18.935642,False,etapa_a,A,save/etapa_a
SimCLR,SimCLR-xsubj-riemann,xsubj,riemann,,all,all,age,fine_tuning,0,4,14.981818,14.722559,False,etapa_a,A,save/etapa_a
SimCLR,SimCLR,augment,,,all,all,age,linear_probe,1,0,22.484848,16.533136,False,etapa_a,A,save/etapa_a
SimCLR,SimCLR,augment,,,all,all,age,linear_probe,1,1,23.361702,23.063793,False,etapa_a,A,save/etapa_a
SimCLR,SimCLR,augment,,,all,all,age,linear_probe,1,2,8.131579,19.591604,False,etapa_a,A,save/etapa_a
SimCLR,SimCLR,augment,,,all,all,age,linear_probe,1,3,24.431654,23.263483,False,etapa_a,A,save/etapa_a
SimCLR,SimCLR,augment,,,all,all,age,linear_probe,1,4,10.466666,16.25963,False,etapa_a,A,save/etapa_a
SimCLR,SimCLR-xsubj-cosine,xsubj,cosine,,all,all,age,linear_probe,1,0,22.484848,23.311886,False,etapa_a,A,save/etapa_a
SimCLR,SimCLR-xsubj-cosine,xsubj,cosine,,all,all,age,linear_probe,1,1,23.361702,18.618366,False,etapa_a,A,save/etapa_a
SimCLR,SimCLR-xsubj-cosine,xsubj,cosine,,all,all,age,linear_probe,1,2,8.131579,14.133456,False,etapa_a,A,save/etapa_a
SimCLR,SimCLR-xsubj-cosine,xsubj,cosine,,all,all,age,linear_probe,1,3,24.431654,22.589752,False,etapa_a,A,save/etapa_a
SimCLR,SimCLR-xsubj-cosine,xsubj,cosine,,all,all,age,linear_probe,1,4,10.466666,13.184701,False,etapa_a,A,save/etapa_a
SimCLR,SimCLR-xsubj-wasser,xsubj,wasserstein,,all,all,age,linear_probe,1,0,22.484848,21.474119,False,etapa_a,A,save/etapa_a
SimCLR,SimCLR-xsubj-wasser,xsubj,wasserstein,,all,all,age,linear_probe,1,1,23.361702,19.736574,False,etapa_a,A,save/etapa_a
SimCLR,SimCLR-xsubj-wasser,xsubj,wasserstein,,all,all,age,linear_probe,1,2,8.131579,15.211705,False,etapa_a,A,save/etapa_a
SimCLR,SimCLR-xsubj-wasser,xsubj,wasserstein,,all,all,age,linear_probe,1,3,24.431654,23.366604,False,etapa_a,A,save/etapa_a
SimCLR,SimCLR-xsubj-wasser,xsubj,wasserstein,,all,all,age,linear_probe,1,4,10.466666,9.548972,False,etapa_a,A,save/etapa_a
SimCLR,SimCLR-xsubj-riemann,xsubj,riemann,,all,all,age,linear_probe,1,0,22.484848,21.035948,False,etapa_a,A,save/etapa_a
SimCLR,SimCLR-xsubj-riemann,xsubj,riemann,,all,all,age,linear_probe,1,1,23.361702,20.408075,False,etapa_a,A,save/etapa_a
SimCLR,SimCLR-xsubj-riemann,xsubj,riemann,,all,all,age,linear_probe,1,2,8.131579,12.972994,False,etapa_a,A,save/etapa_a
SimCLR,SimCLR-xsubj-riemann,xsubj,riemann,,all,all,age,linear_probe,1,3,24.431654,22.56617,False,etapa_a,A,save/etapa_a
SimCLR,SimCLR-xsubj-riemann,xsubj,riemann,,all,all,age,linear_probe,1,4,10.466666,12.180618,False,etapa_a,A,save/etapa_a
SimCLR,SimCLR,augment,,,all,all,age,fine_tuning,1,0,22.484848,22.718079,False,etapa_a,A,save/etapa_a
SimCLR,SimCLR,augment,,,all,all,age,fine_tuning,1,1,23.361702,20.464853,False,etapa_a,A,save/etapa_a
SimCLR,SimCLR,augment,,,all,all,age,fine_tuning,1,2,8.131579,10.241986,False,etapa_a,A,save/etapa_a
SimCLR,SimCLR,augment,,,all,all,age,fine_tuning,1,3,24.431654,22.952555,False,etapa_a,A,save/etapa_a
SimCLR,SimCLR,augment,,,all,all,age,fine_tuning,1,4,10.466666,11.713859,False,etapa_a,A,save/etapa_a
SimCLR,SimCLR-xsubj-cosine,xsubj,cosine,,all,all,age,fine_tuning,1,0,22.484848,22.4816,False,etapa_a,A,save/etapa_a
SimCLR,SimCLR-xsubj-cosine,xsubj,cosine,,all,all,age,fine_tuning,1,1,23.361702,21.27549,False,etapa_a,A,save/etapa_a
SimCLR,SimCLR-xsubj-cosine,xsubj,cosine,,all,all,age,fine_tuning,1,2,8.131579,11.781722,False,etapa_a,A,save/etapa_a
SimCLR,SimCLR-xsubj-cosine,xsubj,cosine,,all,all,age,fine_tuning,1,3,24.431654,24.353065,False,etapa_a,A,save/etapa_a
SimCLR,SimCLR-xsubj-cosine,xsubj,cosine,,all,all,age,fine_tuning,1,4,10.466666,10.377481,False,etapa_a,A,save/etapa_a
SimCLR,SimCLR-xsubj-wasser,xsubj,wasserstein,,all,all,age,fine_tuning,1,0,22.484848,22.732647,False,etapa_a,A,save/etapa_a
SimCLR,SimCLR-xsubj-wasser,xsubj,wasserstein,,all,all,age,fine_tuning,1,1,23.361702,21.310293,False,etapa_a,A,save/etapa_a
SimCLR,SimCLR-xsubj-wasser,xsubj,wasserstein,,all,all,age,fine_tuning,1,2,8.131579,11.230392,False,etapa_a,A,save/etapa_a
SimCLR,SimCLR-xsubj-wasser,xsubj,wasserstein,,all,all,age,fine_tuning,1,3,24.431654,24.436792,False,etapa_a,A,save/etapa_a
SimCLR,SimCLR-xsubj-wasser,xsubj,wasserstein,,all,all,age,fine_tuning,1,4,10.466666,10.410339,False,etapa_a,A,save/etapa_a
SimCLR,SimCLR-xsubj-riemann,xsubj,riemann,,all,all,age,fine_tuning,1,0,22.484848,21.872847,False,etapa_a,A,save/etapa_a
SimCLR,SimCLR-xsubj-riemann,xsubj,riemann,,all,all,age,fine_tuning,1,1,23.361702,21.691204,False,etapa_a,A,save/etapa_a
SimCLR,SimCLR-xsubj-riemann,xsubj,riemann,,all,all,age,fine_tuning,1,2,8.131579,10.822063,False,etapa_a,A,save/etapa_a
SimCLR,SimCLR-xsubj-riemann,xsubj,riemann,,all,all,age,fine_tuning,1,3,24.431654,23.538616,False,etapa_a,A,save/etapa_a
SimCLR,SimCLR-xsubj-riemann,xsubj,riemann,,all,all,age,fine_tuning,1,4,10.466666,9.602018,False,etapa_a,A,save/etapa_a
SimCLR,SimCLR,augment,,,all,all,age,linear_probe,2,0,13.857142,20.166059,False,etapa_a,A,save/etapa_a
SimCLR,SimCLR,augment,,,all,all,age,linear_probe,2,1,16.74074,22.198153,False,etapa_a,A,save/etapa_a
SimCLR,SimCLR,augment,,,all,all,age,linear_probe,2,2,27.48,23.962555,False,etapa_a,A,save/etapa_a
SimCLR,SimCLR,augment,,,all,all,age,linear_probe,2,3,17.288889,19.021847,False,etapa_a,A,save/etapa_a
SimCLR,SimCLR,augment,,,all,all,age,linear_probe,2,4,36.0,18.927605,False,etapa_a,A,save/etapa_a
SimCLR,SimCLR-xsubj-cosine,xsubj,cosine,,all,all,age,linear_probe,2,0,13.857142,7.417506,False,etapa_a,A,save/etapa_a
SimCLR,SimCLR-xsubj-cosine,xsubj,cosine,,all,all,age,linear_probe,2,1,16.74074,15.061201,False,etapa_a,A,save/etapa_a
SimCLR,SimCLR-xsubj-cosine,xsubj,cosine,,all,all,age,linear_probe,2,2,27.48,27.769148,False,etapa_a,A,save/etapa_a
SimCLR,SimCLR-xsubj-cosine,xsubj,cosine,,all,all,age,linear_probe,2,3,17.288889,17.970411,False,etapa_a,A,save/etapa_a
SimCLR,SimCLR-xsubj-cosine,xsubj,cosine,,all,all,age,linear_probe,2,4,36.0,27.209888,False,etapa_a,A,save/etapa_a
SimCLR,SimCLR-xsubj-wasser,xsubj,wasserstein,,all,all,age,linear_probe,2,0,13.857142,5.853756,False,etapa_a,A,save/etapa_a
SimCLR,SimCLR-xsubj-wasser,xsubj,wasserstein,,all,all,age,linear_probe,2,1,16.74074,15.824318,False,etapa_a,A,save/etapa_a
SimCLR,SimCLR-xsubj-wasser,xsubj,wasserstein,,all,all,age,linear_probe,2,2,27.48,27.832907,False,etapa_a,A,save/etapa_a
SimCLR,SimCLR-xsubj-wasser,xsubj,wasserstein,,all,all,age,linear_probe,2,3,17.288889,19.812616,False,etapa_a,A,save/etapa_a
SimCLR,SimCLR-xsubj-wasser,xsubj,wasserstein,,all,all,age,linear_probe,2,4,36.0,28.129686,False,etapa_a,A,save/etapa_a
SimCLR,SimCLR-xsubj-riemann,xsubj,riemann,,all,all,age,linear_probe,2,0,13.857142,10.435832,False,etapa_a,A,save/etapa_a
SimCLR,SimCLR-xsubj-riemann,xsubj,riemann,,all,all,age,linear_probe,2,1,16.74074,12.076865,False,etapa_a,A,save/etapa_a
SimCLR,SimCLR-xsubj-riemann,xsubj,riemann,,all,all,age,linear_probe,2,2,27.48,26.149794,False,etapa_a,A,save/etapa_a
SimCLR,SimCLR-xsubj-riemann,xsubj,riemann,,all,all,age,linear_probe,2,3,17.288889,17.068361,False,etapa_a,A,save/etapa_a
SimCLR,SimCLR-xsubj-riemann,xsubj,riemann,,all,all,age,linear_probe,2,4,36.0,27.828854,False,etapa_a,A,save/etapa_a
SimCLR,SimCLR,augment,,,all,all,age,fine_tuning,2,0,13.857142,10.907619,False,etapa_a,A,save/etapa_a
SimCLR,SimCLR,augment,,,all,all,age,fine_tuning,2,1,16.74074,13.587384,False,etapa_a,A,save/etapa_a
SimCLR,SimCLR,augment,,,all,all,age,fine_tuning,2,2,27.48,28.762213,False,etapa_a,A,save/etapa_a
SimCLR,SimCLR,augment,,,all,all,age,fine_tuning,2,3,17.288889,16.985432,False,etapa_a,A,save/etapa_a
SimCLR,SimCLR,augment,,,all,all,age,fine_tuning,2,4,36.0,35.884262,False,etapa_a,A,save/etapa_a
SimCLR,SimCLR-xsubj-cosine,xsubj,cosine,,all,all,age,fine_tuning,2,0,13.857142,12.53057,False,etapa_a,A,save/etapa_a
SimCLR,SimCLR-xsubj-cosine,xsubj,cosine,,all,all,age,fine_tuning,2,1,16.74074,14.552234,False,etapa_a,A,save/etapa_a
SimCLR,SimCLR-xsubj-cosine,xsubj,cosine,,all,all,age,fine_tuning,2,2,27.48,27.890657,False,etapa_a,A,save/etapa_a
SimCLR,SimCLR-xsubj-cosine,xsubj,cosine,,all,all,age,fine_tuning,2,3,17.288889,17.466965,False,etapa_a,A,save/etapa_a
SimCLR,SimCLR-xsubj-cosine,xsubj,cosine,,all,all,age,fine_tuning,2,4,36.0,36.220543,False,etapa_a,A,save/etapa_a
SimCLR,SimCLR-xsubj-wasser,xsubj,wasserstein,,all,all,age,fine_tuning,2,0,13.857142,12.901101,False,etapa_a,A,save/etapa_a
SimCLR,SimCLR-xsubj-wasser,xsubj,wasserstein,,all,all,age,fine_tuning,2,1,16.74074,15.192582,False,etapa_a,A,save/etapa_a
SimCLR,SimCLR-xsubj-wasser,xsubj,wasserstein,,all,all,age,fine_tuning,2,2,27.48,27.994238,False,etapa_a,A,save/etapa_a
SimCLR,SimCLR-xsubj-wasser,xsubj,wasserstein,,all,all,age,fine_tuning,2,3,17.288889,17.703159,False,etapa_a,A,save/etapa_a
SimCLR,SimCLR-xsubj-wasser,xsubj,wasserstein,,all,all,age,fine_tuning,2,4,36.0,34.819752,False,etapa_a,A,save/etapa_a
SimCLR,SimCLR-xsubj-riemann,xsubj,riemann,,all,all,age,fine_tuning,2,0,13.857142,13.346396,False,etapa_a,A,save/etapa_a
SimCLR,SimCLR-xsubj-riemann,xsubj,riemann,,all,all,age,fine_tuning,2,1,16.74074,12.161877,False,etapa_a,A,save/etapa_a
SimCLR,SimCLR-xsubj-riemann,xsubj,riemann,,all,all,age,fine_tuning,2,2,27.48,28.353884,False,etapa_a,A,save/etapa_a
SimCLR,SimCLR-xsubj-riemann,xsubj,riemann,,all,all,age,fine_tuning,2,3,17.288889,17.673244,False,etapa_a,A,save/etapa_a
SimCLR,SimCLR-xsubj-riemann,xsubj,riemann,,all,all,age,fine_tuning,2,4,36.0,37.538269,False,etapa_a,A,save/etapa_a
SimCLR,SimCLR,augment,,,all,all,age,linear_probe,3,0,20.033897,17.693146,False,etapa_a,A,save/etapa_a
SimCLR,SimCLR,augment,,,all,all,age,linear_probe,3,1,10.086957,19.376591,False,etapa_a,A,save/etapa_a
SimCLR,SimCLR,augment,,,all,all,age,linear_probe,3,2,12.6,14.876239,False,etapa_a,A,save/etapa_a
SimCLR,SimCLR,augment,,,all,all,age,linear_probe,3,3,13.517241,15.74657,False,etapa_a,A,save/etapa_a
SimCLR,SimCLR,augment,,,all,all,age,linear_probe,3,4,25.104347,21.568516,False,etapa_a,A,save/etapa_a
SimCLR,SimCLR-xsubj-cosine,xsubj,cosine,,all,all,age,linear_probe,3,0,20.033897,21.445747,False,etapa_a,A,save/etapa_a
SimCLR,SimCLR-xsubj-cosine,xsubj,cosine,,all,all,age,linear_probe,3,1,10.086957,13.823891,False,etapa_a,A,save/etapa_a
SimCLR,SimCLR-xsubj-cosine,xsubj,cosine,,all,all,age,linear_probe,3,2,12.6,11.434418,False,etapa_a,A,save/etapa_a
SimCLR,SimCLR-xsubj-cosine,xsubj,cosine,,all,all,age,linear_probe,3,3,13.517241,14.806272,False,etapa_a,A,save/etapa_a
SimCLR,SimCLR-xsubj-cosine,xsubj,cosine,,all,all,age,linear_probe,3,4,25.104347,24.706989,False,etapa_a,A,save/etapa_a
SimCLR,SimCLR-xsubj-wasser,xsubj,wasserstein,,all,all,age,linear_probe,3,0,20.033897,20.561552,False,etapa_a,A,save/etapa_a
SimCLR,SimCLR-xsubj-wasser,xsubj,wasserstein,,all,all,age,linear_probe,3,1,10.086957,12.667292,False,etapa_a,A,save/etapa_a
SimCLR,SimCLR-xsubj-wasser,xsubj,wasserstein,,all,all,age,linear_probe,3,2,12.6,14.396973,False,etapa_a,A,save/etapa_a
SimCLR,SimCLR-xsubj-wasser,xsubj,wasserstein,,all,all,age,linear_probe,3,3,13.517241,15.164491,False,etapa_a,A,save/etapa_a
SimCLR,SimCLR-xsubj-wasser,xsubj,wasserstein,,all,all,age,linear_probe,3,4,25.104347,22.64267,False,etapa_a,A,save/etapa_a
SimCLR,SimCLR-xsubj-riemann,xsubj,riemann,,all,all,age,linear_probe,3,0,20.033897,16.544182,False,etapa_a,A,save/etapa_a
SimCLR,SimCLR-xsubj-riemann,xsubj,riemann,,all,all,age,linear_probe,3,1,10.086957,12.845333,False,etapa_a,A,save/etapa_a
SimCLR,SimCLR-xsubj-riemann,xsubj,riemann,,all,all,age,linear_probe,3,2,12.6,14.458366,False,etapa_a,A,save/etapa_a
SimCLR,SimCLR-xsubj-riemann,xsubj,riemann,,all,all,age,linear_probe,3,3,13.517241,14.659067,False,etapa_a,A,save/etapa_a
SimCLR,SimCLR-xsubj-riemann,xsubj,riemann,,all,all,age,linear_probe,3,4,25.104347,22.052053,False,etapa_a,A,save/etapa_a
SimCLR,SimCLR,augment,,,all,all,age,fine_tuning,3,0,20.033897,19.992113,False,etapa_a,A,save/etapa_a
SimCLR,SimCLR,augment,,,all,all,age,fine_tuning,3,1,10.086957,10.425946,False,etapa_a,A,save/etapa_a
SimCLR,SimCLR,augment,,,all,all,age,fine_tuning,3,2,12.6,13.07345,False,etapa_a,A,save/etapa_a
SimCLR,SimCLR,augment,,,all,all,age,fine_tuning,3,3,13.517241,14.436237,False,etapa_a,A,save/etapa_a
SimCLR,SimCLR,augment,,,all,all,age,fine_tuning,3,4,25.104347,24.840143,False,etapa_a,A,save/etapa_a
SimCLR,SimCLR-xsubj-cosine,xsubj,cosine,,all,all,age,fine_tuning,3,0,20.033897,19.502272,False,etapa_a,A,save/etapa_a
SimCLR,SimCLR-xsubj-cosine,xsubj,cosine,,all,all,age,fine_tuning,3,1,10.086957,11.900958,False,etapa_a,A,save/etapa_a
SimCLR,SimCLR-xsubj-cosine,xsubj,cosine,,all,all,age,fine_tuning,3,2,12.6,13.476061,False,etapa_a,A,save/etapa_a
SimCLR,SimCLR-xsubj-cosine,xsubj,cosine,,all,all,age,fine_tuning,3,3,13.517241,15.635834,False,etapa_a,A,save/etapa_a
SimCLR,SimCLR-xsubj-cosine,xsubj,cosine,,all,all,age,fine_tuning,3,4,25.104347,25.277699,False,etapa_a,A,save/etapa_a
SimCLR,SimCLR-xsubj-wasser,xsubj,wasserstein,,all,all,age,fine_tuning,3,0,20.033897,18.793875,False,etapa_a,A,save/etapa_a
SimCLR,SimCLR-xsubj-wasser,xsubj,wasserstein,,all,all,age,fine_tuning,3,1,10.086957,11.065686,False,etapa_a,A,save/etapa_a
SimCLR,SimCLR-xsubj-wasser,xsubj,wasserstein,,all,all,age,fine_tuning,3,2,12.6,14.835706,False,etapa_a,A,save/etapa_a
SimCLR,SimCLR-xsubj-wasser,xsubj,wasserstein,,all,all,age,fine_tuning,3,3,13.517241,14.555774,False,etapa_a,A,save/etapa_a
SimCLR,SimCLR-xsubj-wasser,xsubj,wasserstein,,all,all,age,fine_tuning,3,4,25.104347,24.668972,False,etapa_a,A,save/etapa_a
SimCLR,SimCLR-xsubj-riemann,xsubj,riemann,,all,all,age,fine_tuning,3,0,20.033897,18.700029,False,etapa_a,A,save/etapa_a
SimCLR,SimCLR-xsubj-riemann,xsubj,riemann,,all,all,age,fine_tuning,3,1,10.086957,11.700888,False,etapa_a,A,save/etapa_a
SimCLR,SimCLR-xsubj-riemann,xsubj,riemann,,all,all,age,fine_tuning,3,2,12.6,13.256214,False,etapa_a,A,save/etapa_a
SimCLR,SimCLR-xsubj-riemann,xsubj,riemann,,all,all,age,fine_tuning,3,3,13.517241,14.35086,False,etapa_a,A,save/etapa_a
SimCLR,SimCLR-xsubj-riemann,xsubj,riemann,,all,all,age,fine_tuning,3,4,25.104347,24.655777,False,etapa_a,A,save/etapa_a
SimCLR,SimCLR,augment,,,all,all,age,linear_probe,4,0,12.185185,17.045176,False,etapa_a,A,save/etapa_a
SimCLR,SimCLR,augment,,,all,all,age,linear_probe,4,1,10.902439,16.78516,False,etapa_a,A,save/etapa_a
SimCLR,SimCLR,augment,,,all,all,age,linear_probe,4,2,7.125,15.598733,False,etapa_a,A,save/etapa_a
SimCLR,SimCLR,augment,,,all,all,age,linear_probe,4,3,31.799999,21.132322,False,etapa_a,A,save/etapa_a
SimCLR,SimCLR,augment,,,all,all,age,linear_probe,4,4,10.609756,22.849905,False,etapa_a,A,save/etapa_a
SimCLR,SimCLR-xsubj-cosine,xsubj,cosine,,all,all,age,linear_probe,4,0,12.185185,11.391276,False,etapa_a,A,save/etapa_a
SimCLR,SimCLR-xsubj-cosine,xsubj,cosine,,all,all,age,linear_probe,4,1,10.902439,11.739443,False,etapa_a,A,save/etapa_a
SimCLR,SimCLR-xsubj-cosine,xsubj,cosine,,all,all,age,linear_probe,4,2,7.125,11.360877,False,etapa_a,A,save/etapa_a
SimCLR,SimCLR-xsubj-cosine,xsubj,cosine,,all,all,age,linear_probe,4,3,31.799999,27.070005,False,etapa_a,A,save/etapa_a
SimCLR,SimCLR-xsubj-cosine,xsubj,cosine,,all,all,age,linear_probe,4,4,10.609756,14.840595,False,etapa_a,A,save/etapa_a
SimCLR,SimCLR-xsubj-wasser,xsubj,wasserstein,,all,all,age,linear_probe,4,0,12.185185,11.28711,False,etapa_a,A,save/etapa_a
SimCLR,SimCLR-xsubj-wasser,xsubj,wasserstein,,all,all,age,linear_probe,4,1,10.902439,10.528301,False,etapa_a,A,save/etapa_a
SimCLR,SimCLR-xsubj-wasser,xsubj,wasserstein,,all,all,age,linear_probe,4,2,7.125,12.006925,False,etapa_a,A,save/etapa_a
SimCLR,SimCLR-xsubj-wasser,xsubj,wasserstein,,all,all,age,linear_probe,4,3,31.799999,25.770887,False,etapa_a,A,save/etapa_a
SimCLR,SimCLR-xsubj-wasser,xsubj,wasserstein,,all,all,age,linear_probe,4,4,10.609756,13.598675,False,etapa_a,A,save/etapa_a
SimCLR,SimCLR-xsubj-riemann,xsubj,riemann,,all,all,age,linear_probe,4,0,12.185185,11.699333,False,etapa_a,A,save/etapa_a
SimCLR,SimCLR-xsubj-riemann,xsubj,riemann,,all,all,age,linear_probe,4,1,10.902439,11.378695,False,etapa_a,A,save/etapa_a
SimCLR,SimCLR-xsubj-riemann,xsubj,riemann,,all,all,age,linear_probe,4,2,7.125,11.874886,False,etapa_a,A,save/etapa_a
SimCLR,SimCLR-xsubj-riemann,xsubj,riemann,,all,all,age,linear_probe,4,3,31.799999,26.177271,False,etapa_a,A,save/etapa_a
SimCLR,SimCLR-xsubj-riemann,xsubj,riemann,,all,all,age,linear_probe,4,4,10.609756,16.370565,False,etapa_a,A,save/etapa_a
SimCLR,SimCLR,augment,,,all,all,age,fine_tuning,4,0,12.185185,8.786788,False,etapa_a,A,save/etapa_a
SimCLR,SimCLR,augment,,,all,all,age,fine_tuning,4,1,10.902439,11.209574,False,etapa_a,A,save/etapa_a
SimCLR,SimCLR,augment,,,all,all,age,fine_tuning,4,2,7.125,9.347444,False,etapa_a,A,save/etapa_a
SimCLR,SimCLR,augment,,,all,all,age,fine_tuning,4,3,31.799999,29.733747,False,etapa_a,A,save/etapa_a
SimCLR,SimCLR,augment,,,all,all,age,fine_tuning,4,4,10.609756,13.894524,False,etapa_a,A,save/etapa_a
SimCLR,SimCLR-xsubj-cosine,xsubj,cosine,,all,all,age,fine_tuning,4,0,12.185185,10.481718,False,etapa_a,A,save/etapa_a
SimCLR,SimCLR-xsubj-cosine,xsubj,cosine,,all,all,age,fine_tuning,4,1,10.902439,10.784863,False,etapa_a,A,save/etapa_a
SimCLR,SimCLR-xsubj-cosine,xsubj,cosine,,all,all,age,fine_tuning,4,2,7.125,10.715261,False,etapa_a,A,save/etapa_a
SimCLR,SimCLR-xsubj-cosine,xsubj,cosine,,all,all,age,fine_tuning,4,3,31.799999,31.398193,False,etapa_a,A,save/etapa_a
SimCLR,SimCLR-xsubj-cosine,xsubj,cosine,,all,all,age,fine_tuning,4,4,10.609756,12.53362,False,etapa_a,A,save/etapa_a
SimCLR,SimCLR-xsubj-wasser,xsubj,wasserstein,,all,all,age,fine_tuning,4,0,12.185185,10.038025,False,etapa_a,A,save/etapa_a
SimCLR,SimCLR-xsubj-wasser,xsubj,wasserstein,,all,all,age,fine_tuning,4,1,10.902439,11.774284,False,etapa_a,A,save/etapa_a
SimCLR,SimCLR-xsubj-wasser,xsubj,wasserstein,,all,all,age,fine_tuning,4,2,7.125,11.22893,False,etapa_a,A,save/etapa_a
SimCLR,SimCLR-xsubj-wasser,xsubj,wasserstein,,all,all,age,fine_tuning,4,3,31.799999,32.515511,False,etapa_a,A,save/etapa_a
SimCLR,SimCLR-xsubj-wasser,xsubj,wasserstein,,all,all,age,fine_tuning,4,4,10.609756,15.162407,False,etapa_a,A,save/etapa_a
SimCLR,SimCLR-xsubj-riemann,xsubj,riemann,,all,all,age,fine_tuning,4,0,12.185185,10.520777,False,etapa_a,A,save/etapa_a
SimCLR,SimCLR-xsubj-riemann,xsubj,riemann,,all,all,age,fine_tuning,4,1,10.902439,10.31342,False,etapa_a,A,save/etapa_a
SimCLR,SimCLR-xsubj-riemann,xsubj,riemann,,all,all,age,fine_tuning,4,2,7.125,9.740091,False,etapa_a,A,save/etapa_a
SimCLR,SimCLR-xsubj-riemann,xsubj,riemann,,all,all,age,fine_tuning,4,3,31.799999,29.779444,False,etapa_a,A,save/etapa_a
SimCLR,SimCLR-xsubj-riemann,xsubj,riemann,,all,all,age,fine_tuning,4,4,10.609756,14.015843,False,etapa_a,A,save/etapa_a
SimCLR,SimCLR,augment,,,all,all,age,linear_probe,5,0,21.299999,23.793524,False,etapa_a,A,save/etapa_a
SimCLR,SimCLR,augment,,,all,all,age,linear_probe,5,1,16.439024,15.528113,False,etapa_a,A,save/etapa_a
SimCLR,SimCLR,augment,,,all,all,age,linear_probe,5,2,14.341772,17.372406,False,etapa_a,A,save/etapa_a
SimCLR,SimCLR,augment,,,all,all,age,linear_probe,5,3,22.196079,19.614401,False,etapa_a,A,save/etapa_a
SimCLR,SimCLR-xsubj-cosine,xsubj,cosine,,all,all,age,linear_probe,5,0,21.299999,26.628717,False,etapa_a,A,save/etapa_a
SimCLR,SimCLR-xsubj-cosine,xsubj,cosine,,all,all,age,linear_probe,5,1,16.439024,15.088666,False,etapa_a,A,save/etapa_a
SimCLR,SimCLR-xsubj-cosine,xsubj,cosine,,all,all,age,linear_probe,5,2,14.341772,16.080261,False,etapa_a,A,save/etapa_a
SimCLR,SimCLR-xsubj-cosine,xsubj,cosine,,all,all,age,linear_probe,5,3,22.196079,25.346342,False,etapa_a,A,save/etapa_a
SimCLR,SimCLR-xsubj-wasser,xsubj,wasserstein,,all,all,age,linear_probe,5,0,21.299999,26.211987,False,etapa_a,A,save/etapa_a
SimCLR,SimCLR-xsubj-wasser,xsubj,wasserstein,,all,all,age,linear_probe,5,1,16.439024,16.289648,False,etapa_a,A,save/etapa_a
SimCLR,SimCLR-xsubj-wasser,xsubj,wasserstein,,all,all,age,linear_probe,5,2,14.341772,16.227659,False,etapa_a,A,save/etapa_a
SimCLR,SimCLR-xsubj-wasser,xsubj,wasserstein,,all,all,age,linear_probe,5,3,22.196079,27.104445,False,etapa_a,A,save/etapa_a
SimCLR,SimCLR-xsubj-riemann,xsubj,riemann,,all,all,age,linear_probe,5,0,21.299999,25.598843,False,etapa_a,A,save/etapa_a
SimCLR,SimCLR-xsubj-riemann,xsubj,riemann,,all,all,age,linear_probe,5,1,16.439024,15.090767,False,etapa_a,A,save/etapa_a
SimCLR,SimCLR-xsubj-riemann,xsubj,riemann,,all,all,age,linear_probe,5,2,14.341772,15.363478,False,etapa_a,A,save/etapa_a
SimCLR,SimCLR-xsubj-riemann,xsubj,riemann,,all,all,age,linear_probe,5,3,22.196079,27.320324,False,etapa_a,A,save/etapa_a
SimCLR,SimCLR,augment,,,all,all,age,fine_tuning,5,0,21.299999,23.896101,False,etapa_a,A,save/etapa_a
SimCLR,SimCLR,augment,,,all,all,age,fine_tuning,5,1,16.439024,17.901581,False,etapa_a,A,save/etapa_a
SimCLR,SimCLR,augment,,,all,all,age,fine_tuning,5,2,14.341772,17.75202,False,etapa_a,A,save/etapa_a
SimCLR,SimCLR,augment,,,all,all,age,fine_tuning,5,3,22.196079,24.515316,False,etapa_a,A,save/etapa_a
SimCLR,SimCLR-xsubj-cosine,xsubj,cosine,,all,all,age,fine_tuning,5,0,21.299999,22.308773,False,etapa_a,A,save/etapa_a
SimCLR,SimCLR-xsubj-cosine,xsubj,cosine,,all,all,age,fine_tuning,5,1,16.439024,15.49754,False,etapa_a,A,save/etapa_a
SimCLR,SimCLR-xsubj-cosine,xsubj,cosine,,all,all,age,fine_tuning,5,2,14.341772,16.236794,False,etapa_a,A,save/etapa_a
SimCLR,SimCLR-xsubj-cosine,xsubj,cosine,,all,all,age,fine_tuning,5,3,22.196079,24.861824,False,etapa_a,A,save/etapa_a
SimCLR,SimCLR-xsubj-wasser,xsubj,wasserstein,,all,all,age,fine_tuning,5,0,21.299999,22.720039,False,etapa_a,A,save/etapa_a
SimCLR,SimCLR-xsubj-wasser,xsubj,wasserstein,,all,all,age,fine_tuning,5,1,16.439024,15.291037,False,etapa_a,A,save/etapa_a
SimCLR,SimCLR-xsubj-wasser,xsubj,wasserstein,,all,all,age,fine_tuning,5,2,14.341772,16.777174,False,etapa_a,A,save/etapa_a
SimCLR,SimCLR-xsubj-wasser,xsubj,wasserstein,,all,all,age,fine_tuning,5,3,22.196079,24.144922,False,etapa_a,A,save/etapa_a
SimCLR,SimCLR-xsubj-riemann,xsubj,riemann,,all,all,age,fine_tuning,5,0,21.299999,24.54324,False,etapa_a,A,save/etapa_a
SimCLR,SimCLR-xsubj-riemann,xsubj,riemann,,all,all,age,fine_tuning,5,1,16.439024,16.697651,False,etapa_a,A,save/etapa_a
SimCLR,SimCLR-xsubj-riemann,xsubj,riemann,,all,all,age,fine_tuning,5,2,14.341772,16.81949,False,etapa_a,A,save/etapa_a
SimCLR,SimCLR-xsubj-riemann,xsubj,riemann,,all,all,age,fine_tuning,5,3,22.196079,24.488396,False,etapa_a,A,save/etapa_a
SimCLR,SimCLR,augment,,,all,all,age,linear_probe,6,0,23.77,19.938309,False,etapa_a,A,save/etapa_a
SimCLR,SimCLR,augment,,,all,all,age,linear_probe,6,1,10.272727,19.28759,False,etapa_a,A,save/etapa_a
SimCLR,SimCLR,augment,,,all,all,age,linear_probe,6,2,22.170732,19.436569,False,etapa_a,A,save/etapa_a
SimCLR,SimCLR,augment,,,all,all,age,linear_probe,6,3,11.014925,17.629648,False,etapa_a,A,save/etapa_a
SimCLR,SimCLR-xsubj-cosine,xsubj,cosine,,all,all,age,linear_probe,6,0,23.77,22.118315,False,etapa_a,A,save/etapa_a
SimCLR,SimCLR-xsubj-cosine,xsubj,cosine,,all,all,age,linear_probe,6,1,10.272727,12.571278,False,etapa_a,A,save/etapa_a
SimCLR,SimCLR-xsubj-cosine,xsubj,cosine,,all,all,age,linear_probe,6,2,22.170732,20.666912,False,etapa_a,A,save/etapa_a
SimCLR,SimCLR-xsubj-cosine,xsubj,cosine,,all,all,age,linear_probe,6,3,11.014925,13.109529,False,etapa_a,A,save/etapa_a
SimCLR,SimCLR-xsubj-wasser,xsubj,wasserstein,,all,all,age,linear_probe,6,0,23.77,21.773754,False,etapa_a,A,save/etapa_a
SimCLR,SimCLR-xsubj-wasser,xsubj,wasserstein,,all,all,age,linear_probe,6,1,10.272727,13.204196,False,etapa_a,A,save/etapa_a
SimCLR,SimCLR-xsubj-wasser,xsubj,wasserstein,,all,all,age,linear_probe,6,2,22.170732,20.082748,False,etapa_a,A,save/etapa_a
SimCLR,SimCLR-xsubj-wasser,xsubj,wasserstein,,all,all,age,linear_probe,6,3,11.014925,12.065039,False,etapa_a,A,save/etapa_a
SimCLR,SimCLR-xsubj-riemann,xsubj,riemann,,all,all,age,linear_probe,6,0,23.77,21.099907,False,etapa_a,A,save/etapa_a
SimCLR,SimCLR-xsubj-riemann,xsubj,riemann,,all,all,age,linear_probe,6,1,10.272727,9.927738,False,etapa_a,A,save/etapa_a
SimCLR,SimCLR-xsubj-riemann,xsubj,riemann,,all,all,age,linear_probe,6,2,22.170732,19.519119,False,etapa_a,A,save/etapa_a
SimCLR,SimCLR-xsubj-riemann,xsubj,riemann,,all,all,age,linear_probe,6,3,11.014925,14.058093,False,etapa_a,A,save/etapa_a
SimCLR,SimCLR,augment,,,all,all,age,fine_tuning,6,0,23.77,22.732998,False,etapa_a,A,save/etapa_a
SimCLR,SimCLR,augment,,,all,all,age,fine_tuning,6,1,10.272727,10.921645,False,etapa_a,A,save/etapa_a
SimCLR,SimCLR,augment,,,all,all,age,fine_tuning,6,2,22.170732,21.991289,False,etapa_a,A,save/etapa_a
SimCLR,SimCLR,augment,,,all,all,age,fine_tuning,6,3,11.014925,11.403834,False,etapa_a,A,save/etapa_a
SimCLR,SimCLR-xsubj-cosine,xsubj,cosine,,all,all,age,fine_tuning,6,0,23.77,23.056377,False,etapa_a,A,save/etapa_a
SimCLR,SimCLR-xsubj-cosine,xsubj,cosine,,all,all,age,fine_tuning,6,1,10.272727,9.880898,False,etapa_a,A,save/etapa_a
SimCLR,SimCLR-xsubj-cosine,xsubj,cosine,,all,all,age,fine_tuning,6,2,22.170732,21.360512,False,etapa_a,A,save/etapa_a
SimCLR,SimCLR-xsubj-cosine,xsubj,cosine,,all,all,age,fine_tuning,6,3,11.014925,9.659523,False,etapa_a,A,save/etapa_a
SimCLR,SimCLR-xsubj-wasser,xsubj,wasserstein,,all,all,age,fine_tuning,6,0,23.77,23.755051,False,etapa_a,A,save/etapa_a
SimCLR,SimCLR-xsubj-wasser,xsubj,wasserstein,,all,all,age,fine_tuning,6,1,10.272727,10.115581,False,etapa_a,A,save/etapa_a
SimCLR,SimCLR-xsubj-wasser,xsubj,wasserstein,,all,all,age,fine_tuning,6,2,22.170732,21.700684,False,etapa_a,A,save/etapa_a
SimCLR,SimCLR-xsubj-wasser,xsubj,wasserstein,,all,all,age,fine_tuning,6,3,11.014925,11.004563,False,etapa_a,A,save/etapa_a
SimCLR,SimCLR-xsubj-riemann,xsubj,riemann,,all,all,age,fine_tuning,6,0,23.77,23.235163,False,etapa_a,A,save/etapa_a
SimCLR,SimCLR-xsubj-riemann,xsubj,riemann,,all,all,age,fine_tuning,6,1,10.272727,10.03682,False,etapa_a,A,save/etapa_a
SimCLR,SimCLR-xsubj-riemann,xsubj,riemann,,all,all,age,fine_tuning,6,2,22.170732,21.029106,False,etapa_a,A,save/etapa_a
SimCLR,SimCLR-xsubj-riemann,xsubj,riemann,,all,all,age,fine_tuning,6,3,11.014925,11.640963,False,etapa_a,A,save/etapa_a
SimCLR,SimCLR,augment,,,all,all,age,linear_probe,7,0,22.506172,19.074345,False,etapa_a,A,save/etapa_a
SimCLR,SimCLR,augment,,,all,all,age,linear_probe,7,1,18.200001,14.88854,False,etapa_a,A,save/etapa_a
SimCLR,SimCLR,augment,,,all,all,age,linear_probe,7,2,17.319635,18.658813,False,etapa_a,A,save/etapa_a
SimCLR,SimCLR,augment,,,all,all,age,linear_probe,7,3,20.962963,18.467239,False,etapa_a,A,save/etapa_a
SimCLR,SimCLR-xsubj-cosine,xsubj,cosine,,all,all,age,linear_probe,7,0,22.506172,18.996504,False,etapa_a,A,save/etapa_a
SimCLR,SimCLR-xsubj-cosine,xsubj,cosine,,all,all,age,linear_probe,7,1,18.200001,13.868854,False,etapa_a,A,save/etapa_a
SimCLR,SimCLR-xsubj-cosine,xsubj,cosine,,all,all,age,linear_probe,7,2,17.319635,17.344242,False,etapa_a,A,save/etapa_a
SimCLR,SimCLR-xsubj-cosine,xsubj,cosine,,all,all,age,linear_probe,7,3,20.962963,18.415451,False,etapa_a,A,save/etapa_a
SimCLR,SimCLR-xsubj-wasser,xsubj,wasserstein,,all,all,age,linear_probe,7,0,22.506172,20.684805,False,etapa_a,A,save/etapa_a
SimCLR,SimCLR-xsubj-wasser,xsubj,wasserstein,,all,all,age,linear_probe,7,1,18.200001,14.96202,False,etapa_a,A,save/etapa_a
SimCLR,SimCLR-xsubj-wasser,xsubj,wasserstein,,all,all,age,linear_probe,7,2,17.319635,18.040573,False,etapa_a,A,save/etapa_a
SimCLR,SimCLR-xsubj-wasser,xsubj,wasserstein,,all,all,age,linear_probe,7,3,20.962963,17.293137,False,etapa_a,A,save/etapa_a
SimCLR,SimCLR-xsubj-riemann,xsubj,riemann,,all,all,age,linear_probe,7,0,22.506172,21.576656,False,etapa_a,A,save/etapa_a
SimCLR,SimCLR-xsubj-riemann,xsubj,riemann,,all,all,age,linear_probe,7,1,18.200001,14.594281,False,etapa_a,A,save/etapa_a
SimCLR,SimCLR-xsubj-riemann,xsubj,riemann,,all,all,age,linear_probe,7,2,17.319635,16.968458,False,etapa_a,A,save/etapa_a
SimCLR,SimCLR-xsubj-riemann,xsubj,riemann,,all,all,age,linear_probe,7,3,20.962963,17.931429,False,etapa_a,A,save/etapa_a
SimCLR,SimCLR,augment,,,all,all,age,fine_tuning,7,0,22.506172,20.392601,False,etapa_a,A,save/etapa_a
SimCLR,SimCLR,augment,,,all,all,age,fine_tuning,7,1,18.200001,16.392033,False,etapa_a,A,save/etapa_a
SimCLR,SimCLR,augment,,,all,all,age,fine_tuning,7,2,17.319635,17.894672,False,etapa_a,A,save/etapa_a
SimCLR,SimCLR,augment,,,all,all,age,fine_tuning,7,3,20.962963,17.927498,False,etapa_a,A,save/etapa_a
SimCLR,SimCLR-xsubj-cosine,xsubj,cosine,,all,all,age,fine_tuning,7,0,22.506172,20.540588,False,etapa_a,A,save/etapa_a
SimCLR,SimCLR-xsubj-cosine,xsubj,cosine,,all,all,age,fine_tuning,7,1,18.200001,14.03739,False,etapa_a,A,save/etapa_a
SimCLR,SimCLR-xsubj-cosine,xsubj,cosine,,all,all,age,fine_tuning,7,2,17.319635,17.909054,False,etapa_a,A,save/etapa_a
SimCLR,SimCLR-xsubj-cosine,xsubj,cosine,,all,all,age,fine_tuning,7,3,20.962963,19.069433,False,etapa_a,A,save/etapa_a
SimCLR,SimCLR-xsubj-wasser,xsubj,wasserstein,,all,all,age,fine_tuning,7,0,22.506172,19.901386,False,etapa_a,A,save/etapa_a
SimCLR,SimCLR-xsubj-wasser,xsubj,wasserstein,,all,all,age,fine_tuning,7,1,18.200001,13.899963,False,etapa_a,A,save/etapa_a
SimCLR,SimCLR-xsubj-wasser,xsubj,wasserstein,,all,all,age,fine_tuning,7,2,17.319635,18.474548,False,etapa_a,A,save/etapa_a
SimCLR,SimCLR-xsubj-wasser,xsubj,wasserstein,,all,all,age,fine_tuning,7,3,20.962963,19.229939,False,etapa_a,A,save/etapa_a
SimCLR,SimCLR-xsubj-riemann,xsubj,riemann,,all,all,age,fine_tuning,7,0,22.506172,21.509657,False,etapa_a,A,save/etapa_a
SimCLR,SimCLR-xsubj-riemann,xsubj,riemann,,all,all,age,fine_tuning,7,1,18.200001,13.890609,False,etapa_a,A,save/etapa_a
SimCLR,SimCLR-xsubj-riemann,xsubj,riemann,,all,all,age,fine_tuning,7,2,17.319635,17.000702,False,etapa_a,A,save/etapa_a
SimCLR,SimCLR-xsubj-riemann,xsubj,riemann,,all,all,age,fine_tuning,7,3,20.962963,18.177536,False,etapa_a,A,save/etapa_a
SimCLR,SimCLR,augment,,,all,all,age,linear_probe,8,0,25.25,24.787989,False,etapa_a,A,save/etapa_a
SimCLR,SimCLR,augment,,,all,all,age,linear_probe,8,1,19.92,17.077164,False,etapa_a,A,save/etapa_a
SimCLR,SimCLR,augment,,,all,all,age,linear_probe,8,2,22.776316,19.88714,False,etapa_a,A,save/etapa_a
SimCLR,SimCLR,augment,,,all,all,age,linear_probe,8,3,13.230769,20.800398,False,etapa_a,A,save/etapa_a
SimCLR,SimCLR-xsubj-cosine,xsubj,cosine,,all,all,age,linear_probe,8,0,25.25,25.463593,False,etapa_a,A,save/etapa_a
SimCLR,SimCLR-xsubj-cosine,xsubj,cosine,,all,all,age,linear_probe,8,1,19.92,17.339577,False,etapa_a,A,save/etapa_a
SimCLR,SimCLR-xsubj-cosine,xsubj,cosine,,all,all,age,linear_probe,8,2,22.776316,25.547338,False,etapa_a,A,save/etapa_a
SimCLR,SimCLR-xsubj-cosine,xsubj,cosine,,all,all,age,linear_probe,8,3,13.230769,17.244429,False,etapa_a,A,save/etapa_a
SimCLR,SimCLR-xsubj-wasser,xsubj,wasserstein,,all,all,age,linear_probe,8,0,25.25,22.961868,False,etapa_a,A,save/etapa_a
SimCLR,SimCLR-xsubj-wasser,xsubj,wasserstein,,all,all,age,linear_probe,8,1,19.92,20.043785,False,etapa_a,A,save/etapa_a
SimCLR,SimCLR-xsubj-wasser,xsubj,wasserstein,,all,all,age,linear_probe,8,2,22.776316,24.054037,False,etapa_a,A,save/etapa_a
SimCLR,SimCLR-xsubj-wasser,xsubj,wasserstein,,all,all,age,linear_probe,8,3,13.230769,18.562807,False,etapa_a,A,save/etapa_a
SimCLR,SimCLR-xsubj-riemann,xsubj,riemann,,all,all,age,linear_probe,8,0,25.25,23.917974,False,etapa_a,A,save/etapa_a
SimCLR,SimCLR-xsubj-riemann,xsubj,riemann,,all,all,age,linear_probe,8,1,19.92,16.861492,False,etapa_a,A,save/etapa_a
SimCLR,SimCLR-xsubj-riemann,xsubj,riemann,,all,all,age,linear_probe,8,2,22.776316,26.903955,False,etapa_a,A,save/etapa_a
SimCLR,SimCLR-xsubj-riemann,xsubj,riemann,,all,all,age,linear_probe,8,3,13.230769,19.338139,False,etapa_a,A,save/etapa_a
SimCLR,SimCLR,augment,,,all,all,age,fine_tuning,8,0,25.25,25.563227,False,etapa_a,A,save/etapa_a
SimCLR,SimCLR,augment,,,all,all,age,fine_tuning,8,1,19.92,20.490276,False,etapa_a,A,save/etapa_a
SimCLR,SimCLR,augment,,,all,all,age,fine_tuning,8,2,22.776316,25.487911,False,etapa_a,A,save/etapa_a
SimCLR,SimCLR,augment,,,all,all,age,fine_tuning,8,3,13.230769,15.201289,False,etapa_a,A,save/etapa_a
SimCLR,SimCLR-xsubj-cosine,xsubj,cosine,,all,all,age,fine_tuning,8,0,25.25,27.978561,False,etapa_a,A,save/etapa_a
SimCLR,SimCLR-xsubj-cosine,xsubj,cosine,,all,all,age,fine_tuning,8,1,19.92,21.117186,False,etapa_a,A,save/etapa_a
SimCLR,SimCLR-xsubj-cosine,xsubj,cosine,,all,all,age,fine_tuning,8,2,22.776316,24.997925,False,etapa_a,A,save/etapa_a
SimCLR,SimCLR-xsubj-cosine,xsubj,cosine,,all,all,age,fine_tuning,8,3,13.230769,16.104374,False,etapa_a,A,save/etapa_a
SimCLR,SimCLR-xsubj-wasser,xsubj,wasserstein,,all,all,age,fine_tuning,8,0,25.25,26.862928,False,etapa_a,A,save/etapa_a
SimCLR,SimCLR-xsubj-wasser,xsubj,wasserstein,,all,all,age,fine_tuning,8,1,19.92,19.958679,False,etapa_a,A,save/etapa_a
SimCLR,SimCLR-xsubj-wasser,xsubj,wasserstein,,all,all,age,fine_tuning,8,2,22.776316,25.771957,False,etapa_a,A,save/etapa_a
SimCLR,SimCLR-xsubj-wasser,xsubj,wasserstein,,all,all,age,fine_tuning,8,3,13.230769,16.707335,False,etapa_a,A,save/etapa_a
SimCLR,SimCLR-xsubj-riemann,xsubj,riemann,,all,all,age,fine_tuning,8,0,25.25,26.621096,False,etapa_a,A,save/etapa_a
SimCLR,SimCLR-xsubj-riemann,xsubj,riemann,,all,all,age,fine_tuning,8,1,19.92,20.18166,False,etapa_a,A,save/etapa_a
SimCLR,SimCLR-xsubj-riemann,xsubj,riemann,,all,all,age,fine_tuning,8,2,22.776316,25.444941,False,etapa_a,A,save/etapa_a
SimCLR,SimCLR-xsubj-riemann,xsubj,riemann,,all,all,age,fine_tuning,8,3,13.230769,15.788119,False,etapa_a,A,save/etapa_a
SimCLR,SimCLR,augment,,,all,all,age,linear_probe,9,0,20.706896,18.72504,False,etapa_a,A,save/etapa_a
SimCLR,SimCLR,augment,,,all,all,age,linear_probe,9,1,15.652174,17.723194,False,etapa_a,A,save/etapa_a
SimCLR,SimCLR,augment,,,all,all,age,linear_probe,9,2,15.217391,19.526758,False,etapa_a,A,save/etapa_a
SimCLR,SimCLR,augment,,,all,all,age,linear_probe,9,3,9.236363,18.113043,False,etapa_a,A,save/etapa_a
SimCLR,SimCLR-xsubj-cosine,xsubj,cosine,,all,all,age,linear_probe,9,0,20.706896,19.536762,False,etapa_a,A,save/etapa_a
SimCLR,SimCLR-xsubj-cosine,xsubj,cosine,,all,all,age,linear_probe,9,1,15.652174,12.8565,False,etapa_a,A,save/etapa_a
SimCLR,SimCLR-xsubj-cosine,xsubj,cosine,,all,all,age,linear_probe,9,2,15.217391,14.547864,False,etapa_a,A,save/etapa_a
SimCLR,SimCLR-xsubj-cosine,xsubj,cosine,,all,all,age,linear_probe,9,3,9.236363,10.178236,False,etapa_a,A,save/etapa_a
SimCLR,SimCLR-xsubj-wasser,xsubj,wasserstein,,all,all,age,linear_probe,9,0,20.706896,19.998365,False,etapa_a,A,save/etapa_a
SimCLR,SimCLR-xsubj-wasser,xsubj,wasserstein,,all,all,age,linear_probe,9,1,15.652174,13.761119,False,etapa_a,A,save/etapa_a
SimCLR,SimCLR-xsubj-wasser,xsubj,wasserstein,,all,all,age,linear_probe,9,2,15.217391,16.950005,False,etapa_a,A,save/etapa_a
SimCLR,SimCLR-xsubj-wasser,xsubj,wasserstein,,all,all,age,linear_probe,9,3,9.236363,8.723041,False,etapa_a,A,save/etapa_a
SimCLR,SimCLR-xsubj-riemann,xsubj,riemann,,all,all,age,linear_probe,9,0,20.706896,21.264698,False,etapa_a,A,save/etapa_a
SimCLR,SimCLR-xsubj-riemann,xsubj,riemann,,all,all,age,linear_probe,9,1,15.652174,15.878815,False,etapa_a,A,save/etapa_a
SimCLR,SimCLR-xsubj-riemann,xsubj,riemann,,all,all,age,linear_probe,9,2,15.217391,17.814238,False,etapa_a,A,save/etapa_a
SimCLR,SimCLR-xsubj-riemann,xsubj,riemann,,all,all,age,linear_probe,9,3,9.236363,10.277716,False,etapa_a,A,save/etapa_a
SimCLR,SimCLR,augment,,,all,all,age,fine_tuning,9,0,20.706896,21.145178,False,etapa_a,A,save/etapa_a
SimCLR,SimCLR,augment,,,all,all,age,fine_tuning,9,1,15.652174,12.537238,False,etapa_a,A,save/etapa_a
SimCLR,SimCLR,augment,,,all,all,age,fine_tuning,9,2,15.217391,13.498046,False,etapa_a,A,save/etapa_a
SimCLR,SimCLR,augment,,,all,all,age,fine_tuning,9,3,9.236363,10.009414,False,etapa_a,A,save/etapa_a
SimCLR,SimCLR-xsubj-cosine,xsubj,cosine,,all,all,age,fine_tuning,9,0,20.706896,20.644947,False,etapa_a,A,save/etapa_a
SimCLR,SimCLR-xsubj-cosine,xsubj,cosine,,all,all,age,fine_tuning,9,1,15.652174,16.141651,False,etapa_a,A,save/etapa_a
SimCLR,SimCLR-xsubj-cosine,xsubj,cosine,,all,all,age,fine_tuning,9,2,15.217391,12.1608,False,etapa_a,A,save/etapa_a
SimCLR,SimCLR-xsubj-cosine,xsubj,cosine,,all,all,age,fine_tuning,9,3,9.236363,9.278996,False,etapa_a,A,save/etapa_a
SimCLR,SimCLR-xsubj-wasser,xsubj,wasserstein,,all,all,age,fine_tuning,9,0,20.706896,21.210695,False,etapa_a,A,save/etapa_a
SimCLR,SimCLR-xsubj-wasser,xsubj,wasserstein,,all,all,age,fine_tuning,9,1,15.652174,15.801106,False,etapa_a,A,save/etapa_a
SimCLR,SimCLR-xsubj-wasser,xsubj,wasserstein,,all,all,age,fine_tuning,9,2,15.217391,16.221624,False,etapa_a,A,save/etapa_a
SimCLR,SimCLR-xsubj-wasser,xsubj,wasserstein,,all,all,age,fine_tuning,9,3,9.236363,10.866691,False,etapa_a,A,save/etapa_a
SimCLR,SimCLR-xsubj-riemann,xsubj,riemann,,all,all,age,fine_tuning,9,0,20.706896,22.561399,False,etapa_a,A,save/etapa_a
SimCLR,SimCLR-xsubj-riemann,xsubj,riemann,,all,all,age,fine_tuning,9,1,15.652174,15.561965,False,etapa_a,A,save/etapa_a
SimCLR,SimCLR-xsubj-riemann,xsubj,riemann,,all,all,age,fine_tuning,9,2,15.217391,16.18063,False,etapa_a,A,save/etapa_a
SimCLR,SimCLR-xsubj-riemann,xsubj,riemann,,all,all,age,fine_tuning,9,3,9.236363,10.233485,False,etapa_a,A,save/etapa_a
PCA,PCA,,,,all,all,age,linear_probe,0,0,23.1,17.771349,True,baseline_ucles,A,save/baseline_ucles
PCA,PCA,,,,all,all,age,linear_probe,0,1,7.809524,17.291393,True,baseline_ucles,A,save/baseline_ucles
PCA,PCA,,,,all,all,age,linear_probe,0,2,24.571428,18.606886,True,baseline_ucles,A,save/baseline_ucles
PCA,PCA,,,,all,all,age,linear_probe,0,3,17.265957,17.508356,True,baseline_ucles,A,save/baseline_ucles
PCA,PCA,,,,all,all,age,linear_probe,0,4,14.981818,17.672613,True,baseline_ucles,A,save/baseline_ucles
SimCLR,SimCLR,augment,,,all,all,age,linear_probe,0,0,23.1,19.217701,False,baseline_ucles,A,save/baseline_ucles
SimCLR,SimCLR,augment,,,all,all,age,linear_probe,0,1,7.809524,11.5933,False,baseline_ucles,A,save/baseline_ucles
SimCLR,SimCLR,augment,,,all,all,age,linear_probe,0,2,24.571428,16.345692,False,baseline_ucles,A,save/baseline_ucles
SimCLR,SimCLR,augment,,,all,all,age,linear_probe,0,3,17.265957,16.545012,False,baseline_ucles,A,save/baseline_ucles
SimCLR,SimCLR,augment,,,all,all,age,linear_probe,0,4,14.981818,16.994797,False,baseline_ucles,A,save/baseline_ucles
AE,AE,,,,all,all,age,linear_probe,0,0,23.1,19.054449,True,baseline_ucles,A,save/baseline_ucles
AE,AE,,,,all,all,age,linear_probe,0,1,7.809524,20.465792,True,baseline_ucles,A,save/baseline_ucles
AE,AE,,,,all,all,age,linear_probe,0,2,24.571428,18.280111,True,baseline_ucles,A,save/baseline_ucles
AE,AE,,,,all,all,age,linear_probe,0,3,17.265957,19.498123,True,baseline_ucles,A,save/baseline_ucles
AE,AE,,,,all,all,age,linear_probe,0,4,14.981818,19.273598,True,baseline_ucles,A,save/baseline_ucles
MAE,MAE,,,,all,all,age,linear_probe,0,0,23.1,18.854467,True,baseline_ucles,A,save/baseline_ucles
MAE,MAE,,,,all,all,age,linear_probe,0,1,7.809524,17.929514,True,baseline_ucles,A,save/baseline_ucles
MAE,MAE,,,,all,all,age,linear_probe,0,2,24.571428,18.167372,True,baseline_ucles,A,save/baseline_ucles
MAE,MAE,,,,all,all,age,linear_probe,0,3,17.265957,18.394224,True,baseline_ucles,A,save/baseline_ucles
MAE,MAE,,,,all,all,age,linear_probe,0,4,14.981818,17.936352,True,baseline_ucles,A,save/baseline_ucles
TripletLoss,TripletLoss,,,,all,all,age,linear_probe,0,0,23.1,25.459452,True,baseline_ucles,A,save/baseline_ucles
TripletLoss,TripletLoss,,,,all,all,age,linear_probe,0,1,7.809524,11.862222,True,baseline_ucles,A,save/baseline_ucles
TripletLoss,TripletLoss,,,,all,all,age,linear_probe,0,2,24.571428,22.321554,True,baseline_ucles,A,save/baseline_ucles
TripletLoss,TripletLoss,,,,all,all,age,linear_probe,0,3,17.265957,19.594679,True,baseline_ucles,A,save/baseline_ucles
TripletLoss,TripletLoss,,,,all,all,age,linear_probe,0,4,14.981818,15.590388,True,baseline_ucles,A,save/baseline_ucles
supervised,supervised,,,,all,all,age,fine_tuning,0,0,23.1,24.473454,True,baseline_ucles,A,save/baseline_ucles
supervised,supervised,,,,all,all,age,fine_tuning,0,1,7.809524,12.65125,True,baseline_ucles,A,save/baseline_ucles
supervised,supervised,,,,all,all,age,fine_tuning,0,2,24.571428,22.18741,True,baseline_ucles,A,save/baseline_ucles
supervised,supervised,,,,all,all,age,fine_tuning,0,3,17.265957,19.249315,True,baseline_ucles,A,save/baseline_ucles
supervised,supervised,,,,all,all,age,fine_tuning,0,4,14.981818,15.133368,True,baseline_ucles,A,save/baseline_ucles
SimCLR,SimCLR,augment,,,all,all,age,fine_tuning,0,0,23.1,25.060331,False,baseline_ucles,A,save/baseline_ucles
SimCLR,SimCLR,augment,,,all,all,age,fine_tuning,0,1,7.809524,12.146594,False,baseline_ucles,A,save/baseline_ucles
SimCLR,SimCLR,augment,,,all,all,age,fine_tuning,0,2,24.571428,23.509401,False,baseline_ucles,A,save/baseline_ucles
SimCLR,SimCLR,augment,,,all,all,age,fine_tuning,0,3,17.265957,18.65641,False,baseline_ucles,A,save/baseline_ucles
SimCLR,SimCLR,augment,,,all,all,age,fine_tuning,0,4,14.981818,15.324319,False,baseline_ucles,A,save/baseline_ucles
AE,AE,,,,all,all,age,fine_tuning,0,0,23.1,24.776941,True,baseline_ucles,A,save/baseline_ucles
AE,AE,,,,all,all,age,fine_tuning,0,1,7.809524,11.334327,True,baseline_ucles,A,save/baseline_ucles
AE,AE,,,,all,all,age,fine_tuning,0,2,24.571428,21.393984,True,baseline_ucles,A,save/baseline_ucles
AE,AE,,,,all,all,age,fine_tuning,0,3,17.265957,18.427193,True,baseline_ucles,A,save/baseline_ucles
AE,AE,,,,all,all,age,fine_tuning,0,4,14.981818,16.393421,True,baseline_ucles,A,save/baseline_ucles
MAE,MAE,,,,all,all,age,fine_tuning,0,0,23.1,24.386732,True,baseline_ucles,A,save/baseline_ucles
MAE,MAE,,,,all,all,age,fine_tuning,0,1,7.809524,12.50407,True,baseline_ucles,A,save/baseline_ucles
MAE,MAE,,,,all,all,age,fine_tuning,0,2,24.571428,23.095943,True,baseline_ucles,A,save/baseline_ucles
MAE,MAE,,,,all,all,age,fine_tuning,0,3,17.265957,19.094687,True,baseline_ucles,A,save/baseline_ucles
MAE,MAE,,,,all,all,age,fine_tuning,0,4,14.981818,16.704937,True,baseline_ucles,A,save/baseline_ucles
TripletLoss,TripletLoss,,,,all,all,age,fine_tuning,0,0,23.1,23.717388,True,baseline_ucles,A,save/baseline_ucles
TripletLoss,TripletLoss,,,,all,all,age,fine_tuning,0,1,7.809524,11.271547,True,baseline_ucles,A,save/baseline_ucles
TripletLoss,TripletLoss,,,,all,all,age,fine_tuning,0,2,24.571428,22.298532,True,baseline_ucles,A,save/baseline_ucles
TripletLoss,TripletLoss,,,,all,all,age,fine_tuning,0,3,17.265957,18.097582,True,baseline_ucles,A,save/baseline_ucles
TripletLoss,TripletLoss,,,,all,all,age,fine_tuning,0,4,14.981818,15.05432,True,baseline_ucles,A,save/baseline_ucles
PCA,PCA,,,,all,all,age,linear_probe,1,0,22.484848,15.535213,True,baseline_ucles,A,save/baseline_ucles
PCA,PCA,,,,all,all,age,linear_probe,1,1,23.361702,15.202522,True,baseline_ucles,A,save/baseline_ucles
PCA,PCA,,,,all,all,age,linear_probe,1,2,8.131579,15.370705,True,baseline_ucles,A,save/baseline_ucles
PCA,PCA,,,,all,all,age,linear_probe,1,3,24.431654,15.777327,True,baseline_ucles,A,save/baseline_ucles
PCA,PCA,,,,all,all,age,linear_probe,1,4,10.466666,15.065157,True,baseline_ucles,A,save/baseline_ucles
SimCLR,SimCLR,augment,,,all,all,age,linear_probe,1,0,22.484848,16.539171,False,baseline_ucles,A,save/baseline_ucles
SimCLR,SimCLR,augment,,,all,all,age,linear_probe,1,1,23.361702,23.160406,False,baseline_ucles,A,save/baseline_ucles
SimCLR,SimCLR,augment,,,all,all,age,linear_probe,1,2,8.131579,19.539261,False,baseline_ucles,A,save/baseline_ucles
SimCLR,SimCLR,augment,,,all,all,age,linear_probe,1,3,24.431654,23.201122,False,baseline_ucles,A,save/baseline_ucles
SimCLR,SimCLR,augment,,,all,all,age,linear_probe,1,4,10.466666,16.310484,False,baseline_ucles,A,save/baseline_ucles
AE,AE,,,,all,all,age,linear_probe,1,0,22.484848,18.916985,True,baseline_ucles,A,save/baseline_ucles
AE,AE,,,,all,all,age,linear_probe,1,1,23.361702,19.659672,True,baseline_ucles,A,save/baseline_ucles
AE,AE,,,,all,all,age,linear_probe,1,2,8.131579,19.648119,True,baseline_ucles,A,save/baseline_ucles
AE,AE,,,,all,all,age,linear_probe,1,3,24.431654,19.141869,True,baseline_ucles,A,save/baseline_ucles
AE,AE,,,,all,all,age,linear_probe,1,4,10.466666,18.81699,True,baseline_ucles,A,save/baseline_ucles
MAE,MAE,,,,all,all,age,linear_probe,1,0,22.484848,19.221176,True,baseline_ucles,A,save/baseline_ucles
MAE,MAE,,,,all,all,age,linear_probe,1,1,23.361702,20.041302,True,baseline_ucles,A,save/baseline_ucles
MAE,MAE,,,,all,all,age,linear_probe,1,2,8.131579,19.595951,True,baseline_ucles,A,save/baseline_ucles
MAE,MAE,,,,all,all,age,linear_probe,1,3,24.431654,20.168482,True,baseline_ucles,A,save/baseline_ucles
MAE,MAE,,,,all,all,age,linear_probe,1,4,10.466666,19.018641,True,baseline_ucles,A,save/baseline_ucles
TripletLoss,TripletLoss,,,,all,all,age,linear_probe,1,0,22.484848,22.493351,True,baseline_ucles,A,save/baseline_ucles
TripletLoss,TripletLoss,,,,all,all,age,linear_probe,1,1,23.361702,20.113506,True,baseline_ucles,A,save/baseline_ucles
TripletLoss,TripletLoss,,,,all,all,age,linear_probe,1,2,8.131579,12.129158,True,baseline_ucles,A,save/baseline_ucles
TripletLoss,TripletLoss,,,,all,all,age,linear_probe,1,3,24.431654,25.500471,True,baseline_ucles,A,save/baseline_ucles
TripletLoss,TripletLoss,,,,all,all,age,linear_probe,1,4,10.466666,11.090364,True,baseline_ucles,A,save/baseline_ucles
supervised,supervised,,,,all,all,age,fine_tuning,1,0,22.484848,23.063078,True,baseline_ucles,A,save/baseline_ucles
supervised,supervised,,,,all,all,age,fine_tuning,1,1,23.361702,22.565334,True,baseline_ucles,A,save/baseline_ucles
supervised,supervised,,,,all,all,age,fine_tuning,1,2,8.131579,9.715257,True,baseline_ucles,A,save/baseline_ucles
supervised,supervised,,,,all,all,age,fine_tuning,1,3,24.431654,24.128614,True,baseline_ucles,A,save/baseline_ucles
supervised,supervised,,,,all,all,age,fine_tuning,1,4,10.466666,11.039554,True,baseline_ucles,A,save/baseline_ucles
SimCLR,SimCLR,augment,,,all,all,age,fine_tuning,1,0,22.484848,21.521614,False,baseline_ucles,A,save/baseline_ucles
SimCLR,SimCLR,augment,,,all,all,age,fine_tuning,1,1,23.361702,20.499905,False,baseline_ucles,A,save/baseline_ucles
SimCLR,SimCLR,augment,,,all,all,age,fine_tuning,1,2,8.131579,9.452873,False,baseline_ucles,A,save/baseline_ucles
SimCLR,SimCLR,augment,,,all,all,age,fine_tuning,1,3,24.431654,22.764482,False,baseline_ucles,A,save/baseline_ucles
SimCLR,SimCLR,augment,,,all,all,age,fine_tuning,1,4,10.466666,9.821147,False,baseline_ucles,A,save/baseline_ucles
AE,AE,,,,all,all,age,fine_tuning,1,0,22.484848,23.048838,True,baseline_ucles,A,save/baseline_ucles
AE,AE,,,,all,all,age,fine_tuning,1,1,23.361702,20.946686,True,baseline_ucles,A,save/baseline_ucles
AE,AE,,,,all,all,age,fine_tuning,1,2,8.131579,8.245003,True,baseline_ucles,A,save/baseline_ucles
AE,AE,,,,all,all,age,fine_tuning,1,3,24.431654,25.208843,True,baseline_ucles,A,save/baseline_ucles
AE,AE,,,,all,all,age,fine_tuning,1,4,10.466666,9.030618,True,baseline_ucles,A,save/baseline_ucles
MAE,MAE,,,,all,all,age,fine_tuning,1,0,22.484848,22.419508,True,baseline_ucles,A,save/baseline_ucles
MAE,MAE,,,,all,all,age,fine_tuning,1,1,23.361702,23.224567,True,baseline_ucles,A,save/baseline_ucles
MAE,MAE,,,,all,all,age,fine_tuning,1,2,8.131579,11.385063,True,baseline_ucles,A,save/baseline_ucles
MAE,MAE,,,,all,all,age,fine_tuning,1,3,24.431654,23.669039,True,baseline_ucles,A,save/baseline_ucles
MAE,MAE,,,,all,all,age,fine_tuning,1,4,10.466666,8.657647,True,baseline_ucles,A,save/baseline_ucles
TripletLoss,TripletLoss,,,,all,all,age,fine_tuning,1,0,22.484848,22.84321,True,baseline_ucles,A,save/baseline_ucles
TripletLoss,TripletLoss,,,,all,all,age,fine_tuning,1,1,23.361702,21.309046,True,baseline_ucles,A,save/baseline_ucles
TripletLoss,TripletLoss,,,,all,all,age,fine_tuning,1,2,8.131579,8.655887,True,baseline_ucles,A,save/baseline_ucles
TripletLoss,TripletLoss,,,,all,all,age,fine_tuning,1,3,24.431654,23.603016,True,baseline_ucles,A,save/baseline_ucles
TripletLoss,TripletLoss,,,,all,all,age,fine_tuning,1,4,10.466666,8.265568,True,baseline_ucles,A,save/baseline_ucles
PCA,PCA,,,,all,all,age,linear_probe,2,0,13.857142,17.036926,True,baseline_ucles,A,save/baseline_ucles
PCA,PCA,,,,all,all,age,linear_probe,2,1,16.74074,17.04442,True,baseline_ucles,A,save/baseline_ucles
PCA,PCA,,,,all,all,age,linear_probe,2,2,27.48,16.344721,True,baseline_ucles,A,save/baseline_ucles
PCA,PCA,,,,all,all,age,linear_probe,2,3,17.288889,16.847839,True,baseline_ucles,A,save/baseline_ucles
PCA,PCA,,,,all,all,age,linear_probe,2,4,36.0,14.971122,True,baseline_ucles,A,save/baseline_ucles
SimCLR,SimCLR,augment,,,all,all,age,linear_probe,2,0,13.857142,20.02301,False,baseline_ucles,A,save/baseline_ucles
SimCLR,SimCLR,augment,,,all,all,age,linear_probe,2,1,16.74074,21.903385,False,baseline_ucles,A,save/baseline_ucles
SimCLR,SimCLR,augment,,,all,all,age,linear_probe,2,2,27.48,24.097746,False,baseline_ucles,A,save/baseline_ucles
SimCLR,SimCLR,augment,,,all,all,age,linear_probe,2,3,17.288889,19.017548,False,baseline_ucles,A,save/baseline_ucles
SimCLR,SimCLR,augment,,,all,all,age,linear_probe,2,4,36.0,18.480839,False,baseline_ucles,A,save/baseline_ucles
AE,AE,,,,all,all,age,linear_probe,2,0,13.857142,21.976467,True,baseline_ucles,A,save/baseline_ucles
AE,AE,,,,all,all,age,linear_probe,2,1,16.74074,17.843283,True,baseline_ucles,A,save/baseline_ucles
AE,AE,,,,all,all,age,linear_probe,2,2,27.48,21.437027,True,baseline_ucles,A,save/baseline_ucles
AE,AE,,,,all,all,age,linear_probe,2,3,17.288889,19.182383,True,baseline_ucles,A,save/baseline_ucles
AE,AE,,,,all,all,age,linear_probe,2,4,36.0,20.318401,True,baseline_ucles,A,save/baseline_ucles
MAE,MAE,,,,all,all,age,linear_probe,2,0,13.857142,20.117697,True,baseline_ucles,A,save/baseline_ucles
MAE,MAE,,,,all,all,age,linear_probe,2,1,16.74074,23.38656,True,baseline_ucles,A,save/baseline_ucles
MAE,MAE,,,,all,all,age,linear_probe,2,2,27.48,22.331947,True,baseline_ucles,A,save/baseline_ucles
MAE,MAE,,,,all,all,age,linear_probe,2,3,17.288889,18.4811,True,baseline_ucles,A,save/baseline_ucles
MAE,MAE,,,,all,all,age,linear_probe,2,4,36.0,17.941273,True,baseline_ucles,A,save/baseline_ucles
TripletLoss,TripletLoss,,,,all,all,age,linear_probe,2,0,13.857142,13.444137,True,baseline_ucles,A,save/baseline_ucles
TripletLoss,TripletLoss,,,,all,all,age,linear_probe,2,1,16.74074,12.825811,True,baseline_ucles,A,save/baseline_ucles
TripletLoss,TripletLoss,,,,all,all,age,linear_probe,2,2,27.48,28.718378,True,baseline_ucles,A,save/baseline_ucles
TripletLoss,TripletLoss,,,,all,all,age,linear_probe,2,3,17.288889,17.035219,True,baseline_ucles,A,save/baseline_ucles
TripletLoss,TripletLoss,,,,all,all,age,linear_probe,2,4,36.0,30.186749,True,baseline_ucles,A,save/baseline_ucles
supervised,supervised,,,,all,all,age,fine_tuning,2,0,13.857142,11.651677,True,baseline_ucles,A,save/baseline_ucles
supervised,supervised,,,,all,all,age,fine_tuning,2,1,16.74074,13.087549,True,baseline_ucles,A,save/baseline_ucles
supervised,supervised,,,,all,all,age,fine_tuning,2,2,27.48,28.359245,True,baseline_ucles,A,save/baseline_ucles
supervised,supervised,,,,all,all,age,fine_tuning,2,3,17.288889,17.402008,True,baseline_ucles,A,save/baseline_ucles
supervised,supervised,,,,all,all,age,fine_tuning,2,4,36.0,36.537079,True,baseline_ucles,A,save/baseline_ucles
SimCLR,SimCLR,augment,,,all,all,age,fine_tuning,2,0,13.857142,12.051875,False,baseline_ucles,A,save/baseline_ucles
SimCLR,SimCLR,augment,,,all,all,age,fine_tuning,2,1,16.74074,16.439058,False,baseline_ucles,A,save/baseline_ucles
SimCLR,SimCLR,augment,,,all,all,age,fine_tuning,2,2,27.48,28.284401,False,baseline_ucles,A,save/baseline_ucles
SimCLR,SimCLR,augment,,,all,all,age,fine_tuning,2,3,17.288889,17.059866,False,baseline_ucles,A,save/baseline_ucles
SimCLR,SimCLR,augment,,,all,all,age,fine_tuning,2,4,36.0,36.539524,False,baseline_ucles,A,save/baseline_ucles
AE,AE,,,,all,all,age,fine_tuning,2,0,13.857142,12.896581,True,baseline_ucles,A,save/baseline_ucles
AE,AE,,,,all,all,age,fine_tuning,2,1,16.74074,14.828651,True,baseline_ucles,A,save/baseline_ucles
AE,AE,,,,all,all,age,fine_tuning,2,2,27.48,27.410963,True,baseline_ucles,A,save/baseline_ucles
AE,AE,,,,all,all,age,fine_tuning,2,3,17.288889,16.560066,True,baseline_ucles,A,save/baseline_ucles
AE,AE,,,,all,all,age,fine_tuning,2,4,36.0,35.306705,True,baseline_ucles,A,save/baseline_ucles
MAE,MAE,,,,all,all,age,fine_tuning,2,0,13.857142,14.761388,True,baseline_ucles,A,save/baseline_ucles
MAE,MAE,,,,all,all,age,fine_tuning,2,1,16.74074,16.793268,True,baseline_ucles,A,save/baseline_ucles
MAE,MAE,,,,all,all,age,fine_tuning,2,2,27.48,27.965816,True,baseline_ucles,A,save/baseline_ucles
MAE,MAE,,,,all,all,age,fine_tuning,2,3,17.288889,15.845345,True,baseline_ucles,A,save/baseline_ucles
MAE,MAE,,,,all,all,age,fine_tuning,2,4,36.0,36.769661,True,baseline_ucles,A,save/baseline_ucles
TripletLoss,TripletLoss,,,,all,all,age,fine_tuning,2,0,13.857142,13.458727,True,baseline_ucles,A,save/baseline_ucles
TripletLoss,TripletLoss,,,,all,all,age,fine_tuning,2,1,16.74074,11.901206,True,baseline_ucles,A,save/baseline_ucles
TripletLoss,TripletLoss,,,,all,all,age,fine_tuning,2,2,27.48,27.512165,True,baseline_ucles,A,save/baseline_ucles
TripletLoss,TripletLoss,,,,all,all,age,fine_tuning,2,3,17.288889,17.407763,True,baseline_ucles,A,save/baseline_ucles
TripletLoss,TripletLoss,,,,all,all,age,fine_tuning,2,4,36.0,36.532127,True,baseline_ucles,A,save/baseline_ucles
PCA,PCA,,,,all,all,age,linear_probe,3,0,20.033897,18.03088,True,baseline_ucles,A,save/baseline_ucles
PCA,PCA,,,,all,all,age,linear_probe,3,1,10.086957,17.712105,True,baseline_ucles,A,save/baseline_ucles
PCA,PCA,,,,all,all,age,linear_probe,3,2,12.6,17.18611,True,baseline_ucles,A,save/baseline_ucles
PCA,PCA,,,,all,all,age,linear_probe,3,3,13.517241,17.703234,True,baseline_ucles,A,save/baseline_ucles
PCA,PCA,,,,all,all,age,linear_probe,3,4,25.104347,17.678904,True,baseline_ucles,A,save/baseline_ucles
SimCLR,SimCLR,augment,,,all,all,age,linear_probe,3,0,20.033897,17.835381,False,baseline_ucles,A,save/baseline_ucles
SimCLR,SimCLR,augment,,,all,all,age,linear_probe,3,1,10.086957,19.467459,False,baseline_ucles,A,save/baseline_ucles
SimCLR,SimCLR,augment,,,all,all,age,linear_probe,3,2,12.6,15.047088,False,baseline_ucles,A,save/baseline_ucles
SimCLR,SimCLR,augment,,,all,all,age,linear_probe,3,3,13.517241,15.775632,False,baseline_ucles,A,save/baseline_ucles
SimCLR,SimCLR,augment,,,all,all,age,linear_probe,3,4,25.104347,21.697609,False,baseline_ucles,A,save/baseline_ucles
AE,AE,,,,all,all,age,linear_probe,3,0,20.033897,18.030514,True,baseline_ucles,A,save/baseline_ucles
AE,AE,,,,all,all,age,linear_probe,3,1,10.086957,18.119118,True,baseline_ucles,A,save/baseline_ucles
AE,AE,,,,all,all,age,linear_probe,3,2,12.6,18.865849,True,baseline_ucles,A,save/baseline_ucles
AE,AE,,,,all,all,age,linear_probe,3,3,13.517241,20.576771,True,baseline_ucles,A,save/baseline_ucles
AE,AE,,,,all,all,age,linear_probe,3,4,25.104347,17.716591,True,baseline_ucles,A,save/baseline_ucles
MAE,MAE,,,,all,all,age,linear_probe,3,0,20.033897,19.53167,True,baseline_ucles,A,save/baseline_ucles
MAE,MAE,,,,all,all,age,linear_probe,3,1,10.086957,20.230803,True,baseline_ucles,A,save/baseline_ucles
MAE,MAE,,,,all,all,age,linear_probe,3,2,12.6,17.277519,True,baseline_ucles,A,save/baseline_ucles
MAE,MAE,,,,all,all,age,linear_probe,3,3,13.517241,17.273439,True,baseline_ucles,A,save/baseline_ucles
MAE,MAE,,,,all,all,age,linear_probe,3,4,25.104347,19.594074,True,baseline_ucles,A,save/baseline_ucles
TripletLoss,TripletLoss,,,,all,all,age,linear_probe,3,0,20.033897,19.302864,True,baseline_ucles,A,save/baseline_ucles
TripletLoss,TripletLoss,,,,all,all,age,linear_probe,3,1,10.086957,13.143009,True,baseline_ucles,A,save/baseline_ucles
TripletLoss,TripletLoss,,,,all,all,age,linear_probe,3,2,12.6,12.669945,True,baseline_ucles,A,save/baseline_ucles
TripletLoss,TripletLoss,,,,all,all,age,linear_probe,3,3,13.517241,14.910303,True,baseline_ucles,A,save/baseline_ucles
TripletLoss,TripletLoss,,,,all,all,age,linear_probe,3,4,25.104347,24.119873,True,baseline_ucles,A,save/baseline_ucles
supervised,supervised,,,,all,all,age,fine_tuning,3,0,20.033897,19.034063,True,baseline_ucles,A,save/baseline_ucles
supervised,supervised,,,,all,all,age,fine_tuning,3,1,10.086957,11.247942,True,baseline_ucles,A,save/baseline_ucles
supervised,supervised,,,,all,all,age,fine_tuning,3,2,12.6,12.937922,True,baseline_ucles,A,save/baseline_ucles
supervised,supervised,,,,all,all,age,fine_tuning,3,3,13.517241,14.57148,True,baseline_ucles,A,save/baseline_ucles
supervised,supervised,,,,all,all,age,fine_tuning,3,4,25.104347,23.584244,True,baseline_ucles,A,save/baseline_ucles
SimCLR,SimCLR,augment,,,all,all,age,fine_tuning,3,0,20.033897,20.713728,False,baseline_ucles,A,save/baseline_ucles
SimCLR,SimCLR,augment,,,all,all,age,fine_tuning,3,1,10.086957,11.093285,False,baseline_ucles,A,save/baseline_ucles
SimCLR,SimCLR,augment,,,all,all,age,fine_tuning,3,2,12.6,12.841328,False,baseline_ucles,A,save/baseline_ucles
SimCLR,SimCLR,augment,,,all,all,age,fine_tuning,3,3,13.517241,14.634816,False,baseline_ucles,A,save/baseline_ucles
SimCLR,SimCLR,augment,,,all,all,age,fine_tuning,3,4,25.104347,24.90436,False,baseline_ucles,A,save/baseline_ucles
AE,AE,,,,all,all,age,fine_tuning,3,0,20.033897,18.762777,True,baseline_ucles,A,save/baseline_ucles
AE,AE,,,,all,all,age,fine_tuning,3,1,10.086957,7.450763,True,baseline_ucles,A,save/baseline_ucles
AE,AE,,,,all,all,age,fine_tuning,3,2,12.6,13.642245,True,baseline_ucles,A,save/baseline_ucles
AE,AE,,,,all,all,age,fine_tuning,3,3,13.517241,15.011335,True,baseline_ucles,A,save/baseline_ucles
AE,AE,,,,all,all,age,fine_tuning,3,4,25.104347,24.881077,True,baseline_ucles,A,save/baseline_ucles
MAE,MAE,,,,all,all,age,fine_tuning,3,0,20.033897,18.455694,True,baseline_ucles,A,save/baseline_ucles
MAE,MAE,,,,all,all,age,fine_tuning,3,1,10.086957,9.266599,True,baseline_ucles,A,save/baseline_ucles
MAE,MAE,,,,all,all,age,fine_tuning,3,2,12.6,12.485382,True,baseline_ucles,A,save/baseline_ucles
MAE,MAE,,,,all,all,age,fine_tuning,3,3,13.517241,15.176796,True,baseline_ucles,A,save/baseline_ucles
MAE,MAE,,,,all,all,age,fine_tuning,3,4,25.104347,24.123804,True,baseline_ucles,A,save/baseline_ucles
TripletLoss,TripletLoss,,,,all,all,age,fine_tuning,3,0,20.033897,19.044493,True,baseline_ucles,A,save/baseline_ucles
TripletLoss,TripletLoss,,,,all,all,age,fine_tuning,3,1,10.086957,10.264078,True,baseline_ucles,A,save/baseline_ucles
TripletLoss,TripletLoss,,,,all,all,age,fine_tuning,3,2,12.6,13.194388,True,baseline_ucles,A,save/baseline_ucles
TripletLoss,TripletLoss,,,,all,all,age,fine_tuning,3,3,13.517241,14.771759,True,baseline_ucles,A,save/baseline_ucles
TripletLoss,TripletLoss,,,,all,all,age,fine_tuning,3,4,25.104347,24.429712,True,baseline_ucles,A,save/baseline_ucles
PCA,PCA,,,,all,all,age,linear_probe,4,0,12.185185,16.476789,True,baseline_ucles,A,save/baseline_ucles
PCA,PCA,,,,all,all,age,linear_probe,4,1,10.902439,18.651077,True,baseline_ucles,A,save/baseline_ucles
PCA,PCA,,,,all,all,age,linear_probe,4,2,7.125,19.830223,True,baseline_ucles,A,save/baseline_ucles
PCA,PCA,,,,all,all,age,linear_probe,4,3,31.799999,18.865,True,baseline_ucles,A,save/baseline_ucles
PCA,PCA,,,,all,all,age,linear_probe,4,4,10.609756,17.126015,True,baseline_ucles,A,save/baseline_ucles
SimCLR,SimCLR,augment,,,all,all,age,linear_probe,4,0,12.185185,17.139042,False,baseline_ucles,A,save/baseline_ucles
SimCLR,SimCLR,augment,,,all,all,age,linear_probe,4,1,10.902439,16.782614,False,baseline_ucles,A,save/baseline_ucles
SimCLR,SimCLR,augment,,,all,all,age,linear_probe,4,2,7.125,15.611623,False,baseline_ucles,A,save/baseline_ucles
SimCLR,SimCLR,augment,,,all,all,age,linear_probe,4,3,31.799999,21.113464,False,baseline_ucles,A,save/baseline_ucles
SimCLR,SimCLR,augment,,,all,all,age,linear_probe,4,4,10.609756,22.811495,False,baseline_ucles,A,save/baseline_ucles
AE,AE,,,,all,all,age,linear_probe,4,0,12.185185,19.436111,True,baseline_ucles,A,save/baseline_ucles
AE,AE,,,,all,all,age,linear_probe,4,1,10.902439,18.518164,True,baseline_ucles,A,save/baseline_ucles
AE,AE,,,,all,all,age,linear_probe,4,2,7.125,18.403049,True,baseline_ucles,A,save/baseline_ucles
AE,AE,,,,all,all,age,linear_probe,4,3,31.799999,19.454844,True,baseline_ucles,A,save/baseline_ucles
AE,AE,,,,all,all,age,linear_probe,4,4,10.609756,19.392048,True,baseline_ucles,A,save/baseline_ucles
MAE,MAE,,,,all,all,age,linear_probe,4,0,12.185185,19.090904,True,baseline_ucles,A,save/baseline_ucles
MAE,MAE,,,,all,all,age,linear_probe,4,1,10.902439,17.108755,True,baseline_ucles,A,save/baseline_ucles
MAE,MAE,,,,all,all,age,linear_probe,4,2,7.125,18.564404,True,baseline_ucles,A,save/baseline_ucles
MAE,MAE,,,,all,all,age,linear_probe,4,3,31.799999,20.758261,True,baseline_ucles,A,save/baseline_ucles
MAE,MAE,,,,all,all,age,linear_probe,4,4,10.609756,20.634256,True,baseline_ucles,A,save/baseline_ucles
TripletLoss,TripletLoss,,,,all,all,age,linear_probe,4,0,12.185185,11.005678,True,baseline_ucles,A,save/baseline_ucles
TripletLoss,TripletLoss,,,,all,all,age,linear_probe,4,1,10.902439,11.209442,True,baseline_ucles,A,save/baseline_ucles
TripletLoss,TripletLoss,,,,all,all,age,linear_probe,4,2,7.125,12.129171,True,baseline_ucles,A,save/baseline_ucles
TripletLoss,TripletLoss,,,,all,all,age,linear_probe,4,3,31.799999,27.290226,True,baseline_ucles,A,save/baseline_ucles
TripletLoss,TripletLoss,,,,all,all,age,linear_probe,4,4,10.609756,12.750061,True,baseline_ucles,A,save/baseline_ucles
supervised,supervised,,,,all,all,age,fine_tuning,4,0,12.185185,9.847941,True,baseline_ucles,A,save/baseline_ucles
supervised,supervised,,,,all,all,age,fine_tuning,4,1,10.902439,10.932143,True,baseline_ucles,A,save/baseline_ucles
supervised,supervised,,,,all,all,age,fine_tuning,4,2,7.125,11.634092,True,baseline_ucles,A,save/baseline_ucles
supervised,supervised,,,,all,all,age,fine_tuning,4,3,31.799999,30.980169,True,baseline_ucles,A,save/baseline_ucles
supervised,supervised,,,,all,all,age,fine_tuning,4,4,10.609756,14.189305,True,baseline_ucles,A,save/baseline_ucles
SimCLR,SimCLR,augment,,,all,all,age,fine_tuning,4,0,12.185185,9.027259,False,baseline_ucles,A,save/baseline_ucles
SimCLR,SimCLR,augment,,,all,all,age,fine_tuning,4,1,10.902439,12.07105,False,baseline_ucles,A,save/baseline_ucles
SimCLR,SimCLR,augment,,,all,all,age,fine_tuning,4,2,7.125,10.632706,False,baseline_ucles,A,save/baseline_ucles
SimCLR,SimCLR,augment,,,all,all,age,fine_tuning,4,3,31.799999,29.834187,False,baseline_ucles,A,save/baseline_ucles
SimCLR,SimCLR,augment,,,all,all,age,fine_tuning,4,4,10.609756,13.086044,False,baseline_ucles,A,save/baseline_ucles
AE,AE,,,,all,all,age,fine_tuning,4,0,12.185185,11.174212,True,baseline_ucles,A,save/baseline_ucles
AE,AE,,,,all,all,age,fine_tuning,4,1,10.902439,11.912081,True,baseline_ucles,A,save/baseline_ucles
AE,AE,,,,all,all,age,fine_tuning,4,2,7.125,8.081261,True,baseline_ucles,A,save/baseline_ucles
AE,AE,,,,all,all,age,fine_tuning,4,3,31.799999,31.032875,True,baseline_ucles,A,save/baseline_ucles
AE,AE,,,,all,all,age,fine_tuning,4,4,10.609756,12.316411,True,baseline_ucles,A,save/baseline_ucles
MAE,MAE,,,,all,all,age,fine_tuning,4,0,12.185185,10.930536,True,baseline_ucles,A,save/baseline_ucles
MAE,MAE,,,,all,all,age,fine_tuning,4,1,10.902439,12.002348,True,baseline_ucles,A,save/baseline_ucles
MAE,MAE,,,,all,all,age,fine_tuning,4,2,7.125,7.965586,True,baseline_ucles,A,save/baseline_ucles
MAE,MAE,,,,all,all,age,fine_tuning,4,3,31.799999,30.657291,True,baseline_ucles,A,save/baseline_ucles
MAE,MAE,,,,all,all,age,fine_tuning,4,4,10.609756,11.633116,True,baseline_ucles,A,save/baseline_ucles
TripletLoss,TripletLoss,,,,all,all,age,fine_tuning,4,0,12.185185,8.892829,True,baseline_ucles,A,save/baseline_ucles
TripletLoss,TripletLoss,,,,all,all,age,fine_tuning,4,1,10.902439,10.252304,True,baseline_ucles,A,save/baseline_ucles
TripletLoss,TripletLoss,,,,all,all,age,fine_tuning,4,2,7.125,9.07449,True,baseline_ucles,A,save/baseline_ucles
TripletLoss,TripletLoss,,,,all,all,age,fine_tuning,4,3,31.799999,31.53336,True,baseline_ucles,A,save/baseline_ucles
TripletLoss,TripletLoss,,,,all,all,age,fine_tuning,4,4,10.609756,11.822762,True,baseline_ucles,A,save/baseline_ucles
PCA,PCA,,,,all,all,age,linear_probe,5,0,21.299999,16.926651,True,baseline_ucles,A,save/baseline_ucles
PCA,PCA,,,,all,all,age,linear_probe,5,1,16.439024,17.34042,True,baseline_ucles,A,save/baseline_ucles
PCA,PCA,,,,all,all,age,linear_probe,5,2,14.341772,18.046221,True,baseline_ucles,A,save/baseline_ucles
PCA,PCA,,,,all,all,age,linear_probe,5,3,22.196079,17.753523,True,baseline_ucles,A,save/baseline_ucles
SimCLR,SimCLR,augment,,,all,all,age,linear_probe,5,0,21.299999,23.702908,False,baseline_ucles,A,save/baseline_ucles
SimCLR,SimCLR,augment,,,all,all,age,linear_probe,5,1,16.439024,15.483467,False,baseline_ucles,A,save/baseline_ucles
SimCLR,SimCLR,augment,,,all,all,age,linear_probe,5,2,14.341772,17.313677,False,baseline_ucles,A,save/baseline_ucles
SimCLR,SimCLR,augment,,,all,all,age,linear_probe,5,3,22.196079,19.761644,False,baseline_ucles,A,save/baseline_ucles
AE,AE,,,,all,all,age,linear_probe,5,0,21.299999,19.099285,True,baseline_ucles,A,save/baseline_ucles
AE,AE,,,,all,all,age,linear_probe,5,1,16.439024,20.199589,True,baseline_ucles,A,save/baseline_ucles
AE,AE,,,,all,all,age,linear_probe,5,2,14.341772,20.144373,True,baseline_ucles,A,save/baseline_ucles
AE,AE,,,,all,all,age,linear_probe,5,3,22.196079,20.019787,True,baseline_ucles,A,save/baseline_ucles
MAE,MAE,,,,all,all,age,linear_probe,5,0,21.299999,19.758602,True,baseline_ucles,A,save/baseline_ucles
MAE,MAE,,,,all,all,age,linear_probe,5,1,16.439024,18.405619,True,baseline_ucles,A,save/baseline_ucles
MAE,MAE,,,,all,all,age,linear_probe,5,2,14.341772,18.470652,True,baseline_ucles,A,save/baseline_ucles
MAE,MAE,,,,all,all,age,linear_probe,5,3,22.196079,19.879597,True,baseline_ucles,A,save/baseline_ucles
TripletLoss,TripletLoss,,,,all,all,age,linear_probe,5,0,21.299999,22.687763,True,baseline_ucles,A,save/baseline_ucles
TripletLoss,TripletLoss,,,,all,all,age,linear_probe,5,1,16.439024,14.08667,True,baseline_ucles,A,save/baseline_ucles
TripletLoss,TripletLoss,,,,all,all,age,linear_probe,5,2,14.341772,13.919027,True,baseline_ucles,A,save/baseline_ucles
TripletLoss,TripletLoss,,,,all,all,age,linear_probe,5,3,22.196079,23.859316,True,baseline_ucles,A,save/baseline_ucles
supervised,supervised,,,,all,all,age,fine_tuning,5,0,21.299999,21.827419,True,baseline_ucles,A,save/baseline_ucles
supervised,supervised,,,,all,all,age,fine_tuning,5,1,16.439024,15.62768,True,baseline_ucles,A,save/baseline_ucles
supervised,supervised,,,,all,all,age,fine_tuning,5,2,14.341772,14.300285,True,baseline_ucles,A,save/baseline_ucles
supervised,supervised,,,,all,all,age,fine_tuning,5,3,22.196079,22.780182,True,baseline_ucles,A,save/baseline_ucles
SimCLR,SimCLR,augment,,,all,all,age,fine_tuning,5,0,21.299999,23.132059,False,baseline_ucles,A,save/baseline_ucles
SimCLR,SimCLR,augment,,,all,all,age,fine_tuning,5,1,16.439024,16.704929,False,baseline_ucles,A,save/baseline_ucles
SimCLR,SimCLR,augment,,,all,all,age,fine_tuning,5,2,14.341772,16.874506,False,baseline_ucles,A,save/baseline_ucles
SimCLR,SimCLR,augment,,,all,all,age,fine_tuning,5,3,22.196079,25.073618,False,baseline_ucles,A,save/baseline_ucles
AE,AE,,,,all,all,age,fine_tuning,5,0,21.299999,23.850916,True,baseline_ucles,A,save/baseline_ucles
AE,AE,,,,all,all,age,fine_tuning,5,1,16.439024,18.264839,True,baseline_ucles,A,save/baseline_ucles
AE,AE,,,,all,all,age,fine_tuning,5,2,14.341772,17.061275,True,baseline_ucles,A,save/baseline_ucles
AE,AE,,,,all,all,age,fine_tuning,5,3,22.196079,25.35729,True,baseline_ucles,A,save/baseline_ucles
MAE,MAE,,,,all,all,age,fine_tuning,5,0,21.299999,23.617926,True,baseline_ucles,A,save/baseline_ucles
MAE,MAE,,,,all,all,age,fine_tuning,5,1,16.439024,18.146744,True,baseline_ucles,A,save/baseline_ucles
MAE,MAE,,,,all,all,age,fine_tuning,5,2,14.341772,16.255678,True,baseline_ucles,A,save/baseline_ucles
MAE,MAE,,,,all,all,age,fine_tuning,5,3,22.196079,24.977245,True,baseline_ucles,A,save/baseline_ucles
TripletLoss,TripletLoss,,,,all,all,age,fine_tuning,5,0,21.299999,22.987452,True,baseline_ucles,A,save/baseline_ucles
TripletLoss,TripletLoss,,,,all,all,age,fine_tuning,5,1,16.439024,14.707899,True,baseline_ucles,A,save/baseline_ucles
TripletLoss,TripletLoss,,,,all,all,age,fine_tuning,5,2,14.341772,15.168267,True,baseline_ucles,A,save/baseline_ucles
TripletLoss,TripletLoss,,,,all,all,age,fine_tuning,5,3,22.196079,23.890942,True,baseline_ucles,A,save/baseline_ucles
PCA,PCA,,,,all,all,age,linear_probe,6,0,23.77,17.444742,True,baseline_ucles,A,save/baseline_ucles
PCA,PCA,,,,all,all,age,linear_probe,6,1,10.272727,17.386726,True,baseline_ucles,A,save/baseline_ucles
PCA,PCA,,,,all,all,age,linear_probe,6,2,22.170732,17.494152,True,baseline_ucles,A,save/baseline_ucles
PCA,PCA,,,,all,all,age,linear_probe,6,3,11.014925,17.518984,True,baseline_ucles,A,save/baseline_ucles
SimCLR,SimCLR,augment,,,all,all,age,linear_probe,6,0,23.77,20.010462,False,baseline_ucles,A,save/baseline_ucles
SimCLR,SimCLR,augment,,,all,all,age,linear_probe,6,1,10.272727,19.124414,False,baseline_ucles,A,save/baseline_ucles
SimCLR,SimCLR,augment,,,all,all,age,linear_probe,6,2,22.170732,19.469103,False,baseline_ucles,A,save/baseline_ucles
SimCLR,SimCLR,augment,,,all,all,age,linear_probe,6,3,11.014925,17.598616,False,baseline_ucles,A,save/baseline_ucles
AE,AE,,,,all,all,age,linear_probe,6,0,23.77,19.125128,True,baseline_ucles,A,save/baseline_ucles
AE,AE,,,,all,all,age,linear_probe,6,1,10.272727,19.141455,True,baseline_ucles,A,save/baseline_ucles
AE,AE,,,,all,all,age,linear_probe,6,2,22.170732,19.058764,True,baseline_ucles,A,save/baseline_ucles
AE,AE,,,,all,all,age,linear_probe,6,3,11.014925,18.674194,True,baseline_ucles,A,save/baseline_ucles
MAE,MAE,,,,all,all,age,linear_probe,6,0,23.77,19.951632,True,baseline_ucles,A,save/baseline_ucles
MAE,MAE,,,,all,all,age,linear_probe,6,1,10.272727,18.536364,True,baseline_ucles,A,save/baseline_ucles
MAE,MAE,,,,all,all,age,linear_probe,6,2,22.170732,19.324594,True,baseline_ucles,A,save/baseline_ucles
MAE,MAE,,,,all,all,age,linear_probe,6,3,11.014925,18.898308,True,baseline_ucles,A,save/baseline_ucles
TripletLoss,TripletLoss,,,,all,all,age,linear_probe,6,0,23.77,21.69623,True,baseline_ucles,A,save/baseline_ucles
TripletLoss,TripletLoss,,,,all,all,age,linear_probe,6,1,10.272727,9.652062,True,baseline_ucles,A,save/baseline_ucles
TripletLoss,TripletLoss,,,,all,all,age,linear_probe,6,2,22.170732,20.92004,True,baseline_ucles,A,save/baseline_ucles
TripletLoss,TripletLoss,,,,all,all,age,linear_probe,6,3,11.014925,11.131248,True,baseline_ucles,A,save/baseline_ucles
supervised,supervised,,,,all,all,age,fine_tuning,6,0,23.77,22.630308,True,baseline_ucles,A,save/baseline_ucles
supervised,supervised,,,,all,all,age,fine_tuning,6,1,10.272727,8.555724,True,baseline_ucles,A,save/baseline_ucles
supervised,supervised,,,,all,all,age,fine_tuning,6,2,22.170732,20.649401,True,baseline_ucles,A,save/baseline_ucles
supervised,supervised,,,,all,all,age,fine_tuning,6,3,11.014925,10.492072,True,baseline_ucles,A,save/baseline_ucles
SimCLR,SimCLR,augment,,,all,all,age,fine_tuning,6,0,23.77,22.520439,False,baseline_ucles,A,save/baseline_ucles
SimCLR,SimCLR,augment,,,all,all,age,fine_tuning,6,1,10.272727,11.472457,False,baseline_ucles,A,save/baseline_ucles
SimCLR,SimCLR,augment,,,all,all,age,fine_tuning,6,2,22.170732,22.384552,False,baseline_ucles,A,save/baseline_ucles
SimCLR,SimCLR,augment,,,all,all,age,fine_tuning,6,3,11.014925,11.59466,False,baseline_ucles,A,save/baseline_ucles
AE,AE,,,,all,all,age,fine_tuning,6,0,23.77,24.709602,True,baseline_ucles,A,save/baseline_ucles
AE,AE,,,,all,all,age,fine_tuning,6,1,10.272727,10.753411,True,baseline_ucles,A,save/baseline_ucles
AE,AE,,,,all,all,age,fine_tuning,6,2,22.170732,21.88764,True,baseline_ucles,A,save/baseline_ucles
AE,AE,,,,all,all,age,fine_tuning,6,3,11.014925,10.778963,True,baseline_ucles,A,save/baseline_ucles
MAE,MAE,,,,all,all,age,fine_tuning,6,0,23.77,23.483288,True,baseline_ucles,A,save/baseline_ucles
MAE,MAE,,,,all,all,age,fine_tuning,6,1,10.272727,8.02786,True,baseline_ucles,A,save/baseline_ucles
MAE,MAE,,,,all,all,age,fine_tuning,6,2,22.170732,20.830236,True,baseline_ucles,A,save/baseline_ucles
MAE,MAE,,,,all,all,age,fine_tuning,6,3,11.014925,8.494156,True,baseline_ucles,A,save/baseline_ucles
TripletLoss,TripletLoss,,,,all,all,age,fine_tuning,6,0,23.77,22.890684,True,baseline_ucles,A,save/baseline_ucles
TripletLoss,TripletLoss,,,,all,all,age,fine_tuning,6,1,10.272727,8.728939,True,baseline_ucles,A,save/baseline_ucles
TripletLoss,TripletLoss,,,,all,all,age,fine_tuning,6,2,22.170732,21.226023,True,baseline_ucles,A,save/baseline_ucles
TripletLoss,TripletLoss,,,,all,all,age,fine_tuning,6,3,11.014925,10.202667,True,baseline_ucles,A,save/baseline_ucles
PCA,PCA,,,,all,all,age,linear_probe,7,0,22.506172,17.722338,True,baseline_ucles,A,save/baseline_ucles
PCA,PCA,,,,all,all,age,linear_probe,7,1,18.200001,17.516373,True,baseline_ucles,A,save/baseline_ucles
PCA,PCA,,,,all,all,age,linear_probe,7,2,17.319635,17.209272,True,baseline_ucles,A,save/baseline_ucles
PCA,PCA,,,,all,all,age,linear_probe,7,3,20.962963,17.508772,True,baseline_ucles,A,save/baseline_ucles
SimCLR,SimCLR,augment,,,all,all,age,linear_probe,7,0,22.506172,18.992413,False,baseline_ucles,A,save/baseline_ucles
SimCLR,SimCLR,augment,,,all,all,age,linear_probe,7,1,18.200001,15.197807,False,baseline_ucles,A,save/baseline_ucles
SimCLR,SimCLR,augment,,,all,all,age,linear_probe,7,2,17.319635,18.522261,False,baseline_ucles,A,save/baseline_ucles
SimCLR,SimCLR,augment,,,all,all,age,linear_probe,7,3,20.962963,18.446718,False,baseline_ucles,A,save/baseline_ucles
AE,AE,,,,all,all,age,linear_probe,7,0,22.506172,18.592096,True,baseline_ucles,A,save/baseline_ucles
AE,AE,,,,all,all,age,linear_probe,7,1,18.200001,18.208284,True,baseline_ucles,A,save/baseline_ucles
AE,AE,,,,all,all,age,linear_probe,7,2,17.319635,18.084042,True,baseline_ucles,A,save/baseline_ucles
AE,AE,,,,all,all,age,linear_probe,7,3,20.962963,18.027243,True,baseline_ucles,A,save/baseline_ucles
MAE,MAE,,,,all,all,age,linear_probe,7,0,22.506172,19.603523,True,baseline_ucles,A,save/baseline_ucles
MAE,MAE,,,,all,all,age,linear_probe,7,1,18.200001,18.273815,True,baseline_ucles,A,save/baseline_ucles
MAE,MAE,,,,all,all,age,linear_probe,7,2,17.319635,18.124876,True,baseline_ucles,A,save/baseline_ucles
MAE,MAE,,,,all,all,age,linear_probe,7,3,20.962963,17.814709,True,baseline_ucles,A,save/baseline_ucles
TripletLoss,TripletLoss,,,,all,all,age,linear_probe,7,0,22.506172,19.292347,True,baseline_ucles,A,save/baseline_ucles
TripletLoss,TripletLoss,,,,all,all,age,linear_probe,7,1,18.200001,12.680442,True,baseline_ucles,A,save/baseline_ucles
TripletLoss,TripletLoss,,,,all,all,age,linear_probe,7,2,17.319635,17.514143,True,baseline_ucles,A,save/baseline_ucles
TripletLoss,TripletLoss,,,,all,all,age,linear_probe,7,3,20.962963,17.940092,True,baseline_ucles,A,save/baseline_ucles
supervised,supervised,,,,all,all,age,fine_tuning,7,0,22.506172,18.719088,True,baseline_ucles,A,save/baseline_ucles
supervised,supervised,,,,all,all,age,fine_tuning,7,1,18.200001,14.490011,True,baseline_ucles,A,save/baseline_ucles
supervised,supervised,,,,all,all,age,fine_tuning,7,2,17.319635,16.776911,True,baseline_ucles,A,save/baseline_ucles
supervised,supervised,,,,all,all,age,fine_tuning,7,3,20.962963,17.112164,True,baseline_ucles,A,save/baseline_ucles
SimCLR,SimCLR,augment,,,all,all,age,fine_tuning,7,0,22.506172,23.381889,False,baseline_ucles,A,save/baseline_ucles
SimCLR,SimCLR,augment,,,all,all,age,fine_tuning,7,1,18.200001,16.877409,False,baseline_ucles,A,save/baseline_ucles
SimCLR,SimCLR,augment,,,all,all,age,fine_tuning,7,2,17.319635,18.220482,False,baseline_ucles,A,save/baseline_ucles
SimCLR,SimCLR,augment,,,all,all,age,fine_tuning,7,3,20.962963,18.683073,False,baseline_ucles,A,save/baseline_ucles
AE,AE,,,,all,all,age,fine_tuning,7,0,22.506172,22.715994,True,baseline_ucles,A,save/baseline_ucles
AE,AE,,,,all,all,age,fine_tuning,7,1,18.200001,15.359143,True,baseline_ucles,A,save/baseline_ucles
AE,AE,,,,all,all,age,fine_tuning,7,2,17.319635,18.551796,True,baseline_ucles,A,save/baseline_ucles
AE,AE,,,,all,all,age,fine_tuning,7,3,20.962963,19.069082,True,baseline_ucles,A,save/baseline_ucles
MAE,MAE,,,,all,all,age,fine_tuning,7,0,22.506172,22.789278,True,baseline_ucles,A,save/baseline_ucles
MAE,MAE,,,,all,all,age,fine_tuning,7,1,18.200001,18.467236,True,baseline_ucles,A,save/baseline_ucles
MAE,MAE,,,,all,all,age,fine_tuning,7,2,17.319635,17.562611,True,baseline_ucles,A,save/baseline_ucles
MAE,MAE,,,,all,all,age,fine_tuning,7,3,20.962963,19.660383,True,baseline_ucles,A,save/baseline_ucles
TripletLoss,TripletLoss,,,,all,all,age,fine_tuning,7,0,22.506172,22.044243,True,baseline_ucles,A,save/baseline_ucles
TripletLoss,TripletLoss,,,,all,all,age,fine_tuning,7,1,18.200001,14.270125,True,baseline_ucles,A,save/baseline_ucles
TripletLoss,TripletLoss,,,,all,all,age,fine_tuning,7,2,17.319635,17.104338,True,baseline_ucles,A,save/baseline_ucles
TripletLoss,TripletLoss,,,,all,all,age,fine_tuning,7,3,20.962963,18.769621,True,baseline_ucles,A,save/baseline_ucles
PCA,PCA,,,,all,all,age,linear_probe,8,0,25.25,17.189774,True,baseline_ucles,A,save/baseline_ucles
PCA,PCA,,,,all,all,age,linear_probe,8,1,19.92,16.911627,True,baseline_ucles,A,save/baseline_ucles
PCA,PCA,,,,all,all,age,linear_probe,8,2,22.776316,17.858776,True,baseline_ucles,A,save/baseline_ucles
PCA,PCA,,,,all,all,age,linear_probe,8,3,13.230769,17.890486,True,baseline_ucles,A,save/baseline_ucles
SimCLR,SimCLR,augment,,,all,all,age,linear_probe,8,0,25.25,24.42576,False,baseline_ucles,A,save/baseline_ucles
SimCLR,SimCLR,augment,,,all,all,age,linear_probe,8,1,19.92,17.07102,False,baseline_ucles,A,save/baseline_ucles
SimCLR,SimCLR,augment,,,all,all,age,linear_probe,8,2,22.776316,19.937605,False,baseline_ucles,A,save/baseline_ucles
SimCLR,SimCLR,augment,,,all,all,age,linear_probe,8,3,13.230769,20.826109,False,baseline_ucles,A,save/baseline_ucles
AE,AE,,,,all,all,age,linear_probe,8,0,25.25,10.506763,True,baseline_ucles,A,save/baseline_ucles
AE,AE,,,,all,all,age,linear_probe,8,1,19.92,17.491144,True,baseline_ucles,A,save/baseline_ucles
AE,AE,,,,all,all,age,linear_probe,8,2,22.776316,23.498512,True,baseline_ucles,A,save/baseline_ucles
AE,AE,,,,all,all,age,linear_probe,8,3,13.230769,20.499491,True,baseline_ucles,A,save/baseline_ucles
MAE,MAE,,,,all,all,age,linear_probe,8,0,25.25,23.147018,True,baseline_ucles,A,save/baseline_ucles
MAE,MAE,,,,all,all,age,linear_probe,8,1,19.92,19.462736,True,baseline_ucles,A,save/baseline_ucles
MAE,MAE,,,,all,all,age,linear_probe,8,2,22.776316,21.949127,True,baseline_ucles,A,save/baseline_ucles
MAE,MAE,,,,all,all,age,linear_probe,8,3,13.230769,19.089672,True,baseline_ucles,A,save/baseline_ucles
TripletLoss,TripletLoss,,,,all,all,age,linear_probe,8,0,25.25,28.203598,True,baseline_ucles,A,save/baseline_ucles
TripletLoss,TripletLoss,,,,all,all,age,linear_probe,8,1,19.92,18.652901,True,baseline_ucles,A,save/baseline_ucles
TripletLoss,TripletLoss,,,,all,all,age,linear_probe,8,2,22.776316,23.865326,True,baseline_ucles,A,save/baseline_ucles
TripletLoss,TripletLoss,,,,all,all,age,linear_probe,8,3,13.230769,17.47967,True,baseline_ucles,A,save/baseline_ucles
supervised,supervised,,,,all,all,age,fine_tuning,8,0,25.25,26.103834,True,baseline_ucles,A,save/baseline_ucles
supervised,supervised,,,,all,all,age,fine_tuning,8,1,19.92,21.499485,True,baseline_ucles,A,save/baseline_ucles
supervised,supervised,,,,all,all,age,fine_tuning,8,2,22.776316,24.762421,True,baseline_ucles,A,save/baseline_ucles
supervised,supervised,,,,all,all,age,fine_tuning,8,3,13.230769,14.760872,True,baseline_ucles,A,save/baseline_ucles
SimCLR,SimCLR,augment,,,all,all,age,fine_tuning,8,0,25.25,27.659929,False,baseline_ucles,A,save/baseline_ucles
SimCLR,SimCLR,augment,,,all,all,age,fine_tuning,8,1,19.92,17.516806,False,baseline_ucles,A,save/baseline_ucles
SimCLR,SimCLR,augment,,,all,all,age,fine_tuning,8,2,22.776316,25.037514,False,baseline_ucles,A,save/baseline_ucles
SimCLR,SimCLR,augment,,,all,all,age,fine_tuning,8,3,13.230769,16.135212,False,baseline_ucles,A,save/baseline_ucles
AE,AE,,,,all,all,age,fine_tuning,8,0,25.25,27.436457,True,baseline_ucles,A,save/baseline_ucles
AE,AE,,,,all,all,age,fine_tuning,8,1,19.92,18.944103,True,baseline_ucles,A,save/baseline_ucles
AE,AE,,,,all,all,age,fine_tuning,8,2,22.776316,26.989578,True,baseline_ucles,A,save/baseline_ucles
AE,AE,,,,all,all,age,fine_tuning,8,3,13.230769,17.227474,True,baseline_ucles,A,save/baseline_ucles
MAE,MAE,,,,all,all,age,fine_tuning,8,0,25.25,26.121592,True,baseline_ucles,A,save/baseline_ucles
MAE,MAE,,,,all,all,age,fine_tuning,8,1,19.92,21.339685,True,baseline_ucles,A,save/baseline_ucles
MAE,MAE,,,,all,all,age,fine_tuning,8,2,22.776316,25.358252,True,baseline_ucles,A,save/baseline_ucles
MAE,MAE,,,,all,all,age,fine_tuning,8,3,13.230769,15.091356,True,baseline_ucles,A,save/baseline_ucles
TripletLoss,TripletLoss,,,,all,all,age,fine_tuning,8,0,25.25,25.519699,True,baseline_ucles,A,save/baseline_ucles
TripletLoss,TripletLoss,,,,all,all,age,fine_tuning,8,1,19.92,19.183874,True,baseline_ucles,A,save/baseline_ucles
TripletLoss,TripletLoss,,,,all,all,age,fine_tuning,8,2,22.776316,24.691954,True,baseline_ucles,A,save/baseline_ucles
TripletLoss,TripletLoss,,,,all,all,age,fine_tuning,8,3,13.230769,15.196431,True,baseline_ucles,A,save/baseline_ucles
PCA,PCA,,,,all,all,age,linear_probe,9,0,20.706896,18.273901,True,baseline_ucles,A,save/baseline_ucles
PCA,PCA,,,,all,all,age,linear_probe,9,1,15.652174,18.688253,True,baseline_ucles,A,save/baseline_ucles
PCA,PCA,,,,all,all,age,linear_probe,9,2,15.217391,19.372238,True,baseline_ucles,A,save/baseline_ucles
PCA,PCA,,,,all,all,age,linear_probe,9,3,9.236363,18.109995,True,baseline_ucles,A,save/baseline_ucles
SimCLR,SimCLR,augment,,,all,all,age,linear_probe,9,0,20.706896,18.548256,False,baseline_ucles,A,save/baseline_ucles
SimCLR,SimCLR,augment,,,all,all,age,linear_probe,9,1,15.652174,17.736282,False,baseline_ucles,A,save/baseline_ucles
SimCLR,SimCLR,augment,,,all,all,age,linear_probe,9,2,15.217391,19.481112,False,baseline_ucles,A,save/baseline_ucles
SimCLR,SimCLR,augment,,,all,all,age,linear_probe,9,3,9.236363,18.047119,False,baseline_ucles,A,save/baseline_ucles
AE,AE,,,,all,all,age,linear_probe,9,0,20.706896,19.467752,True,baseline_ucles,A,save/baseline_ucles
AE,AE,,,,all,all,age,linear_probe,9,1,15.652174,17.956963,True,baseline_ucles,A,save/baseline_ucles
AE,AE,,,,all,all,age,linear_probe,9,2,15.217391,18.619694,True,baseline_ucles,A,save/baseline_ucles
AE,AE,,,,all,all,age,linear_probe,9,3,9.236363,19.041288,True,baseline_ucles,A,save/baseline_ucles
MAE,MAE,,,,all,all,age,linear_probe,9,0,20.706896,18.153996,True,baseline_ucles,A,save/baseline_ucles
MAE,MAE,,,,all,all,age,linear_probe,9,1,15.652174,20.559977,True,baseline_ucles,A,save/baseline_ucles
MAE,MAE,,,,all,all,age,linear_probe,9,2,15.217391,18.554585,True,baseline_ucles,A,save/baseline_ucles
MAE,MAE,,,,all,all,age,linear_probe,9,3,9.236363,18.720299,True,baseline_ucles,A,save/baseline_ucles
TripletLoss,TripletLoss,,,,all,all,age,linear_probe,9,0,20.706896,20.041451,True,baseline_ucles,A,save/baseline_ucles
TripletLoss,TripletLoss,,,,all,all,age,linear_probe,9,1,15.652174,13.745473,True,baseline_ucles,A,save/baseline_ucles
TripletLoss,TripletLoss,,,,all,all,age,linear_probe,9,2,15.217391,14.121825,True,baseline_ucles,A,save/baseline_ucles
TripletLoss,TripletLoss,,,,all,all,age,linear_probe,9,3,9.236363,10.910109,True,baseline_ucles,A,save/baseline_ucles
supervised,supervised,,,,all,all,age,fine_tuning,9,0,20.706896,20.375069,True,baseline_ucles,A,save/baseline_ucles
supervised,supervised,,,,all,all,age,fine_tuning,9,1,15.652174,13.945146,True,baseline_ucles,A,save/baseline_ucles
supervised,supervised,,,,all,all,age,fine_tuning,9,2,15.217391,14.357167,True,baseline_ucles,A,save/baseline_ucles
supervised,supervised,,,,all,all,age,fine_tuning,9,3,9.236363,10.447058,True,baseline_ucles,A,save/baseline_ucles
SimCLR,SimCLR,augment,,,all,all,age,fine_tuning,9,0,20.706896,20.840929,False,baseline_ucles,A,save/baseline_ucles
SimCLR,SimCLR,augment,,,all,all,age,fine_tuning,9,1,15.652174,13.281851,False,baseline_ucles,A,save/baseline_ucles
SimCLR,SimCLR,augment,,,all,all,age,fine_tuning,9,2,15.217391,12.657951,False,baseline_ucles,A,save/baseline_ucles
SimCLR,SimCLR,augment,,,all,all,age,fine_tuning,9,3,9.236363,9.487041,False,baseline_ucles,A,save/baseline_ucles
AE,AE,,,,all,all,age,fine_tuning,9,0,20.706896,19.832434,True,baseline_ucles,A,save/baseline_ucles
AE,AE,,,,all,all,age,fine_tuning,9,1,15.652174,15.644759,True,baseline_ucles,A,save/baseline_ucles
AE,AE,,,,all,all,age,fine_tuning,9,2,15.217391,13.399462,True,baseline_ucles,A,save/baseline_ucles
AE,AE,,,,all,all,age,fine_tuning,9,3,9.236363,10.322752,True,baseline_ucles,A,save/baseline_ucles
MAE,MAE,,,,all,all,age,fine_tuning,9,0,20.706896,20.958,True,baseline_ucles,A,save/baseline_ucles
MAE,MAE,,,,all,all,age,fine_tuning,9,1,15.652174,16.128014,True,baseline_ucles,A,save/baseline_ucles
MAE,MAE,,,,all,all,age,fine_tuning,9,2,15.217391,12.29287,True,baseline_ucles,A,save/baseline_ucles
MAE,MAE,,,,all,all,age,fine_tuning,9,3,9.236363,11.191506,True,baseline_ucles,A,save/baseline_ucles
TripletLoss,TripletLoss,,,,all,all,age,fine_tuning,9,0,20.706896,20.931767,True,baseline_ucles,A,save/baseline_ucles
TripletLoss,TripletLoss,,,,all,all,age,fine_tuning,9,1,15.652174,15.994009,True,baseline_ucles,A,save/baseline_ucles
TripletLoss,TripletLoss,,,,all,all,age,fine_tuning,9,2,15.217391,15.322424,True,baseline_ucles,A,save/baseline_ucles
TripletLoss,TripletLoss,,,,all,all,age,fine_tuning,9,3,9.236363,10.710203,True,baseline_ucles,A,save/baseline_ucles
InterFusion,InterFusion-c1a,,,,all,all,age,linear_probe,0,0,23.1,20.278341,True,c1a,A,save/c1a
InterFusion,InterFusion-c1a,,,,all,all,age,linear_probe,0,1,7.809524,17.830883,True,c1a,A,save/c1a
InterFusion,InterFusion-c1a,,,,all,all,age,linear_probe,0,2,24.571428,17.413561,True,c1a,A,save/c1a
InterFusion,InterFusion-c1a,,,,all,all,age,linear_probe,0,3,17.265957,17.77524,True,c1a,A,save/c1a
InterFusion,InterFusion-c1a,,,,all,all,age,linear_probe,0,4,14.981818,16.969046,True,c1a,A,save/c1a
InterFusion,InterFusion-c1a,,,,all,all,age,fine_tuning,0,0,23.1,24.497259,True,c1a,A,save/c1a
InterFusion,InterFusion-c1a,,,,all,all,age,fine_tuning,0,1,7.809524,10.776098,True,c1a,A,save/c1a
InterFusion,InterFusion-c1a,,,,all,all,age,fine_tuning,0,2,24.571428,18.974203,True,c1a,A,save/c1a
InterFusion,InterFusion-c1a,,,,all,all,age,fine_tuning,0,3,17.265957,19.118288,True,c1a,A,save/c1a
InterFusion,InterFusion-c1a,,,,all,all,age,fine_tuning,0,4,14.981818,16.541206,True,c1a,A,save/c1a
InterFusion,InterFusion-c1a,,,,all,all,age,linear_probe,1,0,22.484848,19.565033,True,c1a,A,save/c1a
InterFusion,InterFusion-c1a,,,,all,all,age,linear_probe,1,1,23.361702,18.07794,True,c1a,A,save/c1a
InterFusion,InterFusion-c1a,,,,all,all,age,linear_probe,1,2,8.131579,19.966255,True,c1a,A,save/c1a
InterFusion,InterFusion-c1a,,,,all,all,age,linear_probe,1,3,24.431654,19.643442,True,c1a,A,save/c1a
InterFusion,InterFusion-c1a,,,,all,all,age,linear_probe,1,4,10.466666,17.127851,True,c1a,A,save/c1a
InterFusion,InterFusion-c1a,,,,all,all,age,fine_tuning,1,0,22.484848,22.99666,True,c1a,A,save/c1a
InterFusion,InterFusion-c1a,,,,all,all,age,fine_tuning,1,1,23.361702,21.871624,True,c1a,A,save/c1a
InterFusion,InterFusion-c1a,,,,all,all,age,fine_tuning,1,2,8.131579,8.561666,True,c1a,A,save/c1a
InterFusion,InterFusion-c1a,,,,all,all,age,fine_tuning,1,3,24.431654,24.166883,True,c1a,A,save/c1a
InterFusion,InterFusion-c1a,,,,all,all,age,fine_tuning,1,4,10.466666,12.072981,True,c1a,A,save/c1a
InterFusion,InterFusion-c1a,,,,all,all,age,linear_probe,2,0,13.857142,19.127129,True,c1a,A,save/c1a
InterFusion,InterFusion-c1a,,,,all,all,age,linear_probe,2,1,16.74074,18.387014,True,c1a,A,save/c1a
InterFusion,InterFusion-c1a,,,,all,all,age,linear_probe,2,2,27.48,20.750328,True,c1a,A,save/c1a
InterFusion,InterFusion-c1a,,,,all,all,age,linear_probe,2,3,17.288889,19.466608,True,c1a,A,save/c1a
InterFusion,InterFusion-c1a,,,,all,all,age,linear_probe,2,4,36.0,16.081429,True,c1a,A,save/c1a
InterFusion,InterFusion-c1a,,,,all,all,age,fine_tuning,2,0,13.857142,12.184638,True,c1a,A,save/c1a
InterFusion,InterFusion-c1a,,,,all,all,age,fine_tuning,2,1,16.74074,12.361657,True,c1a,A,save/c1a
InterFusion,InterFusion-c1a,,,,all,all,age,fine_tuning,2,2,27.48,23.014645,True,c1a,A,save/c1a
InterFusion,InterFusion-c1a,,,,all,all,age,fine_tuning,2,3,17.288889,12.902452,True,c1a,A,save/c1a
InterFusion,InterFusion-c1a,,,,all,all,age,fine_tuning,2,4,36.0,34.247757,True,c1a,A,save/c1a
InterFusion,InterFusion-c1a,,,,all,all,age,linear_probe,3,0,20.033897,17.365303,True,c1a,A,save/c1a
InterFusion,InterFusion-c1a,,,,all,all,age,linear_probe,3,1,10.086957,20.747038,True,c1a,A,save/c1a
InterFusion,InterFusion-c1a,,,,all,all,age,linear_probe,3,2,12.6,17.342989,True,c1a,A,save/c1a
InterFusion,InterFusion-c1a,,,,all,all,age,linear_probe,3,3,13.517241,17.171486,True,c1a,A,save/c1a
InterFusion,InterFusion-c1a,,,,all,all,age,linear_probe,3,4,25.104347,17.447393,True,c1a,A,save/c1a
InterFusion,InterFusion-c1a,,,,all,all,age,fine_tuning,3,0,20.033897,19.622757,True,c1a,A,save/c1a
InterFusion,InterFusion-c1a,,,,all,all,age,fine_tuning,3,1,10.086957,9.618833,True,c1a,A,save/c1a
InterFusion,InterFusion-c1a,,,,all,all,age,fine_tuning,3,2,12.6,13.885011,True,c1a,A,save/c1a
InterFusion,InterFusion-c1a,,,,all,all,age,fine_tuning,3,3,13.517241,15.092833,True,c1a,A,save/c1a
InterFusion,InterFusion-c1a,,,,all,all,age,fine_tuning,3,4,25.104347,24.086149,True,c1a,A,save/c1a
InterFusion,InterFusion-c1a,,,,all,all,age,linear_probe,4,0,12.185185,18.870687,True,c1a,A,save/c1a
InterFusion,InterFusion-c1a,,,,all,all,age,linear_probe,4,1,10.902439,18.67168,True,c1a,A,save/c1a
InterFusion,InterFusion-c1a,,,,all,all,age,linear_probe,4,2,7.125,18.560862,True,c1a,A,save/c1a
InterFusion,InterFusion-c1a,,,,all,all,age,linear_probe,4,3,31.799999,21.019196,True,c1a,A,save/c1a
InterFusion,InterFusion-c1a,,,,all,all,age,linear_probe,4,4,10.609756,20.638811,True,c1a,A,save/c1a
InterFusion,InterFusion-c1a,,,,all,all,age,fine_tuning,4,0,12.185185,11.258301,True,c1a,A,save/c1a
InterFusion,InterFusion-c1a,,,,all,all,age,fine_tuning,4,1,10.902439,11.128078,True,c1a,A,save/c1a
InterFusion,InterFusion-c1a,,,,all,all,age,fine_tuning,4,2,7.125,10.496565,True,c1a,A,save/c1a
InterFusion,InterFusion-c1a,,,,all,all,age,fine_tuning,4,3,31.799999,29.435524,True,c1a,A,save/c1a
InterFusion,InterFusion-c1a,,,,all,all,age,fine_tuning,4,4,10.609756,12.112555,True,c1a,A,save/c1a
InterFusion,InterFusion-c1a,,,,all,all,age,linear_probe,5,0,21.299999,17.832403,True,c1a,A,save/c1a
InterFusion,InterFusion-c1a,,,,all,all,age,linear_probe,5,1,16.439024,16.405426,True,c1a,A,save/c1a
InterFusion,InterFusion-c1a,,,,all,all,age,linear_probe,5,2,14.341772,19.014711,True,c1a,A,save/c1a
InterFusion,InterFusion-c1a,,,,all,all,age,linear_probe,5,3,22.196079,19.309471,True,c1a,A,save/c1a
InterFusion,InterFusion-c1a,,,,all,all,age,fine_tuning,5,0,21.299999,22.594807,True,c1a,A,save/c1a
InterFusion,InterFusion-c1a,,,,all,all,age,fine_tuning,5,1,16.439024,17.014917,True,c1a,A,save/c1a
InterFusion,InterFusion-c1a,,,,all,all,age,fine_tuning,5,2,14.341772,17.923679,True,c1a,A,save/c1a
InterFusion,InterFusion-c1a,,,,all,all,age,fine_tuning,5,3,22.196079,25.718496,True,c1a,A,save/c1a
InterFusion,InterFusion-c1a,,,,all,all,age,linear_probe,6,0,23.77,17.466225,True,c1a,A,save/c1a
InterFusion,InterFusion-c1a,,,,all,all,age,linear_probe,6,1,10.272727,18.124258,True,c1a,A,save/c1a
InterFusion,InterFusion-c1a,,,,all,all,age,linear_probe,6,2,22.170732,19.062969,True,c1a,A,save/c1a
InterFusion,InterFusion-c1a,,,,all,all,age,linear_probe,6,3,11.014925,17.964846,True,c1a,A,save/c1a
InterFusion,InterFusion-c1a,,,,all,all,age,fine_tuning,6,0,23.77,23.133007,True,c1a,A,save/c1a
InterFusion,InterFusion-c1a,,,,all,all,age,fine_tuning,6,1,10.272727,12.889998,True,c1a,A,save/c1a
InterFusion,InterFusion-c1a,,,,all,all,age,fine_tuning,6,2,22.170732,21.604813,True,c1a,A,save/c1a
InterFusion,InterFusion-c1a,,,,all,all,age,fine_tuning,6,3,11.014925,10.28213,True,c1a,A,save/c1a
InterFusion,InterFusion-c1a,,,,all,all,age,linear_probe,7,0,22.506172,20.658497,True,c1a,A,save/c1a
InterFusion,InterFusion-c1a,,,,all,all,age,linear_probe,7,1,18.200001,17.480579,True,c1a,A,save/c1a
InterFusion,InterFusion-c1a,,,,all,all,age,linear_probe,7,2,17.319635,17.332956,True,c1a,A,save/c1a
InterFusion,InterFusion-c1a,,,,all,all,age,linear_probe,7,3,20.962963,17.337267,True,c1a,A,save/c1a
InterFusion,InterFusion-c1a,,,,all,all,age,fine_tuning,7,0,22.506172,21.767767,True,c1a,A,save/c1a
InterFusion,InterFusion-c1a,,,,all,all,age,fine_tuning,7,1,18.200001,15.254088,True,c1a,A,save/c1a
InterFusion,InterFusion-c1a,,,,all,all,age,fine_tuning,7,2,17.319635,17.911791,True,c1a,A,save/c1a
InterFusion,InterFusion-c1a,,,,all,all,age,fine_tuning,7,3,20.962963,17.626867,True,c1a,A,save/c1a
InterFusion,InterFusion-c1a,,,,all,all,age,linear_probe,8,0,25.25,18.711374,True,c1a,A,save/c1a
InterFusion,InterFusion-c1a,,,,all,all,age,linear_probe,8,1,19.92,19.210075,True,c1a,A,save/c1a
InterFusion,InterFusion-c1a,,,,all,all,age,linear_probe,8,2,22.776316,19.422743,True,c1a,A,save/c1a
InterFusion,InterFusion-c1a,,,,all,all,age,linear_probe,8,3,13.230769,20.726166,True,c1a,A,save/c1a
InterFusion,InterFusion-c1a,,,,all,all,age,fine_tuning,8,0,25.25,20.449924,True,c1a,A,save/c1a
InterFusion,InterFusion-c1a,,,,all,all,age,fine_tuning,8,1,19.92,18.005125,True,c1a,A,save/c1a
InterFusion,InterFusion-c1a,,,,all,all,age,fine_tuning,8,2,22.776316,25.834604,True,c1a,A,save/c1a
InterFusion,InterFusion-c1a,,,,all,all,age,fine_tuning,8,3,13.230769,13.619174,True,c1a,A,save/c1a
InterFusion,InterFusion-c1a,,,,all,all,age,linear_probe,9,0,20.706896,18.931114,True,c1a,A,save/c1a
InterFusion,InterFusion-c1a,,,,all,all,age,linear_probe,9,1,15.652174,17.981438,True,c1a,A,save/c1a
InterFusion,InterFusion-c1a,,,,all,all,age,linear_probe,9,2,15.217391,17.395683,True,c1a,A,save/c1a
InterFusion,InterFusion-c1a,,,,all,all,age,linear_probe,9,3,9.236363,18.708893,True,c1a,A,save/c1a
InterFusion,InterFusion-c1a,,,,all,all,age,fine_tuning,9,0,20.706896,17.652828,True,c1a,A,save/c1a
InterFusion,InterFusion-c1a,,,,all,all,age,fine_tuning,9,1,15.652174,11.892717,True,c1a,A,save/c1a
InterFusion,InterFusion-c1a,,,,all,all,age,fine_tuning,9,2,15.217391,13.61778,True,c1a,A,save/c1a
InterFusion,InterFusion-c1a,,,,all,all,age,fine_tuning,9,3,9.236363,9.656164,True,c1a,A,save/c1a
ExpCLR,ExpCLR,,,P_madurativo,all,all,age,linear_probe,0,0,23.1,21.13896,True,expclr,A,save/expclr/all
ExpCLR,ExpCLR,,,P_madurativo,all,all,age,linear_probe,0,1,7.809524,15.296096,True,expclr,A,save/expclr/all
ExpCLR,ExpCLR,,,P_madurativo,all,all,age,linear_probe,0,2,24.571428,17.984795,True,expclr,A,save/expclr/all
ExpCLR,ExpCLR,,,P_madurativo,all,all,age,linear_probe,0,3,17.265957,16.294453,True,expclr,A,save/expclr/all
ExpCLR,ExpCLR,,,P_madurativo,all,all,age,linear_probe,0,4,14.981818,17.393702,True,expclr,A,save/expclr/all
ExpCLR,ExpCLR,,,P_madurativo,all,all,age,fine_tuning,0,0,23.1,25.388098,True,expclr,A,save/expclr/all
ExpCLR,ExpCLR,,,P_madurativo,all,all,age,fine_tuning,0,1,7.809524,10.706337,True,expclr,A,save/expclr/all
ExpCLR,ExpCLR,,,P_madurativo,all,all,age,fine_tuning,0,2,24.571428,20.270939,True,expclr,A,save/expclr/all
ExpCLR,ExpCLR,,,P_madurativo,all,all,age,fine_tuning,0,3,17.265957,17.835529,True,expclr,A,save/expclr/all
ExpCLR,ExpCLR,,,P_madurativo,all,all,age,fine_tuning,0,4,14.981818,14.631648,True,expclr,A,save/expclr/all
ExpCLR,ExpCLR,,,P_madurativo,all,all,age,linear_probe,1,0,22.484848,19.568207,True,expclr,A,save/expclr/all
ExpCLR,ExpCLR,,,P_madurativo,all,all,age,linear_probe,1,1,23.361702,20.299559,True,expclr,A,save/expclr/all
ExpCLR,ExpCLR,,,P_madurativo,all,all,age,linear_probe,1,2,8.131579,19.535036,True,expclr,A,save/expclr/all
ExpCLR,ExpCLR,,,P_madurativo,all,all,age,linear_probe,1,3,24.431654,19.762575,True,expclr,A,save/expclr/all
ExpCLR,ExpCLR,,,P_madurativo,all,all,age,linear_probe,1,4,10.466666,17.288849,True,expclr,A,save/expclr/all
ExpCLR,ExpCLR,,,P_madurativo,all,all,age,fine_tuning,1,0,22.484848,23.409613,True,expclr,A,save/expclr/all
ExpCLR,ExpCLR,,,P_madurativo,all,all,age,fine_tuning,1,1,23.361702,22.053236,True,expclr,A,save/expclr/all
ExpCLR,ExpCLR,,,P_madurativo,all,all,age,fine_tuning,1,2,8.131579,10.530155,True,expclr,A,save/expclr/all
ExpCLR,ExpCLR,,,P_madurativo,all,all,age,fine_tuning,1,3,24.431654,24.954468,True,expclr,A,save/expclr/all
ExpCLR,ExpCLR,,,P_madurativo,all,all,age,fine_tuning,1,4,10.466666,11.509103,True,expclr,A,save/expclr/all
ExpCLR,ExpCLR,,,P_madurativo,all,all,age,linear_probe,2,0,13.857142,20.483128,True,expclr,A,save/expclr/all
ExpCLR,ExpCLR,,,P_madurativo,all,all,age,linear_probe,2,1,16.74074,18.769974,True,expclr,A,save/expclr/all
ExpCLR,ExpCLR,,,P_madurativo,all,all,age,linear_probe,2,2,27.48,28.249434,True,expclr,A,save/expclr/all
ExpCLR,ExpCLR,,,P_madurativo,all,all,age,linear_probe,2,3,17.288889,19.885014,True,expclr,A,save/expclr/all
ExpCLR,ExpCLR,,,P_madurativo,all,all,age,linear_probe,2,4,36.0,21.394123,True,expclr,A,save/expclr/all
ExpCLR,ExpCLR,,,P_madurativo,all,all,age,fine_tuning,2,0,13.857142,12.018892,True,expclr,A,save/expclr/all
ExpCLR,ExpCLR,,,P_madurativo,all,all,age,fine_tuning,2,1,16.74074,14.355103,True,expclr,A,save/expclr/all
ExpCLR,ExpCLR,,,P_madurativo,all,all,age,fine_tuning,2,2,27.48,29.153727,True,expclr,A,save/expclr/all
ExpCLR,ExpCLR,,,P_madurativo,all,all,age,fine_tuning,2,3,17.288889,17.984617,True,expclr,A,save/expclr/all
ExpCLR,ExpCLR,,,P_madurativo,all,all,age,fine_tuning,2,4,36.0,35.718822,True,expclr,A,save/expclr/all
ExpCLR,ExpCLR,,,P_madurativo,all,all,age,linear_probe,3,0,20.033897,18.466261,True,expclr,A,save/expclr/all
ExpCLR,ExpCLR,,,P_madurativo,all,all,age,linear_probe,3,1,10.086957,18.823757,True,expclr,A,save/expclr/all
ExpCLR,ExpCLR,,,P_madurativo,all,all,age,linear_probe,3,2,12.6,16.022919,True,expclr,A,save/expclr/all
ExpCLR,ExpCLR,,,P_madurativo,all,all,age,linear_probe,3,3,13.517241,15.307281,True,expclr,A,save/expclr/all
ExpCLR,ExpCLR,,,P_madurativo,all,all,age,linear_probe,3,4,25.104347,21.874506,True,expclr,A,save/expclr/all
ExpCLR,ExpCLR,,,P_madurativo,all,all,age,fine_tuning,3,0,20.033897,19.612476,True,expclr,A,save/expclr/all
ExpCLR,ExpCLR,,,P_madurativo,all,all,age,fine_tuning,3,1,10.086957,10.853194,True,expclr,A,save/expclr/all
ExpCLR,ExpCLR,,,P_madurativo,all,all,age,fine_tuning,3,2,12.6,12.825735,True,expclr,A,save/expclr/all
ExpCLR,ExpCLR,,,P_madurativo,all,all,age,fine_tuning,3,3,13.517241,14.833838,True,expclr,A,save/expclr/all
ExpCLR,ExpCLR,,,P_madurativo,all,all,age,fine_tuning,3,4,25.104347,25.288391,True,expclr,A,save/expclr/all
ExpCLR,ExpCLR,,,P_madurativo,all,all,age,linear_probe,4,0,12.185185,15.702693,True,expclr,A,save/expclr/all
ExpCLR,ExpCLR,,,P_madurativo,all,all,age,linear_probe,4,1,10.902439,15.45711,True,expclr,A,save/expclr/all
ExpCLR,ExpCLR,,,P_madurativo,all,all,age,linear_probe,4,2,7.125,14.420801,True,expclr,A,save/expclr/all
ExpCLR,ExpCLR,,,P_madurativo,all,all,age,linear_probe,4,3,31.799999,17.095165,True,expclr,A,save/expclr/all
ExpCLR,ExpCLR,,,P_madurativo,all,all,age,linear_probe,4,4,10.609756,22.897287,True,expclr,A,save/expclr/all
ExpCLR,ExpCLR,,,P_madurativo,all,all,age,fine_tuning,4,0,12.185185,10.717006,True,expclr,A,save/expclr/all
ExpCLR,ExpCLR,,,P_madurativo,all,all,age,fine_tuning,4,1,10.902439,12.114629,True,expclr,A,save/expclr/all
ExpCLR,ExpCLR,,,P_madurativo,all,all,age,fine_tuning,4,2,7.125,10.538207,True,expclr,A,save/expclr/all
ExpCLR,ExpCLR,,,P_madurativo,all,all,age,fine_tuning,4,3,31.799999,29.431227,True,expclr,A,save/expclr/all
ExpCLR,ExpCLR,,,P_madurativo,all,all,age,fine_tuning,4,4,10.609756,13.827547,True,expclr,A,save/expclr/all
ExpCLR,ExpCLR,,,P_madurativo,all,all,age,linear_probe,5,0,21.299999,21.473057,True,expclr,A,save/expclr/all
ExpCLR,ExpCLR,,,P_madurativo,all,all,age,linear_probe,5,1,16.439024,14.692853,True,expclr,A,save/expclr/all
ExpCLR,ExpCLR,,,P_madurativo,all,all,age,linear_probe,5,2,14.341772,17.294971,True,expclr,A,save/expclr/all
ExpCLR,ExpCLR,,,P_madurativo,all,all,age,linear_probe,5,3,22.196079,22.077261,True,expclr,A,save/expclr/all
ExpCLR,ExpCLR,,,P_madurativo,all,all,age,fine_tuning,5,0,21.299999,23.950655,True,expclr,A,save/expclr/all
ExpCLR,ExpCLR,,,P_madurativo,all,all,age,fine_tuning,5,1,16.439024,15.463923,True,expclr,A,save/expclr/all
ExpCLR,ExpCLR,,,P_madurativo,all,all,age,fine_tuning,5,2,14.341772,17.113323,True,expclr,A,save/expclr/all
ExpCLR,ExpCLR,,,P_madurativo,all,all,age,fine_tuning,5,3,22.196079,24.477663,True,expclr,A,save/expclr/all
ExpCLR,ExpCLR,,,P_madurativo,all,all,age,linear_probe,6,0,23.77,22.239944,True,expclr,A,save/expclr/all
ExpCLR,ExpCLR,,,P_madurativo,all,all,age,linear_probe,6,1,10.272727,15.142944,True,expclr,A,save/expclr/all
ExpCLR,ExpCLR,,,P_madurativo,all,all,age,linear_probe,6,2,22.170732,23.497,True,expclr,A,save/expclr/all
ExpCLR,ExpCLR,,,P_madurativo,all,all,age,linear_probe,6,3,11.014925,14.657831,True,expclr,A,save/expclr/all
ExpCLR,ExpCLR,,,P_madurativo,all,all,age,fine_tuning,6,0,23.77,20.790264,True,expclr,A,save/expclr/all
ExpCLR,ExpCLR,,,P_madurativo,all,all,age,fine_tuning,6,1,10.272727,10.956238,True,expclr,A,save/expclr/all
ExpCLR,ExpCLR,,,P_madurativo,all,all,age,fine_tuning,6,2,22.170732,20.951151,True,expclr,A,save/expclr/all
ExpCLR,ExpCLR,,,P_madurativo,all,all,age,fine_tuning,6,3,11.014925,11.390505,True,expclr,A,save/expclr/all
ExpCLR,ExpCLR,,,P_madurativo,all,all,age,linear_probe,7,0,22.506172,20.563782,True,expclr,A,save/expclr/all
ExpCLR,ExpCLR,,,P_madurativo,all,all,age,linear_probe,7,1,18.200001,20.274565,True,expclr,A,save/expclr/all
ExpCLR,ExpCLR,,,P_madurativo,all,all,age,linear_probe,7,2,17.319635,20.508995,True,expclr,A,save/expclr/all
ExpCLR,ExpCLR,,,P_madurativo,all,all,age,linear_probe,7,3,20.962963,20.409994,True,expclr,A,save/expclr/all
ExpCLR,ExpCLR,,,P_madurativo,all,all,age,fine_tuning,7,0,22.506172,22.645821,True,expclr,A,save/expclr/all
ExpCLR,ExpCLR,,,P_madurativo,all,all,age,fine_tuning,7,1,18.200001,16.38517,True,expclr,A,save/expclr/all
ExpCLR,ExpCLR,,,P_madurativo,all,all,age,fine_tuning,7,2,17.319635,18.769245,True,expclr,A,save/expclr/all
ExpCLR,ExpCLR,,,P_madurativo,all,all,age,fine_tuning,7,3,20.962963,19.040718,True,expclr,A,save/expclr/all
ExpCLR,ExpCLR,,,P_madurativo,all,all,age,linear_probe,8,0,25.25,19.233372,True,expclr,A,save/expclr/all
ExpCLR,ExpCLR,,,P_madurativo,all,all,age,linear_probe,8,1,19.92,18.357355,True,expclr,A,save/expclr/all
ExpCLR,ExpCLR,,,P_madurativo,all,all,age,linear_probe,8,2,22.776316,19.634409,True,expclr,A,save/expclr/all
ExpCLR,ExpCLR,,,P_madurativo,all,all,age,linear_probe,8,3,13.230769,19.329842,True,expclr,A,save/expclr/all
ExpCLR,ExpCLR,,,P_madurativo,all,all,age,fine_tuning,8,0,25.25,24.443565,True,expclr,A,save/expclr/all
ExpCLR,ExpCLR,,,P_madurativo,all,all,age,fine_tuning,8,1,19.92,18.658842,True,expclr,A,save/expclr/all
ExpCLR,ExpCLR,,,P_madurativo,all,all,age,fine_tuning,8,2,22.776316,24.819975,True,expclr,A,save/expclr/all
ExpCLR,ExpCLR,,,P_madurativo,all,all,age,fine_tuning,8,3,13.230769,14.144883,True,expclr,A,save/expclr/all
ExpCLR,ExpCLR,,,P_madurativo,all,all,age,linear_probe,9,0,20.706896,21.013306,True,expclr,A,save/expclr/all
ExpCLR,ExpCLR,,,P_madurativo,all,all,age,linear_probe,9,1,15.652174,16.559896,True,expclr,A,save/expclr/all
ExpCLR,ExpCLR,,,P_madurativo,all,all,age,linear_probe,9,2,15.217391,15.530243,True,expclr,A,save/expclr/all
ExpCLR,ExpCLR,,,P_madurativo,all,all,age,linear_probe,9,3,9.236363,15.842711,True,expclr,A,save/expclr/all
ExpCLR,ExpCLR,,,P_madurativo,all,all,age,fine_tuning,9,0,20.706896,21.413315,True,expclr,A,save/expclr/all
ExpCLR,ExpCLR,,,P_madurativo,all,all,age,fine_tuning,9,1,15.652174,15.351373,True,expclr,A,save/expclr/all
ExpCLR,ExpCLR,,,P_madurativo,all,all,age,fine_tuning,9,2,15.217391,11.924714,True,expclr,A,save/expclr/all
ExpCLR,ExpCLR,,,P_madurativo,all,all,age,fine_tuning,9,3,9.236363,11.299059,True,expclr,A,save/expclr/all
VAE,VAE,,,,all,all,age,linear_probe,0,0,23.1,18.926912,False,vae10,A,save/vae10
VAE,VAE,,,,all,all,age,linear_probe,0,1,7.809524,18.817827,False,vae10,A,save/vae10
VAE,VAE,,,,all,all,age,linear_probe,0,2,24.571428,18.950476,False,vae10,A,save/vae10
VAE,VAE,,,,all,all,age,linear_probe,0,3,17.265957,19.097328,False,vae10,A,save/vae10
VAE,VAE,,,,all,all,age,linear_probe,0,4,14.981818,19.093102,False,vae10,A,save/vae10
VAE,VAE,,,,all,all,age,fine_tuning,0,0,23.1,24.581081,False,vae10,A,save/vae10
VAE,VAE,,,,all,all,age,fine_tuning,0,1,7.809524,11.165085,False,vae10,A,save/vae10
VAE,VAE,,,,all,all,age,fine_tuning,0,2,24.571428,19.564947,False,vae10,A,save/vae10
VAE,VAE,,,,all,all,age,fine_tuning,0,3,17.265957,18.160456,False,vae10,A,save/vae10
VAE,VAE,,,,all,all,age,fine_tuning,0,4,14.981818,14.87747,False,vae10,A,save/vae10
VAE,VAE,,,,all,all,age,linear_probe,1,0,22.484848,18.629044,False,vae10,A,save/vae10
VAE,VAE,,,,all,all,age,linear_probe,1,1,23.361702,17.985634,False,vae10,A,save/vae10
VAE,VAE,,,,all,all,age,linear_probe,1,2,8.131579,18.338835,False,vae10,A,save/vae10
VAE,VAE,,,,all,all,age,linear_probe,1,3,24.431654,18.216513,False,vae10,A,save/vae10
VAE,VAE,,,,all,all,age,linear_probe,1,4,10.466666,18.220455,False,vae10,A,save/vae10
VAE,VAE,,,,all,all,age,fine_tuning,1,0,22.484848,22.954592,False,vae10,A,save/vae10
VAE,VAE,,,,all,all,age,fine_tuning,1,1,23.361702,23.371775,False,vae10,A,save/vae10
VAE,VAE,,,,all,all,age,fine_tuning,1,2,8.131579,12.379093,False,vae10,A,save/vae10
VAE,VAE,,,,all,all,age,fine_tuning,1,3,24.431654,25.547396,False,vae10,A,save/vae10
VAE,VAE,,,,all,all,age,fine_tuning,1,4,10.466666,10.743611,False,vae10,A,save/vae10
VAE,VAE,,,,all,all,age,linear_probe,2,0,13.857142,18.294598,False,vae10,A,save/vae10
VAE,VAE,,,,all,all,age,linear_probe,2,1,16.74074,18.480236,False,vae10,A,save/vae10
VAE,VAE,,,,all,all,age,linear_probe,2,2,27.48,18.555529,False,vae10,A,save/vae10
VAE,VAE,,,,all,all,age,linear_probe,2,3,17.288889,18.768583,False,vae10,A,save/vae10
VAE,VAE,,,,all,all,age,linear_probe,2,4,36.0,19.024611,False,vae10,A,save/vae10
VAE,VAE,,,,all,all,age,fine_tuning,2,0,13.857142,12.393414,False,vae10,A,save/vae10
VAE,VAE,,,,all,all,age,fine_tuning,2,1,16.74074,15.237522,False,vae10,A,save/vae10
VAE,VAE,,,,all,all,age,fine_tuning,2,2,27.48,27.243427,False,vae10,A,save/vae10
VAE,VAE,,,,all,all,age,fine_tuning,2,3,17.288889,15.97477,False,vae10,A,save/vae10
VAE,VAE,,,,all,all,age,fine_tuning,2,4,36.0,31.349977,False,vae10,A,save/vae10
VAE,VAE,,,,all,all,age,linear_probe,3,0,20.033897,18.845587,False,vae10,A,save/vae10
VAE,VAE,,,,all,all,age,linear_probe,3,1,10.086957,18.837997,False,vae10,A,save/vae10
VAE,VAE,,,,all,all,age,linear_probe,3,2,12.6,19.028393,False,vae10,A,save/vae10
VAE,VAE,,,,all,all,age,linear_probe,3,3,13.517241,19.147354,False,vae10,A,save/vae10
VAE,VAE,,,,all,all,age,linear_probe,3,4,25.104347,18.923571,False,vae10,A,save/vae10
VAE,VAE,,,,all,all,age,fine_tuning,3,0,20.033897,19.466105,False,vae10,A,save/vae10
VAE,VAE,,,,all,all,age,fine_tuning,3,1,10.086957,10.479082,False,vae10,A,save/vae10
VAE,VAE,,,,all,all,age,fine_tuning,3,2,12.6,12.201724,False,vae10,A,save/vae10
VAE,VAE,,,,all,all,age,fine_tuning,3,3,13.517241,15.913214,False,vae10,A,save/vae10
VAE,VAE,,,,all,all,age,fine_tuning,3,4,25.104347,24.709137,False,vae10,A,save/vae10
VAE,VAE,,,,all,all,age,linear_probe,4,0,12.185185,18.785858,False,vae10,A,save/vae10
VAE,VAE,,,,all,all,age,linear_probe,4,1,10.902439,18.670755,False,vae10,A,save/vae10
VAE,VAE,,,,all,all,age,linear_probe,4,2,7.125,18.575829,False,vae10,A,save/vae10
VAE,VAE,,,,all,all,age,linear_probe,4,3,31.799999,18.732595,False,vae10,A,save/vae10
VAE,VAE,,,,all,all,age,linear_probe,4,4,10.609756,18.660908,False,vae10,A,save/vae10
VAE,VAE,,,,all,all,age,fine_tuning,4,0,12.185185,10.334264,False,vae10,A,save/vae10
VAE,VAE,,,,all,all,age,fine_tuning,4,1,10.902439,10.895107,False,vae10,A,save/vae10
VAE,VAE,,,,all,all,age,fine_tuning,4,2,7.125,9.931704,False,vae10,A,save/vae10
VAE,VAE,,,,all,all,age,fine_tuning,4,3,31.799999,31.260424,False,vae10,A,save/vae10
VAE,VAE,,,,all,all,age,fine_tuning,4,4,10.609756,15.214552,False,vae10,A,save/vae10
VAE,VAE,,,,all,all,age,linear_probe,5,0,21.299999,18.930685,False,vae10,A,save/vae10
VAE,VAE,,,,all,all,age,linear_probe,5,1,16.439024,19.430309,False,vae10,A,save/vae10
VAE,VAE,,,,all,all,age,linear_probe,5,2,14.341772,19.226761,False,vae10,A,save/vae10
VAE,VAE,,,,all,all,age,linear_probe,5,3,22.196079,19.274075,False,vae10,A,save/vae10
VAE,VAE,,,,all,all,age,fine_tuning,5,0,21.299999,21.663206,False,vae10,A,save/vae10
VAE,VAE,,,,all,all,age,fine_tuning,5,1,16.439024,14.175956,False,vae10,A,save/vae10
VAE,VAE,,,,all,all,age,fine_tuning,5,2,14.341772,15.576657,False,vae10,A,save/vae10
VAE,VAE,,,,all,all,age,fine_tuning,5,3,22.196079,23.701553,False,vae10,A,save/vae10
VAE,VAE,,,,all,all,age,linear_probe,6,0,23.77,18.338657,False,vae10,A,save/vae10
VAE,VAE,,,,all,all,age,linear_probe,6,1,10.272727,18.775364,False,vae10,A,save/vae10
VAE,VAE,,,,all,all,age,linear_probe,6,2,22.170732,18.54744,False,vae10,A,save/vae10
VAE,VAE,,,,all,all,age,linear_probe,6,3,11.014925,18.507114,False,vae10,A,save/vae10
VAE,VAE,,,,all,all,age,fine_tuning,6,0,23.77,23.075811,False,vae10,A,save/vae10
VAE,VAE,,,,all,all,age,fine_tuning,6,1,10.272727,9.689612,False,vae10,A,save/vae10
VAE,VAE,,,,all,all,age,fine_tuning,6,2,22.170732,21.50568,False,vae10,A,save/vae10
VAE,VAE,,,,all,all,age,fine_tuning,6,3,11.014925,11.437679,False,vae10,A,save/vae10
VAE,VAE,,,,all,all,age,linear_probe,7,0,22.506172,18.840023,False,vae10,A,save/vae10
VAE,VAE,,,,all,all,age,linear_probe,7,1,18.200001,19.823309,False,vae10,A,save/vae10
VAE,VAE,,,,all,all,age,linear_probe,7,2,17.319635,19.37524,False,vae10,A,save/vae10
VAE,VAE,,,,all,all,age,linear_probe,7,3,20.962963,19.009726,False,vae10,A,save/vae10
VAE,VAE,,,,all,all,age,fine_tuning,7,0,22.506172,19.86698,False,vae10,A,save/vae10
VAE,VAE,,,,all,all,age,fine_tuning,7,1,18.200001,14.635031,False,vae10,A,save/vae10
VAE,VAE,,,,all,all,age,fine_tuning,7,2,17.319635,17.073597,False,vae10,A,save/vae10
VAE,VAE,,,,all,all,age,fine_tuning,7,3,20.962963,19.06958,False,vae10,A,save/vae10
VAE,VAE,,,,all,all,age,linear_probe,8,0,25.25,18.639219,False,vae10,A,save/vae10
VAE,VAE,,,,all,all,age,linear_probe,8,1,19.92,18.78286,False,vae10,A,save/vae10
VAE,VAE,,,,all,all,age,linear_probe,8,2,22.776316,18.725887,False,vae10,A,save/vae10
VAE,VAE,,,,all,all,age,linear_probe,8,3,13.230769,18.651031,False,vae10,A,save/vae10
VAE,VAE,,,,all,all,age,fine_tuning,8,0,25.25,26.79674,False,vae10,A,save/vae10
VAE,VAE,,,,all,all,age,fine_tuning,8,1,19.92,19.501097,False,vae10,A,save/vae10
VAE,VAE,,,,all,all,age,fine_tuning,8,2,22.776316,24.635925,False,vae10,A,save/vae10
VAE,VAE,,,,all,all,age,fine_tuning,8,3,13.230769,15.636733,False,vae10,A,save/vae10
VAE,VAE,,,,all,all,age,linear_probe,9,0,20.706896,19.068104,False,vae10,A,save/vae10
VAE,VAE,,,,all,all,age,linear_probe,9,1,15.652174,19.003283,False,vae10,A,save/vae10
VAE,VAE,,,,all,all,age,linear_probe,9,2,15.217391,19.145947,False,vae10,A,save/vae10
VAE,VAE,,,,all,all,age,linear_probe,9,3,9.236363,19.185122,False,vae10,A,save/vae10
VAE,VAE,,,,all,all,age,fine_tuning,9,0,20.706896,21.801651,False,vae10,A,save/vae10
VAE,VAE,,,,all,all,age,fine_tuning,9,1,15.652174,14.098955,False,vae10,A,save/vae10
VAE,VAE,,,,all,all,age,fine_tuning,9,2,15.217391,18.183212,False,vae10,A,save/vae10
VAE,VAE,,,,all,all,age,fine_tuning,9,3,9.236363,10.572352,False,vae10,A,save/vae10
SimCLR,SimCLR,augment,,,all,all,age,linear_probe,0,0,23.1,19.256369,True,zones,B,save/zones/all
SimCLR,SimCLR,augment,,,all,all,age,linear_probe,0,1,7.809524,11.487398,True,zones,B,save/zones/all
SimCLR,SimCLR,augment,,,all,all,age,linear_probe,0,2,24.571428,16.280308,True,zones,B,save/zones/all
SimCLR,SimCLR,augment,,,all,all,age,linear_probe,0,3,17.265957,16.630096,True,zones,B,save/zones/all
SimCLR,SimCLR,augment,,,all,all,age,linear_probe,0,4,14.981818,17.008434,True,zones,B,save/zones/all
SimCLR,SimCLR-nbr-cosine,nbr,cosine,,all,all,age,linear_probe,0,0,23.1,22.014318,True,zones,B,save/zones/all
SimCLR,SimCLR-nbr-cosine,nbr,cosine,,all,all,age,linear_probe,0,1,7.809524,12.993312,True,zones,B,save/zones/all
SimCLR,SimCLR-nbr-cosine,nbr,cosine,,all,all,age,linear_probe,0,2,24.571428,18.962097,True,zones,B,save/zones/all
SimCLR,SimCLR-nbr-cosine,nbr,cosine,,all,all,age,linear_probe,0,3,17.265957,18.609865,True,zones,B,save/zones/all
SimCLR,SimCLR-nbr-cosine,nbr,cosine,,all,all,age,linear_probe,0,4,14.981818,16.352768,True,zones,B,save/zones/all
SimCLR,SimCLR-nbr-wasser,nbr,wasserstein,,all,all,age,linear_probe,0,0,23.1,21.746767,True,zones,B,save/zones/all
SimCLR,SimCLR-nbr-wasser,nbr,wasserstein,,all,all,age,linear_probe,0,1,7.809524,12.616908,True,zones,B,save/zones/all
SimCLR,SimCLR-nbr-wasser,nbr,wasserstein,,all,all,age,linear_probe,0,2,24.571428,19.115047,True,zones,B,save/zones/all
SimCLR,SimCLR-nbr-wasser,nbr,wasserstein,,all,all,age,linear_probe,0,3,17.265957,18.459702,True,zones,B,save/zones/all
SimCLR,SimCLR-nbr-wasser,nbr,wasserstein,,all,all,age,linear_probe,0,4,14.981818,17.713224,True,zones,B,save/zones/all
SimCLR,SimCLR-nbr-riemann,nbr,riemann,,all,all,age,linear_probe,0,0,23.1,21.678383,True,zones,B,save/zones/all
SimCLR,SimCLR-nbr-riemann,nbr,riemann,,all,all,age,linear_probe,0,1,7.809524,13.686388,True,zones,B,save/zones/all
SimCLR,SimCLR-nbr-riemann,nbr,riemann,,all,all,age,linear_probe,0,2,24.571428,18.883911,True,zones,B,save/zones/all
SimCLR,SimCLR-nbr-riemann,nbr,riemann,,all,all,age,linear_probe,0,3,17.265957,18.099779,True,zones,B,save/zones/all
SimCLR,SimCLR-nbr-riemann,nbr,riemann,,all,all,age,linear_probe,0,4,14.981818,16.446375,True,zones,B,save/zones/all
SimCLR,SimCLR-xsubj-cosine,xsubj,cosine,,all,all,age,linear_probe,0,0,23.1,21.620586,True,zones,B,save/zones/all
SimCLR,SimCLR-xsubj-cosine,xsubj,cosine,,all,all,age,linear_probe,0,1,7.809524,11.693685,True,zones,B,save/zones/all
SimCLR,SimCLR-xsubj-cosine,xsubj,cosine,,all,all,age,linear_probe,0,2,24.571428,18.548992,True,zones,B,save/zones/all
SimCLR,SimCLR-xsubj-cosine,xsubj,cosine,,all,all,age,linear_probe,0,3,17.265957,18.657518,True,zones,B,save/zones/all
SimCLR,SimCLR-xsubj-cosine,xsubj,cosine,,all,all,age,linear_probe,0,4,14.981818,16.834049,True,zones,B,save/zones/all
SimCLR,SimCLR-xsubj-wasser,xsubj,wasserstein,,all,all,age,linear_probe,0,0,23.1,23.09833,True,zones,B,save/zones/all
SimCLR,SimCLR-xsubj-wasser,xsubj,wasserstein,,all,all,age,linear_probe,0,1,7.809524,11.872782,True,zones,B,save/zones/all
SimCLR,SimCLR-xsubj-wasser,xsubj,wasserstein,,all,all,age,linear_probe,0,2,24.571428,19.802053,True,zones,B,save/zones/all
SimCLR,SimCLR-xsubj-wasser,xsubj,wasserstein,,all,all,age,linear_probe,0,3,17.265957,18.499193,True,zones,B,save/zones/all
SimCLR,SimCLR-xsubj-wasser,xsubj,wasserstein,,all,all,age,linear_probe,0,4,14.981818,18.384016,True,zones,B,save/zones/all
SimCLR,SimCLR-xsubj-riemann,xsubj,riemann,,all,all,age,linear_probe,0,0,23.1,23.472933,True,zones,B,save/zones/all
SimCLR,SimCLR-xsubj-riemann,xsubj,riemann,,all,all,age,linear_probe,0,1,7.809524,9.629337,True,zones,B,save/zones/all
SimCLR,SimCLR-xsubj-riemann,xsubj,riemann,,all,all,age,linear_probe,0,2,24.571428,19.321585,True,zones,B,save/zones/all
SimCLR,SimCLR-xsubj-riemann,xsubj,riemann,,all,all,age,linear_probe,0,3,17.265957,19.29134,True,zones,B,save/zones/all
SimCLR,SimCLR-xsubj-riemann,xsubj,riemann,,all,all,age,linear_probe,0,4,14.981818,18.242659,True,zones,B,save/zones/all
SimCLR,SimCLR-diffage-cosine,diffage,cosine,,all,all,age,linear_probe,0,0,23.1,20.885643,True,zones,B,save/zones/all
SimCLR,SimCLR-diffage-cosine,diffage,cosine,,all,all,age,linear_probe,0,1,7.809524,13.021711,True,zones,B,save/zones/all
SimCLR,SimCLR-diffage-cosine,diffage,cosine,,all,all,age,linear_probe,0,2,24.571428,17.62705,True,zones,B,save/zones/all
SimCLR,SimCLR-diffage-cosine,diffage,cosine,,all,all,age,linear_probe,0,3,17.265957,18.813423,True,zones,B,save/zones/all
SimCLR,SimCLR-diffage-cosine,diffage,cosine,,all,all,age,linear_probe,0,4,14.981818,17.912373,True,zones,B,save/zones/all
SimCLR,SimCLR-diffage-wasser,diffage,wasserstein,,all,all,age,linear_probe,0,0,23.1,22.640224,True,zones,B,save/zones/all
SimCLR,SimCLR-diffage-wasser,diffage,wasserstein,,all,all,age,linear_probe,0,1,7.809524,9.686966,True,zones,B,save/zones/all
SimCLR,SimCLR-diffage-wasser,diffage,wasserstein,,all,all,age,linear_probe,0,2,24.571428,17.235292,True,zones,B,save/zones/all
SimCLR,SimCLR-diffage-wasser,diffage,wasserstein,,all,all,age,linear_probe,0,3,17.265957,17.456129,True,zones,B,save/zones/all
SimCLR,SimCLR-diffage-wasser,diffage,wasserstein,,all,all,age,linear_probe,0,4,14.981818,18.18914,True,zones,B,save/zones/all
SimCLR,SimCLR-diffage-riemann,diffage,riemann,,all,all,age,linear_probe,0,0,23.1,20.718596,True,zones,B,save/zones/all
SimCLR,SimCLR-diffage-riemann,diffage,riemann,,all,all,age,linear_probe,0,1,7.809524,11.561834,True,zones,B,save/zones/all
SimCLR,SimCLR-diffage-riemann,diffage,riemann,,all,all,age,linear_probe,0,2,24.571428,15.777346,True,zones,B,save/zones/all
SimCLR,SimCLR-diffage-riemann,diffage,riemann,,all,all,age,linear_probe,0,3,17.265957,17.230381,True,zones,B,save/zones/all
SimCLR,SimCLR-diffage-riemann,diffage,riemann,,all,all,age,linear_probe,0,4,14.981818,16.205667,True,zones,B,save/zones/all
VAE,VAE,,,,all,all,age,linear_probe,0,0,23.1,19.012911,True,zones,B,save/zones/all
VAE,VAE,,,,all,all,age,linear_probe,0,1,7.809524,18.556639,True,zones,B,save/zones/all
VAE,VAE,,,,all,all,age,linear_probe,0,2,24.571428,19.031965,True,zones,B,save/zones/all
VAE,VAE,,,,all,all,age,linear_probe,0,3,17.265957,18.932943,True,zones,B,save/zones/all
VAE,VAE,,,,all,all,age,linear_probe,0,4,14.981818,18.927576,True,zones,B,save/zones/all
SimCLR,SimCLR,augment,,,all,all,age,fine_tuning,0,0,23.1,25.043139,True,zones,B,save/zones/all
SimCLR,SimCLR,augment,,,all,all,age,fine_tuning,0,1,7.809524,11.724446,True,zones,B,save/zones/all
SimCLR,SimCLR,augment,,,all,all,age,fine_tuning,0,2,24.571428,22.358744,True,zones,B,save/zones/all
SimCLR,SimCLR,augment,,,all,all,age,fine_tuning,0,3,17.265957,19.257759,True,zones,B,save/zones/all
SimCLR,SimCLR,augment,,,all,all,age,fine_tuning,0,4,14.981818,15.500957,True,zones,B,save/zones/all
SimCLR,SimCLR-nbr-cosine,nbr,cosine,,all,all,age,fine_tuning,0,0,23.1,24.67614,True,zones,B,save/zones/all
SimCLR,SimCLR-nbr-cosine,nbr,cosine,,all,all,age,fine_tuning,0,1,7.809524,11.863344,True,zones,B,save/zones/all
SimCLR,SimCLR-nbr-cosine,nbr,cosine,,all,all,age,fine_tuning,0,2,24.571428,22.163546,True,zones,B,save/zones/all
SimCLR,SimCLR-nbr-cosine,nbr,cosine,,all,all,age,fine_tuning,0,3,17.265957,19.213291,True,zones,B,save/zones/all
SimCLR,SimCLR-nbr-cosine,nbr,cosine,,all,all,age,fine_tuning,0,4,14.981818,16.606462,True,zones,B,save/zones/all
SimCLR,SimCLR-nbr-wasser,nbr,wasserstein,,all,all,age,fine_tuning,0,0,23.1,24.429068,True,zones,B,save/zones/all
SimCLR,SimCLR-nbr-wasser,nbr,wasserstein,,all,all,age,fine_tuning,0,1,7.809524,11.3483,True,zones,B,save/zones/all
SimCLR,SimCLR-nbr-wasser,nbr,wasserstein,,all,all,age,fine_tuning,0,2,24.571428,22.720913,True,zones,B,save/zones/all
SimCLR,SimCLR-nbr-wasser,nbr,wasserstein,,all,all,age,fine_tuning,0,3,17.265957,19.375841,True,zones,B,save/zones/all
SimCLR,SimCLR-nbr-wasser,nbr,wasserstein,,all,all,age,fine_tuning,0,4,14.981818,15.741002,True,zones,B,save/zones/all
SimCLR,SimCLR-nbr-riemann,nbr,riemann,,all,all,age,fine_tuning,0,0,23.1,24.9606,True,zones,B,save/zones/all
SimCLR,SimCLR-nbr-riemann,nbr,riemann,,all,all,age,fine_tuning,0,1,7.809524,11.756032,True,zones,B,save/zones/all
SimCLR,SimCLR-nbr-riemann,nbr,riemann,,all,all,age,fine_tuning,0,2,24.571428,21.712397,True,zones,B,save/zones/all
SimCLR,SimCLR-nbr-riemann,nbr,riemann,,all,all,age,fine_tuning,0,3,17.265957,19.279875,True,zones,B,save/zones/all
SimCLR,SimCLR-nbr-riemann,nbr,riemann,,all,all,age,fine_tuning,0,4,14.981818,15.269159,True,zones,B,save/zones/all
SimCLR,SimCLR-xsubj-cosine,xsubj,cosine,,all,all,age,fine_tuning,0,0,23.1,24.018646,True,zones,B,save/zones/all
SimCLR,SimCLR-xsubj-cosine,xsubj,cosine,,all,all,age,fine_tuning,0,1,7.809524,12.225378,True,zones,B,save/zones/all
SimCLR,SimCLR-xsubj-cosine,xsubj,cosine,,all,all,age,fine_tuning,0,2,24.571428,23.827089,True,zones,B,save/zones/all
SimCLR,SimCLR-xsubj-cosine,xsubj,cosine,,all,all,age,fine_tuning,0,3,17.265957,18.560993,True,zones,B,save/zones/all
SimCLR,SimCLR-xsubj-cosine,xsubj,cosine,,all,all,age,fine_tuning,0,4,14.981818,15.562983,True,zones,B,save/zones/all
SimCLR,SimCLR-xsubj-wasser,xsubj,wasserstein,,all,all,age,fine_tuning,0,0,23.1,25.294115,True,zones,B,save/zones/all
SimCLR,SimCLR-xsubj-wasser,xsubj,wasserstein,,all,all,age,fine_tuning,0,1,7.809524,12.896897,True,zones,B,save/zones/all
SimCLR,SimCLR-xsubj-wasser,xsubj,wasserstein,,all,all,age,fine_tuning,0,2,24.571428,24.214046,True,zones,B,save/zones/all
SimCLR,SimCLR-xsubj-wasser,xsubj,wasserstein,,all,all,age,fine_tuning,0,3,17.265957,18.975216,True,zones,B,save/zones/all
SimCLR,SimCLR-xsubj-wasser,xsubj,wasserstein,,all,all,age,fine_tuning,0,4,14.981818,15.536208,True,zones,B,save/zones/all
SimCLR,SimCLR-xsubj-riemann,xsubj,riemann,,all,all,age,fine_tuning,0,0,23.1,25.451931,True,zones,B,save/zones/all
SimCLR,SimCLR-xsubj-riemann,xsubj,riemann,,all,all,age,fine_tuning,0,1,7.809524,11.533033,True,zones,B,save/zones/all
SimCLR,SimCLR-xsubj-riemann,xsubj,riemann,,all,all,age,fine_tuning,0,2,24.571428,23.40378,True,zones,B,save/zones/all
SimCLR,SimCLR-xsubj-riemann,xsubj,riemann,,all,all,age,fine_tuning,0,3,17.265957,19.582212,True,zones,B,save/zones/all
SimCLR,SimCLR-xsubj-riemann,xsubj,riemann,,all,all,age,fine_tuning,0,4,14.981818,15.416185,True,zones,B,save/zones/all
SimCLR,SimCLR-diffage-cosine,diffage,cosine,,all,all,age,fine_tuning,0,0,23.1,25.084341,True,zones,B,save/zones/all
SimCLR,SimCLR-diffage-cosine,diffage,cosine,,all,all,age,fine_tuning,0,1,7.809524,11.790644,True,zones,B,save/zones/all
SimCLR,SimCLR-diffage-cosine,diffage,cosine,,all,all,age,fine_tuning,0,2,24.571428,22.079222,True,zones,B,save/zones/all
SimCLR,SimCLR-diffage-cosine,diffage,cosine,,all,all,age,fine_tuning,0,3,17.265957,18.569872,True,zones,B,save/zones/all
SimCLR,SimCLR-diffage-cosine,diffage,cosine,,all,all,age,fine_tuning,0,4,14.981818,14.531613,True,zones,B,save/zones/all
SimCLR,SimCLR-diffage-wasser,diffage,wasserstein,,all,all,age,fine_tuning,0,0,23.1,25.541979,True,zones,B,save/zones/all
SimCLR,SimCLR-diffage-wasser,diffage,wasserstein,,all,all,age,fine_tuning,0,1,7.809524,12.431488,True,zones,B,save/zones/all
SimCLR,SimCLR-diffage-wasser,diffage,wasserstein,,all,all,age,fine_tuning,0,2,24.571428,21.010746,True,zones,B,save/zones/all
SimCLR,SimCLR-diffage-wasser,diffage,wasserstein,,all,all,age,fine_tuning,0,3,17.265957,18.53656,True,zones,B,save/zones/all
SimCLR,SimCLR-diffage-wasser,diffage,wasserstein,,all,all,age,fine_tuning,0,4,14.981818,15.33096,True,zones,B,save/zones/all
SimCLR,SimCLR-diffage-riemann,diffage,riemann,,all,all,age,fine_tuning,0,0,23.1,24.604425,True,zones,B,save/zones/all
SimCLR,SimCLR-diffage-riemann,diffage,riemann,,all,all,age,fine_tuning,0,1,7.809524,13.021304,True,zones,B,save/zones/all
SimCLR,SimCLR-diffage-riemann,diffage,riemann,,all,all,age,fine_tuning,0,2,24.571428,21.468014,True,zones,B,save/zones/all
SimCLR,SimCLR-diffage-riemann,diffage,riemann,,all,all,age,fine_tuning,0,3,17.265957,17.2651,True,zones,B,save/zones/all
SimCLR,SimCLR-diffage-riemann,diffage,riemann,,all,all,age,fine_tuning,0,4,14.981818,15.137453,True,zones,B,save/zones/all
VAE,VAE,,,,all,all,age,fine_tuning,0,0,23.1,25.261576,True,zones,B,save/zones/all
VAE,VAE,,,,all,all,age,fine_tuning,0,1,7.809524,12.87837,True,zones,B,save/zones/all
VAE,VAE,,,,all,all,age,fine_tuning,0,2,24.571428,23.48074,True,zones,B,save/zones/all
VAE,VAE,,,,all,all,age,fine_tuning,0,3,17.265957,18.967442,True,zones,B,save/zones/all
VAE,VAE,,,,all,all,age,fine_tuning,0,4,14.981818,15.787975,True,zones,B,save/zones/all
SimCLR,SimCLR,augment,,,all,all,age,linear_probe,1,0,22.484848,16.571009,True,zones,B,save/zones/all
SimCLR,SimCLR,augment,,,all,all,age,linear_probe,1,1,23.361702,23.041775,True,zones,B,save/zones/all
SimCLR,SimCLR,augment,,,all,all,age,linear_probe,1,2,8.131579,19.542276,True,zones,B,save/zones/all
SimCLR,SimCLR,augment,,,all,all,age,linear_probe,1,3,24.431654,23.036806,True,zones,B,save/zones/all
SimCLR,SimCLR,augment,,,all,all,age,linear_probe,1,4,10.466666,16.316378,True,zones,B,save/zones/all
SimCLR,SimCLR-nbr-cosine,nbr,cosine,,all,all,age,linear_probe,1,0,22.484848,22.402195,True,zones,B,save/zones/all
SimCLR,SimCLR-nbr-cosine,nbr,cosine,,all,all,age,linear_probe,1,1,23.361702,20.227867,True,zones,B,save/zones/all
SimCLR,SimCLR-nbr-cosine,nbr,cosine,,all,all,age,linear_probe,1,2,8.131579,15.505404,True,zones,B,save/zones/all
SimCLR,SimCLR-nbr-cosine,nbr,cosine,,all,all,age,linear_probe,1,3,24.431654,21.643784,True,zones,B,save/zones/all
SimCLR,SimCLR-nbr-cosine,nbr,cosine,,all,all,age,linear_probe,1,4,10.466666,11.887556,True,zones,B,save/zones/all
SimCLR,SimCLR-nbr-wasser,nbr,wasserstein,,all,all,age,linear_probe,1,0,22.484848,22.351532,True,zones,B,save/zones/all
SimCLR,SimCLR-nbr-wasser,nbr,wasserstein,,all,all,age,linear_probe,1,1,23.361702,21.490032,True,zones,B,save/zones/all
SimCLR,SimCLR-nbr-wasser,nbr,wasserstein,,all,all,age,linear_probe,1,2,8.131579,16.227226,True,zones,B,save/zones/all
SimCLR,SimCLR-nbr-wasser,nbr,wasserstein,,all,all,age,linear_probe,1,3,24.431654,21.344696,True,zones,B,save/zones/all
SimCLR,SimCLR-nbr-wasser,nbr,wasserstein,,all,all,age,linear_probe,1,4,10.466666,11.442183,True,zones,B,save/zones/all
SimCLR,SimCLR-nbr-riemann,nbr,riemann,,all,all,age,linear_probe,1,0,22.484848,23.031158,True,zones,B,save/zones/all
SimCLR,SimCLR-nbr-riemann,nbr,riemann,,all,all,age,linear_probe,1,1,23.361702,21.577204,True,zones,B,save/zones/all
SimCLR,SimCLR-nbr-riemann,nbr,riemann,,all,all,age,linear_probe,1,2,8.131579,13.273283,True,zones,B,save/zones/all
SimCLR,SimCLR-nbr-riemann,nbr,riemann,,all,all,age,linear_probe,1,3,24.431654,22.436281,True,zones,B,save/zones/all
SimCLR,SimCLR-nbr-riemann,nbr,riemann,,all,all,age,linear_probe,1,4,10.466666,12.993127,True,zones,B,save/zones/all
SimCLR,SimCLR-xsubj-cosine,xsubj,cosine,,all,all,age,linear_probe,1,0,22.484848,22.943325,True,zones,B,save/zones/all
SimCLR,SimCLR-xsubj-cosine,xsubj,cosine,,all,all,age,linear_probe,1,1,23.361702,19.464281,True,zones,B,save/zones/all
SimCLR,SimCLR-xsubj-cosine,xsubj,cosine,,all,all,age,linear_probe,1,2,8.131579,14.203043,True,zones,B,save/zones/all
SimCLR,SimCLR-xsubj-cosine,xsubj,cosine,,all,all,age,linear_probe,1,3,24.431654,22.485559,True,zones,B,save/zones/all
SimCLR,SimCLR-xsubj-cosine,xsubj,cosine,,all,all,age,linear_probe,1,4,10.466666,13.585755,True,zones,B,save/zones/all
SimCLR,SimCLR-xsubj-wasser,xsubj,wasserstein,,all,all,age,linear_probe,1,0,22.484848,21.60487,True,zones,B,save/zones/all
SimCLR,SimCLR-xsubj-wasser,xsubj,wasserstein,,all,all,age,linear_probe,1,1,23.361702,19.141954,True,zones,B,save/zones/all
SimCLR,SimCLR-xsubj-wasser,xsubj,wasserstein,,all,all,age,linear_probe,1,2,8.131579,13.389977,True,zones,B,save/zones/all
SimCLR,SimCLR-xsubj-wasser,xsubj,wasserstein,,all,all,age,linear_probe,1,3,24.431654,22.839931,True,zones,B,save/zones/all
SimCLR,SimCLR-xsubj-wasser,xsubj,wasserstein,,all,all,age,linear_probe,1,4,10.466666,10.251513,True,zones,B,save/zones/all
SimCLR,SimCLR-xsubj-riemann,xsubj,riemann,,all,all,age,linear_probe,1,0,22.484848,21.27043,True,zones,B,save/zones/all
SimCLR,SimCLR-xsubj-riemann,xsubj,riemann,,all,all,age,linear_probe,1,1,23.361702,19.815168,True,zones,B,save/zones/all
SimCLR,SimCLR-xsubj-riemann,xsubj,riemann,,all,all,age,linear_probe,1,2,8.131579,13.44512,True,zones,B,save/zones/all
SimCLR,SimCLR-xsubj-riemann,xsubj,riemann,,all,all,age,linear_probe,1,3,24.431654,21.986101,True,zones,B,save/zones/all
SimCLR,SimCLR-xsubj-riemann,xsubj,riemann,,all,all,age,linear_probe,1,4,10.466666,11.468276,True,zones,B,save/zones/all
SimCLR,SimCLR-diffage-cosine,diffage,cosine,,all,all,age,linear_probe,1,0,22.484848,18.558264,True,zones,B,save/zones/all
SimCLR,SimCLR-diffage-cosine,diffage,cosine,,all,all,age,linear_probe,1,1,23.361702,22.934219,True,zones,B,save/zones/all
SimCLR,SimCLR-diffage-cosine,diffage,cosine,,all,all,age,linear_probe,1,2,8.131579,14.645999,True,zones,B,save/zones/all
SimCLR,SimCLR-diffage-cosine,diffage,cosine,,all,all,age,linear_probe,1,3,24.431654,19.233612,True,zones,B,save/zones/all
SimCLR,SimCLR-diffage-cosine,diffage,cosine,,all,all,age,linear_probe,1,4,10.466666,16.453957,True,zones,B,save/zones/all
SimCLR,SimCLR-diffage-wasser,diffage,wasserstein,,all,all,age,linear_probe,1,0,22.484848,20.586287,True,zones,B,save/zones/all
SimCLR,SimCLR-diffage-wasser,diffage,wasserstein,,all,all,age,linear_probe,1,1,23.361702,21.96735,True,zones,B,save/zones/all
SimCLR,SimCLR-diffage-wasser,diffage,wasserstein,,all,all,age,linear_probe,1,2,8.131579,14.582486,True,zones,B,save/zones/all
SimCLR,SimCLR-diffage-wasser,diffage,wasserstein,,all,all,age,linear_probe,1,3,24.431654,20.791212,True,zones,B,save/zones/all
SimCLR,SimCLR-diffage-wasser,diffage,wasserstein,,all,all,age,linear_probe,1,4,10.466666,12.300955,True,zones,B,save/zones/all
SimCLR,SimCLR-diffage-riemann,diffage,riemann,,all,all,age,linear_probe,1,0,22.484848,20.750893,True,zones,B,save/zones/all
SimCLR,SimCLR-diffage-riemann,diffage,riemann,,all,all,age,linear_probe,1,1,23.361702,23.56925,True,zones,B,save/zones/all
SimCLR,SimCLR-diffage-riemann,diffage,riemann,,all,all,age,linear_probe,1,2,8.131579,16.471945,True,zones,B,save/zones/all
SimCLR,SimCLR-diffage-riemann,diffage,riemann,,all,all,age,linear_probe,1,3,24.431654,21.432564,True,zones,B,save/zones/all
SimCLR,SimCLR-diffage-riemann,diffage,riemann,,all,all,age,linear_probe,1,4,10.466666,13.627124,True,zones,B,save/zones/all
VAE,VAE,,,,all,all,age,linear_probe,1,0,22.484848,18.929121,True,zones,B,save/zones/all
VAE,VAE,,,,all,all,age,linear_probe,1,1,23.361702,18.772869,True,zones,B,save/zones/all
VAE,VAE,,,,all,all,age,linear_probe,1,2,8.131579,19.155426,True,zones,B,save/zones/all
VAE,VAE,,,,all,all,age,linear_probe,1,3,24.431654,19.001276,True,zones,B,save/zones/all
VAE,VAE,,,,all,all,age,linear_probe,1,4,10.466666,18.8123,True,zones,B,save/zones/all
SimCLR,SimCLR,augment,,,all,all,age,fine_tuning,1,0,22.484848,23.8909,True,zones,B,save/zones/all
SimCLR,SimCLR,augment,,,all,all,age,fine_tuning,1,1,23.361702,20.948141,True,zones,B,save/zones/all
SimCLR,SimCLR,augment,,,all,all,age,fine_tuning,1,2,8.131579,10.246252,True,zones,B,save/zones/all
SimCLR,SimCLR,augment,,,all,all,age,fine_tuning,1,3,24.431654,23.533657,True,zones,B,save/zones/all
SimCLR,SimCLR,augment,,,all,all,age,fine_tuning,1,4,10.466666,10.55595,True,zones,B,save/zones/all
SimCLR,SimCLR-nbr-cosine,nbr,cosine,,all,all,age,fine_tuning,1,0,22.484848,22.677269,True,zones,B,save/zones/all
SimCLR,SimCLR-nbr-cosine,nbr,cosine,,all,all,age,fine_tuning,1,1,23.361702,21.229841,True,zones,B,save/zones/all
SimCLR,SimCLR-nbr-cosine,nbr,cosine,,all,all,age,fine_tuning,1,2,8.131579,10.133742,True,zones,B,save/zones/all
SimCLR,SimCLR-nbr-cosine,nbr,cosine,,all,all,age,fine_tuning,1,3,24.431654,23.830637,True,zones,B,save/zones/all
SimCLR,SimCLR-nbr-cosine,nbr,cosine,,all,all,age,fine_tuning,1,4,10.466666,10.179081,True,zones,B,save/zones/all
SimCLR,SimCLR-nbr-wasser,nbr,wasserstein,,all,all,age,fine_tuning,1,0,22.484848,22.854677,True,zones,B,save/zones/all
SimCLR,SimCLR-nbr-wasser,nbr,wasserstein,,all,all,age,fine_tuning,1,1,23.361702,21.518711,True,zones,B,save/zones/all
SimCLR,SimCLR-nbr-wasser,nbr,wasserstein,,all,all,age,fine_tuning,1,2,8.131579,9.898868,True,zones,B,save/zones/all
SimCLR,SimCLR-nbr-wasser,nbr,wasserstein,,all,all,age,fine_tuning,1,3,24.431654,23.146469,True,zones,B,save/zones/all
SimCLR,SimCLR-nbr-wasser,nbr,wasserstein,,all,all,age,fine_tuning,1,4,10.466666,9.703827,True,zones,B,save/zones/all
SimCLR,SimCLR-nbr-riemann,nbr,riemann,,all,all,age,fine_tuning,1,0,22.484848,22.771425,True,zones,B,save/zones/all
SimCLR,SimCLR-nbr-riemann,nbr,riemann,,all,all,age,fine_tuning,1,1,23.361702,21.438166,True,zones,B,save/zones/all
SimCLR,SimCLR-nbr-riemann,nbr,riemann,,all,all,age,fine_tuning,1,2,8.131579,9.931902,True,zones,B,save/zones/all
SimCLR,SimCLR-nbr-riemann,nbr,riemann,,all,all,age,fine_tuning,1,3,24.431654,24.497852,True,zones,B,save/zones/all
SimCLR,SimCLR-nbr-riemann,nbr,riemann,,all,all,age,fine_tuning,1,4,10.466666,10.632839,True,zones,B,save/zones/all
SimCLR,SimCLR-xsubj-cosine,xsubj,cosine,,all,all,age,fine_tuning,1,0,22.484848,22.538195,True,zones,B,save/zones/all
SimCLR,SimCLR-xsubj-cosine,xsubj,cosine,,all,all,age,fine_tuning,1,1,23.361702,19.610188,True,zones,B,save/zones/all
SimCLR,SimCLR-xsubj-cosine,xsubj,cosine,,all,all,age,fine_tuning,1,2,8.131579,9.904898,True,zones,B,save/zones/all
SimCLR,SimCLR-xsubj-cosine,xsubj,cosine,,all,all,age,fine_tuning,1,3,24.431654,22.45335,True,zones,B,save/zones/all
SimCLR,SimCLR-xsubj-cosine,xsubj,cosine,,all,all,age,fine_tuning,1,4,10.466666,9.664972,True,zones,B,save/zones/all
SimCLR,SimCLR-xsubj-wasser,xsubj,wasserstein,,all,all,age,fine_tuning,1,0,22.484848,22.978519,True,zones,B,save/zones/all
SimCLR,SimCLR-xsubj-wasser,xsubj,wasserstein,,all,all,age,fine_tuning,1,1,23.361702,19.184797,True,zones,B,save/zones/all
SimCLR,SimCLR-xsubj-wasser,xsubj,wasserstein,,all,all,age,fine_tuning,1,2,8.131579,11.390731,True,zones,B,save/zones/all
SimCLR,SimCLR-xsubj-wasser,xsubj,wasserstein,,all,all,age,fine_tuning,1,3,24.431654,24.797848,True,zones,B,save/zones/all
SimCLR,SimCLR-xsubj-wasser,xsubj,wasserstein,,all,all,age,fine_tuning,1,4,10.466666,9.389967,True,zones,B,save/zones/all
SimCLR,SimCLR-xsubj-riemann,xsubj,riemann,,all,all,age,fine_tuning,1,0,22.484848,22.626684,True,zones,B,save/zones/all
SimCLR,SimCLR-xsubj-riemann,xsubj,riemann,,all,all,age,fine_tuning,1,1,23.361702,21.463015,True,zones,B,save/zones/all
SimCLR,SimCLR-xsubj-riemann,xsubj,riemann,,all,all,age,fine_tuning,1,2,8.131579,9.602029,True,zones,B,save/zones/all
SimCLR,SimCLR-xsubj-riemann,xsubj,riemann,,all,all,age,fine_tuning,1,3,24.431654,23.284456,True,zones,B,save/zones/all
SimCLR,SimCLR-xsubj-riemann,xsubj,riemann,,all,all,age,fine_tuning,1,4,10.466666,9.57055,True,zones,B,save/zones/all
SimCLR,SimCLR-diffage-cosine,diffage,cosine,,all,all,age,fine_tuning,1,0,22.484848,22.417284,True,zones,B,save/zones/all
SimCLR,SimCLR-diffage-cosine,diffage,cosine,,all,all,age,fine_tuning,1,1,23.361702,21.136829,True,zones,B,save/zones/all
SimCLR,SimCLR-diffage-cosine,diffage,cosine,,all,all,age,fine_tuning,1,2,8.131579,8.89549,True,zones,B,save/zones/all
SimCLR,SimCLR-diffage-cosine,diffage,cosine,,all,all,age,fine_tuning,1,3,24.431654,24.215391,True,zones,B,save/zones/all
SimCLR,SimCLR-diffage-cosine,diffage,cosine,,all,all,age,fine_tuning,1,4,10.466666,9.077808,True,zones,B,save/zones/all
SimCLR,SimCLR-diffage-wasser,diffage,wasserstein,,all,all,age,fine_tuning,1,0,22.484848,22.449516,True,zones,B,save/zones/all
SimCLR,SimCLR-diffage-wasser,diffage,wasserstein,,all,all,age,fine_tuning,1,1,23.361702,21.079828,True,zones,B,save/zones/all
SimCLR,SimCLR-diffage-wasser,diffage,wasserstein,,all,all,age,fine_tuning,1,2,8.131579,9.398822,True,zones,B,save/zones/all
SimCLR,SimCLR-diffage-wasser,diffage,wasserstein,,all,all,age,fine_tuning,1,3,24.431654,23.506847,True,zones,B,save/zones/all
SimCLR,SimCLR-diffage-wasser,diffage,wasserstein,,all,all,age,fine_tuning,1,4,10.466666,8.81899,True,zones,B,save/zones/all
SimCLR,SimCLR-diffage-riemann,diffage,riemann,,all,all,age,fine_tuning,1,0,22.484848,21.938578,True,zones,B,save/zones/all
SimCLR,SimCLR-diffage-riemann,diffage,riemann,,all,all,age,fine_tuning,1,1,23.361702,22.788431,True,zones,B,save/zones/all
SimCLR,SimCLR-diffage-riemann,diffage,riemann,,all,all,age,fine_tuning,1,2,8.131579,10.302816,True,zones,B,save/zones/all
SimCLR,SimCLR-diffage-riemann,diffage,riemann,,all,all,age,fine_tuning,1,3,24.431654,23.641438,True,zones,B,save/zones/all
SimCLR,SimCLR-diffage-riemann,diffage,riemann,,all,all,age,fine_tuning,1,4,10.466666,9.26152,True,zones,B,save/zones/all
VAE,VAE,,,,all,all,age,fine_tuning,1,0,22.484848,22.288057,True,zones,B,save/zones/all
VAE,VAE,,,,all,all,age,fine_tuning,1,1,23.361702,21.85589,True,zones,B,save/zones/all
VAE,VAE,,,,all,all,age,fine_tuning,1,2,8.131579,9.671728,True,zones,B,save/zones/all
VAE,VAE,,,,all,all,age,fine_tuning,1,3,24.431654,23.194315,True,zones,B,save/zones/all
VAE,VAE,,,,all,all,age,fine_tuning,1,4,10.466666,10.545917,True,zones,B,save/zones/all
SimCLR,SimCLR,augment,,,all,all,age,linear_probe,2,0,13.857142,20.184259,True,zones,B,save/zones/all
SimCLR,SimCLR,augment,,,all,all,age,linear_probe,2,1,16.74074,22.061949,True,zones,B,save/zones/all
SimCLR,SimCLR,augment,,,all,all,age,linear_probe,2,2,27.48,24.05294,True,zones,B,save/zones/all
SimCLR,SimCLR,augment,,,all,all,age,linear_probe,2,3,17.288889,19.046,True,zones,B,save/zones/all
SimCLR,SimCLR,augment,,,all,all,age,linear_probe,2,4,36.0,18.848618,True,zones,B,save/zones/all
SimCLR,SimCLR-nbr-cosine,nbr,cosine,,all,all,age,linear_probe,2,0,13.857142,6.330152,True,zones,B,save/zones/all
SimCLR,SimCLR-nbr-cosine,nbr,cosine,,all,all,age,linear_probe,2,1,16.74074,17.958439,True,zones,B,save/zones/all
SimCLR,SimCLR-nbr-cosine,nbr,cosine,,all,all,age,linear_probe,2,2,27.48,28.708942,True,zones,B,save/zones/all
SimCLR,SimCLR-nbr-cosine,nbr,cosine,,all,all,age,linear_probe,2,3,17.288889,20.290545,True,zones,B,save/zones/all
SimCLR,SimCLR-nbr-cosine,nbr,cosine,,all,all,age,linear_probe,2,4,36.0,21.925322,True,zones,B,save/zones/all
SimCLR,SimCLR-nbr-wasser,nbr,wasserstein,,all,all,age,linear_probe,2,0,13.857142,6.141679,True,zones,B,save/zones/all
SimCLR,SimCLR-nbr-wasser,nbr,wasserstein,,all,all,age,linear_probe,2,1,16.74074,17.923727,True,zones,B,save/zones/all
SimCLR,SimCLR-nbr-wasser,nbr,wasserstein,,all,all,age,linear_probe,2,2,27.48,29.024654,True,zones,B,save/zones/all
SimCLR,SimCLR-nbr-wasser,nbr,wasserstein,,all,all,age,linear_probe,2,3,17.288889,20.703449,True,zones,B,save/zones/all
SimCLR,SimCLR-nbr-wasser,nbr,wasserstein,,all,all,age,linear_probe,2,4,36.0,22.704021,True,zones,B,save/zones/all
SimCLR,SimCLR-nbr-riemann,nbr,riemann,,all,all,age,linear_probe,2,0,13.857142,7.06925,True,zones,B,save/zones/all
SimCLR,SimCLR-nbr-riemann,nbr,riemann,,all,all,age,linear_probe,2,1,16.74074,17.0432,True,zones,B,save/zones/all
SimCLR,SimCLR-nbr-riemann,nbr,riemann,,all,all,age,linear_probe,2,2,27.48,29.920893,True,zones,B,save/zones/all
SimCLR,SimCLR-nbr-riemann,nbr,riemann,,all,all,age,linear_probe,2,3,17.288889,19.691013,True,zones,B,save/zones/all
SimCLR,SimCLR-nbr-riemann,nbr,riemann,,all,all,age,linear_probe,2,4,36.0,23.633465,True,zones,B,save/zones/all
SimCLR,SimCLR-xsubj-cosine,xsubj,cosine,,all,all,age,linear_probe,2,0,13.857142,8.028654,True,zones,B,save/zones/all
SimCLR,SimCLR-xsubj-cosine,xsubj,cosine,,all,all,age,linear_probe,2,1,16.74074,15.474143,True,zones,B,save/zones/all
SimCLR,SimCLR-xsubj-cosine,xsubj,cosine,,all,all,age,linear_probe,2,2,27.48,27.230022,True,zones,B,save/zones/all
SimCLR,SimCLR-xsubj-cosine,xsubj,cosine,,all,all,age,linear_probe,2,3,17.288889,18.093025,True,zones,B,save/zones/all
SimCLR,SimCLR-xsubj-cosine,xsubj,cosine,,all,all,age,linear_probe,2,4,36.0,26.42058,True,zones,B,save/zones/all
SimCLR,SimCLR-xsubj-wasser,xsubj,wasserstein,,all,all,age,linear_probe,2,0,13.857142,6.328849,True,zones,B,save/zones/all
SimCLR,SimCLR-xsubj-wasser,xsubj,wasserstein,,all,all,age,linear_probe,2,1,16.74074,15.019182,True,zones,B,save/zones/all
SimCLR,SimCLR-xsubj-wasser,xsubj,wasserstein,,all,all,age,linear_probe,2,2,27.48,27.761604,True,zones,B,save/zones/all
SimCLR,SimCLR-xsubj-wasser,xsubj,wasserstein,,all,all,age,linear_probe,2,3,17.288889,18.986353,True,zones,B,save/zones/all
SimCLR,SimCLR-xsubj-wasser,xsubj,wasserstein,,all,all,age,linear_probe,2,4,36.0,26.525341,True,zones,B,save/zones/all
SimCLR,SimCLR-xsubj-riemann,xsubj,riemann,,all,all,age,linear_probe,2,0,13.857142,10.256951,True,zones,B,save/zones/all
SimCLR,SimCLR-xsubj-riemann,xsubj,riemann,,all,all,age,linear_probe,2,1,16.74074,12.034717,True,zones,B,save/zones/all
SimCLR,SimCLR-xsubj-riemann,xsubj,riemann,,all,all,age,linear_probe,2,2,27.48,26.138155,True,zones,B,save/zones/all
SimCLR,SimCLR-xsubj-riemann,xsubj,riemann,,all,all,age,linear_probe,2,3,17.288889,17.113417,True,zones,B,save/zones/all
SimCLR,SimCLR-xsubj-riemann,xsubj,riemann,,all,all,age,linear_probe,2,4,36.0,27.679344,True,zones,B,save/zones/all
SimCLR,SimCLR-diffage-cosine,diffage,cosine,,all,all,age,linear_probe,2,0,13.857142,17.669983,True,zones,B,save/zones/all
SimCLR,SimCLR-diffage-cosine,diffage,cosine,,all,all,age,linear_probe,2,1,16.74074,17.995037,True,zones,B,save/zones/all
SimCLR,SimCLR-diffage-cosine,diffage,cosine,,all,all,age,linear_probe,2,2,27.48,27.609148,True,zones,B,save/zones/all
SimCLR,SimCLR-diffage-cosine,diffage,cosine,,all,all,age,linear_probe,2,3,17.288889,16.853281,True,zones,B,save/zones/all
SimCLR,SimCLR-diffage-cosine,diffage,cosine,,all,all,age,linear_probe,2,4,36.0,22.100309,True,zones,B,save/zones/all
SimCLR,SimCLR-diffage-wasser,diffage,wasserstein,,all,all,age,linear_probe,2,0,13.857142,14.410863,True,zones,B,save/zones/all
SimCLR,SimCLR-diffage-wasser,diffage,wasserstein,,all,all,age,linear_probe,2,1,16.74074,17.14192,True,zones,B,save/zones/all
SimCLR,SimCLR-diffage-wasser,diffage,wasserstein,,all,all,age,linear_probe,2,2,27.48,26.266582,True,zones,B,save/zones/all
SimCLR,SimCLR-diffage-wasser,diffage,wasserstein,,all,all,age,linear_probe,2,3,17.288889,16.195932,True,zones,B,save/zones/all
SimCLR,SimCLR-diffage-wasser,diffage,wasserstein,,all,all,age,linear_probe,2,4,36.0,24.617064,True,zones,B,save/zones/all
SimCLR,SimCLR-diffage-riemann,diffage,riemann,,all,all,age,linear_probe,2,0,13.857142,13.217679,True,zones,B,save/zones/all
SimCLR,SimCLR-diffage-riemann,diffage,riemann,,all,all,age,linear_probe,2,1,16.74074,14.129633,True,zones,B,save/zones/all
SimCLR,SimCLR-diffage-riemann,diffage,riemann,,all,all,age,linear_probe,2,2,27.48,26.143337,True,zones,B,save/zones/all
SimCLR,SimCLR-diffage-riemann,diffage,riemann,,all,all,age,linear_probe,2,3,17.288889,16.959995,True,zones,B,save/zones/all
SimCLR,SimCLR-diffage-riemann,diffage,riemann,,all,all,age,linear_probe,2,4,36.0,22.279568,True,zones,B,save/zones/all
VAE,VAE,,,,all,all,age,linear_probe,2,0,13.857142,19.221865,True,zones,B,save/zones/all
VAE,VAE,,,,all,all,age,linear_probe,2,1,16.74074,19.300325,True,zones,B,save/zones/all
VAE,VAE,,,,all,all,age,linear_probe,2,2,27.48,18.955454,True,zones,B,save/zones/all
VAE,VAE,,,,all,all,age,linear_probe,2,3,17.288889,18.762094,True,zones,B,save/zones/all
VAE,VAE,,,,all,all,age,linear_probe,2,4,36.0,19.135502,True,zones,B,save/zones/all
SimCLR,SimCLR,augment,,,all,all,age,fine_tuning,2,0,13.857142,11.612874,True,zones,B,save/zones/all
SimCLR,SimCLR,augment,,,all,all,age,fine_tuning,2,1,16.74074,14.768355,True,zones,B,save/zones/all
SimCLR,SimCLR,augment,,,all,all,age,fine_tuning,2,2,27.48,27.609228,True,zones,B,save/zones/all
SimCLR,SimCLR,augment,,,all,all,age,fine_tuning,2,3,17.288889,16.381866,True,zones,B,save/zones/all
SimCLR,SimCLR,augment,,,all,all,age,fine_tuning,2,4,36.0,35.239731,True,zones,B,save/zones/all
SimCLR,SimCLR-nbr-cosine,nbr,cosine,,all,all,age,fine_tuning,2,0,13.857142,12.736458,True,zones,B,save/zones/all
SimCLR,SimCLR-nbr-cosine,nbr,cosine,,all,all,age,fine_tuning,2,1,16.74074,16.815384,True,zones,B,save/zones/all
SimCLR,SimCLR-nbr-cosine,nbr,cosine,,all,all,age,fine_tuning,2,2,27.48,28.390209,True,zones,B,save/zones/all
SimCLR,SimCLR-nbr-cosine,nbr,cosine,,all,all,age,fine_tuning,2,3,17.288889,17.954466,True,zones,B,save/zones/all
SimCLR,SimCLR-nbr-cosine,nbr,cosine,,all,all,age,fine_tuning,2,4,36.0,34.650379,True,zones,B,save/zones/all
SimCLR,SimCLR-nbr-wasser,nbr,wasserstein,,all,all,age,fine_tuning,2,0,13.857142,11.443211,True,zones,B,save/zones/all
SimCLR,SimCLR-nbr-wasser,nbr,wasserstein,,all,all,age,fine_tuning,2,1,16.74074,11.462116,True,zones,B,save/zones/all
SimCLR,SimCLR-nbr-wasser,nbr,wasserstein,,all,all,age,fine_tuning,2,2,27.48,28.129225,True,zones,B,save/zones/all
SimCLR,SimCLR-nbr-wasser,nbr,wasserstein,,all,all,age,fine_tuning,2,3,17.288889,16.638288,True,zones,B,save/zones/all
SimCLR,SimCLR-nbr-wasser,nbr,wasserstein,,all,all,age,fine_tuning,2,4,36.0,33.771511,True,zones,B,save/zones/all
SimCLR,SimCLR-nbr-riemann,nbr,riemann,,all,all,age,fine_tuning,2,0,13.857142,12.269299,True,zones,B,save/zones/all
SimCLR,SimCLR-nbr-riemann,nbr,riemann,,all,all,age,fine_tuning,2,1,16.74074,14.083244,True,zones,B,save/zones/all
SimCLR,SimCLR-nbr-riemann,nbr,riemann,,all,all,age,fine_tuning,2,2,27.48,29.643892,True,zones,B,save/zones/all
SimCLR,SimCLR-nbr-riemann,nbr,riemann,,all,all,age,fine_tuning,2,3,17.288889,18.328657,True,zones,B,save/zones/all
SimCLR,SimCLR-nbr-riemann,nbr,riemann,,all,all,age,fine_tuning,2,4,36.0,36.58802,True,zones,B,save/zones/all
SimCLR,SimCLR-xsubj-cosine,xsubj,cosine,,all,all,age,fine_tuning,2,0,13.857142,10.772406,True,zones,B,save/zones/all
SimCLR,SimCLR-xsubj-cosine,xsubj,cosine,,all,all,age,fine_tuning,2,1,16.74074,14.572569,True,zones,B,save/zones/all
SimCLR,SimCLR-xsubj-cosine,xsubj,cosine,,all,all,age,fine_tuning,2,2,27.48,28.388824,True,zones,B,save/zones/all
SimCLR,SimCLR-xsubj-cosine,xsubj,cosine,,all,all,age,fine_tuning,2,3,17.288889,16.804691,True,zones,B,save/zones/all
SimCLR,SimCLR-xsubj-cosine,xsubj,cosine,,all,all,age,fine_tuning,2,4,36.0,35.152225,True,zones,B,save/zones/all
SimCLR,SimCLR-xsubj-wasser,xsubj,wasserstein,,all,all,age,fine_tuning,2,0,13.857142,10.796177,True,zones,B,save/zones/all
SimCLR,SimCLR-xsubj-wasser,xsubj,wasserstein,,all,all,age,fine_tuning,2,1,16.74074,14.497834,True,zones,B,save/zones/all
SimCLR,SimCLR-xsubj-wasser,xsubj,wasserstein,,all,all,age,fine_tuning,2,2,27.48,27.17956,True,zones,B,save/zones/all
SimCLR,SimCLR-xsubj-wasser,xsubj,wasserstein,,all,all,age,fine_tuning,2,3,17.288889,17.024754,True,zones,B,save/zones/all
SimCLR,SimCLR-xsubj-wasser,xsubj,wasserstein,,all,all,age,fine_tuning,2,4,36.0,35.399597,True,zones,B,save/zones/all
SimCLR,SimCLR-xsubj-riemann,xsubj,riemann,,all,all,age,fine_tuning,2,0,13.857142,11.694828,True,zones,B,save/zones/all
SimCLR,SimCLR-xsubj-riemann,xsubj,riemann,,all,all,age,fine_tuning,2,1,16.74074,13.156045,True,zones,B,save/zones/all
SimCLR,SimCLR-xsubj-riemann,xsubj,riemann,,all,all,age,fine_tuning,2,2,27.48,26.435083,True,zones,B,save/zones/all
SimCLR,SimCLR-xsubj-riemann,xsubj,riemann,,all,all,age,fine_tuning,2,3,17.288889,16.283928,True,zones,B,save/zones/all
SimCLR,SimCLR-xsubj-riemann,xsubj,riemann,,all,all,age,fine_tuning,2,4,36.0,33.716492,True,zones,B,save/zones/all
SimCLR,SimCLR-diffage-cosine,diffage,cosine,,all,all,age,fine_tuning,2,0,13.857142,12.296436,True,zones,B,save/zones/all
SimCLR,SimCLR-diffage-cosine,diffage,cosine,,all,all,age,fine_tuning,2,1,16.74074,14.662621,True,zones,B,save/zones/all
SimCLR,SimCLR-diffage-cosine,diffage,cosine,,all,all,age,fine_tuning,2,2,27.48,27.350525,True,zones,B,save/zones/all
SimCLR,SimCLR-diffage-cosine,diffage,cosine,,all,all,age,fine_tuning,2,3,17.288889,16.552229,True,zones,B,save/zones/all
SimCLR,SimCLR-diffage-cosine,diffage,cosine,,all,all,age,fine_tuning,2,4,36.0,33.366318,True,zones,B,save/zones/all
SimCLR,SimCLR-diffage-wasser,diffage,wasserstein,,all,all,age,fine_tuning,2,0,13.857142,13.2989,True,zones,B,save/zones/all
SimCLR,SimCLR-diffage-wasser,diffage,wasserstein,,all,all,age,fine_tuning,2,1,16.74074,16.656773,True,zones,B,save/zones/all
SimCLR,SimCLR-diffage-wasser,diffage,wasserstein,,all,all,age,fine_tuning,2,2,27.48,29.207314,True,zones,B,save/zones/all
SimCLR,SimCLR-diffage-wasser,diffage,wasserstein,,all,all,age,fine_tuning,2,3,17.288889,18.438456,True,zones,B,save/zones/all
SimCLR,SimCLR-diffage-wasser,diffage,wasserstein,,all,all,age,fine_tuning,2,4,36.0,35.659161,True,zones,B,save/zones/all
SimCLR,SimCLR-diffage-riemann,diffage,riemann,,all,all,age,fine_tuning,2,0,13.857142,11.0851,True,zones,B,save/zones/all
SimCLR,SimCLR-diffage-riemann,diffage,riemann,,all,all,age,fine_tuning,2,1,16.74074,12.250165,True,zones,B,save/zones/all
SimCLR,SimCLR-diffage-riemann,diffage,riemann,,all,all,age,fine_tuning,2,2,27.48,25.269991,True,zones,B,save/zones/all
SimCLR,SimCLR-diffage-riemann,diffage,riemann,,all,all,age,fine_tuning,2,3,17.288889,15.974417,True,zones,B,save/zones/all
SimCLR,SimCLR-diffage-riemann,diffage,riemann,,all,all,age,fine_tuning,2,4,36.0,34.00032,True,zones,B,save/zones/all
VAE,VAE,,,,all,all,age,fine_tuning,2,0,13.857142,12.771162,True,zones,B,save/zones/all
VAE,VAE,,,,all,all,age,fine_tuning,2,1,16.74074,16.364805,True,zones,B,save/zones/all
VAE,VAE,,,,all,all,age,fine_tuning,2,2,27.48,27.409584,True,zones,B,save/zones/all
VAE,VAE,,,,all,all,age,fine_tuning,2,3,17.288889,16.91267,True,zones,B,save/zones/all
VAE,VAE,,,,all,all,age,fine_tuning,2,4,36.0,34.845364,True,zones,B,save/zones/all
SimCLR,SimCLR,augment,,,all,all,age,linear_probe,3,0,20.033897,17.781437,True,zones,B,save/zones/all
SimCLR,SimCLR,augment,,,all,all,age,linear_probe,3,1,10.086957,19.440897,True,zones,B,save/zones/all
SimCLR,SimCLR,augment,,,all,all,age,linear_probe,3,2,12.6,14.982085,True,zones,B,save/zones/all
SimCLR,SimCLR,augment,,,all,all,age,linear_probe,3,3,13.517241,15.758268,True,zones,B,save/zones/all
SimCLR,SimCLR,augment,,,all,all,age,linear_probe,3,4,25.104347,21.684008,True,zones,B,save/zones/all
SimCLR,SimCLR-nbr-cosine,nbr,cosine,,all,all,age,linear_probe,3,0,20.033897,21.757908,True,zones,B,save/zones/all
SimCLR,SimCLR-nbr-cosine,nbr,cosine,,all,all,age,linear_probe,3,1,10.086957,14.079185,True,zones,B,save/zones/all
SimCLR,SimCLR-nbr-cosine,nbr,cosine,,all,all,age,linear_probe,3,2,12.6,15.287144,True,zones,B,save/zones/all
SimCLR,SimCLR-nbr-cosine,nbr,cosine,,all,all,age,linear_probe,3,3,13.517241,13.012127,True,zones,B,save/zones/all
SimCLR,SimCLR-nbr-cosine,nbr,cosine,,all,all,age,linear_probe,3,4,25.104347,24.321638,True,zones,B,save/zones/all
SimCLR,SimCLR-nbr-wasser,nbr,wasserstein,,all,all,age,linear_probe,3,0,20.033897,20.556103,True,zones,B,save/zones/all
SimCLR,SimCLR-nbr-wasser,nbr,wasserstein,,all,all,age,linear_probe,3,1,10.086957,14.474494,True,zones,B,save/zones/all
SimCLR,SimCLR-nbr-wasser,nbr,wasserstein,,all,all,age,linear_probe,3,2,12.6,15.491255,True,zones,B,save/zones/all
SimCLR,SimCLR-nbr-wasser,nbr,wasserstein,,all,all,age,linear_probe,3,3,13.517241,13.293597,True,zones,B,save/zones/all
SimCLR,SimCLR-nbr-wasser,nbr,wasserstein,,all,all,age,linear_probe,3,4,25.104347,23.069061,True,zones,B,save/zones/all
SimCLR,SimCLR-nbr-riemann,nbr,riemann,,all,all,age,linear_probe,3,0,20.033897,21.301077,True,zones,B,save/zones/all
SimCLR,SimCLR-nbr-riemann,nbr,riemann,,all,all,age,linear_probe,3,1,10.086957,12.868538,True,zones,B,save/zones/all
SimCLR,SimCLR-nbr-riemann,nbr,riemann,,all,all,age,linear_probe,3,2,12.6,15.389024,True,zones,B,save/zones/all
SimCLR,SimCLR-nbr-riemann,nbr,riemann,,all,all,age,linear_probe,3,3,13.517241,13.498469,True,zones,B,save/zones/all
SimCLR,SimCLR-nbr-riemann,nbr,riemann,,all,all,age,linear_probe,3,4,25.104347,24.846827,True,zones,B,save/zones/all
SimCLR,SimCLR-xsubj-cosine,xsubj,cosine,,all,all,age,linear_probe,3,0,20.033897,22.210695,True,zones,B,save/zones/all
SimCLR,SimCLR-xsubj-cosine,xsubj,cosine,,all,all,age,linear_probe,3,1,10.086957,12.987824,True,zones,B,save/zones/all
SimCLR,SimCLR-xsubj-cosine,xsubj,cosine,,all,all,age,linear_probe,3,2,12.6,12.869471,True,zones,B,save/zones/all
SimCLR,SimCLR-xsubj-cosine,xsubj,cosine,,all,all,age,linear_probe,3,3,13.517241,14.078393,True,zones,B,save/zones/all
SimCLR,SimCLR-xsubj-cosine,xsubj,cosine,,all,all,age,linear_probe,3,4,25.104347,24.739021,True,zones,B,save/zones/all
SimCLR,SimCLR-xsubj-wasser,xsubj,wasserstein,,all,all,age,linear_probe,3,0,20.033897,20.47751,True,zones,B,save/zones/all
SimCLR,SimCLR-xsubj-wasser,xsubj,wasserstein,,all,all,age,linear_probe,3,1,10.086957,12.906755,True,zones,B,save/zones/all
SimCLR,SimCLR-xsubj-wasser,xsubj,wasserstein,,all,all,age,linear_probe,3,2,12.6,14.313285,True,zones,B,save/zones/all
SimCLR,SimCLR-xsubj-wasser,xsubj,wasserstein,,all,all,age,linear_probe,3,3,13.517241,15.214014,True,zones,B,save/zones/all
SimCLR,SimCLR-xsubj-wasser,xsubj,wasserstein,,all,all,age,linear_probe,3,4,25.104347,22.210831,True,zones,B,save/zones/all
SimCLR,SimCLR-xsubj-riemann,xsubj,riemann,,all,all,age,linear_probe,3,0,20.033897,16.594858,True,zones,B,save/zones/all
SimCLR,SimCLR-xsubj-riemann,xsubj,riemann,,all,all,age,linear_probe,3,1,10.086957,12.652796,True,zones,B,save/zones/all
SimCLR,SimCLR-xsubj-riemann,xsubj,riemann,,all,all,age,linear_probe,3,2,12.6,14.291401,True,zones,B,save/zones/all
SimCLR,SimCLR-xsubj-riemann,xsubj,riemann,,all,all,age,linear_probe,3,3,13.517241,15.325207,True,zones,B,save/zones/all
SimCLR,SimCLR-xsubj-riemann,xsubj,riemann,,all,all,age,linear_probe,3,4,25.104347,21.89308,True,zones,B,save/zones/all
SimCLR,SimCLR-diffage-cosine,diffage,cosine,,all,all,age,linear_probe,3,0,20.033897,20.5875,True,zones,B,save/zones/all
SimCLR,SimCLR-diffage-cosine,diffage,cosine,,all,all,age,linear_probe,3,1,10.086957,17.636332,True,zones,B,save/zones/all
SimCLR,SimCLR-diffage-cosine,diffage,cosine,,all,all,age,linear_probe,3,2,12.6,15.03288,True,zones,B,save/zones/all
SimCLR,SimCLR-diffage-cosine,diffage,cosine,,all,all,age,linear_probe,3,3,13.517241,17.387728,True,zones,B,save/zones/all
SimCLR,SimCLR-diffage-cosine,diffage,cosine,,all,all,age,linear_probe,3,4,25.104347,23.788277,True,zones,B,save/zones/all
SimCLR,SimCLR-diffage-wasser,diffage,wasserstein,,all,all,age,linear_probe,3,0,20.033897,18.731827,True,zones,B,save/zones/all
SimCLR,SimCLR-diffage-wasser,diffage,wasserstein,,all,all,age,linear_probe,3,1,10.086957,15.718048,True,zones,B,save/zones/all
SimCLR,SimCLR-diffage-wasser,diffage,wasserstein,,all,all,age,linear_probe,3,2,12.6,16.547264,True,zones,B,save/zones/all
SimCLR,SimCLR-diffage-wasser,diffage,wasserstein,,all,all,age,linear_probe,3,3,13.517241,17.091587,True,zones,B,save/zones/all
SimCLR,SimCLR-diffage-wasser,diffage,wasserstein,,all,all,age,linear_probe,3,4,25.104347,22.509516,True,zones,B,save/zones/all
SimCLR,SimCLR-diffage-riemann,diffage,riemann,,all,all,age,linear_probe,3,0,20.033897,21.50078,True,zones,B,save/zones/all
SimCLR,SimCLR-diffage-riemann,diffage,riemann,,all,all,age,linear_probe,3,1,10.086957,16.098354,True,zones,B,save/zones/all
SimCLR,SimCLR-diffage-riemann,diffage,riemann,,all,all,age,linear_probe,3,2,12.6,14.316303,True,zones,B,save/zones/all
SimCLR,SimCLR-diffage-riemann,diffage,riemann,,all,all,age,linear_probe,3,3,13.517241,15.562504,True,zones,B,save/zones/all
SimCLR,SimCLR-diffage-riemann,diffage,riemann,,all,all,age,linear_probe,3,4,25.104347,24.428358,True,zones,B,save/zones/all
VAE,VAE,,,,all,all,age,linear_probe,3,0,20.033897,19.060682,True,zones,B,save/zones/all
VAE,VAE,,,,all,all,age,linear_probe,3,1,10.086957,18.932886,True,zones,B,save/zones/all
VAE,VAE,,,,all,all,age,linear_probe,3,2,12.6,19.301195,True,zones,B,save/zones/all
VAE,VAE,,,,all,all,age,linear_probe,3,3,13.517241,19.389376,True,zones,B,save/zones/all
VAE,VAE,,,,all,all,age,linear_probe,3,4,25.104347,19.145157,True,zones,B,save/zones/all
SimCLR,SimCLR,augment,,,all,all,age,fine_tuning,3,0,20.033897,20.419926,True,zones,B,save/zones/all
SimCLR,SimCLR,augment,,,all,all,age,fine_tuning,3,1,10.086957,10.319865,True,zones,B,save/zones/all
SimCLR,SimCLR,augment,,,all,all,age,fine_tuning,3,2,12.6,13.22067,True,zones,B,save/zones/all
SimCLR,SimCLR,augment,,,all,all,age,fine_tuning,3,3,13.517241,14.118408,True,zones,B,save/zones/all
SimCLR,SimCLR,augment,,,all,all,age,fine_tuning,3,4,25.104347,24.564003,True,zones,B,save/zones/all
SimCLR,SimCLR-nbr-cosine,nbr,cosine,,all,all,age,fine_tuning,3,0,20.033897,19.697578,True,zones,B,save/zones/all
SimCLR,SimCLR-nbr-cosine,nbr,cosine,,all,all,age,fine_tuning,3,1,10.086957,11.609406,True,zones,B,save/zones/all
SimCLR,SimCLR-nbr-cosine,nbr,cosine,,all,all,age,fine_tuning,3,2,12.6,13.064414,True,zones,B,save/zones/all
SimCLR,SimCLR-nbr-cosine,nbr,cosine,,all,all,age,fine_tuning,3,3,13.517241,14.818904,True,zones,B,save/zones/all
SimCLR,SimCLR-nbr-cosine,nbr,cosine,,all,all,age,fine_tuning,3,4,25.104347,25.045616,True,zones,B,save/zones/all
SimCLR,SimCLR-nbr-wasser,nbr,wasserstein,,all,all,age,fine_tuning,3,0,20.033897,19.685293,True,zones,B,save/zones/all
SimCLR,SimCLR-nbr-wasser,nbr,wasserstein,,all,all,age,fine_tuning,3,1,10.086957,11.348232,True,zones,B,save/zones/all
SimCLR,SimCLR-nbr-wasser,nbr,wasserstein,,all,all,age,fine_tuning,3,2,12.6,12.155651,True,zones,B,save/zones/all
SimCLR,SimCLR-nbr-wasser,nbr,wasserstein,,all,all,age,fine_tuning,3,3,13.517241,13.571042,True,zones,B,save/zones/all
SimCLR,SimCLR-nbr-wasser,nbr,wasserstein,,all,all,age,fine_tuning,3,4,25.104347,24.519405,True,zones,B,save/zones/all
SimCLR,SimCLR-nbr-riemann,nbr,riemann,,all,all,age,fine_tuning,3,0,20.033897,19.215191,True,zones,B,save/zones/all
SimCLR,SimCLR-nbr-riemann,nbr,riemann,,all,all,age,fine_tuning,3,1,10.086957,10.932359,True,zones,B,save/zones/all
SimCLR,SimCLR-nbr-riemann,nbr,riemann,,all,all,age,fine_tuning,3,2,12.6,13.034481,True,zones,B,save/zones/all
SimCLR,SimCLR-nbr-riemann,nbr,riemann,,all,all,age,fine_tuning,3,3,13.517241,14.718169,True,zones,B,save/zones/all
SimCLR,SimCLR-nbr-riemann,nbr,riemann,,all,all,age,fine_tuning,3,4,25.104347,24.730377,True,zones,B,save/zones/all
SimCLR,SimCLR-xsubj-cosine,xsubj,cosine,,all,all,age,fine_tuning,3,0,20.033897,19.334858,True,zones,B,save/zones/all
SimCLR,SimCLR-xsubj-cosine,xsubj,cosine,,all,all,age,fine_tuning,3,1,10.086957,11.058887,True,zones,B,save/zones/all
SimCLR,SimCLR-xsubj-cosine,xsubj,cosine,,all,all,age,fine_tuning,3,2,12.6,15.014829,True,zones,B,save/zones/all
SimCLR,SimCLR-xsubj-cosine,xsubj,cosine,,all,all,age,fine_tuning,3,3,13.517241,14.602599,True,zones,B,save/zones/all
SimCLR,SimCLR-xsubj-cosine,xsubj,cosine,,all,all,age,fine_tuning,3,4,25.104347,24.537857,True,zones,B,save/zones/all
SimCLR,SimCLR-xsubj-wasser,xsubj,wasserstein,,all,all,age,fine_tuning,3,0,20.033897,19.821926,True,zones,B,save/zones/all
SimCLR,SimCLR-xsubj-wasser,xsubj,wasserstein,,all,all,age,fine_tuning,3,1,10.086957,10.923517,True,zones,B,save/zones/all
SimCLR,SimCLR-xsubj-wasser,xsubj,wasserstein,,all,all,age,fine_tuning,3,2,12.6,15.079781,True,zones,B,save/zones/all
SimCLR,SimCLR-xsubj-wasser,xsubj,wasserstein,,all,all,age,fine_tuning,3,3,13.517241,14.935975,True,zones,B,save/zones/all
SimCLR,SimCLR-xsubj-wasser,xsubj,wasserstein,,all,all,age,fine_tuning,3,4,25.104347,25.270973,True,zones,B,save/zones/all
SimCLR,SimCLR-xsubj-riemann,xsubj,riemann,,all,all,age,fine_tuning,3,0,20.033897,18.134724,True,zones,B,save/zones/all
SimCLR,SimCLR-xsubj-riemann,xsubj,riemann,,all,all,age,fine_tuning,3,1,10.086957,10.486908,True,zones,B,save/zones/all
SimCLR,SimCLR-xsubj-riemann,xsubj,riemann,,all,all,age,fine_tuning,3,2,12.6,13.029014,True,zones,B,save/zones/all
SimCLR,SimCLR-xsubj-riemann,xsubj,riemann,,all,all,age,fine_tuning,3,3,13.517241,15.681994,True,zones,B,save/zones/all
SimCLR,SimCLR-xsubj-riemann,xsubj,riemann,,all,all,age,fine_tuning,3,4,25.104347,24.723856,True,zones,B,save/zones/all
SimCLR,SimCLR-diffage-cosine,diffage,cosine,,all,all,age,fine_tuning,3,0,20.033897,19.464205,True,zones,B,save/zones/all
SimCLR,SimCLR-diffage-cosine,diffage,cosine,,all,all,age,fine_tuning,3,1,10.086957,12.39422,True,zones,B,save/zones/all
SimCLR,SimCLR-diffage-cosine,diffage,cosine,,all,all,age,fine_tuning,3,2,12.6,13.874402,True,zones,B,save/zones/all
SimCLR,SimCLR-diffage-cosine,diffage,cosine,,all,all,age,fine_tuning,3,3,13.517241,14.99663,True,zones,B,save/zones/all
SimCLR,SimCLR-diffage-cosine,diffage,cosine,,all,all,age,fine_tuning,3,4,25.104347,24.756575,True,zones,B,save/zones/all
SimCLR,SimCLR-diffage-wasser,diffage,wasserstein,,all,all,age,fine_tuning,3,0,20.033897,20.753099,True,zones,B,save/zones/all
SimCLR,SimCLR-diffage-wasser,diffage,wasserstein,,all,all,age,fine_tuning,3,1,10.086957,11.668473,True,zones,B,save/zones/all
SimCLR,SimCLR-diffage-wasser,diffage,wasserstein,,all,all,age,fine_tuning,3,2,12.6,12.429569,True,zones,B,save/zones/all
SimCLR,SimCLR-diffage-wasser,diffage,wasserstein,,all,all,age,fine_tuning,3,3,13.517241,14.227036,True,zones,B,save/zones/all
SimCLR,SimCLR-diffage-wasser,diffage,wasserstein,,all,all,age,fine_tuning,3,4,25.104347,24.329876,True,zones,B,save/zones/all
SimCLR,SimCLR-diffage-riemann,diffage,riemann,,all,all,age,fine_tuning,3,0,20.033897,20.037867,True,zones,B,save/zones/all
SimCLR,SimCLR-diffage-riemann,diffage,riemann,,all,all,age,fine_tuning,3,1,10.086957,11.843177,True,zones,B,save/zones/all
SimCLR,SimCLR-diffage-riemann,diffage,riemann,,all,all,age,fine_tuning,3,2,12.6,12.784538,True,zones,B,save/zones/all
SimCLR,SimCLR-diffage-riemann,diffage,riemann,,all,all,age,fine_tuning,3,3,13.517241,14.135945,True,zones,B,save/zones/all
SimCLR,SimCLR-diffage-riemann,diffage,riemann,,all,all,age,fine_tuning,3,4,25.104347,25.042234,True,zones,B,save/zones/all
VAE,VAE,,,,all,all,age,fine_tuning,3,0,20.033897,19.028542,True,zones,B,save/zones/all
VAE,VAE,,,,all,all,age,fine_tuning,3,1,10.086957,11.213033,True,zones,B,save/zones/all
VAE,VAE,,,,all,all,age,fine_tuning,3,2,12.6,13.303963,True,zones,B,save/zones/all
VAE,VAE,,,,all,all,age,fine_tuning,3,3,13.517241,14.206898,True,zones,B,save/zones/all
VAE,VAE,,,,all,all,age,fine_tuning,3,4,25.104347,23.760925,True,zones,B,save/zones/all
SimCLR,SimCLR,augment,,,all,all,age,linear_probe,4,0,12.185185,17.051323,True,zones,B,save/zones/all
SimCLR,SimCLR,augment,,,all,all,age,linear_probe,4,1,10.902439,16.604843,True,zones,B,save/zones/all
SimCLR,SimCLR,augment,,,all,all,age,linear_probe,4,2,7.125,15.654956,True,zones,B,save/zones/all
SimCLR,SimCLR,augment,,,all,all,age,linear_probe,4,3,31.799999,21.120764,True,zones,B,save/zones/all
SimCLR,SimCLR,augment,,,all,all,age,linear_probe,4,4,10.609756,22.981079,True,zones,B,save/zones/all
SimCLR,SimCLR-nbr-cosine,nbr,cosine,,all,all,age,linear_probe,4,0,12.185185,10.888871,True,zones,B,save/zones/all
SimCLR,SimCLR-nbr-cosine,nbr,cosine,,all,all,age,linear_probe,4,1,10.902439,10.730741,True,zones,B,save/zones/all
SimCLR,SimCLR-nbr-cosine,nbr,cosine,,all,all,age,linear_probe,4,2,7.125,13.396359,True,zones,B,save/zones/all
SimCLR,SimCLR-nbr-cosine,nbr,cosine,,all,all,age,linear_probe,4,3,31.799999,26.809547,True,zones,B,save/zones/all
SimCLR,SimCLR-nbr-cosine,nbr,cosine,,all,all,age,linear_probe,4,4,10.609756,17.529526,True,zones,B,save/zones/all
SimCLR,SimCLR-nbr-wasser,nbr,wasserstein,,all,all,age,linear_probe,4,0,12.185185,11.945972,True,zones,B,save/zones/all
SimCLR,SimCLR-nbr-wasser,nbr,wasserstein,,all,all,age,linear_probe,4,1,10.902439,11.97849,True,zones,B,save/zones/all
SimCLR,SimCLR-nbr-wasser,nbr,wasserstein,,all,all,age,linear_probe,4,2,7.125,13.096012,True,zones,B,save/zones/all
SimCLR,SimCLR-nbr-wasser,nbr,wasserstein,,all,all,age,linear_probe,4,3,31.799999,26.121035,True,zones,B,save/zones/all
SimCLR,SimCLR-nbr-wasser,nbr,wasserstein,,all,all,age,linear_probe,4,4,10.609756,17.092611,True,zones,B,save/zones/all
SimCLR,SimCLR-nbr-riemann,nbr,riemann,,all,all,age,linear_probe,4,0,12.185185,12.05964,True,zones,B,save/zones/all
SimCLR,SimCLR-nbr-riemann,nbr,riemann,,all,all,age,linear_probe,4,1,10.902439,12.963411,True,zones,B,save/zones/all
SimCLR,SimCLR-nbr-riemann,nbr,riemann,,all,all,age,linear_probe,4,2,7.125,14.507514,True,zones,B,save/zones/all
SimCLR,SimCLR-nbr-riemann,nbr,riemann,,all,all,age,linear_probe,4,3,31.799999,25.881454,True,zones,B,save/zones/all
SimCLR,SimCLR-nbr-riemann,nbr,riemann,,all,all,age,linear_probe,4,4,10.609756,15.921915,True,zones,B,save/zones/all
SimCLR,SimCLR-xsubj-cosine,xsubj,cosine,,all,all,age,linear_probe,4,0,12.185185,11.282914,True,zones,B,save/zones/all
SimCLR,SimCLR-xsubj-cosine,xsubj,cosine,,all,all,age,linear_probe,4,1,10.902439,12.33959,True,zones,B,save/zones/all
SimCLR,SimCLR-xsubj-cosine,xsubj,cosine,,all,all,age,linear_probe,4,2,7.125,11.960979,True,zones,B,save/zones/all
SimCLR,SimCLR-xsubj-cosine,xsubj,cosine,,all,all,age,linear_probe,4,3,31.799999,27.400417,True,zones,B,save/zones/all
SimCLR,SimCLR-xsubj-cosine,xsubj,cosine,,all,all,age,linear_probe,4,4,10.609756,15.114961,True,zones,B,save/zones/all
SimCLR,SimCLR-xsubj-wasser,xsubj,wasserstein,,all,all,age,linear_probe,4,0,12.185185,11.479207,True,zones,B,save/zones/all
SimCLR,SimCLR-xsubj-wasser,xsubj,wasserstein,,all,all,age,linear_probe,4,1,10.902439,9.832282,True,zones,B,save/zones/all
SimCLR,SimCLR-xsubj-wasser,xsubj,wasserstein,,all,all,age,linear_probe,4,2,7.125,11.988451,True,zones,B,save/zones/all
SimCLR,SimCLR-xsubj-wasser,xsubj,wasserstein,,all,all,age,linear_probe,4,3,31.799999,26.732805,True,zones,B,save/zones/all
SimCLR,SimCLR-xsubj-wasser,xsubj,wasserstein,,all,all,age,linear_probe,4,4,10.609756,13.579823,True,zones,B,save/zones/all
SimCLR,SimCLR-xsubj-riemann,xsubj,riemann,,all,all,age,linear_probe,4,0,12.185185,10.647096,True,zones,B,save/zones/all
SimCLR,SimCLR-xsubj-riemann,xsubj,riemann,,all,all,age,linear_probe,4,1,10.902439,10.831867,True,zones,B,save/zones/all
SimCLR,SimCLR-xsubj-riemann,xsubj,riemann,,all,all,age,linear_probe,4,2,7.125,11.307712,True,zones,B,save/zones/all
SimCLR,SimCLR-xsubj-riemann,xsubj,riemann,,all,all,age,linear_probe,4,3,31.799999,25.407743,True,zones,B,save/zones/all
SimCLR,SimCLR-xsubj-riemann,xsubj,riemann,,all,all,age,linear_probe,4,4,10.609756,16.090775,True,zones,B,save/zones/all
SimCLR,SimCLR-diffage-cosine,diffage,cosine,,all,all,age,linear_probe,4,0,12.185185,16.403711,True,zones,B,save/zones/all
SimCLR,SimCLR-diffage-cosine,diffage,cosine,,all,all,age,linear_probe,4,1,10.902439,16.235992,True,zones,B,save/zones/all
SimCLR,SimCLR-diffage-cosine,diffage,cosine,,all,all,age,linear_probe,4,2,7.125,14.429605,True,zones,B,save/zones/all
SimCLR,SimCLR-diffage-cosine,diffage,cosine,,all,all,age,linear_probe,4,3,31.799999,22.295717,True,zones,B,save/zones/all
SimCLR,SimCLR-diffage-cosine,diffage,cosine,,all,all,age,linear_probe,4,4,10.609756,18.267672,True,zones,B,save/zones/all
SimCLR,SimCLR-diffage-wasser,diffage,wasserstein,,all,all,age,linear_probe,4,0,12.185185,11.806575,True,zones,B,save/zones/all
SimCLR,SimCLR-diffage-wasser,diffage,wasserstein,,all,all,age,linear_probe,4,1,10.902439,14.412248,True,zones,B,save/zones/all
SimCLR,SimCLR-diffage-wasser,diffage,wasserstein,,all,all,age,linear_probe,4,2,7.125,15.754028,True,zones,B,save/zones/all
SimCLR,SimCLR-diffage-wasser,diffage,wasserstein,,all,all,age,linear_probe,4,3,31.799999,22.627296,True,zones,B,save/zones/all
SimCLR,SimCLR-diffage-wasser,diffage,wasserstein,,all,all,age,linear_probe,4,4,10.609756,15.275889,True,zones,B,save/zones/all
SimCLR,SimCLR-diffage-riemann,diffage,riemann,,all,all,age,linear_probe,4,0,12.185185,14.229588,True,zones,B,save/zones/all
SimCLR,SimCLR-diffage-riemann,diffage,riemann,,all,all,age,linear_probe,4,1,10.902439,11.993729,True,zones,B,save/zones/all
SimCLR,SimCLR-diffage-riemann,diffage,riemann,,all,all,age,linear_probe,4,2,7.125,12.51539,True,zones,B,save/zones/all
SimCLR,SimCLR-diffage-riemann,diffage,riemann,,all,all,age,linear_probe,4,3,31.799999,22.628962,True,zones,B,save/zones/all
SimCLR,SimCLR-diffage-riemann,diffage,riemann,,all,all,age,linear_probe,4,4,10.609756,15.323565,True,zones,B,save/zones/all
VAE,VAE,,,,all,all,age,linear_probe,4,0,12.185185,19.019361,True,zones,B,save/zones/all
VAE,VAE,,,,all,all,age,linear_probe,4,1,10.902439,18.6982,True,zones,B,save/zones/all
VAE,VAE,,,,all,all,age,linear_probe,4,2,7.125,18.95425,True,zones,B,save/zones/all
VAE,VAE,,,,all,all,age,linear_probe,4,3,31.799999,18.832674,True,zones,B,save/zones/all
VAE,VAE,,,,all,all,age,linear_probe,4,4,10.609756,18.929199,True,zones,B,save/zones/all
SimCLR,SimCLR,augment,,,all,all,age,fine_tuning,4,0,12.185185,9.371454,True,zones,B,save/zones/all
SimCLR,SimCLR,augment,,,all,all,age,fine_tuning,4,1,10.902439,10.682168,True,zones,B,save/zones/all
SimCLR,SimCLR,augment,,,all,all,age,fine_tuning,4,2,7.125,9.282001,True,zones,B,save/zones/all
SimCLR,SimCLR,augment,,,all,all,age,fine_tuning,4,3,31.799999,30.027174,True,zones,B,save/zones/all
SimCLR,SimCLR,augment,,,all,all,age,fine_tuning,4,4,10.609756,14.60587,True,zones,B,save/zones/all
SimCLR,SimCLR-nbr-cosine,nbr,cosine,,all,all,age,fine_tuning,4,0,12.185185,8.668574,True,zones,B,save/zones/all
SimCLR,SimCLR-nbr-cosine,nbr,cosine,,all,all,age,fine_tuning,4,1,10.902439,10.866678,True,zones,B,save/zones/all
SimCLR,SimCLR-nbr-cosine,nbr,cosine,,all,all,age,fine_tuning,4,2,7.125,9.403856,True,zones,B,save/zones/all
SimCLR,SimCLR-nbr-cosine,nbr,cosine,,all,all,age,fine_tuning,4,3,31.799999,31.435432,True,zones,B,save/zones/all
SimCLR,SimCLR-nbr-cosine,nbr,cosine,,all,all,age,fine_tuning,4,4,10.609756,11.545619,True,zones,B,save/zones/all
SimCLR,SimCLR-nbr-wasser,nbr,wasserstein,,all,all,age,fine_tuning,4,0,12.185185,10.406291,True,zones,B,save/zones/all
SimCLR,SimCLR-nbr-wasser,nbr,wasserstein,,all,all,age,fine_tuning,4,1,10.902439,12.365657,True,zones,B,save/zones/all
SimCLR,SimCLR-nbr-wasser,nbr,wasserstein,,all,all,age,fine_tuning,4,2,7.125,10.188076,True,zones,B,save/zones/all
SimCLR,SimCLR-nbr-wasser,nbr,wasserstein,,all,all,age,fine_tuning,4,3,31.799999,31.270094,True,zones,B,save/zones/all
SimCLR,SimCLR-nbr-wasser,nbr,wasserstein,,all,all,age,fine_tuning,4,4,10.609756,11.345702,True,zones,B,save/zones/all
SimCLR,SimCLR-nbr-riemann,nbr,riemann,,all,all,age,fine_tuning,4,0,12.185185,9.295354,True,zones,B,save/zones/all
SimCLR,SimCLR-nbr-riemann,nbr,riemann,,all,all,age,fine_tuning,4,1,10.902439,11.18171,True,zones,B,save/zones/all
SimCLR,SimCLR-nbr-riemann,nbr,riemann,,all,all,age,fine_tuning,4,2,7.125,10.395342,True,zones,B,save/zones/all
SimCLR,SimCLR-nbr-riemann,nbr,riemann,,all,all,age,fine_tuning,4,3,31.799999,30.945107,True,zones,B,save/zones/all
SimCLR,SimCLR-nbr-riemann,nbr,riemann,,all,all,age,fine_tuning,4,4,10.609756,12.050155,True,zones,B,save/zones/all
SimCLR,SimCLR-xsubj-cosine,xsubj,cosine,,all,all,age,fine_tuning,4,0,12.185185,10.061193,True,zones,B,save/zones/all
SimCLR,SimCLR-xsubj-cosine,xsubj,cosine,,all,all,age,fine_tuning,4,1,10.902439,11.937102,True,zones,B,save/zones/all
SimCLR,SimCLR-xsubj-cosine,xsubj,cosine,,all,all,age,fine_tuning,4,2,7.125,12.789018,True,zones,B,save/zones/all
SimCLR,SimCLR-xsubj-cosine,xsubj,cosine,,all,all,age,fine_tuning,4,3,31.799999,32.512211,True,zones,B,save/zones/all
SimCLR,SimCLR-xsubj-cosine,xsubj,cosine,,all,all,age,fine_tuning,4,4,10.609756,15.532617,True,zones,B,save/zones/all
SimCLR,SimCLR-xsubj-wasser,xsubj,wasserstein,,all,all,age,fine_tuning,4,0,12.185185,9.055037,True,zones,B,save/zones/all
SimCLR,SimCLR-xsubj-wasser,xsubj,wasserstein,,all,all,age,fine_tuning,4,1,10.902439,10.656863,True,zones,B,save/zones/all
SimCLR,SimCLR-xsubj-wasser,xsubj,wasserstein,,all,all,age,fine_tuning,4,2,7.125,10.7561,True,zones,B,save/zones/all
SimCLR,SimCLR-xsubj-wasser,xsubj,wasserstein,,all,all,age,fine_tuning,4,3,31.799999,32.161144,True,zones,B,save/zones/all
SimCLR,SimCLR-xsubj-wasser,xsubj,wasserstein,,all,all,age,fine_tuning,4,4,10.609756,13.288068,True,zones,B,save/zones/all
SimCLR,SimCLR-xsubj-riemann,xsubj,riemann,,all,all,age,fine_tuning,4,0,12.185185,11.270697,True,zones,B,save/zones/all
SimCLR,SimCLR-xsubj-riemann,xsubj,riemann,,all,all,age,fine_tuning,4,1,10.902439,12.085682,True,zones,B,save/zones/all
SimCLR,SimCLR-xsubj-riemann,xsubj,riemann,,all,all,age,fine_tuning,4,2,7.125,11.544724,True,zones,B,save/zones/all
SimCLR,SimCLR-xsubj-riemann,xsubj,riemann,,all,all,age,fine_tuning,4,3,31.799999,30.816959,True,zones,B,save/zones/all
SimCLR,SimCLR-xsubj-riemann,xsubj,riemann,,all,all,age,fine_tuning,4,4,10.609756,11.622017,True,zones,B,save/zones/all
SimCLR,SimCLR-diffage-cosine,diffage,cosine,,all,all,age,fine_tuning,4,0,12.185185,10.555734,True,zones,B,save/zones/all
SimCLR,SimCLR-diffage-cosine,diffage,cosine,,all,all,age,fine_tuning,4,1,10.902439,11.446664,True,zones,B,save/zones/all
SimCLR,SimCLR-diffage-cosine,diffage,cosine,,all,all,age,fine_tuning,4,2,7.125,10.336908,True,zones,B,save/zones/all
SimCLR,SimCLR-diffage-cosine,diffage,cosine,,all,all,age,fine_tuning,4,3,31.799999,31.26779,True,zones,B,save/zones/all
SimCLR,SimCLR-diffage-cosine,diffage,cosine,,all,all,age,fine_tuning,4,4,10.609756,13.096358,True,zones,B,save/zones/all
SimCLR,SimCLR-diffage-wasser,diffage,wasserstein,,all,all,age,fine_tuning,4,0,12.185185,10.429884,True,zones,B,save/zones/all
SimCLR,SimCLR-diffage-wasser,diffage,wasserstein,,all,all,age,fine_tuning,4,1,10.902439,11.220513,True,zones,B,save/zones/all
SimCLR,SimCLR-diffage-wasser,diffage,wasserstein,,all,all,age,fine_tuning,4,2,7.125,9.028541,True,zones,B,save/zones/all
SimCLR,SimCLR-diffage-wasser,diffage,wasserstein,,all,all,age,fine_tuning,4,3,31.799999,30.005472,True,zones,B,save/zones/all
SimCLR,SimCLR-diffage-wasser,diffage,wasserstein,,all,all,age,fine_tuning,4,4,10.609756,11.193977,True,zones,B,save/zones/all
SimCLR,SimCLR-diffage-riemann,diffage,riemann,,all,all,age,fine_tuning,4,0,12.185185,11.07315,True,zones,B,save/zones/all
SimCLR,SimCLR-diffage-riemann,diffage,riemann,,all,all,age,fine_tuning,4,1,10.902439,11.160024,True,zones,B,save/zones/all
SimCLR,SimCLR-diffage-riemann,diffage,riemann,,all,all,age,fine_tuning,4,2,7.125,9.582178,True,zones,B,save/zones/all
SimCLR,SimCLR-diffage-riemann,diffage,riemann,,all,all,age,fine_tuning,4,3,31.799999,30.392256,True,zones,B,save/zones/all
SimCLR,SimCLR-diffage-riemann,diffage,riemann,,all,all,age,fine_tuning,4,4,10.609756,14.572967,True,zones,B,save/zones/all
VAE,VAE,,,,all,all,age,fine_tuning,4,0,12.185185,9.591439,True,zones,B,save/zones/all
VAE,VAE,,,,all,all,age,fine_tuning,4,1,10.902439,10.058572,True,zones,B,save/zones/all
VAE,VAE,,,,all,all,age,fine_tuning,4,2,7.125,10.801365,True,zones,B,save/zones/all
VAE,VAE,,,,all,all,age,fine_tuning,4,3,31.799999,31.828974,True,zones,B,save/zones/all
VAE,VAE,,,,all,all,age,fine_tuning,4,4,10.609756,13.622392,True,zones,B,save/zones/all
SimCLR,SimCLR,augment,,,all,all,age,linear_probe,5,0,21.299999,23.59927,True,zones,B,save/zones/all
SimCLR,SimCLR,augment,,,all,all,age,linear_probe,5,1,16.439024,15.629962,True,zones,B,save/zones/all
SimCLR,SimCLR,augment,,,all,all,age,linear_probe,5,2,14.341772,17.446711,True,zones,B,save/zones/all
SimCLR,SimCLR,augment,,,all,all,age,linear_probe,5,3,22.196079,19.724333,True,zones,B,save/zones/all
SimCLR,SimCLR-nbr-cosine,nbr,cosine,,all,all,age,linear_probe,5,0,21.299999,20.143375,True,zones,B,save/zones/all
SimCLR,SimCLR-nbr-cosine,nbr,cosine,,all,all,age,linear_probe,5,1,16.439024,14.319235,True,zones,B,save/zones/all
SimCLR,SimCLR-nbr-cosine,nbr,cosine,,all,all,age,linear_probe,5,2,14.341772,15.112371,True,zones,B,save/zones/all
SimCLR,SimCLR-nbr-cosine,nbr,cosine,,all,all,age,linear_probe,5,3,22.196079,25.495287,True,zones,B,save/zones/all
SimCLR,SimCLR-nbr-wasser,nbr,wasserstein,,all,all,age,linear_probe,5,0,21.299999,19.860657,True,zones,B,save/zones/all
SimCLR,SimCLR-nbr-wasser,nbr,wasserstein,,all,all,age,linear_probe,5,1,16.439024,13.064894,True,zones,B,save/zones/all
SimCLR,SimCLR-nbr-wasser,nbr,wasserstein,,all,all,age,linear_probe,5,2,14.341772,14.328205,True,zones,B,save/zones/all
SimCLR,SimCLR-nbr-wasser,nbr,wasserstein,,all,all,age,linear_probe,5,3,22.196079,25.757368,True,zones,B,save/zones/all
SimCLR,SimCLR-nbr-riemann,nbr,riemann,,all,all,age,linear_probe,5,0,21.299999,21.454365,True,zones,B,save/zones/all
SimCLR,SimCLR-nbr-riemann,nbr,riemann,,all,all,age,linear_probe,5,1,16.439024,15.075837,True,zones,B,save/zones/all
SimCLR,SimCLR-nbr-riemann,nbr,riemann,,all,all,age,linear_probe,5,2,14.341772,13.89056,True,zones,B,save/zones/all
SimCLR,SimCLR-nbr-riemann,nbr,riemann,,all,all,age,linear_probe,5,3,22.196079,26.988256,True,zones,B,save/zones/all
SimCLR,SimCLR-xsubj-cosine,xsubj,cosine,,all,all,age,linear_probe,5,0,21.299999,24.518206,True,zones,B,save/zones/all
SimCLR,SimCLR-xsubj-cosine,xsubj,cosine,,all,all,age,linear_probe,5,1,16.439024,14.782863,True,zones,B,save/zones/all
SimCLR,SimCLR-xsubj-cosine,xsubj,cosine,,all,all,age,linear_probe,5,2,14.341772,16.331984,True,zones,B,save/zones/all
SimCLR,SimCLR-xsubj-cosine,xsubj,cosine,,all,all,age,linear_probe,5,3,22.196079,24.202761,True,zones,B,save/zones/all
SimCLR,SimCLR-xsubj-wasser,xsubj,wasserstein,,all,all,age,linear_probe,5,0,21.299999,26.889179,True,zones,B,save/zones/all
SimCLR,SimCLR-xsubj-wasser,xsubj,wasserstein,,all,all,age,linear_probe,5,1,16.439024,16.397072,True,zones,B,save/zones/all
SimCLR,SimCLR-xsubj-wasser,xsubj,wasserstein,,all,all,age,linear_probe,5,2,14.341772,17.162977,True,zones,B,save/zones/all
SimCLR,SimCLR-xsubj-wasser,xsubj,wasserstein,,all,all,age,linear_probe,5,3,22.196079,26.461048,True,zones,B,save/zones/all
SimCLR,SimCLR-xsubj-riemann,xsubj,riemann,,all,all,age,linear_probe,5,0,21.299999,26.473597,True,zones,B,save/zones/all
SimCLR,SimCLR-xsubj-riemann,xsubj,riemann,,all,all,age,linear_probe,5,1,16.439024,15.90867,True,zones,B,save/zones/all
SimCLR,SimCLR-xsubj-riemann,xsubj,riemann,,all,all,age,linear_probe,5,2,14.341772,15.838946,True,zones,B,save/zones/all
SimCLR,SimCLR-xsubj-riemann,xsubj,riemann,,all,all,age,linear_probe,5,3,22.196079,27.438887,True,zones,B,save/zones/all
SimCLR,SimCLR-diffage-cosine,diffage,cosine,,all,all,age,linear_probe,5,0,21.299999,19.779171,True,zones,B,save/zones/all
SimCLR,SimCLR-diffage-cosine,diffage,cosine,,all,all,age,linear_probe,5,1,16.439024,16.207903,True,zones,B,save/zones/all
SimCLR,SimCLR-diffage-cosine,diffage,cosine,,all,all,age,linear_probe,5,2,14.341772,19.679008,True,zones,B,save/zones/all
SimCLR,SimCLR-diffage-cosine,diffage,cosine,,all,all,age,linear_probe,5,3,22.196079,21.94709,True,zones,B,save/zones/all
SimCLR,SimCLR-diffage-wasser,diffage,wasserstein,,all,all,age,linear_probe,5,0,21.299999,21.427952,True,zones,B,save/zones/all
SimCLR,SimCLR-diffage-wasser,diffage,wasserstein,,all,all,age,linear_probe,5,1,16.439024,15.69186,True,zones,B,save/zones/all
SimCLR,SimCLR-diffage-wasser,diffage,wasserstein,,all,all,age,linear_probe,5,2,14.341772,18.373985,True,zones,B,save/zones/all
SimCLR,SimCLR-diffage-wasser,diffage,wasserstein,,all,all,age,linear_probe,5,3,22.196079,22.068027,True,zones,B,save/zones/all
SimCLR,SimCLR-diffage-riemann,diffage,riemann,,all,all,age,linear_probe,5,0,21.299999,22.500675,True,zones,B,save/zones/all
SimCLR,SimCLR-diffage-riemann,diffage,riemann,,all,all,age,linear_probe,5,1,16.439024,13.051197,True,zones,B,save/zones/all
SimCLR,SimCLR-diffage-riemann,diffage,riemann,,all,all,age,linear_probe,5,2,14.341772,16.685558,True,zones,B,save/zones/all
SimCLR,SimCLR-diffage-riemann,diffage,riemann,,all,all,age,linear_probe,5,3,22.196079,22.685436,True,zones,B,save/zones/all
VAE,VAE,,,,all,all,age,linear_probe,5,0,21.299999,19.227818,True,zones,B,save/zones/all
VAE,VAE,,,,all,all,age,linear_probe,5,1,16.439024,19.064611,True,zones,B,save/zones/all
VAE,VAE,,,,all,all,age,linear_probe,5,2,14.341772,19.016211,True,zones,B,save/zones/all
VAE,VAE,,,,all,all,age,linear_probe,5,3,22.196079,19.15041,True,zones,B,save/zones/all
SimCLR,SimCLR,augment,,,all,all,age,fine_tuning,5,0,21.299999,23.120724,True,zones,B,save/zones/all
SimCLR,SimCLR,augment,,,all,all,age,fine_tuning,5,1,16.439024,17.291903,True,zones,B,save/zones/all
SimCLR,SimCLR,augment,,,all,all,age,fine_tuning,5,2,14.341772,16.90831,True,zones,B,save/zones/all
SimCLR,SimCLR,augment,,,all,all,age,fine_tuning,5,3,22.196079,24.618402,True,zones,B,save/zones/all
SimCLR,SimCLR-nbr-cosine,nbr,cosine,,all,all,age,fine_tuning,5,0,21.299999,24.457932,True,zones,B,save/zones/all
SimCLR,SimCLR-nbr-cosine,nbr,cosine,,all,all,age,fine_tuning,5,1,16.439024,16.849838,True,zones,B,save/zones/all
SimCLR,SimCLR-nbr-cosine,nbr,cosine,,all,all,age,fine_tuning,5,2,14.341772,17.346872,True,zones,B,save/zones/all
SimCLR,SimCLR-nbr-cosine,nbr,cosine,,all,all,age,fine_tuning,5,3,22.196079,24.555492,True,zones,B,save/zones/all
SimCLR,SimCLR-nbr-wasser,nbr,wasserstein,,all,all,age,fine_tuning,5,0,21.299999,22.227625,True,zones,B,save/zones/all
SimCLR,SimCLR-nbr-wasser,nbr,wasserstein,,all,all,age,fine_tuning,5,1,16.439024,16.073792,True,zones,B,save/zones/all
SimCLR,SimCLR-nbr-wasser,nbr,wasserstein,,all,all,age,fine_tuning,5,2,14.341772,16.241388,True,zones,B,save/zones/all
SimCLR,SimCLR-nbr-wasser,nbr,wasserstein,,all,all,age,fine_tuning,5,3,22.196079,23.967579,True,zones,B,save/zones/all
SimCLR,SimCLR-nbr-riemann,nbr,riemann,,all,all,age,fine_tuning,5,0,21.299999,23.143223,True,zones,B,save/zones/all
SimCLR,SimCLR-nbr-riemann,nbr,riemann,,all,all,age,fine_tuning,5,1,16.439024,15.580441,True,zones,B,save/zones/all
SimCLR,SimCLR-nbr-riemann,nbr,riemann,,all,all,age,fine_tuning,5,2,14.341772,15.749571,True,zones,B,save/zones/all
SimCLR,SimCLR-nbr-riemann,nbr,riemann,,all,all,age,fine_tuning,5,3,22.196079,23.623281,True,zones,B,save/zones/all
SimCLR,SimCLR-xsubj-cosine,xsubj,cosine,,all,all,age,fine_tuning,5,0,21.299999,22.209343,True,zones,B,save/zones/all
SimCLR,SimCLR-xsubj-cosine,xsubj,cosine,,all,all,age,fine_tuning,5,1,16.439024,16.29611,True,zones,B,save/zones/all
SimCLR,SimCLR-xsubj-cosine,xsubj,cosine,,all,all,age,fine_tuning,5,2,14.341772,16.603676,True,zones,B,save/zones/all
SimCLR,SimCLR-xsubj-cosine,xsubj,cosine,,all,all,age,fine_tuning,5,3,22.196079,24.148663,True,zones,B,save/zones/all
SimCLR,SimCLR-xsubj-wasser,xsubj,wasserstein,,all,all,age,fine_tuning,5,0,21.299999,24.060837,True,zones,B,save/zones/all
SimCLR,SimCLR-xsubj-wasser,xsubj,wasserstein,,all,all,age,fine_tuning,5,1,16.439024,15.592768,True,zones,B,save/zones/all
SimCLR,SimCLR-xsubj-wasser,xsubj,wasserstein,,all,all,age,fine_tuning,5,2,14.341772,16.602116,True,zones,B,save/zones/all
SimCLR,SimCLR-xsubj-wasser,xsubj,wasserstein,,all,all,age,fine_tuning,5,3,22.196079,24.373926,True,zones,B,save/zones/all
SimCLR,SimCLR-xsubj-riemann,xsubj,riemann,,all,all,age,fine_tuning,5,0,21.299999,22.621466,True,zones,B,save/zones/all
SimCLR,SimCLR-xsubj-riemann,xsubj,riemann,,all,all,age,fine_tuning,5,1,16.439024,15.346044,True,zones,B,save/zones/all
SimCLR,SimCLR-xsubj-riemann,xsubj,riemann,,all,all,age,fine_tuning,5,2,14.341772,16.392668,True,zones,B,save/zones/all
SimCLR,SimCLR-xsubj-riemann,xsubj,riemann,,all,all,age,fine_tuning,5,3,22.196079,23.626972,True,zones,B,save/zones/all
SimCLR,SimCLR-diffage-cosine,diffage,cosine,,all,all,age,fine_tuning,5,0,21.299999,24.224081,True,zones,B,save/zones/all
SimCLR,SimCLR-diffage-cosine,diffage,cosine,,all,all,age,fine_tuning,5,1,16.439024,17.190277,True,zones,B,save/zones/all
SimCLR,SimCLR-diffage-cosine,diffage,cosine,,all,all,age,fine_tuning,5,2,14.341772,18.019323,True,zones,B,save/zones/all
SimCLR,SimCLR-diffage-cosine,diffage,cosine,,all,all,age,fine_tuning,5,3,22.196079,25.584406,True,zones,B,save/zones/all
SimCLR,SimCLR-diffage-wasser,diffage,wasserstein,,all,all,age,fine_tuning,5,0,21.299999,22.855961,True,zones,B,save/zones/all
SimCLR,SimCLR-diffage-wasser,diffage,wasserstein,,all,all,age,fine_tuning,5,1,16.439024,13.903243,True,zones,B,save/zones/all
SimCLR,SimCLR-diffage-wasser,diffage,wasserstein,,all,all,age,fine_tuning,5,2,14.341772,16.659388,True,zones,B,save/zones/all
SimCLR,SimCLR-diffage-wasser,diffage,wasserstein,,all,all,age,fine_tuning,5,3,22.196079,24.699858,True,zones,B,save/zones/all
SimCLR,SimCLR-diffage-riemann,diffage,riemann,,all,all,age,fine_tuning,5,0,21.299999,22.992741,True,zones,B,save/zones/all
SimCLR,SimCLR-diffage-riemann,diffage,riemann,,all,all,age,fine_tuning,5,1,16.439024,15.145298,True,zones,B,save/zones/all
SimCLR,SimCLR-diffage-riemann,diffage,riemann,,all,all,age,fine_tuning,5,2,14.341772,16.059025,True,zones,B,save/zones/all
SimCLR,SimCLR-diffage-riemann,diffage,riemann,,all,all,age,fine_tuning,5,3,22.196079,23.920692,True,zones,B,save/zones/all
VAE,VAE,,,,all,all,age,fine_tuning,5,0,21.299999,23.462852,True,zones,B,save/zones/all
VAE,VAE,,,,all,all,age,fine_tuning,5,1,16.439024,14.834027,True,zones,B,save/zones/all
VAE,VAE,,,,all,all,age,fine_tuning,5,2,14.341772,16.661119,True,zones,B,save/zones/all
VAE,VAE,,,,all,all,age,fine_tuning,5,3,22.196079,24.265795,True,zones,B,save/zones/all
SimCLR,SimCLR,augment,,,all,all,age,linear_probe,8,0,25.25,24.543131,True,zones,B,save/zones/all
SimCLR,SimCLR,augment,,,all,all,age,linear_probe,8,1,19.92,17.159029,True,zones,B,save/zones/all
SimCLR,SimCLR,augment,,,all,all,age,linear_probe,8,2,22.776316,19.719894,True,zones,B,save/zones/all
SimCLR,SimCLR,augment,,,all,all,age,linear_probe,8,3,13.230769,20.83683,True,zones,B,save/zones/all
SimCLR,SimCLR-nbr-cosine,nbr,cosine,,all,all,age,linear_probe,8,0,25.25,24.681559,True,zones,B,save/zones/all
SimCLR,SimCLR-nbr-cosine,nbr,cosine,,all,all,age,linear_probe,8,1,19.92,21.062344,True,zones,B,save/zones/all
SimCLR,SimCLR-nbr-cosine,nbr,cosine,,all,all,age,linear_probe,8,2,22.776316,23.814493,True,zones,B,save/zones/all
SimCLR,SimCLR-nbr-cosine,nbr,cosine,,all,all,age,linear_probe,8,3,13.230769,16.176353,True,zones,B,save/zones/all
SimCLR,SimCLR-nbr-wasser,nbr,wasserstein,,all,all,age,linear_probe,8,0,25.25,24.966513,True,zones,B,save/zones/all
SimCLR,SimCLR-nbr-wasser,nbr,wasserstein,,all,all,age,linear_probe,8,1,19.92,19.548559,True,zones,B,save/zones/all
SimCLR,SimCLR-nbr-wasser,nbr,wasserstein,,all,all,age,linear_probe,8,2,22.776316,23.427301,True,zones,B,save/zones/all
SimCLR,SimCLR-nbr-wasser,nbr,wasserstein,,all,all,age,linear_probe,8,3,13.230769,16.322975,True,zones,B,save/zones/all
SimCLR,SimCLR-nbr-riemann,nbr,riemann,,all,all,age,linear_probe,8,0,25.25,23.299261,True,zones,B,save/zones/all
SimCLR,SimCLR-nbr-riemann,nbr,riemann,,all,all,age,linear_probe,8,1,19.92,19.058508,True,zones,B,save/zones/all
SimCLR,SimCLR-nbr-riemann,nbr,riemann,,all,all,age,linear_probe,8,2,22.776316,24.306089,True,zones,B,save/zones/all
SimCLR,SimCLR-nbr-riemann,nbr,riemann,,all,all,age,linear_probe,8,3,13.230769,17.337488,True,zones,B,save/zones/all
SimCLR,SimCLR-xsubj-cosine,xsubj,cosine,,all,all,age,linear_probe,8,0,25.25,24.992014,True,zones,B,save/zones/all
SimCLR,SimCLR-xsubj-cosine,xsubj,cosine,,all,all,age,linear_probe,8,1,19.92,19.35306,True,zones,B,save/zones/all
SimCLR,SimCLR-xsubj-cosine,xsubj,cosine,,all,all,age,linear_probe,8,2,22.776316,24.141693,True,zones,B,save/zones/all
SimCLR,SimCLR-xsubj-cosine,xsubj,cosine,,all,all,age,linear_probe,8,3,13.230769,16.164049,True,zones,B,save/zones/all
SimCLR,SimCLR-xsubj-wasser,xsubj,wasserstein,,all,all,age,linear_probe,8,0,25.25,22.560745,True,zones,B,save/zones/all
SimCLR,SimCLR-xsubj-wasser,xsubj,wasserstein,,all,all,age,linear_probe,8,1,19.92,20.318241,True,zones,B,save/zones/all
SimCLR,SimCLR-xsubj-wasser,xsubj,wasserstein,,all,all,age,linear_probe,8,2,22.776316,24.140295,True,zones,B,save/zones/all
SimCLR,SimCLR-xsubj-wasser,xsubj,wasserstein,,all,all,age,linear_probe,8,3,13.230769,19.539476,True,zones,B,save/zones/all
SimCLR,SimCLR-xsubj-riemann,xsubj,riemann,,all,all,age,linear_probe,8,0,25.25,23.022257,True,zones,B,save/zones/all
SimCLR,SimCLR-xsubj-riemann,xsubj,riemann,,all,all,age,linear_probe,8,1,19.92,17.447878,True,zones,B,save/zones/all
SimCLR,SimCLR-xsubj-riemann,xsubj,riemann,,all,all,age,linear_probe,8,2,22.776316,26.303305,True,zones,B,save/zones/all
SimCLR,SimCLR-xsubj-riemann,xsubj,riemann,,all,all,age,linear_probe,8,3,13.230769,19.123362,True,zones,B,save/zones/all
SimCLR,SimCLR-diffage-cosine,diffage,cosine,,all,all,age,linear_probe,8,0,25.25,17.611284,True,zones,B,save/zones/all
SimCLR,SimCLR-diffage-cosine,diffage,cosine,,all,all,age,linear_probe,8,1,19.92,19.73752,True,zones,B,save/zones/all
SimCLR,SimCLR-diffage-cosine,diffage,cosine,,all,all,age,linear_probe,8,2,22.776316,22.195566,True,zones,B,save/zones/all
SimCLR,SimCLR-diffage-cosine,diffage,cosine,,all,all,age,linear_probe,8,3,13.230769,19.591429,True,zones,B,save/zones/all
SimCLR,SimCLR-diffage-wasser,diffage,wasserstein,,all,all,age,linear_probe,8,0,25.25,20.619556,True,zones,B,save/zones/all
SimCLR,SimCLR-diffage-wasser,diffage,wasserstein,,all,all,age,linear_probe,8,1,19.92,17.630606,True,zones,B,save/zones/all
SimCLR,SimCLR-diffage-wasser,diffage,wasserstein,,all,all,age,linear_probe,8,2,22.776316,21.026482,True,zones,B,save/zones/all
SimCLR,SimCLR-diffage-wasser,diffage,wasserstein,,all,all,age,linear_probe,8,3,13.230769,17.504429,True,zones,B,save/zones/all
SimCLR,SimCLR-diffage-riemann,diffage,riemann,,all,all,age,linear_probe,8,0,25.25,24.210693,True,zones,B,save/zones/all
SimCLR,SimCLR-diffage-riemann,diffage,riemann,,all,all,age,linear_probe,8,1,19.92,18.222099,True,zones,B,save/zones/all
SimCLR,SimCLR-diffage-riemann,diffage,riemann,,all,all,age,linear_probe,8,2,22.776316,23.111494,True,zones,B,save/zones/all
SimCLR,SimCLR-diffage-riemann,diffage,riemann,,all,all,age,linear_probe,8,3,13.230769,17.219971,True,zones,B,save/zones/all
VAE,VAE,,,,all,all,age,linear_probe,8,0,25.25,18.916632,True,zones,B,save/zones/all
VAE,VAE,,,,all,all,age,linear_probe,8,1,19.92,18.904711,True,zones,B,save/zones/all
VAE,VAE,,,,all,all,age,linear_probe,8,2,22.776316,18.87529,True,zones,B,save/zones/all
VAE,VAE,,,,all,all,age,linear_probe,8,3,13.230769,18.791191,True,zones,B,save/zones/all
SimCLR,SimCLR,augment,,,all,all,age,fine_tuning,8,0,25.25,26.710733,True,zones,B,save/zones/all
SimCLR,SimCLR,augment,,,all,all,age,fine_tuning,8,1,19.92,20.894293,True,zones,B,save/zones/all
SimCLR,SimCLR,augment,,,all,all,age,fine_tuning,8,2,22.776316,25.239534,True,zones,B,save/zones/all
SimCLR,SimCLR,augment,,,all,all,age,fine_tuning,8,3,13.230769,15.411777,True,zones,B,save/zones/all
SimCLR,SimCLR-nbr-cosine,nbr,cosine,,all,all,age,fine_tuning,8,0,25.25,25.968596,True,zones,B,save/zones/all
SimCLR,SimCLR-nbr-cosine,nbr,cosine,,all,all,age,fine_tuning,8,1,19.92,20.906588,True,zones,B,save/zones/all
SimCLR,SimCLR-nbr-cosine,nbr,cosine,,all,all,age,fine_tuning,8,2,22.776316,24.518751,True,zones,B,save/zones/all
SimCLR,SimCLR-nbr-cosine,nbr,cosine,,all,all,age,fine_tuning,8,3,13.230769,15.125647,True,zones,B,save/zones/all
SimCLR,SimCLR-nbr-wasser,nbr,wasserstein,,all,all,age,fine_tuning,8,0,25.25,27.320692,True,zones,B,save/zones/all
SimCLR,SimCLR-nbr-wasser,nbr,wasserstein,,all,all,age,fine_tuning,8,1,19.92,21.86799,True,zones,B,save/zones/all
SimCLR,SimCLR-nbr-wasser,nbr,wasserstein,,all,all,age,fine_tuning,8,2,22.776316,24.592533,True,zones,B,save/zones/all
SimCLR,SimCLR-nbr-wasser,nbr,wasserstein,,all,all,age,fine_tuning,8,3,13.230769,14.123231,True,zones,B,save/zones/all
SimCLR,SimCLR-nbr-riemann,nbr,riemann,,all,all,age,fine_tuning,8,0,25.25,26.529303,True,zones,B,save/zones/all
SimCLR,SimCLR-nbr-riemann,nbr,riemann,,all,all,age,fine_tuning,8,1,19.92,20.682228,True,zones,B,save/zones/all
SimCLR,SimCLR-nbr-riemann,nbr,riemann,,all,all,age,fine_tuning,8,2,22.776316,25.579216,True,zones,B,save/zones/all
SimCLR,SimCLR-nbr-riemann,nbr,riemann,,all,all,age,fine_tuning,8,3,13.230769,15.508339,True,zones,B,save/zones/all
SimCLR,SimCLR-xsubj-cosine,xsubj,cosine,,all,all,age,fine_tuning,8,0,25.25,25.697779,True,zones,B,save/zones/all
SimCLR,SimCLR-xsubj-cosine,xsubj,cosine,,all,all,age,fine_tuning,8,1,19.92,22.364765,True,zones,B,save/zones/all
SimCLR,SimCLR-xsubj-cosine,xsubj,cosine,,all,all,age,fine_tuning,8,2,22.776316,24.637182,True,zones,B,save/zones/all
SimCLR,SimCLR-xsubj-cosine,xsubj,cosine,,all,all,age,fine_tuning,8,3,13.230769,17.303585,True,zones,B,save/zones/all
SimCLR,SimCLR-xsubj-wasser,xsubj,wasserstein,,all,all,age,fine_tuning,8,0,25.25,26.965376,True,zones,B,save/zones/all
SimCLR,SimCLR-xsubj-wasser,xsubj,wasserstein,,all,all,age,fine_tuning,8,1,19.92,20.591677,True,zones,B,save/zones/all
SimCLR,SimCLR-xsubj-wasser,xsubj,wasserstein,,all,all,age,fine_tuning,8,2,22.776316,25.698858,True,zones,B,save/zones/all
SimCLR,SimCLR-xsubj-wasser,xsubj,wasserstein,,all,all,age,fine_tuning,8,3,13.230769,15.574861,True,zones,B,save/zones/all
SimCLR,SimCLR-xsubj-riemann,xsubj,riemann,,all,all,age,fine_tuning,8,0,25.25,26.570326,True,zones,B,save/zones/all
SimCLR,SimCLR-xsubj-riemann,xsubj,riemann,,all,all,age,fine_tuning,8,1,19.92,19.351669,True,zones,B,save/zones/all
SimCLR,SimCLR-xsubj-riemann,xsubj,riemann,,all,all,age,fine_tuning,8,2,22.776316,24.499537,True,zones,B,save/zones/all
SimCLR,SimCLR-xsubj-riemann,xsubj,riemann,,all,all,age,fine_tuning,8,3,13.230769,15.948635,True,zones,B,save/zones/all
SimCLR,SimCLR-diffage-cosine,diffage,cosine,,all,all,age,fine_tuning,8,0,25.25,24.124601,True,zones,B,save/zones/all
SimCLR,SimCLR-diffage-cosine,diffage,cosine,,all,all,age,fine_tuning,8,1,19.92,17.802959,True,zones,B,save/zones/all
SimCLR,SimCLR-diffage-cosine,diffage,cosine,,all,all,age,fine_tuning,8,2,22.776316,24.073116,True,zones,B,save/zones/all
SimCLR,SimCLR-diffage-cosine,diffage,cosine,,all,all,age,fine_tuning,8,3,13.230769,15.178535,True,zones,B,save/zones/all
SimCLR,SimCLR-diffage-wasser,diffage,wasserstein,,all,all,age,fine_tuning,8,0,25.25,25.842911,True,zones,B,save/zones/all
SimCLR,SimCLR-diffage-wasser,diffage,wasserstein,,all,all,age,fine_tuning,8,1,19.92,18.286003,True,zones,B,save/zones/all
SimCLR,SimCLR-diffage-wasser,diffage,wasserstein,,all,all,age,fine_tuning,8,2,22.776316,24.802477,True,zones,B,save/zones/all
SimCLR,SimCLR-diffage-wasser,diffage,wasserstein,,all,all,age,fine_tuning,8,3,13.230769,16.300884,True,zones,B,save/zones/all
SimCLR,SimCLR-diffage-riemann,diffage,riemann,,all,all,age,fine_tuning,8,0,25.25,25.679239,True,zones,B,save/zones/all
SimCLR,SimCLR-diffage-riemann,diffage,riemann,,all,all,age,fine_tuning,8,1,19.92,18.457047,True,zones,B,save/zones/all
SimCLR,SimCLR-diffage-riemann,diffage,riemann,,all,all,age,fine_tuning,8,2,22.776316,24.326124,True,zones,B,save/zones/all
SimCLR,SimCLR-diffage-riemann,diffage,riemann,,all,all,age,fine_tuning,8,3,13.230769,14.596864,True,zones,B,save/zones/all
VAE,VAE,,,,all,all,age,fine_tuning,8,0,25.25,26.301737,True,zones,B,save/zones/all
VAE,VAE,,,,all,all,age,fine_tuning,8,1,19.92,20.734896,True,zones,B,save/zones/all
VAE,VAE,,,,all,all,age,fine_tuning,8,2,22.776316,25.054415,True,zones,B,save/zones/all
VAE,VAE,,,,all,all,age,fine_tuning,8,3,13.230769,17.173183,True,zones,B,save/zones/all
SimCLR,SimCLR,augment,,,central,all,age,linear_probe,0,0,23.1,20.921045,True,zones,B,save/zones/central
SimCLR,SimCLR,augment,,,central,all,age,linear_probe,0,1,7.809524,13.692594,True,zones,B,save/zones/central
SimCLR,SimCLR,augment,,,central,all,age,linear_probe,0,2,24.571428,16.070127,True,zones,B,save/zones/central
SimCLR,SimCLR,augment,,,central,all,age,linear_probe,0,3,17.265957,16.619041,True,zones,B,save/zones/central
SimCLR,SimCLR,augment,,,central,all,age,linear_probe,0,4,14.981818,16.335888,True,zones,B,save/zones/central
SimCLR,SimCLR-nbr-cosine,nbr,cosine,,central,all,age,linear_probe,0,0,23.1,25.377748,True,zones,B,save/zones/central
SimCLR,SimCLR-nbr-cosine,nbr,cosine,,central,all,age,linear_probe,0,1,7.809524,12.74653,True,zones,B,save/zones/central
SimCLR,SimCLR-nbr-cosine,nbr,cosine,,central,all,age,linear_probe,0,2,24.571428,18.241632,True,zones,B,save/zones/central
SimCLR,SimCLR-nbr-cosine,nbr,cosine,,central,all,age,linear_probe,0,3,17.265957,16.701189,True,zones,B,save/zones/central
SimCLR,SimCLR-nbr-cosine,nbr,cosine,,central,all,age,linear_probe,0,4,14.981818,17.215836,True,zones,B,save/zones/central
SimCLR,SimCLR-nbr-wasser,nbr,wasserstein,,central,all,age,linear_probe,0,0,23.1,24.83917,True,zones,B,save/zones/central
SimCLR,SimCLR-nbr-wasser,nbr,wasserstein,,central,all,age,linear_probe,0,1,7.809524,11.817315,True,zones,B,save/zones/central
SimCLR,SimCLR-nbr-wasser,nbr,wasserstein,,central,all,age,linear_probe,0,2,24.571428,18.236296,True,zones,B,save/zones/central
SimCLR,SimCLR-nbr-wasser,nbr,wasserstein,,central,all,age,linear_probe,0,3,17.265957,17.000391,True,zones,B,save/zones/central
SimCLR,SimCLR-nbr-wasser,nbr,wasserstein,,central,all,age,linear_probe,0,4,14.981818,18.40106,True,zones,B,save/zones/central
SimCLR,SimCLR-nbr-riemann,nbr,riemann,,central,all,age,linear_probe,0,0,23.1,25.204023,True,zones,B,save/zones/central
SimCLR,SimCLR-nbr-riemann,nbr,riemann,,central,all,age,linear_probe,0,1,7.809524,12.446999,True,zones,B,save/zones/central
SimCLR,SimCLR-nbr-riemann,nbr,riemann,,central,all,age,linear_probe,0,2,24.571428,19.453842,True,zones,B,save/zones/central
SimCLR,SimCLR-nbr-riemann,nbr,riemann,,central,all,age,linear_probe,0,3,17.265957,17.020761,True,zones,B,save/zones/central
SimCLR,SimCLR-nbr-riemann,nbr,riemann,,central,all,age,linear_probe,0,4,14.981818,16.786152,True,zones,B,save/zones/central
SimCLR,SimCLR-xsubj-cosine,xsubj,cosine,,central,all,age,linear_probe,0,0,23.1,23.753443,True,zones,B,save/zones/central
SimCLR,SimCLR-xsubj-cosine,xsubj,cosine,,central,all,age,linear_probe,0,1,7.809524,8.594978,True,zones,B,save/zones/central
SimCLR,SimCLR-xsubj-cosine,xsubj,cosine,,central,all,age,linear_probe,0,2,24.571428,18.592983,True,zones,B,save/zones/central
SimCLR,SimCLR-xsubj-cosine,xsubj,cosine,,central,all,age,linear_probe,0,3,17.265957,18.294004,True,zones,B,save/zones/central
SimCLR,SimCLR-xsubj-cosine,xsubj,cosine,,central,all,age,linear_probe,0,4,14.981818,14.690536,True,zones,B,save/zones/central
SimCLR,SimCLR-xsubj-wasser,xsubj,wasserstein,,central,all,age,linear_probe,0,0,23.1,23.523525,True,zones,B,save/zones/central
SimCLR,SimCLR-xsubj-wasser,xsubj,wasserstein,,central,all,age,linear_probe,0,1,7.809524,10.546923,True,zones,B,save/zones/central
SimCLR,SimCLR-xsubj-wasser,xsubj,wasserstein,,central,all,age,linear_probe,0,2,24.571428,16.906363,True,zones,B,save/zones/central
SimCLR,SimCLR-xsubj-wasser,xsubj,wasserstein,,central,all,age,linear_probe,0,3,17.265957,19.781176,True,zones,B,save/zones/central
SimCLR,SimCLR-xsubj-wasser,xsubj,wasserstein,,central,all,age,linear_probe,0,4,14.981818,16.533653,True,zones,B,save/zones/central
SimCLR,SimCLR-xsubj-riemann,xsubj,riemann,,central,all,age,linear_probe,0,0,23.1,24.117393,True,zones,B,save/zones/central
SimCLR,SimCLR-xsubj-riemann,xsubj,riemann,,central,all,age,linear_probe,0,1,7.809524,6.154506,True,zones,B,save/zones/central
SimCLR,SimCLR-xsubj-riemann,xsubj,riemann,,central,all,age,linear_probe,0,2,24.571428,15.838804,True,zones,B,save/zones/central
SimCLR,SimCLR-xsubj-riemann,xsubj,riemann,,central,all,age,linear_probe,0,3,17.265957,18.489902,True,zones,B,save/zones/central
SimCLR,SimCLR-xsubj-riemann,xsubj,riemann,,central,all,age,linear_probe,0,4,14.981818,17.62479,True,zones,B,save/zones/central
SimCLR,SimCLR-diffage-cosine,diffage,cosine,,central,all,age,linear_probe,0,0,23.1,20.138771,True,zones,B,save/zones/central
SimCLR,SimCLR-diffage-cosine,diffage,cosine,,central,all,age,linear_probe,0,1,7.809524,15.554013,True,zones,B,save/zones/central
SimCLR,SimCLR-diffage-cosine,diffage,cosine,,central,all,age,linear_probe,0,2,24.571428,14.486211,True,zones,B,save/zones/central
SimCLR,SimCLR-diffage-cosine,diffage,cosine,,central,all,age,linear_probe,0,3,17.265957,17.5811,True,zones,B,save/zones/central
SimCLR,SimCLR-diffage-cosine,diffage,cosine,,central,all,age,linear_probe,0,4,14.981818,17.098465,True,zones,B,save/zones/central
SimCLR,SimCLR-diffage-wasser,diffage,wasserstein,,central,all,age,linear_probe,0,0,23.1,21.297268,True,zones,B,save/zones/central
SimCLR,SimCLR-diffage-wasser,diffage,wasserstein,,central,all,age,linear_probe,0,1,7.809524,10.837546,True,zones,B,save/zones/central
SimCLR,SimCLR-diffage-wasser,diffage,wasserstein,,central,all,age,linear_probe,0,2,24.571428,16.405703,True,zones,B,save/zones/central
SimCLR,SimCLR-diffage-wasser,diffage,wasserstein,,central,all,age,linear_probe,0,3,17.265957,18.682734,True,zones,B,save/zones/central
SimCLR,SimCLR-diffage-wasser,diffage,wasserstein,,central,all,age,linear_probe,0,4,14.981818,18.767315,True,zones,B,save/zones/central
SimCLR,SimCLR-diffage-riemann,diffage,riemann,,central,all,age,linear_probe,0,0,23.1,22.520166,True,zones,B,save/zones/central
SimCLR,SimCLR-diffage-riemann,diffage,riemann,,central,all,age,linear_probe,0,1,7.809524,14.106768,True,zones,B,save/zones/central
SimCLR,SimCLR-diffage-riemann,diffage,riemann,,central,all,age,linear_probe,0,2,24.571428,17.759747,True,zones,B,save/zones/central
SimCLR,SimCLR-diffage-riemann,diffage,riemann,,central,all,age,linear_probe,0,3,17.265957,19.728851,True,zones,B,save/zones/central
SimCLR,SimCLR-diffage-riemann,diffage,riemann,,central,all,age,linear_probe,0,4,14.981818,16.970257,True,zones,B,save/zones/central
VAE,VAE,,,,central,all,age,linear_probe,0,0,23.1,19.135942,True,zones,B,save/zones/central
VAE,VAE,,,,central,all,age,linear_probe,0,1,7.809524,18.465649,True,zones,B,save/zones/central
VAE,VAE,,,,central,all,age,linear_probe,0,2,24.571428,18.769228,True,zones,B,save/zones/central
VAE,VAE,,,,central,all,age,linear_probe,0,3,17.265957,18.675056,True,zones,B,save/zones/central
VAE,VAE,,,,central,all,age,linear_probe,0,4,14.981818,18.85479,True,zones,B,save/zones/central
SimCLR,SimCLR,augment,,,central,all,age,fine_tuning,0,0,23.1,25.080153,True,zones,B,save/zones/central
SimCLR,SimCLR,augment,,,central,all,age,fine_tuning,0,1,7.809524,11.285769,True,zones,B,save/zones/central
SimCLR,SimCLR,augment,,,central,all,age,fine_tuning,0,2,24.571428,21.410872,True,zones,B,save/zones/central
SimCLR,SimCLR,augment,,,central,all,age,fine_tuning,0,3,17.265957,18.6143,True,zones,B,save/zones/central
SimCLR,SimCLR,augment,,,central,all,age,fine_tuning,0,4,14.981818,16.307615,True,zones,B,save/zones/central
SimCLR,SimCLR-nbr-cosine,nbr,cosine,,central,all,age,fine_tuning,0,0,23.1,25.963581,True,zones,B,save/zones/central
SimCLR,SimCLR-nbr-cosine,nbr,cosine,,central,all,age,fine_tuning,0,1,7.809524,12.519011,True,zones,B,save/zones/central
SimCLR,SimCLR-nbr-cosine,nbr,cosine,,central,all,age,fine_tuning,0,2,24.571428,23.46562,True,zones,B,save/zones/central
SimCLR,SimCLR-nbr-cosine,nbr,cosine,,central,all,age,fine_tuning,0,3,17.265957,20.53668,True,zones,B,save/zones/central
SimCLR,SimCLR-nbr-cosine,nbr,cosine,,central,all,age,fine_tuning,0,4,14.981818,16.353704,True,zones,B,save/zones/central
SimCLR,SimCLR-nbr-wasser,nbr,wasserstein,,central,all,age,fine_tuning,0,0,23.1,26.122374,True,zones,B,save/zones/central
SimCLR,SimCLR-nbr-wasser,nbr,wasserstein,,central,all,age,fine_tuning,0,1,7.809524,12.93189,True,zones,B,save/zones/central
SimCLR,SimCLR-nbr-wasser,nbr,wasserstein,,central,all,age,fine_tuning,0,2,24.571428,23.16695,True,zones,B,save/zones/central
SimCLR,SimCLR-nbr-wasser,nbr,wasserstein,,central,all,age,fine_tuning,0,3,17.265957,19.875208,True,zones,B,save/zones/central
SimCLR,SimCLR-nbr-wasser,nbr,wasserstein,,central,all,age,fine_tuning,0,4,14.981818,17.865282,True,zones,B,save/zones/central
SimCLR,SimCLR-nbr-riemann,nbr,riemann,,central,all,age,fine_tuning,0,0,23.1,25.832069,True,zones,B,save/zones/central
SimCLR,SimCLR-nbr-riemann,nbr,riemann,,central,all,age,fine_tuning,0,1,7.809524,12.160774,True,zones,B,save/zones/central
SimCLR,SimCLR-nbr-riemann,nbr,riemann,,central,all,age,fine_tuning,0,2,24.571428,24.000902,True,zones,B,save/zones/central
SimCLR,SimCLR-nbr-riemann,nbr,riemann,,central,all,age,fine_tuning,0,3,17.265957,20.649279,True,zones,B,save/zones/central
SimCLR,SimCLR-nbr-riemann,nbr,riemann,,central,all,age,fine_tuning,0,4,14.981818,16.346195,True,zones,B,save/zones/central
SimCLR,SimCLR-xsubj-cosine,xsubj,cosine,,central,all,age,fine_tuning,0,0,23.1,25.929369,True,zones,B,save/zones/central
SimCLR,SimCLR-xsubj-cosine,xsubj,cosine,,central,all,age,fine_tuning,0,1,7.809524,10.489044,True,zones,B,save/zones/central
SimCLR,SimCLR-xsubj-cosine,xsubj,cosine,,central,all,age,fine_tuning,0,2,24.571428,22.882505,True,zones,B,save/zones/central
SimCLR,SimCLR-xsubj-cosine,xsubj,cosine,,central,all,age,fine_tuning,0,3,17.265957,19.11165,True,zones,B,save/zones/central
SimCLR,SimCLR-xsubj-cosine,xsubj,cosine,,central,all,age,fine_tuning,0,4,14.981818,15.006695,True,zones,B,save/zones/central
SimCLR,SimCLR-xsubj-wasser,xsubj,wasserstein,,central,all,age,fine_tuning,0,0,23.1,24.717125,True,zones,B,save/zones/central
SimCLR,SimCLR-xsubj-wasser,xsubj,wasserstein,,central,all,age,fine_tuning,0,1,7.809524,12.211206,True,zones,B,save/zones/central
SimCLR,SimCLR-xsubj-wasser,xsubj,wasserstein,,central,all,age,fine_tuning,0,2,24.571428,23.19908,True,zones,B,save/zones/central
SimCLR,SimCLR-xsubj-wasser,xsubj,wasserstein,,central,all,age,fine_tuning,0,3,17.265957,20.198124,True,zones,B,save/zones/central
SimCLR,SimCLR-xsubj-wasser,xsubj,wasserstein,,central,all,age,fine_tuning,0,4,14.981818,15.489466,True,zones,B,save/zones/central
SimCLR,SimCLR-xsubj-riemann,xsubj,riemann,,central,all,age,fine_tuning,0,0,23.1,25.280268,True,zones,B,save/zones/central
SimCLR,SimCLR-xsubj-riemann,xsubj,riemann,,central,all,age,fine_tuning,0,1,7.809524,11.208161,True,zones,B,save/zones/central
SimCLR,SimCLR-xsubj-riemann,xsubj,riemann,,central,all,age,fine_tuning,0,2,24.571428,22.469534,True,zones,B,save/zones/central
SimCLR,SimCLR-xsubj-riemann,xsubj,riemann,,central,all,age,fine_tuning,0,3,17.265957,20.169231,True,zones,B,save/zones/central
SimCLR,SimCLR-xsubj-riemann,xsubj,riemann,,central,all,age,fine_tuning,0,4,14.981818,15.423215,True,zones,B,save/zones/central
SimCLR,SimCLR-diffage-cosine,diffage,cosine,,central,all,age,fine_tuning,0,0,23.1,25.46806,True,zones,B,save/zones/central
SimCLR,SimCLR-diffage-cosine,diffage,cosine,,central,all,age,fine_tuning,0,1,7.809524,11.149294,True,zones,B,save/zones/central
SimCLR,SimCLR-diffage-cosine,diffage,cosine,,central,all,age,fine_tuning,0,2,24.571428,22.644794,True,zones,B,save/zones/central
SimCLR,SimCLR-diffage-cosine,diffage,cosine,,central,all,age,fine_tuning,0,3,17.265957,20.112736,True,zones,B,save/zones/central
SimCLR,SimCLR-diffage-cosine,diffage,cosine,,central,all,age,fine_tuning,0,4,14.981818,16.433729,True,zones,B,save/zones/central
SimCLR,SimCLR-diffage-wasser,diffage,wasserstein,,central,all,age,fine_tuning,0,0,23.1,25.841524,True,zones,B,save/zones/central
SimCLR,SimCLR-diffage-wasser,diffage,wasserstein,,central,all,age,fine_tuning,0,1,7.809524,12.028185,True,zones,B,save/zones/central
SimCLR,SimCLR-diffage-wasser,diffage,wasserstein,,central,all,age,fine_tuning,0,2,24.571428,23.094778,True,zones,B,save/zones/central
SimCLR,SimCLR-diffage-wasser,diffage,wasserstein,,central,all,age,fine_tuning,0,3,17.265957,20.62158,True,zones,B,save/zones/central
SimCLR,SimCLR-diffage-wasser,diffage,wasserstein,,central,all,age,fine_tuning,0,4,14.981818,17.057661,True,zones,B,save/zones/central
SimCLR,SimCLR-diffage-riemann,diffage,riemann,,central,all,age,fine_tuning,0,0,23.1,25.040178,True,zones,B,save/zones/central
SimCLR,SimCLR-diffage-riemann,diffage,riemann,,central,all,age,fine_tuning,0,1,7.809524,10.117447,True,zones,B,save/zones/central
SimCLR,SimCLR-diffage-riemann,diffage,riemann,,central,all,age,fine_tuning,0,2,24.571428,21.197996,True,zones,B,save/zones/central
SimCLR,SimCLR-diffage-riemann,diffage,riemann,,central,all,age,fine_tuning,0,3,17.265957,19.97385,True,zones,B,save/zones/central
SimCLR,SimCLR-diffage-riemann,diffage,riemann,,central,all,age,fine_tuning,0,4,14.981818,15.878263,True,zones,B,save/zones/central
VAE,VAE,,,,central,all,age,fine_tuning,0,0,23.1,25.13279,True,zones,B,save/zones/central
VAE,VAE,,,,central,all,age,fine_tuning,0,1,7.809524,11.440262,True,zones,B,save/zones/central
VAE,VAE,,,,central,all,age,fine_tuning,0,2,24.571428,23.338755,True,zones,B,save/zones/central
VAE,VAE,,,,central,all,age,fine_tuning,0,3,17.265957,19.656837,True,zones,B,save/zones/central
VAE,VAE,,,,central,all,age,fine_tuning,0,4,14.981818,17.52457,True,zones,B,save/zones/central
SimCLR,SimCLR,augment,,,central,all,age,linear_probe,1,0,22.484848,18.612469,True,zones,B,save/zones/central
SimCLR,SimCLR,augment,,,central,all,age,linear_probe,1,1,23.361702,22.85243,True,zones,B,save/zones/central
SimCLR,SimCLR,augment,,,central,all,age,linear_probe,1,2,8.131579,23.271563,True,zones,B,save/zones/central
SimCLR,SimCLR,augment,,,central,all,age,linear_probe,1,3,24.431654,23.691677,True,zones,B,save/zones/central
SimCLR,SimCLR,augment,,,central,all,age,linear_probe,1,4,10.466666,16.548895,True,zones,B,save/zones/central
SimCLR,SimCLR-nbr-cosine,nbr,cosine,,central,all,age,linear_probe,1,0,22.484848,22.084375,True,zones,B,save/zones/central
SimCLR,SimCLR-nbr-cosine,nbr,cosine,,central,all,age,linear_probe,1,1,23.361702,20.049646,True,zones,B,save/zones/central
SimCLR,SimCLR-nbr-cosine,nbr,cosine,,central,all,age,linear_probe,1,2,8.131579,22.016369,True,zones,B,save/zones/central
SimCLR,SimCLR-nbr-cosine,nbr,cosine,,central,all,age,linear_probe,1,3,24.431654,22.68166,True,zones,B,save/zones/central
SimCLR,SimCLR-nbr-cosine,nbr,cosine,,central,all,age,linear_probe,1,4,10.466666,13.946293,True,zones,B,save/zones/central
SimCLR,SimCLR-nbr-wasser,nbr,wasserstein,,central,all,age,linear_probe,1,0,22.484848,22.867645,True,zones,B,save/zones/central
SimCLR,SimCLR-nbr-wasser,nbr,wasserstein,,central,all,age,linear_probe,1,1,23.361702,20.343506,True,zones,B,save/zones/central
SimCLR,SimCLR-nbr-wasser,nbr,wasserstein,,central,all,age,linear_probe,1,2,8.131579,21.582445,True,zones,B,save/zones/central
SimCLR,SimCLR-nbr-wasser,nbr,wasserstein,,central,all,age,linear_probe,1,3,24.431654,23.682646,True,zones,B,save/zones/central
SimCLR,SimCLR-nbr-wasser,nbr,wasserstein,,central,all,age,linear_probe,1,4,10.466666,14.59613,True,zones,B,save/zones/central
SimCLR,SimCLR-nbr-riemann,nbr,riemann,,central,all,age,linear_probe,1,0,22.484848,23.609758,True,zones,B,save/zones/central
SimCLR,SimCLR-nbr-riemann,nbr,riemann,,central,all,age,linear_probe,1,1,23.361702,20.719343,True,zones,B,save/zones/central
SimCLR,SimCLR-nbr-riemann,nbr,riemann,,central,all,age,linear_probe,1,2,8.131579,21.686998,True,zones,B,save/zones/central
SimCLR,SimCLR-nbr-riemann,nbr,riemann,,central,all,age,linear_probe,1,3,24.431654,24.281752,True,zones,B,save/zones/central
SimCLR,SimCLR-nbr-riemann,nbr,riemann,,central,all,age,linear_probe,1,4,10.466666,15.335008,True,zones,B,save/zones/central
SimCLR,SimCLR-xsubj-cosine,xsubj,cosine,,central,all,age,linear_probe,1,0,22.484848,21.39712,True,zones,B,save/zones/central
SimCLR,SimCLR-xsubj-cosine,xsubj,cosine,,central,all,age,linear_probe,1,1,23.361702,21.642635,True,zones,B,save/zones/central
SimCLR,SimCLR-xsubj-cosine,xsubj,cosine,,central,all,age,linear_probe,1,2,8.131579,17.341766,True,zones,B,save/zones/central
SimCLR,SimCLR-xsubj-cosine,xsubj,cosine,,central,all,age,linear_probe,1,3,24.431654,22.871748,True,zones,B,save/zones/central
SimCLR,SimCLR-xsubj-cosine,xsubj,cosine,,central,all,age,linear_probe,1,4,10.466666,12.595594,True,zones,B,save/zones/central
SimCLR,SimCLR-xsubj-wasser,xsubj,wasserstein,,central,all,age,linear_probe,1,0,22.484848,20.758402,True,zones,B,save/zones/central
SimCLR,SimCLR-xsubj-wasser,xsubj,wasserstein,,central,all,age,linear_probe,1,1,23.361702,21.696241,True,zones,B,save/zones/central
SimCLR,SimCLR-xsubj-wasser,xsubj,wasserstein,,central,all,age,linear_probe,1,2,8.131579,21.2285,True,zones,B,save/zones/central
SimCLR,SimCLR-xsubj-wasser,xsubj,wasserstein,,central,all,age,linear_probe,1,3,24.431654,22.309845,True,zones,B,save/zones/central
SimCLR,SimCLR-xsubj-wasser,xsubj,wasserstein,,central,all,age,linear_probe,1,4,10.466666,12.315079,True,zones,B,save/zones/central
SimCLR,SimCLR-xsubj-riemann,xsubj,riemann,,central,all,age,linear_probe,1,0,22.484848,24.39176,True,zones,B,save/zones/central
SimCLR,SimCLR-xsubj-riemann,xsubj,riemann,,central,all,age,linear_probe,1,1,23.361702,21.32519,True,zones,B,save/zones/central
SimCLR,SimCLR-xsubj-riemann,xsubj,riemann,,central,all,age,linear_probe,1,2,8.131579,20.593803,True,zones,B,save/zones/central
SimCLR,SimCLR-xsubj-riemann,xsubj,riemann,,central,all,age,linear_probe,1,3,24.431654,22.454903,True,zones,B,save/zones/central
SimCLR,SimCLR-xsubj-riemann,xsubj,riemann,,central,all,age,linear_probe,1,4,10.466666,11.495469,True,zones,B,save/zones/central
SimCLR,SimCLR-diffage-cosine,diffage,cosine,,central,all,age,linear_probe,1,0,22.484848,20.266027,True,zones,B,save/zones/central
SimCLR,SimCLR-diffage-cosine,diffage,cosine,,central,all,age,linear_probe,1,1,23.361702,21.606909,True,zones,B,save/zones/central
SimCLR,SimCLR-diffage-cosine,diffage,cosine,,central,all,age,linear_probe,1,2,8.131579,23.16522,True,zones,B,save/zones/central
SimCLR,SimCLR-diffage-cosine,diffage,cosine,,central,all,age,linear_probe,1,3,24.431654,22.452114,True,zones,B,save/zones/central
SimCLR,SimCLR-diffage-cosine,diffage,cosine,,central,all,age,linear_probe,1,4,10.466666,16.012005,True,zones,B,save/zones/central
SimCLR,SimCLR-diffage-wasser,diffage,wasserstein,,central,all,age,linear_probe,1,0,22.484848,21.234404,True,zones,B,save/zones/central
SimCLR,SimCLR-diffage-wasser,diffage,wasserstein,,central,all,age,linear_probe,1,1,23.361702,21.092354,True,zones,B,save/zones/central
SimCLR,SimCLR-diffage-wasser,diffage,wasserstein,,central,all,age,linear_probe,1,2,8.131579,19.962822,True,zones,B,save/zones/central
SimCLR,SimCLR-diffage-wasser,diffage,wasserstein,,central,all,age,linear_probe,1,3,24.431654,22.771692,True,zones,B,save/zones/central
SimCLR,SimCLR-diffage-wasser,diffage,wasserstein,,central,all,age,linear_probe,1,4,10.466666,16.410065,True,zones,B,save/zones/central
SimCLR,SimCLR-diffage-riemann,diffage,riemann,,central,all,age,linear_probe,1,0,22.484848,20.642103,True,zones,B,save/zones/central
SimCLR,SimCLR-diffage-riemann,diffage,riemann,,central,all,age,linear_probe,1,1,23.361702,20.865234,True,zones,B,save/zones/central
SimCLR,SimCLR-diffage-riemann,diffage,riemann,,central,all,age,linear_probe,1,2,8.131579,20.801929,True,zones,B,save/zones/central
SimCLR,SimCLR-diffage-riemann,diffage,riemann,,central,all,age,linear_probe,1,3,24.431654,21.401043,True,zones,B,save/zones/central
SimCLR,SimCLR-diffage-riemann,diffage,riemann,,central,all,age,linear_probe,1,4,10.466666,13.267989,True,zones,B,save/zones/central
VAE,VAE,,,,central,all,age,linear_probe,1,0,22.484848,19.199751,True,zones,B,save/zones/central
VAE,VAE,,,,central,all,age,linear_probe,1,1,23.361702,19.465813,True,zones,B,save/zones/central
VAE,VAE,,,,central,all,age,linear_probe,1,2,8.131579,19.561874,True,zones,B,save/zones/central
VAE,VAE,,,,central,all,age,linear_probe,1,3,24.431654,19.588976,True,zones,B,save/zones/central
VAE,VAE,,,,central,all,age,linear_probe,1,4,10.466666,18.738087,True,zones,B,save/zones/central
SimCLR,SimCLR,augment,,,central,all,age,fine_tuning,1,0,22.484848,23.285887,True,zones,B,save/zones/central
SimCLR,SimCLR,augment,,,central,all,age,fine_tuning,1,1,23.361702,20.957071,True,zones,B,save/zones/central
SimCLR,SimCLR,augment,,,central,all,age,fine_tuning,1,2,8.131579,12.931987,True,zones,B,save/zones/central
SimCLR,SimCLR,augment,,,central,all,age,fine_tuning,1,3,24.431654,21.371941,True,zones,B,save/zones/central
SimCLR,SimCLR,augment,,,central,all,age,fine_tuning,1,4,10.466666,10.796966,True,zones,B,save/zones/central
SimCLR,SimCLR-nbr-cosine,nbr,cosine,,central,all,age,fine_tuning,1,0,22.484848,22.168123,True,zones,B,save/zones/central
SimCLR,SimCLR-nbr-cosine,nbr,cosine,,central,all,age,fine_tuning,1,1,23.361702,20.687551,True,zones,B,save/zones/central
SimCLR,SimCLR-nbr-cosine,nbr,cosine,,central,all,age,fine_tuning,1,2,8.131579,11.268014,True,zones,B,save/zones/central
SimCLR,SimCLR-nbr-cosine,nbr,cosine,,central,all,age,fine_tuning,1,3,24.431654,22.804308,True,zones,B,save/zones/central
SimCLR,SimCLR-nbr-cosine,nbr,cosine,,central,all,age,fine_tuning,1,4,10.466666,8.867354,True,zones,B,save/zones/central
SimCLR,SimCLR-nbr-wasser,nbr,wasserstein,,central,all,age,fine_tuning,1,0,22.484848,22.801353,True,zones,B,save/zones/central
SimCLR,SimCLR-nbr-wasser,nbr,wasserstein,,central,all,age,fine_tuning,1,1,23.361702,21.553532,True,zones,B,save/zones/central
SimCLR,SimCLR-nbr-wasser,nbr,wasserstein,,central,all,age,fine_tuning,1,2,8.131579,14.015968,True,zones,B,save/zones/central
SimCLR,SimCLR-nbr-wasser,nbr,wasserstein,,central,all,age,fine_tuning,1,3,24.431654,21.661478,True,zones,B,save/zones/central
SimCLR,SimCLR-nbr-wasser,nbr,wasserstein,,central,all,age,fine_tuning,1,4,10.466666,10.588778,True,zones,B,save/zones/central
SimCLR,SimCLR-nbr-riemann,nbr,riemann,,central,all,age,fine_tuning,1,0,22.484848,20.611197,True,zones,B,save/zones/central
SimCLR,SimCLR-nbr-riemann,nbr,riemann,,central,all,age,fine_tuning,1,1,23.361702,19.80028,True,zones,B,save/zones/central
SimCLR,SimCLR-nbr-riemann,nbr,riemann,,central,all,age,fine_tuning,1,2,8.131579,10.325913,True,zones,B,save/zones/central
SimCLR,SimCLR-nbr-riemann,nbr,riemann,,central,all,age,fine_tuning,1,3,24.431654,21.893667,True,zones,B,save/zones/central
SimCLR,SimCLR-nbr-riemann,nbr,riemann,,central,all,age,fine_tuning,1,4,10.466666,8.355188,True,zones,B,save/zones/central
SimCLR,SimCLR-xsubj-cosine,xsubj,cosine,,central,all,age,fine_tuning,1,0,22.484848,22.155123,True,zones,B,save/zones/central
SimCLR,SimCLR-xsubj-cosine,xsubj,cosine,,central,all,age,fine_tuning,1,1,23.361702,21.263937,True,zones,B,save/zones/central
SimCLR,SimCLR-xsubj-cosine,xsubj,cosine,,central,all,age,fine_tuning,1,2,8.131579,11.942666,True,zones,B,save/zones/central
SimCLR,SimCLR-xsubj-cosine,xsubj,cosine,,central,all,age,fine_tuning,1,3,24.431654,21.096613,True,zones,B,save/zones/central
SimCLR,SimCLR-xsubj-cosine,xsubj,cosine,,central,all,age,fine_tuning,1,4,10.466666,9.005915,True,zones,B,save/zones/central
SimCLR,SimCLR-xsubj-wasser,xsubj,wasserstein,,central,all,age,fine_tuning,1,0,22.484848,20.323025,True,zones,B,save/zones/central
SimCLR,SimCLR-xsubj-wasser,xsubj,wasserstein,,central,all,age,fine_tuning,1,1,23.361702,19.573112,True,zones,B,save/zones/central
SimCLR,SimCLR-xsubj-wasser,xsubj,wasserstein,,central,all,age,fine_tuning,1,2,8.131579,18.254623,True,zones,B,save/zones/central
SimCLR,SimCLR-xsubj-wasser,xsubj,wasserstein,,central,all,age,fine_tuning,1,3,24.431654,19.056139,True,zones,B,save/zones/central
SimCLR,SimCLR-xsubj-wasser,xsubj,wasserstein,,central,all,age,fine_tuning,1,4,10.466666,9.18798,True,zones,B,save/zones/central
SimCLR,SimCLR-xsubj-riemann,xsubj,riemann,,central,all,age,fine_tuning,1,0,22.484848,21.808096,True,zones,B,save/zones/central
SimCLR,SimCLR-xsubj-riemann,xsubj,riemann,,central,all,age,fine_tuning,1,1,23.361702,20.468502,True,zones,B,save/zones/central
SimCLR,SimCLR-xsubj-riemann,xsubj,riemann,,central,all,age,fine_tuning,1,2,8.131579,11.221212,True,zones,B,save/zones/central
SimCLR,SimCLR-xsubj-riemann,xsubj,riemann,,central,all,age,fine_tuning,1,3,24.431654,21.457952,True,zones,B,save/zones/central
SimCLR,SimCLR-xsubj-riemann,xsubj,riemann,,central,all,age,fine_tuning,1,4,10.466666,8.777048,True,zones,B,save/zones/central
SimCLR,SimCLR-diffage-cosine,diffage,cosine,,central,all,age,fine_tuning,1,0,22.484848,23.59984,True,zones,B,save/zones/central
SimCLR,SimCLR-diffage-cosine,diffage,cosine,,central,all,age,fine_tuning,1,1,23.361702,21.574476,True,zones,B,save/zones/central
SimCLR,SimCLR-diffage-cosine,diffage,cosine,,central,all,age,fine_tuning,1,2,8.131579,14.670542,True,zones,B,save/zones/central
SimCLR,SimCLR-diffage-cosine,diffage,cosine,,central,all,age,fine_tuning,1,3,24.431654,20.832737,True,zones,B,save/zones/central
SimCLR,SimCLR-diffage-cosine,diffage,cosine,,central,all,age,fine_tuning,1,4,10.466666,10.406739,True,zones,B,save/zones/central
SimCLR,SimCLR-diffage-wasser,diffage,wasserstein,,central,all,age,fine_tuning,1,0,22.484848,22.809654,True,zones,B,save/zones/central
SimCLR,SimCLR-diffage-wasser,diffage,wasserstein,,central,all,age,fine_tuning,1,1,23.361702,22.400009,True,zones,B,save/zones/central
SimCLR,SimCLR-diffage-wasser,diffage,wasserstein,,central,all,age,fine_tuning,1,2,8.131579,18.363796,True,zones,B,save/zones/central
SimCLR,SimCLR-diffage-wasser,diffage,wasserstein,,central,all,age,fine_tuning,1,3,24.431654,22.342878,True,zones,B,save/zones/central
SimCLR,SimCLR-diffage-wasser,diffage,wasserstein,,central,all,age,fine_tuning,1,4,10.466666,11.080451,True,zones,B,save/zones/central
SimCLR,SimCLR-diffage-riemann,diffage,riemann,,central,all,age,fine_tuning,1,0,22.484848,23.767397,True,zones,B,save/zones/central
SimCLR,SimCLR-diffage-riemann,diffage,riemann,,central,all,age,fine_tuning,1,1,23.361702,21.99559,True,zones,B,save/zones/central
SimCLR,SimCLR-diffage-riemann,diffage,riemann,,central,all,age,fine_tuning,1,2,8.131579,16.826969,True,zones,B,save/zones/central
SimCLR,SimCLR-diffage-riemann,diffage,riemann,,central,all,age,fine_tuning,1,3,24.431654,22.104061,True,zones,B,save/zones/central
SimCLR,SimCLR-diffage-riemann,diffage,riemann,,central,all,age,fine_tuning,1,4,10.466666,11.831151,True,zones,B,save/zones/central
VAE,VAE,,,,central,all,age,fine_tuning,1,0,22.484848,21.704245,True,zones,B,save/zones/central
VAE,VAE,,,,central,all,age,fine_tuning,1,1,23.361702,19.529198,True,zones,B,save/zones/central
VAE,VAE,,,,central,all,age,fine_tuning,1,2,8.131579,13.314712,True,zones,B,save/zones/central
VAE,VAE,,,,central,all,age,fine_tuning,1,3,24.431654,22.004299,True,zones,B,save/zones/central
VAE,VAE,,,,central,all,age,fine_tuning,1,4,10.466666,9.445184,True,zones,B,save/zones/central
SimCLR,SimCLR,augment,,,central,all,age,linear_probe,2,0,13.857142,20.523727,True,zones,B,save/zones/central
SimCLR,SimCLR,augment,,,central,all,age,linear_probe,2,1,16.74074,21.425217,True,zones,B,save/zones/central
SimCLR,SimCLR,augment,,,central,all,age,linear_probe,2,2,27.48,21.765146,True,zones,B,save/zones/central
SimCLR,SimCLR,augment,,,central,all,age,linear_probe,2,3,17.288889,18.880419,True,zones,B,save/zones/central
SimCLR,SimCLR,augment,,,central,all,age,linear_probe,2,4,36.0,20.158955,True,zones,B,save/zones/central
SimCLR,SimCLR-nbr-cosine,nbr,cosine,,central,all,age,linear_probe,2,0,13.857142,11.044459,True,zones,B,save/zones/central
SimCLR,SimCLR-nbr-cosine,nbr,cosine,,central,all,age,linear_probe,2,1,16.74074,16.981173,True,zones,B,save/zones/central
SimCLR,SimCLR-nbr-cosine,nbr,cosine,,central,all,age,linear_probe,2,2,27.48,24.18918,True,zones,B,save/zones/central
SimCLR,SimCLR-nbr-cosine,nbr,cosine,,central,all,age,linear_probe,2,3,17.288889,20.404219,True,zones,B,save/zones/central
SimCLR,SimCLR-nbr-cosine,nbr,cosine,,central,all,age,linear_probe,2,4,36.0,20.924892,True,zones,B,save/zones/central
SimCLR,SimCLR-nbr-wasser,nbr,wasserstein,,central,all,age,linear_probe,2,0,13.857142,8.776304,True,zones,B,save/zones/central
SimCLR,SimCLR-nbr-wasser,nbr,wasserstein,,central,all,age,linear_probe,2,1,16.74074,20.825377,True,zones,B,save/zones/central
SimCLR,SimCLR-nbr-wasser,nbr,wasserstein,,central,all,age,linear_probe,2,2,27.48,23.99737,True,zones,B,save/zones/central
SimCLR,SimCLR-nbr-wasser,nbr,wasserstein,,central,all,age,linear_probe,2,3,17.288889,21.62328,True,zones,B,save/zones/central
SimCLR,SimCLR-nbr-wasser,nbr,wasserstein,,central,all,age,linear_probe,2,4,36.0,21.269104,True,zones,B,save/zones/central
SimCLR,SimCLR-nbr-riemann,nbr,riemann,,central,all,age,linear_probe,2,0,13.857142,10.510498,True,zones,B,save/zones/central
SimCLR,SimCLR-nbr-riemann,nbr,riemann,,central,all,age,linear_probe,2,1,16.74074,20.368845,True,zones,B,save/zones/central
SimCLR,SimCLR-nbr-riemann,nbr,riemann,,central,all,age,linear_probe,2,2,27.48,23.18334,True,zones,B,save/zones/central
SimCLR,SimCLR-nbr-riemann,nbr,riemann,,central,all,age,linear_probe,2,3,17.288889,21.208231,True,zones,B,save/zones/central
SimCLR,SimCLR-nbr-riemann,nbr,riemann,,central,all,age,linear_probe,2,4,36.0,22.065601,True,zones,B,save/zones/central
SimCLR,SimCLR-xsubj-cosine,xsubj,cosine,,central,all,age,linear_probe,2,0,13.857142,12.5445,True,zones,B,save/zones/central
SimCLR,SimCLR-xsubj-cosine,xsubj,cosine,,central,all,age,linear_probe,2,1,16.74074,17.711115,True,zones,B,save/zones/central
SimCLR,SimCLR-xsubj-cosine,xsubj,cosine,,central,all,age,linear_probe,2,2,27.48,23.908533,True,zones,B,save/zones/central
SimCLR,SimCLR-xsubj-cosine,xsubj,cosine,,central,all,age,linear_probe,2,3,17.288889,19.731028,True,zones,B,save/zones/central
SimCLR,SimCLR-xsubj-cosine,xsubj,cosine,,central,all,age,linear_probe,2,4,36.0,21.778534,True,zones,B,save/zones/central
SimCLR,SimCLR-xsubj-wasser,xsubj,wasserstein,,central,all,age,linear_probe,2,0,13.857142,10.908901,True,zones,B,save/zones/central
SimCLR,SimCLR-xsubj-wasser,xsubj,wasserstein,,central,all,age,linear_probe,2,1,16.74074,17.320505,True,zones,B,save/zones/central
SimCLR,SimCLR-xsubj-wasser,xsubj,wasserstein,,central,all,age,linear_probe,2,2,27.48,23.856709,True,zones,B,save/zones/central
SimCLR,SimCLR-xsubj-wasser,xsubj,wasserstein,,central,all,age,linear_probe,2,3,17.288889,20.057249,True,zones,B,save/zones/central
SimCLR,SimCLR-xsubj-wasser,xsubj,wasserstein,,central,all,age,linear_probe,2,4,36.0,23.373196,True,zones,B,save/zones/central
SimCLR,SimCLR-xsubj-riemann,xsubj,riemann,,central,all,age,linear_probe,2,0,13.857142,10.920201,True,zones,B,save/zones/central
SimCLR,SimCLR-xsubj-riemann,xsubj,riemann,,central,all,age,linear_probe,2,1,16.74074,16.204721,True,zones,B,save/zones/central
SimCLR,SimCLR-xsubj-riemann,xsubj,riemann,,central,all,age,linear_probe,2,2,27.48,25.757519,True,zones,B,save/zones/central
SimCLR,SimCLR-xsubj-riemann,xsubj,riemann,,central,all,age,linear_probe,2,3,17.288889,17.617846,True,zones,B,save/zones/central
SimCLR,SimCLR-xsubj-riemann,xsubj,riemann,,central,all,age,linear_probe,2,4,36.0,20.224606,True,zones,B,save/zones/central
SimCLR,SimCLR-diffage-cosine,diffage,cosine,,central,all,age,linear_probe,2,0,13.857142,19.537136,True,zones,B,save/zones/central
SimCLR,SimCLR-diffage-cosine,diffage,cosine,,central,all,age,linear_probe,2,1,16.74074,18.924461,True,zones,B,save/zones/central
SimCLR,SimCLR-diffage-cosine,diffage,cosine,,central,all,age,linear_probe,2,2,27.48,25.148981,True,zones,B,save/zones/central
SimCLR,SimCLR-diffage-cosine,diffage,cosine,,central,all,age,linear_probe,2,3,17.288889,16.250729,True,zones,B,save/zones/central
SimCLR,SimCLR-diffage-cosine,diffage,cosine,,central,all,age,linear_probe,2,4,36.0,17.928051,True,zones,B,save/zones/central
SimCLR,SimCLR-diffage-wasser,diffage,wasserstein,,central,all,age,linear_probe,2,0,13.857142,16.588724,True,zones,B,save/zones/central
SimCLR,SimCLR-diffage-wasser,diffage,wasserstein,,central,all,age,linear_probe,2,1,16.74074,17.874727,True,zones,B,save/zones/central
SimCLR,SimCLR-diffage-wasser,diffage,wasserstein,,central,all,age,linear_probe,2,2,27.48,26.234871,True,zones,B,save/zones/central
SimCLR,SimCLR-diffage-wasser,diffage,wasserstein,,central,all,age,linear_probe,2,3,17.288889,18.961569,True,zones,B,save/zones/central
SimCLR,SimCLR-diffage-wasser,diffage,wasserstein,,central,all,age,linear_probe,2,4,36.0,19.749508,True,zones,B,save/zones/central
SimCLR,SimCLR-diffage-riemann,diffage,riemann,,central,all,age,linear_probe,2,0,13.857142,16.75386,True,zones,B,save/zones/central
SimCLR,SimCLR-diffage-riemann,diffage,riemann,,central,all,age,linear_probe,2,1,16.74074,16.916531,True,zones,B,save/zones/central
SimCLR,SimCLR-diffage-riemann,diffage,riemann,,central,all,age,linear_probe,2,2,27.48,24.023218,True,zones,B,save/zones/central
SimCLR,SimCLR-diffage-riemann,diffage,riemann,,central,all,age,linear_probe,2,3,17.288889,17.615002,True,zones,B,save/zones/central
SimCLR,SimCLR-diffage-riemann,diffage,riemann,,central,all,age,linear_probe,2,4,36.0,19.199097,True,zones,B,save/zones/central
VAE,VAE,,,,central,all,age,linear_probe,2,0,13.857142,19.088053,True,zones,B,save/zones/central
VAE,VAE,,,,central,all,age,linear_probe,2,1,16.74074,19.105476,True,zones,B,save/zones/central
VAE,VAE,,,,central,all,age,linear_probe,2,2,27.48,19.135351,True,zones,B,save/zones/central
VAE,VAE,,,,central,all,age,linear_probe,2,3,17.288889,18.765518,True,zones,B,save/zones/central
VAE,VAE,,,,central,all,age,linear_probe,2,4,36.0,18.357271,True,zones,B,save/zones/central
SimCLR,SimCLR,augment,,,central,all,age,fine_tuning,2,0,13.857142,13.913979,True,zones,B,save/zones/central
SimCLR,SimCLR,augment,,,central,all,age,fine_tuning,2,1,16.74074,17.384611,True,zones,B,save/zones/central
SimCLR,SimCLR,augment,,,central,all,age,fine_tuning,2,2,27.48,27.609964,True,zones,B,save/zones/central
SimCLR,SimCLR,augment,,,central,all,age,fine_tuning,2,3,17.288889,17.336353,True,zones,B,save/zones/central
SimCLR,SimCLR,augment,,,central,all,age,fine_tuning,2,4,36.0,32.172909,True,zones,B,save/zones/central
SimCLR,SimCLR-nbr-cosine,nbr,cosine,,central,all,age,fine_tuning,2,0,13.857142,15.580473,True,zones,B,save/zones/central
SimCLR,SimCLR-nbr-cosine,nbr,cosine,,central,all,age,fine_tuning,2,1,16.74074,18.335442,True,zones,B,save/zones/central
SimCLR,SimCLR-nbr-cosine,nbr,cosine,,central,all,age,fine_tuning,2,2,27.48,24.251095,True,zones,B,save/zones/central
SimCLR,SimCLR-nbr-cosine,nbr,cosine,,central,all,age,fine_tuning,2,3,17.288889,17.550943,True,zones,B,save/zones/central
SimCLR,SimCLR-nbr-cosine,nbr,cosine,,central,all,age,fine_tuning,2,4,36.0,28.799095,True,zones,B,save/zones/central
SimCLR,SimCLR-nbr-wasser,nbr,wasserstein,,central,all,age,fine_tuning,2,0,13.857142,15.937071,True,zones,B,save/zones/central
SimCLR,SimCLR-nbr-wasser,nbr,wasserstein,,central,all,age,fine_tuning,2,1,16.74074,17.819973,True,zones,B,save/zones/central
SimCLR,SimCLR-nbr-wasser,nbr,wasserstein,,central,all,age,fine_tuning,2,2,27.48,26.017338,True,zones,B,save/zones/central
SimCLR,SimCLR-nbr-wasser,nbr,wasserstein,,central,all,age,fine_tuning,2,3,17.288889,17.719959,True,zones,B,save/zones/central
SimCLR,SimCLR-nbr-wasser,nbr,wasserstein,,central,all,age,fine_tuning,2,4,36.0,28.403046,True,zones,B,save/zones/central
SimCLR,SimCLR-nbr-riemann,nbr,riemann,,central,all,age,fine_tuning,2,0,13.857142,13.882149,True,zones,B,save/zones/central
SimCLR,SimCLR-nbr-riemann,nbr,riemann,,central,all,age,fine_tuning,2,1,16.74074,17.318798,True,zones,B,save/zones/central
SimCLR,SimCLR-nbr-riemann,nbr,riemann,,central,all,age,fine_tuning,2,2,27.48,25.657091,True,zones,B,save/zones/central
SimCLR,SimCLR-nbr-riemann,nbr,riemann,,central,all,age,fine_tuning,2,3,17.288889,17.409731,True,zones,B,save/zones/central
SimCLR,SimCLR-nbr-riemann,nbr,riemann,,central,all,age,fine_tuning,2,4,36.0,24.173475,True,zones,B,save/zones/central
SimCLR,SimCLR-xsubj-cosine,xsubj,cosine,,central,all,age,fine_tuning,2,0,13.857142,14.914067,True,zones,B,save/zones/central
SimCLR,SimCLR-xsubj-cosine,xsubj,cosine,,central,all,age,fine_tuning,2,1,16.74074,19.390976,True,zones,B,save/zones/central
SimCLR,SimCLR-xsubj-cosine,xsubj,cosine,,central,all,age,fine_tuning,2,2,27.48,25.882584,True,zones,B,save/zones/central
SimCLR,SimCLR-xsubj-cosine,xsubj,cosine,,central,all,age,fine_tuning,2,3,17.288889,19.76359,True,zones,B,save/zones/central
SimCLR,SimCLR-xsubj-cosine,xsubj,cosine,,central,all,age,fine_tuning,2,4,36.0,30.86454,True,zones,B,save/zones/central
SimCLR,SimCLR-xsubj-wasser,xsubj,wasserstein,,central,all,age,fine_tuning,2,0,13.857142,13.036219,True,zones,B,save/zones/central
SimCLR,SimCLR-xsubj-wasser,xsubj,wasserstein,,central,all,age,fine_tuning,2,1,16.74074,17.023535,True,zones,B,save/zones/central
SimCLR,SimCLR-xsubj-wasser,xsubj,wasserstein,,central,all,age,fine_tuning,2,2,27.48,22.457106,True,zones,B,save/zones/central
SimCLR,SimCLR-xsubj-wasser,xsubj,wasserstein,,central,all,age,fine_tuning,2,3,17.288889,17.075127,True,zones,B,save/zones/central
SimCLR,SimCLR-xsubj-wasser,xsubj,wasserstein,,central,all,age,fine_tuning,2,4,36.0,27.079578,True,zones,B,save/zones/central
SimCLR,SimCLR-xsubj-riemann,xsubj,riemann,,central,all,age,fine_tuning,2,0,13.857142,13.374814,True,zones,B,save/zones/central
SimCLR,SimCLR-xsubj-riemann,xsubj,riemann,,central,all,age,fine_tuning,2,1,16.74074,16.255228,True,zones,B,save/zones/central
SimCLR,SimCLR-xsubj-riemann,xsubj,riemann,,central,all,age,fine_tuning,2,2,27.48,18.13365,True,zones,B,save/zones/central
SimCLR,SimCLR-xsubj-riemann,xsubj,riemann,,central,all,age,fine_tuning,2,3,17.288889,17.619755,True,zones,B,save/zones/central
SimCLR,SimCLR-xsubj-riemann,xsubj,riemann,,central,all,age,fine_tuning,2,4,36.0,16.246809,True,zones,B,save/zones/central
SimCLR,SimCLR-diffage-cosine,diffage,cosine,,central,all,age,fine_tuning,2,0,13.857142,12.958027,True,zones,B,save/zones/central
SimCLR,SimCLR-diffage-cosine,diffage,cosine,,central,all,age,fine_tuning,2,1,16.74074,16.886816,True,zones,B,save/zones/central
SimCLR,SimCLR-diffage-cosine,diffage,cosine,,central,all,age,fine_tuning,2,2,27.48,23.390394,True,zones,B,save/zones/central
SimCLR,SimCLR-diffage-cosine,diffage,cosine,,central,all,age,fine_tuning,2,3,17.288889,16.969154,True,zones,B,save/zones/central
SimCLR,SimCLR-diffage-cosine,diffage,cosine,,central,all,age,fine_tuning,2,4,36.0,29.916086,True,zones,B,save/zones/central
SimCLR,SimCLR-diffage-wasser,diffage,wasserstein,,central,all,age,fine_tuning,2,0,13.857142,12.485115,True,zones,B,save/zones/central
SimCLR,SimCLR-diffage-wasser,diffage,wasserstein,,central,all,age,fine_tuning,2,1,16.74074,15.622415,True,zones,B,save/zones/central
SimCLR,SimCLR-diffage-wasser,diffage,wasserstein,,central,all,age,fine_tuning,2,2,27.48,26.065283,True,zones,B,save/zones/central
SimCLR,SimCLR-diffage-wasser,diffage,wasserstein,,central,all,age,fine_tuning,2,3,17.288889,16.358845,True,zones,B,save/zones/central
SimCLR,SimCLR-diffage-wasser,diffage,wasserstein,,central,all,age,fine_tuning,2,4,36.0,30.081442,True,zones,B,save/zones/central
SimCLR,SimCLR-diffage-riemann,diffage,riemann,,central,all,age,fine_tuning,2,0,13.857142,14.467946,True,zones,B,save/zones/central
SimCLR,SimCLR-diffage-riemann,diffage,riemann,,central,all,age,fine_tuning,2,1,16.74074,18.060217,True,zones,B,save/zones/central
SimCLR,SimCLR-diffage-riemann,diffage,riemann,,central,all,age,fine_tuning,2,2,27.48,24.854609,True,zones,B,save/zones/central
SimCLR,SimCLR-diffage-riemann,diffage,riemann,,central,all,age,fine_tuning,2,3,17.288889,18.633413,True,zones,B,save/zones/central
SimCLR,SimCLR-diffage-riemann,diffage,riemann,,central,all,age,fine_tuning,2,4,36.0,29.221333,True,zones,B,save/zones/central
VAE,VAE,,,,central,all,age,fine_tuning,2,0,13.857142,13.198626,True,zones,B,save/zones/central
VAE,VAE,,,,central,all,age,fine_tuning,2,1,16.74074,16.487278,True,zones,B,save/zones/central
VAE,VAE,,,,central,all,age,fine_tuning,2,2,27.48,28.266275,True,zones,B,save/zones/central
VAE,VAE,,,,central,all,age,fine_tuning,2,3,17.288889,17.173748,True,zones,B,save/zones/central
VAE,VAE,,,,central,all,age,fine_tuning,2,4,36.0,34.306206,True,zones,B,save/zones/central
SimCLR,SimCLR,augment,,,central,all,age,linear_probe,3,0,20.033897,15.407246,True,zones,B,save/zones/central
SimCLR,SimCLR,augment,,,central,all,age,linear_probe,3,1,10.086957,19.501888,True,zones,B,save/zones/central
SimCLR,SimCLR,augment,,,central,all,age,linear_probe,3,2,12.6,13.03534,True,zones,B,save/zones/central
SimCLR,SimCLR,augment,,,central,all,age,linear_probe,3,3,13.517241,17.616879,True,zones,B,save/zones/central
SimCLR,SimCLR,augment,,,central,all,age,linear_probe,3,4,25.104347,20.384571,True,zones,B,save/zones/central
SimCLR,SimCLR-nbr-cosine,nbr,cosine,,central,all,age,linear_probe,3,0,20.033897,21.536634,True,zones,B,save/zones/central
SimCLR,SimCLR-nbr-cosine,nbr,cosine,,central,all,age,linear_probe,3,1,10.086957,15.325467,True,zones,B,save/zones/central
SimCLR,SimCLR-nbr-cosine,nbr,cosine,,central,all,age,linear_probe,3,2,12.6,13.955535,True,zones,B,save/zones/central
SimCLR,SimCLR-nbr-cosine,nbr,cosine,,central,all,age,linear_probe,3,3,13.517241,11.921618,True,zones,B,save/zones/central
SimCLR,SimCLR-nbr-cosine,nbr,cosine,,central,all,age,linear_probe,3,4,25.104347,25.056721,True,zones,B,save/zones/central
SimCLR,SimCLR-nbr-wasser,nbr,wasserstein,,central,all,age,linear_probe,3,0,20.033897,20.435667,True,zones,B,save/zones/central
SimCLR,SimCLR-nbr-wasser,nbr,wasserstein,,central,all,age,linear_probe,3,1,10.086957,14.831393,True,zones,B,save/zones/central
SimCLR,SimCLR-nbr-wasser,nbr,wasserstein,,central,all,age,linear_probe,3,2,12.6,14.316477,True,zones,B,save/zones/central
SimCLR,SimCLR-nbr-wasser,nbr,wasserstein,,central,all,age,linear_probe,3,3,13.517241,12.697211,True,zones,B,save/zones/central
SimCLR,SimCLR-nbr-wasser,nbr,wasserstein,,central,all,age,linear_probe,3,4,25.104347,24.506529,True,zones,B,save/zones/central
SimCLR,SimCLR-nbr-riemann,nbr,riemann,,central,all,age,linear_probe,3,0,20.033897,21.543726,True,zones,B,save/zones/central
SimCLR,SimCLR-nbr-riemann,nbr,riemann,,central,all,age,linear_probe,3,1,10.086957,14.521106,True,zones,B,save/zones/central
SimCLR,SimCLR-nbr-riemann,nbr,riemann,,central,all,age,linear_probe,3,2,12.6,14.349824,True,zones,B,save/zones/central
SimCLR,SimCLR-nbr-riemann,nbr,riemann,,central,all,age,linear_probe,3,3,13.517241,11.739988,True,zones,B,save/zones/central
SimCLR,SimCLR-nbr-riemann,nbr,riemann,,central,all,age,linear_probe,3,4,25.104347,25.475105,True,zones,B,save/zones/central
SimCLR,SimCLR-xsubj-cosine,xsubj,cosine,,central,all,age,linear_probe,3,0,20.033897,21.275324,True,zones,B,save/zones/central
SimCLR,SimCLR-xsubj-cosine,xsubj,cosine,,central,all,age,linear_probe,3,1,10.086957,11.630076,True,zones,B,save/zones/central
SimCLR,SimCLR-xsubj-cosine,xsubj,cosine,,central,all,age,linear_probe,3,2,12.6,15.394164,True,zones,B,save/zones/central
SimCLR,SimCLR-xsubj-cosine,xsubj,cosine,,central,all,age,linear_probe,3,3,13.517241,15.530404,True,zones,B,save/zones/central
SimCLR,SimCLR-xsubj-cosine,xsubj,cosine,,central,all,age,linear_probe,3,4,25.104347,22.687542,True,zones,B,save/zones/central
SimCLR,SimCLR-xsubj-wasser,xsubj,wasserstein,,central,all,age,linear_probe,3,0,20.033897,19.794579,True,zones,B,save/zones/central
SimCLR,SimCLR-xsubj-wasser,xsubj,wasserstein,,central,all,age,linear_probe,3,1,10.086957,12.219117,True,zones,B,save/zones/central
SimCLR,SimCLR-xsubj-wasser,xsubj,wasserstein,,central,all,age,linear_probe,3,2,12.6,14.881916,True,zones,B,save/zones/central
SimCLR,SimCLR-xsubj-wasser,xsubj,wasserstein,,central,all,age,linear_probe,3,3,13.517241,14.929633,True,zones,B,save/zones/central
SimCLR,SimCLR-xsubj-wasser,xsubj,wasserstein,,central,all,age,linear_probe,3,4,25.104347,22.711668,True,zones,B,save/zones/central
SimCLR,SimCLR-xsubj-riemann,xsubj,riemann,,central,all,age,linear_probe,3,0,20.033897,19.643402,True,zones,B,save/zones/central
SimCLR,SimCLR-xsubj-riemann,xsubj,riemann,,central,all,age,linear_probe,3,1,10.086957,14.749757,True,zones,B,save/zones/central
SimCLR,SimCLR-xsubj-riemann,xsubj,riemann,,central,all,age,linear_probe,3,2,12.6,14.79136,True,zones,B,save/zones/central
SimCLR,SimCLR-xsubj-riemann,xsubj,riemann,,central,all,age,linear_probe,3,3,13.517241,14.969373,True,zones,B,save/zones/central
SimCLR,SimCLR-xsubj-riemann,xsubj,riemann,,central,all,age,linear_probe,3,4,25.104347,20.581194,True,zones,B,save/zones/central
SimCLR,SimCLR-diffage-cosine,diffage,cosine,,central,all,age,linear_probe,3,0,20.033897,20.468042,True,zones,B,save/zones/central
SimCLR,SimCLR-diffage-cosine,diffage,cosine,,central,all,age,linear_probe,3,1,10.086957,17.992443,True,zones,B,save/zones/central
SimCLR,SimCLR-diffage-cosine,diffage,cosine,,central,all,age,linear_probe,3,2,12.6,14.039829,True,zones,B,save/zones/central
SimCLR,SimCLR-diffage-cosine,diffage,cosine,,central,all,age,linear_probe,3,3,13.517241,16.875368,True,zones,B,save/zones/central
SimCLR,SimCLR-diffage-cosine,diffage,cosine,,central,all,age,linear_probe,3,4,25.104347,22.734266,True,zones,B,save/zones/central
SimCLR,SimCLR-diffage-wasser,diffage,wasserstein,,central,all,age,linear_probe,3,0,20.033897,18.436968,True,zones,B,save/zones/central
SimCLR,SimCLR-diffage-wasser,diffage,wasserstein,,central,all,age,linear_probe,3,1,10.086957,17.766647,True,zones,B,save/zones/central
SimCLR,SimCLR-diffage-wasser,diffage,wasserstein,,central,all,age,linear_probe,3,2,12.6,15.090126,True,zones,B,save/zones/central
SimCLR,SimCLR-diffage-wasser,diffage,wasserstein,,central,all,age,linear_probe,3,3,13.517241,16.229713,True,zones,B,save/zones/central
SimCLR,SimCLR-diffage-wasser,diffage,wasserstein,,central,all,age,linear_probe,3,4,25.104347,24.506887,True,zones,B,save/zones/central
SimCLR,SimCLR-diffage-riemann,diffage,riemann,,central,all,age,linear_probe,3,0,20.033897,19.344629,True,zones,B,save/zones/central
SimCLR,SimCLR-diffage-riemann,diffage,riemann,,central,all,age,linear_probe,3,1,10.086957,17.182201,True,zones,B,save/zones/central
SimCLR,SimCLR-diffage-riemann,diffage,riemann,,central,all,age,linear_probe,3,2,12.6,14.768402,True,zones,B,save/zones/central
SimCLR,SimCLR-diffage-riemann,diffage,riemann,,central,all,age,linear_probe,3,3,13.517241,14.79712,True,zones,B,save/zones/central
SimCLR,SimCLR-diffage-riemann,diffage,riemann,,central,all,age,linear_probe,3,4,25.104347,22.352186,True,zones,B,save/zones/central
VAE,VAE,,,,central,all,age,linear_probe,3,0,20.033897,19.03413,True,zones,B,save/zones/central
VAE,VAE,,,,central,all,age,linear_probe,3,1,10.086957,19.051138,True,zones,B,save/zones/central
VAE,VAE,,,,central,all,age,linear_probe,3,2,12.6,19.025076,True,zones,B,save/zones/central
VAE,VAE,,,,central,all,age,linear_probe,3,3,13.517241,19.078913,True,zones,B,save/zones/central
VAE,VAE,,,,central,all,age,linear_probe,3,4,25.104347,19.073574,True,zones,B,save/zones/central
SimCLR,SimCLR,augment,,,central,all,age,fine_tuning,3,0,20.033897,18.950193,True,zones,B,save/zones/central
SimCLR,SimCLR,augment,,,central,all,age,fine_tuning,3,1,10.086957,11.147063,True,zones,B,save/zones/central
SimCLR,SimCLR,augment,,,central,all,age,fine_tuning,3,2,12.6,12.716125,True,zones,B,save/zones/central
SimCLR,SimCLR,augment,,,central,all,age,fine_tuning,3,3,13.517241,15.100203,True,zones,B,save/zones/central
SimCLR,SimCLR,augment,,,central,all,age,fine_tuning,3,4,25.104347,24.387526,True,zones,B,save/zones/central
SimCLR,SimCLR-nbr-cosine,nbr,cosine,,central,all,age,fine_tuning,3,0,20.033897,18.854893,True,zones,B,save/zones/central
SimCLR,SimCLR-nbr-cosine,nbr,cosine,,central,all,age,fine_tuning,3,1,10.086957,10.581427,True,zones,B,save/zones/central
SimCLR,SimCLR-nbr-cosine,nbr,cosine,,central,all,age,fine_tuning,3,2,12.6,10.92948,True,zones,B,save/zones/central
SimCLR,SimCLR-nbr-cosine,nbr,cosine,,central,all,age,fine_tuning,3,3,13.517241,14.158004,True,zones,B,save/zones/central
SimCLR,SimCLR-nbr-cosine,nbr,cosine,,central,all,age,fine_tuning,3,4,25.104347,24.51383,True,zones,B,save/zones/central
SimCLR,SimCLR-nbr-wasser,nbr,wasserstein,,central,all,age,fine_tuning,3,0,20.033897,19.398687,True,zones,B,save/zones/central
SimCLR,SimCLR-nbr-wasser,nbr,wasserstein,,central,all,age,fine_tuning,3,1,10.086957,11.460577,True,zones,B,save/zones/central
SimCLR,SimCLR-nbr-wasser,nbr,wasserstein,,central,all,age,fine_tuning,3,2,12.6,12.810059,True,zones,B,save/zones/central
SimCLR,SimCLR-nbr-wasser,nbr,wasserstein,,central,all,age,fine_tuning,3,3,13.517241,14.674124,True,zones,B,save/zones/central
SimCLR,SimCLR-nbr-wasser,nbr,wasserstein,,central,all,age,fine_tuning,3,4,25.104347,24.448151,True,zones,B,save/zones/central
SimCLR,SimCLR-nbr-riemann,nbr,riemann,,central,all,age,fine_tuning,3,0,20.033897,18.597288,True,zones,B,save/zones/central
SimCLR,SimCLR-nbr-riemann,nbr,riemann,,central,all,age,fine_tuning,3,1,10.086957,10.854638,True,zones,B,save/zones/central
SimCLR,SimCLR-nbr-riemann,nbr,riemann,,central,all,age,fine_tuning,3,2,12.6,13.080716,True,zones,B,save/zones/central
SimCLR,SimCLR-nbr-riemann,nbr,riemann,,central,all,age,fine_tuning,3,3,13.517241,14.749893,True,zones,B,save/zones/central
SimCLR,SimCLR-nbr-riemann,nbr,riemann,,central,all,age,fine_tuning,3,4,25.104347,24.938282,True,zones,B,save/zones/central
SimCLR,SimCLR-xsubj-cosine,xsubj,cosine,,central,all,age,fine_tuning,3,0,20.033897,19.296364,True,zones,B,save/zones/central
SimCLR,SimCLR-xsubj-cosine,xsubj,cosine,,central,all,age,fine_tuning,3,1,10.086957,10.786596,True,zones,B,save/zones/central
SimCLR,SimCLR-xsubj-cosine,xsubj,cosine,,central,all,age,fine_tuning,3,2,12.6,10.736176,True,zones,B,save/zones/central
SimCLR,SimCLR-xsubj-cosine,xsubj,cosine,,central,all,age,fine_tuning,3,3,13.517241,13.783382,True,zones,B,save/zones/central
SimCLR,SimCLR-xsubj-cosine,xsubj,cosine,,central,all,age,fine_tuning,3,4,25.104347,24.673752,True,zones,B,save/zones/central
SimCLR,SimCLR-xsubj-wasser,xsubj,wasserstein,,central,all,age,fine_tuning,3,0,20.033897,19.140944,True,zones,B,save/zones/central
SimCLR,SimCLR-xsubj-wasser,xsubj,wasserstein,,central,all,age,fine_tuning,3,1,10.086957,10.080741,True,zones,B,save/zones/central
SimCLR,SimCLR-xsubj-wasser,xsubj,wasserstein,,central,all,age,fine_tuning,3,2,12.6,9.514107,True,zones,B,save/zones/central
SimCLR,SimCLR-xsubj-wasser,xsubj,wasserstein,,central,all,age,fine_tuning,3,3,13.517241,14.952725,True,zones,B,save/zones/central
SimCLR,SimCLR-xsubj-wasser,xsubj,wasserstein,,central,all,age,fine_tuning,3,4,25.104347,24.808424,True,zones,B,save/zones/central
SimCLR,SimCLR-xsubj-riemann,xsubj,riemann,,central,all,age,fine_tuning,3,0,20.033897,18.793047,True,zones,B,save/zones/central
SimCLR,SimCLR-xsubj-riemann,xsubj,riemann,,central,all,age,fine_tuning,3,1,10.086957,11.506174,True,zones,B,save/zones/central
SimCLR,SimCLR-xsubj-riemann,xsubj,riemann,,central,all,age,fine_tuning,3,2,12.6,10.960631,True,zones,B,save/zones/central
SimCLR,SimCLR-xsubj-riemann,xsubj,riemann,,central,all,age,fine_tuning,3,3,13.517241,14.249721,True,zones,B,save/zones/central
SimCLR,SimCLR-xsubj-riemann,xsubj,riemann,,central,all,age,fine_tuning,3,4,25.104347,25.378689,True,zones,B,save/zones/central
SimCLR,SimCLR-diffage-cosine,diffage,cosine,,central,all,age,fine_tuning,3,0,20.033897,19.404057,True,zones,B,save/zones/central
SimCLR,SimCLR-diffage-cosine,diffage,cosine,,central,all,age,fine_tuning,3,1,10.086957,10.833535,True,zones,B,save/zones/central
SimCLR,SimCLR-diffage-cosine,diffage,cosine,,central,all,age,fine_tuning,3,2,12.6,10.59008,True,zones,B,save/zones/central
SimCLR,SimCLR-diffage-cosine,diffage,cosine,,central,all,age,fine_tuning,3,3,13.517241,15.457078,True,zones,B,save/zones/central
SimCLR,SimCLR-diffage-cosine,diffage,cosine,,central,all,age,fine_tuning,3,4,25.104347,24.570875,True,zones,B,save/zones/central
SimCLR,SimCLR-diffage-wasser,diffage,wasserstein,,central,all,age,fine_tuning,3,0,20.033897,22.896645,True,zones,B,save/zones/central
SimCLR,SimCLR-diffage-wasser,diffage,wasserstein,,central,all,age,fine_tuning,3,1,10.086957,14.115415,True,zones,B,save/zones/central
SimCLR,SimCLR-diffage-wasser,diffage,wasserstein,,central,all,age,fine_tuning,3,2,12.6,13.753875,True,zones,B,save/zones/central
SimCLR,SimCLR-diffage-wasser,diffage,wasserstein,,central,all,age,fine_tuning,3,3,13.517241,17.609388,True,zones,B,save/zones/central
SimCLR,SimCLR-diffage-wasser,diffage,wasserstein,,central,all,age,fine_tuning,3,4,25.104347,27.575785,True,zones,B,save/zones/central
SimCLR,SimCLR-diffage-riemann,diffage,riemann,,central,all,age,fine_tuning,3,0,20.033897,19.548824,True,zones,B,save/zones/central
SimCLR,SimCLR-diffage-riemann,diffage,riemann,,central,all,age,fine_tuning,3,1,10.086957,11.658492,True,zones,B,save/zones/central
SimCLR,SimCLR-diffage-riemann,diffage,riemann,,central,all,age,fine_tuning,3,2,12.6,10.606908,True,zones,B,save/zones/central
SimCLR,SimCLR-diffage-riemann,diffage,riemann,,central,all,age,fine_tuning,3,3,13.517241,14.312239,True,zones,B,save/zones/central
SimCLR,SimCLR-diffage-riemann,diffage,riemann,,central,all,age,fine_tuning,3,4,25.104347,25.267765,True,zones,B,save/zones/central
VAE,VAE,,,,central,all,age,fine_tuning,3,0,20.033897,18.987564,True,zones,B,save/zones/central
VAE,VAE,,,,central,all,age,fine_tuning,3,1,10.086957,9.142127,True,zones,B,save/zones/central
VAE,VAE,,,,central,all,age,fine_tuning,3,2,12.6,13.007837,True,zones,B,save/zones/central
VAE,VAE,,,,central,all,age,fine_tuning,3,3,13.517241,16.583683,True,zones,B,save/zones/central
VAE,VAE,,,,central,all,age,fine_tuning,3,4,25.104347,24.919886,True,zones,B,save/zones/central
SimCLR,SimCLR,augment,,,central,all,age,linear_probe,4,0,12.185185,18.148027,True,zones,B,save/zones/central
SimCLR,SimCLR,augment,,,central,all,age,linear_probe,4,1,10.902439,16.849939,True,zones,B,save/zones/central
SimCLR,SimCLR,augment,,,central,all,age,linear_probe,4,2,7.125,16.750792,True,zones,B,save/zones/central
SimCLR,SimCLR,augment,,,central,all,age,linear_probe,4,3,31.799999,23.446962,True,zones,B,save/zones/central
SimCLR,SimCLR,augment,,,central,all,age,linear_probe,4,4,10.609756,22.335533,True,zones,B,save/zones/central
SimCLR,SimCLR-nbr-cosine,nbr,cosine,,central,all,age,linear_probe,4,0,12.185185,12.422798,True,zones,B,save/zones/central
SimCLR,SimCLR-nbr-cosine,nbr,cosine,,central,all,age,linear_probe,4,1,10.902439,14.394794,True,zones,B,save/zones/central
SimCLR,SimCLR-nbr-cosine,nbr,cosine,,central,all,age,linear_probe,4,2,7.125,15.959023,True,zones,B,save/zones/central
SimCLR,SimCLR-nbr-cosine,nbr,cosine,,central,all,age,linear_probe,4,3,31.799999,26.194019,True,zones,B,save/zones/central
SimCLR,SimCLR-nbr-cosine,nbr,cosine,,central,all,age,linear_probe,4,4,10.609756,20.769669,True,zones,B,save/zones/central
SimCLR,SimCLR-nbr-wasser,nbr,wasserstein,,central,all,age,linear_probe,4,0,12.185185,11.563826,True,zones,B,save/zones/central
SimCLR,SimCLR-nbr-wasser,nbr,wasserstein,,central,all,age,linear_probe,4,1,10.902439,12.983876,True,zones,B,save/zones/central
SimCLR,SimCLR-nbr-wasser,nbr,wasserstein,,central,all,age,linear_probe,4,2,7.125,17.409512,True,zones,B,save/zones/central
SimCLR,SimCLR-nbr-wasser,nbr,wasserstein,,central,all,age,linear_probe,4,3,31.799999,22.894829,True,zones,B,save/zones/central
SimCLR,SimCLR-nbr-wasser,nbr,wasserstein,,central,all,age,linear_probe,4,4,10.609756,18.198254,True,zones,B,save/zones/central
SimCLR,SimCLR-nbr-riemann,nbr,riemann,,central,all,age,linear_probe,4,0,12.185185,14.112992,True,zones,B,save/zones/central
SimCLR,SimCLR-nbr-riemann,nbr,riemann,,central,all,age,linear_probe,4,1,10.902439,14.882953,True,zones,B,save/zones/central
SimCLR,SimCLR-nbr-riemann,nbr,riemann,,central,all,age,linear_probe,4,2,7.125,17.281422,True,zones,B,save/zones/central
SimCLR,SimCLR-nbr-riemann,nbr,riemann,,central,all,age,linear_probe,4,3,31.799999,22.479908,True,zones,B,save/zones/central
SimCLR,SimCLR-nbr-riemann,nbr,riemann,,central,all,age,linear_probe,4,4,10.609756,18.504038,True,zones,B,save/zones/central
SimCLR,SimCLR-xsubj-cosine,xsubj,cosine,,central,all,age,linear_probe,4,0,12.185185,13.727985,True,zones,B,save/zones/central
SimCLR,SimCLR-xsubj-cosine,xsubj,cosine,,central,all,age,linear_probe,4,1,10.902439,11.877124,True,zones,B,save/zones/central
SimCLR,SimCLR-xsubj-cosine,xsubj,cosine,,central,all,age,linear_probe,4,2,7.125,15.207365,True,zones,B,save/zones/central
SimCLR,SimCLR-xsubj-cosine,xsubj,cosine,,central,all,age,linear_probe,4,3,31.799999,25.895041,True,zones,B,save/zones/central
SimCLR,SimCLR-xsubj-cosine,xsubj,cosine,,central,all,age,linear_probe,4,4,10.609756,19.003843,True,zones,B,save/zones/central
SimCLR,SimCLR-xsubj-wasser,xsubj,wasserstein,,central,all,age,linear_probe,4,0,12.185185,11.654399,True,zones,B,save/zones/central
SimCLR,SimCLR-xsubj-wasser,xsubj,wasserstein,,central,all,age,linear_probe,4,1,10.902439,14.725041,True,zones,B,save/zones/central
SimCLR,SimCLR-xsubj-wasser,xsubj,wasserstein,,central,all,age,linear_probe,4,2,7.125,15.064322,True,zones,B,save/zones/central
SimCLR,SimCLR-xsubj-wasser,xsubj,wasserstein,,central,all,age,linear_probe,4,3,31.799999,27.051912,True,zones,B,save/zones/central
SimCLR,SimCLR-xsubj-wasser,xsubj,wasserstein,,central,all,age,linear_probe,4,4,10.609756,15.62422,True,zones,B,save/zones/central
SimCLR,SimCLR-xsubj-riemann,xsubj,riemann,,central,all,age,linear_probe,4,0,12.185185,11.97194,True,zones,B,save/zones/central
SimCLR,SimCLR-xsubj-riemann,xsubj,riemann,,central,all,age,linear_probe,4,1,10.902439,12.794553,True,zones,B,save/zones/central
SimCLR,SimCLR-xsubj-riemann,xsubj,riemann,,central,all,age,linear_probe,4,2,7.125,15.40142,True,zones,B,save/zones/central
SimCLR,SimCLR-xsubj-riemann,xsubj,riemann,,central,all,age,linear_probe,4,3,31.799999,24.998896,True,zones,B,save/zones/central
SimCLR,SimCLR-xsubj-riemann,xsubj,riemann,,central,all,age,linear_probe,4,4,10.609756,18.706402,True,zones,B,save/zones/central
SimCLR,SimCLR-diffage-cosine,diffage,cosine,,central,all,age,linear_probe,4,0,12.185185,15.92555,True,zones,B,save/zones/central
SimCLR,SimCLR-diffage-cosine,diffage,cosine,,central,all,age,linear_probe,4,1,10.902439,18.019617,True,zones,B,save/zones/central
SimCLR,SimCLR-diffage-cosine,diffage,cosine,,central,all,age,linear_probe,4,2,7.125,19.725842,True,zones,B,save/zones/central
SimCLR,SimCLR-diffage-cosine,diffage,cosine,,central,all,age,linear_probe,4,3,31.799999,22.414204,True,zones,B,save/zones/central
SimCLR,SimCLR-diffage-cosine,diffage,cosine,,central,all,age,linear_probe,4,4,10.609756,21.797308,True,zones,B,save/zones/central
SimCLR,SimCLR-diffage-wasser,diffage,wasserstein,,central,all,age,linear_probe,4,0,12.185185,16.056387,True,zones,B,save/zones/central
SimCLR,SimCLR-diffage-wasser,diffage,wasserstein,,central,all,age,linear_probe,4,1,10.902439,18.305851,True,zones,B,save/zones/central
SimCLR,SimCLR-diffage-wasser,diffage,wasserstein,,central,all,age,linear_probe,4,2,7.125,18.393162,True,zones,B,save/zones/central
SimCLR,SimCLR-diffage-wasser,diffage,wasserstein,,central,all,age,linear_probe,4,3,31.799999,23.495255,True,zones,B,save/zones/central
SimCLR,SimCLR-diffage-wasser,diffage,wasserstein,,central,all,age,linear_probe,4,4,10.609756,22.966932,True,zones,B,save/zones/central
SimCLR,SimCLR-diffage-riemann,diffage,riemann,,central,all,age,linear_probe,4,0,12.185185,13.642469,True,zones,B,save/zones/central
SimCLR,SimCLR-diffage-riemann,diffage,riemann,,central,all,age,linear_probe,4,1,10.902439,17.705404,True,zones,B,save/zones/central
SimCLR,SimCLR-diffage-riemann,diffage,riemann,,central,all,age,linear_probe,4,2,7.125,17.99674,True,zones,B,save/zones/central
SimCLR,SimCLR-diffage-riemann,diffage,riemann,,central,all,age,linear_probe,4,3,31.799999,23.998138,True,zones,B,save/zones/central
SimCLR,SimCLR-diffage-riemann,diffage,riemann,,central,all,age,linear_probe,4,4,10.609756,21.814962,True,zones,B,save/zones/central
VAE,VAE,,,,central,all,age,linear_probe,4,0,12.185185,18.907555,True,zones,B,save/zones/central
VAE,VAE,,,,central,all,age,linear_probe,4,1,10.902439,18.82412,True,zones,B,save/zones/central
VAE,VAE,,,,central,all,age,linear_probe,4,2,7.125,18.932949,True,zones,B,save/zones/central
VAE,VAE,,,,central,all,age,linear_probe,4,3,31.799999,19.094727,True,zones,B,save/zones/central
VAE,VAE,,,,central,all,age,linear_probe,4,4,10.609756,18.983334,True,zones,B,save/zones/central
SimCLR,SimCLR,augment,,,central,all,age,fine_tuning,4,0,12.185185,10.79264,True,zones,B,save/zones/central
SimCLR,SimCLR,augment,,,central,all,age,fine_tuning,4,1,10.902439,12.330555,True,zones,B,save/zones/central
SimCLR,SimCLR,augment,,,central,all,age,fine_tuning,4,2,7.125,11.671722,True,zones,B,save/zones/central
SimCLR,SimCLR,augment,,,central,all,age,fine_tuning,4,3,31.799999,31.896711,True,zones,B,save/zones/central
SimCLR,SimCLR,augment,,,central,all,age,fine_tuning,4,4,10.609756,14.248411,True,zones,B,save/zones/central
SimCLR,SimCLR-nbr-cosine,nbr,cosine,,central,all,age,fine_tuning,4,0,12.185185,10.010014,True,zones,B,save/zones/central
SimCLR,SimCLR-nbr-cosine,nbr,cosine,,central,all,age,fine_tuning,4,1,10.902439,11.031856,True,zones,B,save/zones/central
SimCLR,SimCLR-nbr-cosine,nbr,cosine,,central,all,age,fine_tuning,4,2,7.125,11.551908,True,zones,B,save/zones/central
SimCLR,SimCLR-nbr-cosine,nbr,cosine,,central,all,age,fine_tuning,4,3,31.799999,30.618031,True,zones,B,save/zones/central
SimCLR,SimCLR-nbr-cosine,nbr,cosine,,central,all,age,fine_tuning,4,4,10.609756,11.980999,True,zones,B,save/zones/central
SimCLR,SimCLR-nbr-wasser,nbr,wasserstein,,central,all,age,fine_tuning,4,0,12.185185,10.161975,True,zones,B,save/zones/central
SimCLR,SimCLR-nbr-wasser,nbr,wasserstein,,central,all,age,fine_tuning,4,1,10.902439,10.295823,True,zones,B,save/zones/central
SimCLR,SimCLR-nbr-wasser,nbr,wasserstein,,central,all,age,fine_tuning,4,2,7.125,11.714024,True,zones,B,save/zones/central
SimCLR,SimCLR-nbr-wasser,nbr,wasserstein,,central,all,age,fine_tuning,4,3,31.799999,31.538532,True,zones,B,save/zones/central
SimCLR,SimCLR-nbr-wasser,nbr,wasserstein,,central,all,age,fine_tuning,4,4,10.609756,11.250981,True,zones,B,save/zones/central
SimCLR,SimCLR-nbr-riemann,nbr,riemann,,central,all,age,fine_tuning,4,0,12.185185,9.722815,True,zones,B,save/zones/central
SimCLR,SimCLR-nbr-riemann,nbr,riemann,,central,all,age,fine_tuning,4,1,10.902439,10.961721,True,zones,B,save/zones/central
SimCLR,SimCLR-nbr-riemann,nbr,riemann,,central,all,age,fine_tuning,4,2,7.125,10.911883,True,zones,B,save/zones/central
SimCLR,SimCLR-nbr-riemann,nbr,riemann,,central,all,age,fine_tuning,4,3,31.799999,29.85305,True,zones,B,save/zones/central
SimCLR,SimCLR-nbr-riemann,nbr,riemann,,central,all,age,fine_tuning,4,4,10.609756,11.782083,True,zones,B,save/zones/central
SimCLR,SimCLR-xsubj-cosine,xsubj,cosine,,central,all,age,fine_tuning,4,0,12.185185,9.769784,True,zones,B,save/zones/central
SimCLR,SimCLR-xsubj-cosine,xsubj,cosine,,central,all,age,fine_tuning,4,1,10.902439,11.190442,True,zones,B,save/zones/central
SimCLR,SimCLR-xsubj-cosine,xsubj,cosine,,central,all,age,fine_tuning,4,2,7.125,10.961655,True,zones,B,save/zones/central
SimCLR,SimCLR-xsubj-cosine,xsubj,cosine,,central,all,age,fine_tuning,4,3,31.799999,31.546982,True,zones,B,save/zones/central
SimCLR,SimCLR-xsubj-cosine,xsubj,cosine,,central,all,age,fine_tuning,4,4,10.609756,13.265654,True,zones,B,save/zones/central
SimCLR,SimCLR-xsubj-wasser,xsubj,wasserstein,,central,all,age,fine_tuning,4,0,12.185185,10.870298,True,zones,B,save/zones/central
SimCLR,SimCLR-xsubj-wasser,xsubj,wasserstein,,central,all,age,fine_tuning,4,1,10.902439,10.760741,True,zones,B,save/zones/central
SimCLR,SimCLR-xsubj-wasser,xsubj,wasserstein,,central,all,age,fine_tuning,4,2,7.125,10.628729,True,zones,B,save/zones/central
SimCLR,SimCLR-xsubj-wasser,xsubj,wasserstein,,central,all,age,fine_tuning,4,3,31.799999,31.510283,True,zones,B,save/zones/central
SimCLR,SimCLR-xsubj-wasser,xsubj,wasserstein,,central,all,age,fine_tuning,4,4,10.609756,12.586457,True,zones,B,save/zones/central
SimCLR,SimCLR-xsubj-riemann,xsubj,riemann,,central,all,age,fine_tuning,4,0,12.185185,8.795819,True,zones,B,save/zones/central
SimCLR,SimCLR-xsubj-riemann,xsubj,riemann,,central,all,age,fine_tuning,4,1,10.902439,11.512636,True,zones,B,save/zones/central
SimCLR,SimCLR-xsubj-riemann,xsubj,riemann,,central,all,age,fine_tuning,4,2,7.125,11.739464,True,zones,B,save/zones/central
SimCLR,SimCLR-xsubj-riemann,xsubj,riemann,,central,all,age,fine_tuning,4,3,31.799999,31.925777,True,zones,B,save/zones/central
SimCLR,SimCLR-xsubj-riemann,xsubj,riemann,,central,all,age,fine_tuning,4,4,10.609756,12.847072,True,zones,B,save/zones/central
SimCLR,SimCLR-diffage-cosine,diffage,cosine,,central,all,age,fine_tuning,4,0,12.185185,11.552163,True,zones,B,save/zones/central
SimCLR,SimCLR-diffage-cosine,diffage,cosine,,central,all,age,fine_tuning,4,1,10.902439,13.978301,True,zones,B,save/zones/central
SimCLR,SimCLR-diffage-cosine,diffage,cosine,,central,all,age,fine_tuning,4,2,7.125,12.191724,True,zones,B,save/zones/central
SimCLR,SimCLR-diffage-cosine,diffage,cosine,,central,all,age,fine_tuning,4,3,31.799999,31.004566,True,zones,B,save/zones/central
SimCLR,SimCLR-diffage-cosine,diffage,cosine,,central,all,age,fine_tuning,4,4,10.609756,19.050707,True,zones,B,save/zones/central
SimCLR,SimCLR-diffage-wasser,diffage,wasserstein,,central,all,age,fine_tuning,4,0,12.185185,8.49638,True,zones,B,save/zones/central
SimCLR,SimCLR-diffage-wasser,diffage,wasserstein,,central,all,age,fine_tuning,4,1,10.902439,12.142004,True,zones,B,save/zones/central
SimCLR,SimCLR-diffage-wasser,diffage,wasserstein,,central,all,age,fine_tuning,4,2,7.125,9.888,True,zones,B,save/zones/central
SimCLR,SimCLR-diffage-wasser,diffage,wasserstein,,central,all,age,fine_tuning,4,3,31.799999,28.792145,True,zones,B,save/zones/central
SimCLR,SimCLR-diffage-wasser,diffage,wasserstein,,central,all,age,fine_tuning,4,4,10.609756,17.217508,True,zones,B,save/zones/central
SimCLR,SimCLR-diffage-riemann,diffage,riemann,,central,all,age,fine_tuning,4,0,12.185185,11.159086,True,zones,B,save/zones/central
SimCLR,SimCLR-diffage-riemann,diffage,riemann,,central,all,age,fine_tuning,4,1,10.902439,11.469473,True,zones,B,save/zones/central
SimCLR,SimCLR-diffage-riemann,diffage,riemann,,central,all,age,fine_tuning,4,2,7.125,15.029467,True,zones,B,save/zones/central
SimCLR,SimCLR-diffage-riemann,diffage,riemann,,central,all,age,fine_tuning,4,3,31.799999,30.885553,True,zones,B,save/zones/central
SimCLR,SimCLR-diffage-riemann,diffage,riemann,,central,all,age,fine_tuning,4,4,10.609756,14.489338,True,zones,B,save/zones/central
VAE,VAE,,,,central,all,age,fine_tuning,4,0,12.185185,10.108459,True,zones,B,save/zones/central
VAE,VAE,,,,central,all,age,fine_tuning,4,1,10.902439,11.393278,True,zones,B,save/zones/central
VAE,VAE,,,,central,all,age,fine_tuning,4,2,7.125,11.066249,True,zones,B,save/zones/central
VAE,VAE,,,,central,all,age,fine_tuning,4,3,31.799999,32.155746,True,zones,B,save/zones/central
VAE,VAE,,,,central,all,age,fine_tuning,4,4,10.609756,12.799974,True,zones,B,save/zones/central
SimCLR,SimCLR,augment,,,central,all,age,linear_probe,5,0,21.299999,20.769827,True,zones,B,save/zones/central
SimCLR,SimCLR,augment,,,central,all,age,linear_probe,5,1,16.439024,15.239897,True,zones,B,save/zones/central
SimCLR,SimCLR,augment,,,central,all,age,linear_probe,5,2,14.341772,16.940157,True,zones,B,save/zones/central
SimCLR,SimCLR,augment,,,central,all,age,linear_probe,5,3,22.196079,18.349245,True,zones,B,save/zones/central
SimCLR,SimCLR-nbr-cosine,nbr,cosine,,central,all,age,linear_probe,5,0,21.299999,22.661434,True,zones,B,save/zones/central
SimCLR,SimCLR-nbr-cosine,nbr,cosine,,central,all,age,linear_probe,5,1,16.439024,14.677133,True,zones,B,save/zones/central
SimCLR,SimCLR-nbr-cosine,nbr,cosine,,central,all,age,linear_probe,5,2,14.341772,15.960187,True,zones,B,save/zones/central
SimCLR,SimCLR-nbr-cosine,nbr,cosine,,central,all,age,linear_probe,5,3,22.196079,22.959961,True,zones,B,save/zones/central
SimCLR,SimCLR-nbr-wasser,nbr,wasserstein,,central,all,age,linear_probe,5,0,21.299999,21.429657,True,zones,B,save/zones/central
SimCLR,SimCLR-nbr-wasser,nbr,wasserstein,,central,all,age,linear_probe,5,1,16.439024,14.632571,True,zones,B,save/zones/central
SimCLR,SimCLR-nbr-wasser,nbr,wasserstein,,central,all,age,linear_probe,5,2,14.341772,15.486505,True,zones,B,save/zones/central
SimCLR,SimCLR-nbr-wasser,nbr,wasserstein,,central,all,age,linear_probe,5,3,22.196079,24.070343,True,zones,B,save/zones/central
SimCLR,SimCLR-nbr-riemann,nbr,riemann,,central,all,age,linear_probe,5,0,21.299999,19.541807,True,zones,B,save/zones/central
SimCLR,SimCLR-nbr-riemann,nbr,riemann,,central,all,age,linear_probe,5,1,16.439024,14.361626,True,zones,B,save/zones/central
SimCLR,SimCLR-nbr-riemann,nbr,riemann,,central,all,age,linear_probe,5,2,14.341772,15.944695,True,zones,B,save/zones/central
SimCLR,SimCLR-nbr-riemann,nbr,riemann,,central,all,age,linear_probe,5,3,22.196079,22.156158,True,zones,B,save/zones/central
SimCLR,SimCLR-xsubj-cosine,xsubj,cosine,,central,all,age,linear_probe,5,0,21.299999,23.764776,True,zones,B,save/zones/central
SimCLR,SimCLR-xsubj-cosine,xsubj,cosine,,central,all,age,linear_probe,5,1,16.439024,16.522255,True,zones,B,save/zones/central
SimCLR,SimCLR-xsubj-cosine,xsubj,cosine,,central,all,age,linear_probe,5,2,14.341772,14.8636,True,zones,B,save/zones/central
SimCLR,SimCLR-xsubj-cosine,xsubj,cosine,,central,all,age,linear_probe,5,3,22.196079,22.556726,True,zones,B,save/zones/central
SimCLR,SimCLR-xsubj-wasser,xsubj,wasserstein,,central,all,age,linear_probe,5,0,21.299999,22.720524,True,zones,B,save/zones/central
SimCLR,SimCLR-xsubj-wasser,xsubj,wasserstein,,central,all,age,linear_probe,5,1,16.439024,16.655182,True,zones,B,save/zones/central
SimCLR,SimCLR-xsubj-wasser,xsubj,wasserstein,,central,all,age,linear_probe,5,2,14.341772,14.822817,True,zones,B,save/zones/central
SimCLR,SimCLR-xsubj-wasser,xsubj,wasserstein,,central,all,age,linear_probe,5,3,22.196079,23.334602,True,zones,B,save/zones/central
SimCLR,SimCLR-xsubj-riemann,xsubj,riemann,,central,all,age,linear_probe,5,0,21.299999,25.724844,True,zones,B,save/zones/central
SimCLR,SimCLR-xsubj-riemann,xsubj,riemann,,central,all,age,linear_probe,5,1,16.439024,15.38041,True,zones,B,save/zones/central
SimCLR,SimCLR-xsubj-riemann,xsubj,riemann,,central,all,age,linear_probe,5,2,14.341772,16.15361,True,zones,B,save/zones/central
SimCLR,SimCLR-xsubj-riemann,xsubj,riemann,,central,all,age,linear_probe,5,3,22.196079,23.574594,True,zones,B,save/zones/central
SimCLR,SimCLR-diffage-cosine,diffage,cosine,,central,all,age,linear_probe,5,0,21.299999,23.056898,True,zones,B,save/zones/central
SimCLR,SimCLR-diffage-cosine,diffage,cosine,,central,all,age,linear_probe,5,1,16.439024,15.861703,True,zones,B,save/zones/central
SimCLR,SimCLR-diffage-cosine,diffage,cosine,,central,all,age,linear_probe,5,2,14.341772,16.403845,True,zones,B,save/zones/central
SimCLR,SimCLR-diffage-cosine,diffage,cosine,,central,all,age,linear_probe,5,3,22.196079,20.02993,True,zones,B,save/zones/central
SimCLR,SimCLR-diffage-wasser,diffage,wasserstein,,central,all,age,linear_probe,5,0,21.299999,21.541897,True,zones,B,save/zones/central
SimCLR,SimCLR-diffage-wasser,diffage,wasserstein,,central,all,age,linear_probe,5,1,16.439024,17.052757,True,zones,B,save/zones/central
SimCLR,SimCLR-diffage-wasser,diffage,wasserstein,,central,all,age,linear_probe,5,2,14.341772,17.207861,True,zones,B,save/zones/central
SimCLR,SimCLR-diffage-wasser,diffage,wasserstein,,central,all,age,linear_probe,5,3,22.196079,20.31385,True,zones,B,save/zones/central
SimCLR,SimCLR-diffage-riemann,diffage,riemann,,central,all,age,linear_probe,5,0,21.299999,21.687672,True,zones,B,save/zones/central
SimCLR,SimCLR-diffage-riemann,diffage,riemann,,central,all,age,linear_probe,5,1,16.439024,15.234981,True,zones,B,save/zones/central
SimCLR,SimCLR-diffage-riemann,diffage,riemann,,central,all,age,linear_probe,5,2,14.341772,18.542007,True,zones,B,save/zones/central
SimCLR,SimCLR-diffage-riemann,diffage,riemann,,central,all,age,linear_probe,5,3,22.196079,18.376152,True,zones,B,save/zones/central
VAE,VAE,,,,central,all,age,linear_probe,5,0,21.299999,19.039948,True,zones,B,save/zones/central
VAE,VAE,,,,central,all,age,linear_probe,5,1,16.439024,18.796185,True,zones,B,save/zones/central
VAE,VAE,,,,central,all,age,linear_probe,5,2,14.341772,18.839197,True,zones,B,save/zones/central
VAE,VAE,,,,central,all,age,linear_probe,5,3,22.196079,19.102932,True,zones,B,save/zones/central
SimCLR,SimCLR,augment,,,central,all,age,fine_tuning,5,0,21.299999,24.156513,True,zones,B,save/zones/central
SimCLR,SimCLR,augment,,,central,all,age,fine_tuning,5,1,16.439024,16.410519,True,zones,B,save/zones/central
SimCLR,SimCLR,augment,,,central,all,age,fine_tuning,5,2,14.341772,15.719468,True,zones,B,save/zones/central
SimCLR,SimCLR,augment,,,central,all,age,fine_tuning,5,3,22.196079,23.395815,True,zones,B,save/zones/central
SimCLR,SimCLR-nbr-cosine,nbr,cosine,,central,all,age,fine_tuning,5,0,21.299999,23.873194,True,zones,B,save/zones/central
SimCLR,SimCLR-nbr-cosine,nbr,cosine,,central,all,age,fine_tuning,5,1,16.439024,13.692375,True,zones,B,save/zones/central
SimCLR,SimCLR-nbr-cosine,nbr,cosine,,central,all,age,fine_tuning,5,2,14.341772,15.00922,True,zones,B,save/zones/central
SimCLR,SimCLR-nbr-cosine,nbr,cosine,,central,all,age,fine_tuning,5,3,22.196079,23.884579,True,zones,B,save/zones/central
SimCLR,SimCLR-nbr-wasser,nbr,wasserstein,,central,all,age,fine_tuning,5,0,21.299999,24.420376,True,zones,B,save/zones/central
SimCLR,SimCLR-nbr-wasser,nbr,wasserstein,,central,all,age,fine_tuning,5,1,16.439024,15.624012,True,zones,B,save/zones/central
SimCLR,SimCLR-nbr-wasser,nbr,wasserstein,,central,all,age,fine_tuning,5,2,14.341772,15.461438,True,zones,B,save/zones/central
SimCLR,SimCLR-nbr-wasser,nbr,wasserstein,,central,all,age,fine_tuning,5,3,22.196079,25.271671,True,zones,B,save/zones/central
SimCLR,SimCLR-nbr-riemann,nbr,riemann,,central,all,age,fine_tuning,5,0,21.299999,23.872557,True,zones,B,save/zones/central
SimCLR,SimCLR-nbr-riemann,nbr,riemann,,central,all,age,fine_tuning,5,1,16.439024,16.493584,True,zones,B,save/zones/central
SimCLR,SimCLR-nbr-riemann,nbr,riemann,,central,all,age,fine_tuning,5,2,14.341772,15.51853,True,zones,B,save/zones/central
SimCLR,SimCLR-nbr-riemann,nbr,riemann,,central,all,age,fine_tuning,5,3,22.196079,24.865259,True,zones,B,save/zones/central
SimCLR,SimCLR-xsubj-cosine,xsubj,cosine,,central,all,age,fine_tuning,5,0,21.299999,24.912891,True,zones,B,save/zones/central
SimCLR,SimCLR-xsubj-cosine,xsubj,cosine,,central,all,age,fine_tuning,5,1,16.439024,16.061092,True,zones,B,save/zones/central
SimCLR,SimCLR-xsubj-cosine,xsubj,cosine,,central,all,age,fine_tuning,5,2,14.341772,15.525351,True,zones,B,save/zones/central
SimCLR,SimCLR-xsubj-cosine,xsubj,cosine,,central,all,age,fine_tuning,5,3,22.196079,24.170467,True,zones,B,save/zones/central
SimCLR,SimCLR-xsubj-wasser,xsubj,wasserstein,,central,all,age,fine_tuning,5,0,21.299999,24.140074,True,zones,B,save/zones/central
SimCLR,SimCLR-xsubj-wasser,xsubj,wasserstein,,central,all,age,fine_tuning,5,1,16.439024,15.471169,True,zones,B,save/zones/central
SimCLR,SimCLR-xsubj-wasser,xsubj,wasserstein,,central,all,age,fine_tuning,5,2,14.341772,15.944282,True,zones,B,save/zones/central
SimCLR,SimCLR-xsubj-wasser,xsubj,wasserstein,,central,all,age,fine_tuning,5,3,22.196079,24.124716,True,zones,B,save/zones/central
SimCLR,SimCLR-xsubj-riemann,xsubj,riemann,,central,all,age,fine_tuning,5,0,21.299999,23.616634,True,zones,B,save/zones/central
SimCLR,SimCLR-xsubj-riemann,xsubj,riemann,,central,all,age,fine_tuning,5,1,16.439024,16.485001,True,zones,B,save/zones/central
SimCLR,SimCLR-xsubj-riemann,xsubj,riemann,,central,all,age,fine_tuning,5,2,14.341772,15.597755,True,zones,B,save/zones/central
SimCLR,SimCLR-xsubj-riemann,xsubj,riemann,,central,all,age,fine_tuning,5,3,22.196079,24.209799,True,zones,B,save/zones/central
SimCLR,SimCLR-diffage-cosine,diffage,cosine,,central,all,age,fine_tuning,5,0,21.299999,23.190742,True,zones,B,save/zones/central
SimCLR,SimCLR-diffage-cosine,diffage,cosine,,central,all,age,fine_tuning,5,1,16.439024,15.540161,True,zones,B,save/zones/central
SimCLR,SimCLR-diffage-cosine,diffage,cosine,,central,all,age,fine_tuning,5,2,14.341772,15.712484,True,zones,B,save/zones/central
SimCLR,SimCLR-diffage-cosine,diffage,cosine,,central,all,age,fine_tuning,5,3,22.196079,23.777447,True,zones,B,save/zones/central
SimCLR,SimCLR-diffage-wasser,diffage,wasserstein,,central,all,age,fine_tuning,5,0,21.299999,23.077488,True,zones,B,save/zones/central
SimCLR,SimCLR-diffage-wasser,diffage,wasserstein,,central,all,age,fine_tuning,5,1,16.439024,15.997309,True,zones,B,save/zones/central
SimCLR,SimCLR-diffage-wasser,diffage,wasserstein,,central,all,age,fine_tuning,5,2,14.341772,15.119085,True,zones,B,save/zones/central
SimCLR,SimCLR-diffage-wasser,diffage,wasserstein,,central,all,age,fine_tuning,5,3,22.196079,24.287916,True,zones,B,save/zones/central
SimCLR,SimCLR-diffage-riemann,diffage,riemann,,central,all,age,fine_tuning,5,0,21.299999,25.192129,True,zones,B,save/zones/central
SimCLR,SimCLR-diffage-riemann,diffage,riemann,,central,all,age,fine_tuning,5,1,16.439024,13.69406,True,zones,B,save/zones/central
SimCLR,SimCLR-diffage-riemann,diffage,riemann,,central,all,age,fine_tuning,5,2,14.341772,16.077414,True,zones,B,save/zones/central
SimCLR,SimCLR-diffage-riemann,diffage,riemann,,central,all,age,fine_tuning,5,3,22.196079,22.949812,True,zones,B,save/zones/central
VAE,VAE,,,,central,all,age,fine_tuning,5,0,21.299999,24.975603,True,zones,B,save/zones/central
VAE,VAE,,,,central,all,age,fine_tuning,5,1,16.439024,18.216427,True,zones,B,save/zones/central
VAE,VAE,,,,central,all,age,fine_tuning,5,2,14.341772,17.693491,True,zones,B,save/zones/central
VAE,VAE,,,,central,all,age,fine_tuning,5,3,22.196079,26.120937,True,zones,B,save/zones/central
SimCLR,SimCLR,augment,,,central,all,age,linear_probe,6,0,23.77,17.439274,True,zones,B,save/zones/central
SimCLR,SimCLR,augment,,,central,all,age,linear_probe,6,1,10.272727,18.135847,True,zones,B,save/zones/central
SimCLR,SimCLR,augment,,,central,all,age,linear_probe,6,2,22.170732,20.470522,True,zones,B,save/zones/central
SimCLR,SimCLR,augment,,,central,all,age,linear_probe,6,3,11.014925,17.483349,True,zones,B,save/zones/central
SimCLR,SimCLR-nbr-cosine,nbr,cosine,,central,all,age,linear_probe,6,0,23.77,18.423826,True,zones,B,save/zones/central
SimCLR,SimCLR-nbr-cosine,nbr,cosine,,central,all,age,linear_probe,6,1,10.272727,16.70974,True,zones,B,save/zones/central
SimCLR,SimCLR-nbr-cosine,nbr,cosine,,central,all,age,linear_probe,6,2,22.170732,17.634718,True,zones,B,save/zones/central
SimCLR,SimCLR-nbr-cosine,nbr,cosine,,central,all,age,linear_probe,6,3,11.014925,13.131195,True,zones,B,save/zones/central
SimCLR,SimCLR-nbr-wasser,nbr,wasserstein,,central,all,age,linear_probe,6,0,23.77,19.229467,True,zones,B,save/zones/central
SimCLR,SimCLR-nbr-wasser,nbr,wasserstein,,central,all,age,linear_probe,6,1,10.272727,16.873781,True,zones,B,save/zones/central
SimCLR,SimCLR-nbr-wasser,nbr,wasserstein,,central,all,age,linear_probe,6,2,22.170732,17.084116,True,zones,B,save/zones/central
SimCLR,SimCLR-nbr-wasser,nbr,wasserstein,,central,all,age,linear_probe,6,3,11.014925,14.591278,True,zones,B,save/zones/central
SimCLR,SimCLR-nbr-riemann,nbr,riemann,,central,all,age,linear_probe,6,0,23.77,18.734926,True,zones,B,save/zones/central
SimCLR,SimCLR-nbr-riemann,nbr,riemann,,central,all,age,linear_probe,6,1,10.272727,17.497576,True,zones,B,save/zones/central
SimCLR,SimCLR-nbr-riemann,nbr,riemann,,central,all,age,linear_probe,6,2,22.170732,18.491051,True,zones,B,save/zones/central
SimCLR,SimCLR-nbr-riemann,nbr,riemann,,central,all,age,linear_probe,6,3,11.014925,13.086996,True,zones,B,save/zones/central
SimCLR,SimCLR-xsubj-cosine,xsubj,cosine,,central,all,age,linear_probe,6,0,23.77,18.839699,True,zones,B,save/zones/central
SimCLR,SimCLR-xsubj-cosine,xsubj,cosine,,central,all,age,linear_probe,6,1,10.272727,16.348818,True,zones,B,save/zones/central
SimCLR,SimCLR-xsubj-cosine,xsubj,cosine,,central,all,age,linear_probe,6,2,22.170732,18.058695,True,zones,B,save/zones/central
SimCLR,SimCLR-xsubj-cosine,xsubj,cosine,,central,all,age,linear_probe,6,3,11.014925,14.706078,True,zones,B,save/zones/central
SimCLR,SimCLR-xsubj-wasser,xsubj,wasserstein,,central,all,age,linear_probe,6,0,23.77,18.465675,True,zones,B,save/zones/central
SimCLR,SimCLR-xsubj-wasser,xsubj,wasserstein,,central,all,age,linear_probe,6,1,10.272727,14.705307,True,zones,B,save/zones/central
SimCLR,SimCLR-xsubj-wasser,xsubj,wasserstein,,central,all,age,linear_probe,6,2,22.170732,14.677644,True,zones,B,save/zones/central
SimCLR,SimCLR-xsubj-wasser,xsubj,wasserstein,,central,all,age,linear_probe,6,3,11.014925,15.043441,True,zones,B,save/zones/central
SimCLR,SimCLR-xsubj-riemann,xsubj,riemann,,central,all,age,linear_probe,6,0,23.77,15.686352,True,zones,B,save/zones/central
SimCLR,SimCLR-xsubj-riemann,xsubj,riemann,,central,all,age,linear_probe,6,1,10.272727,16.710184,True,zones,B,save/zones/central
SimCLR,SimCLR-xsubj-riemann,xsubj,riemann,,central,all,age,linear_probe,6,2,22.170732,17.949596,True,zones,B,save/zones/central
SimCLR,SimCLR-xsubj-riemann,xsubj,riemann,,central,all,age,linear_probe,6,3,11.014925,12.868488,True,zones,B,save/zones/central
SimCLR,SimCLR-diffage-cosine,diffage,cosine,,central,all,age,linear_probe,6,0,23.77,19.797314,True,zones,B,save/zones/central
SimCLR,SimCLR-diffage-cosine,diffage,cosine,,central,all,age,linear_probe,6,1,10.272727,20.536762,True,zones,B,save/zones/central
SimCLR,SimCLR-diffage-cosine,diffage,cosine,,central,all,age,linear_probe,6,2,22.170732,19.293322,True,zones,B,save/zones/central
SimCLR,SimCLR-diffage-cosine,diffage,cosine,,central,all,age,linear_probe,6,3,11.014925,15.873271,True,zones,B,save/zones/central
SimCLR,SimCLR-diffage-wasser,diffage,wasserstein,,central,all,age,linear_probe,6,0,23.77,18.873594,True,zones,B,save/zones/central
SimCLR,SimCLR-diffage-wasser,diffage,wasserstein,,central,all,age,linear_probe,6,1,10.272727,21.535667,True,zones,B,save/zones/central
SimCLR,SimCLR-diffage-wasser,diffage,wasserstein,,central,all,age,linear_probe,6,2,22.170732,19.212542,True,zones,B,save/zones/central
SimCLR,SimCLR-diffage-wasser,diffage,wasserstein,,central,all,age,linear_probe,6,3,11.014925,14.576687,True,zones,B,save/zones/central
SimCLR,SimCLR-diffage-riemann,diffage,riemann,,central,all,age,linear_probe,6,0,23.77,19.395172,True,zones,B,save/zones/central
SimCLR,SimCLR-diffage-riemann,diffage,riemann,,central,all,age,linear_probe,6,1,10.272727,17.964531,True,zones,B,save/zones/central
SimCLR,SimCLR-diffage-riemann,diffage,riemann,,central,all,age,linear_probe,6,2,22.170732,18.775145,True,zones,B,save/zones/central
SimCLR,SimCLR-diffage-riemann,diffage,riemann,,central,all,age,linear_probe,6,3,11.014925,15.519293,True,zones,B,save/zones/central
VAE,VAE,,,,central,all,age,linear_probe,6,0,23.77,19.048676,True,zones,B,save/zones/central
VAE,VAE,,,,central,all,age,linear_probe,6,1,10.272727,19.16674,True,zones,B,save/zones/central
VAE,VAE,,,,central,all,age,linear_probe,6,2,22.170732,19.040829,True,zones,B,save/zones/central
VAE,VAE,,,,central,all,age,linear_probe,6,3,11.014925,18.987532,True,zones,B,save/zones/central
SimCLR,SimCLR,augment,,,central,all,age,fine_tuning,6,0,23.77,15.717335,True,zones,B,save/zones/central
SimCLR,SimCLR,augment,,,central,all,age,fine_tuning,6,1,10.272727,12.564576,True,zones,B,save/zones/central
SimCLR,SimCLR,augment,,,central,all,age,fine_tuning,6,2,22.170732,21.267933,True,zones,B,save/zones/central
SimCLR,SimCLR,augment,,,central,all,age,fine_tuning,6,3,11.014925,10.666301,True,zones,B,save/zones/central
SimCLR,SimCLR-nbr-cosine,nbr,cosine,,central,all,age,fine_tuning,6,0,23.77,18.237516,True,zones,B,save/zones/central
SimCLR,SimCLR-nbr-cosine,nbr,cosine,,central,all,age,fine_tuning,6,1,10.272727,10.609911,True,zones,B,save/zones/central
SimCLR,SimCLR-nbr-cosine,nbr,cosine,,central,all,age,fine_tuning,6,2,22.170732,20.397804,True,zones,B,save/zones/central
SimCLR,SimCLR-nbr-cosine,nbr,cosine,,central,all,age,fine_tuning,6,3,11.014925,9.553727,True,zones,B,save/zones/central
SimCLR,SimCLR-nbr-wasser,nbr,wasserstein,,central,all,age,fine_tuning,6,0,23.77,16.3232,True,zones,B,save/zones/central
SimCLR,SimCLR-nbr-wasser,nbr,wasserstein,,central,all,age,fine_tuning,6,1,10.272727,11.133391,True,zones,B,save/zones/central
SimCLR,SimCLR-nbr-wasser,nbr,wasserstein,,central,all,age,fine_tuning,6,2,22.170732,21.135527,True,zones,B,save/zones/central
SimCLR,SimCLR-nbr-wasser,nbr,wasserstein,,central,all,age,fine_tuning,6,3,11.014925,10.396564,True,zones,B,save/zones/central
SimCLR,SimCLR-nbr-riemann,nbr,riemann,,central,all,age,fine_tuning,6,0,23.77,19.641041,True,zones,B,save/zones/central
SimCLR,SimCLR-nbr-riemann,nbr,riemann,,central,all,age,fine_tuning,6,1,10.272727,13.320428,True,zones,B,save/zones/central
SimCLR,SimCLR-nbr-riemann,nbr,riemann,,central,all,age,fine_tuning,6,2,22.170732,20.882557,True,zones,B,save/zones/central
SimCLR,SimCLR-nbr-riemann,nbr,riemann,,central,all,age,fine_tuning,6,3,11.014925,9.907268,True,zones,B,save/zones/central
SimCLR,SimCLR-xsubj-cosine,xsubj,cosine,,central,all,age,fine_tuning,6,0,23.77,17.555222,True,zones,B,save/zones/central
SimCLR,SimCLR-xsubj-cosine,xsubj,cosine,,central,all,age,fine_tuning,6,1,10.272727,10.910727,True,zones,B,save/zones/central
SimCLR,SimCLR-xsubj-cosine,xsubj,cosine,,central,all,age,fine_tuning,6,2,22.170732,21.137854,True,zones,B,save/zones/central
SimCLR,SimCLR-xsubj-cosine,xsubj,cosine,,central,all,age,fine_tuning,6,3,11.014925,9.647288,True,zones,B,save/zones/central
SimCLR,SimCLR-xsubj-wasser,xsubj,wasserstein,,central,all,age,fine_tuning,6,0,23.77,18.694786,True,zones,B,save/zones/central
SimCLR,SimCLR-xsubj-wasser,xsubj,wasserstein,,central,all,age,fine_tuning,6,1,10.272727,11.782836,True,zones,B,save/zones/central
SimCLR,SimCLR-xsubj-wasser,xsubj,wasserstein,,central,all,age,fine_tuning,6,2,22.170732,20.828827,True,zones,B,save/zones/central
SimCLR,SimCLR-xsubj-wasser,xsubj,wasserstein,,central,all,age,fine_tuning,6,3,11.014925,10.411401,True,zones,B,save/zones/central
SimCLR,SimCLR-xsubj-riemann,xsubj,riemann,,central,all,age,fine_tuning,6,0,23.77,18.062363,True,zones,B,save/zones/central
SimCLR,SimCLR-xsubj-riemann,xsubj,riemann,,central,all,age,fine_tuning,6,1,10.272727,11.178341,True,zones,B,save/zones/central
SimCLR,SimCLR-xsubj-riemann,xsubj,riemann,,central,all,age,fine_tuning,6,2,22.170732,20.891598,True,zones,B,save/zones/central
SimCLR,SimCLR-xsubj-riemann,xsubj,riemann,,central,all,age,fine_tuning,6,3,11.014925,10.846643,True,zones,B,save/zones/central
SimCLR,SimCLR-diffage-cosine,diffage,cosine,,central,all,age,fine_tuning,6,0,23.77,14.063423,True,zones,B,save/zones/central
SimCLR,SimCLR-diffage-cosine,diffage,cosine,,central,all,age,fine_tuning,6,1,10.272727,13.349325,True,zones,B,save/zones/central
SimCLR,SimCLR-diffage-cosine,diffage,cosine,,central,all,age,fine_tuning,6,2,22.170732,19.725193,True,zones,B,save/zones/central
SimCLR,SimCLR-diffage-cosine,diffage,cosine,,central,all,age,fine_tuning,6,3,11.014925,9.489319,True,zones,B,save/zones/central
SimCLR,SimCLR-diffage-wasser,diffage,wasserstein,,central,all,age,fine_tuning,6,0,23.77,14.175524,True,zones,B,save/zones/central
SimCLR,SimCLR-diffage-wasser,diffage,wasserstein,,central,all,age,fine_tuning,6,1,10.272727,11.058501,True,zones,B,save/zones/central
SimCLR,SimCLR-diffage-wasser,diffage,wasserstein,,central,all,age,fine_tuning,6,2,22.170732,19.660845,True,zones,B,save/zones/central
SimCLR,SimCLR-diffage-wasser,diffage,wasserstein,,central,all,age,fine_tuning,6,3,11.014925,10.230674,True,zones,B,save/zones/central
SimCLR,SimCLR-diffage-riemann,diffage,riemann,,central,all,age,fine_tuning,6,0,23.77,14.117834,True,zones,B,save/zones/central
SimCLR,SimCLR-diffage-riemann,diffage,riemann,,central,all,age,fine_tuning,6,1,10.272727,11.291059,True,zones,B,save/zones/central
SimCLR,SimCLR-diffage-riemann,diffage,riemann,,central,all,age,fine_tuning,6,2,22.170732,19.619461,True,zones,B,save/zones/central
SimCLR,SimCLR-diffage-riemann,diffage,riemann,,central,all,age,fine_tuning,6,3,11.014925,9.804311,True,zones,B,save/zones/central
VAE,VAE,,,,central,all,age,fine_tuning,6,0,23.77,21.58465,True,zones,B,save/zones/central
VAE,VAE,,,,central,all,age,fine_tuning,6,1,10.272727,11.305055,True,zones,B,save/zones/central
VAE,VAE,,,,central,all,age,fine_tuning,6,2,22.170732,19.707695,True,zones,B,save/zones/central
VAE,VAE,,,,central,all,age,fine_tuning,6,3,11.014925,9.089993,True,zones,B,save/zones/central
SimCLR,SimCLR,augment,,,central,all,age,linear_probe,7,0,22.506172,20.116735,True,zones,B,save/zones/central
SimCLR,SimCLR,augment,,,central,all,age,linear_probe,7,1,18.200001,14.880084,True,zones,B,save/zones/central
SimCLR,SimCLR,augment,,,central,all,age,linear_probe,7,2,17.319635,18.366663,True,zones,B,save/zones/central
SimCLR,SimCLR,augment,,,central,all,age,linear_probe,7,3,20.962963,17.606409,True,zones,B,save/zones/central
SimCLR,SimCLR-nbr-cosine,nbr,cosine,,central,all,age,linear_probe,7,0,22.506172,19.556124,True,zones,B,save/zones/central
SimCLR,SimCLR-nbr-cosine,nbr,cosine,,central,all,age,linear_probe,7,1,18.200001,18.354698,True,zones,B,save/zones/central
SimCLR,SimCLR-nbr-cosine,nbr,cosine,,central,all,age,linear_probe,7,2,17.319635,17.889402,True,zones,B,save/zones/central
SimCLR,SimCLR-nbr-cosine,nbr,cosine,,central,all,age,linear_probe,7,3,20.962963,16.479486,True,zones,B,save/zones/central
SimCLR,SimCLR-nbr-wasser,nbr,wasserstein,,central,all,age,linear_probe,7,0,22.506172,20.571114,True,zones,B,save/zones/central
SimCLR,SimCLR-nbr-wasser,nbr,wasserstein,,central,all,age,linear_probe,7,1,18.200001,19.611853,True,zones,B,save/zones/central
SimCLR,SimCLR-nbr-wasser,nbr,wasserstein,,central,all,age,linear_probe,7,2,17.319635,19.042639,True,zones,B,save/zones/central
SimCLR,SimCLR-nbr-wasser,nbr,wasserstein,,central,all,age,linear_probe,7,3,20.962963,16.47493,True,zones,B,save/zones/central
SimCLR,SimCLR-nbr-riemann,nbr,riemann,,central,all,age,linear_probe,7,0,22.506172,20.984543,True,zones,B,save/zones/central
SimCLR,SimCLR-nbr-riemann,nbr,riemann,,central,all,age,linear_probe,7,1,18.200001,19.229784,True,zones,B,save/zones/central
SimCLR,SimCLR-nbr-riemann,nbr,riemann,,central,all,age,linear_probe,7,2,17.319635,18.824156,True,zones,B,save/zones/central
SimCLR,SimCLR-nbr-riemann,nbr,riemann,,central,all,age,linear_probe,7,3,20.962963,15.953673,True,zones,B,save/zones/central
SimCLR,SimCLR-xsubj-cosine,xsubj,cosine,,central,all,age,linear_probe,7,0,22.506172,18.146477,True,zones,B,save/zones/central
SimCLR,SimCLR-xsubj-cosine,xsubj,cosine,,central,all,age,linear_probe,7,1,18.200001,16.80871,True,zones,B,save/zones/central
SimCLR,SimCLR-xsubj-cosine,xsubj,cosine,,central,all,age,linear_probe,7,2,17.319635,19.528797,True,zones,B,save/zones/central
SimCLR,SimCLR-xsubj-cosine,xsubj,cosine,,central,all,age,linear_probe,7,3,20.962963,15.853573,True,zones,B,save/zones/central
SimCLR,SimCLR-xsubj-wasser,xsubj,wasserstein,,central,all,age,linear_probe,7,0,22.506172,19.846313,True,zones,B,save/zones/central
SimCLR,SimCLR-xsubj-wasser,xsubj,wasserstein,,central,all,age,linear_probe,7,1,18.200001,19.397507,True,zones,B,save/zones/central
SimCLR,SimCLR-xsubj-wasser,xsubj,wasserstein,,central,all,age,linear_probe,7,2,17.319635,17.819826,True,zones,B,save/zones/central
SimCLR,SimCLR-xsubj-wasser,xsubj,wasserstein,,central,all,age,linear_probe,7,3,20.962963,17.081364,True,zones,B,save/zones/central
SimCLR,SimCLR-xsubj-riemann,xsubj,riemann,,central,all,age,linear_probe,7,0,22.506172,18.010603,True,zones,B,save/zones/central
SimCLR,SimCLR-xsubj-riemann,xsubj,riemann,,central,all,age,linear_probe,7,1,18.200001,16.343439,True,zones,B,save/zones/central
SimCLR,SimCLR-xsubj-riemann,xsubj,riemann,,central,all,age,linear_probe,7,2,17.319635,16.476254,True,zones,B,save/zones/central
SimCLR,SimCLR-xsubj-riemann,xsubj,riemann,,central,all,age,linear_probe,7,3,20.962963,17.611462,True,zones,B,save/zones/central
SimCLR,SimCLR-diffage-cosine,diffage,cosine,,central,all,age,linear_probe,7,0,22.506172,19.135185,True,zones,B,save/zones/central
SimCLR,SimCLR-diffage-cosine,diffage,cosine,,central,all,age,linear_probe,7,1,18.200001,18.886194,True,zones,B,save/zones/central
SimCLR,SimCLR-diffage-cosine,diffage,cosine,,central,all,age,linear_probe,7,2,17.319635,18.901529,True,zones,B,save/zones/central
SimCLR,SimCLR-diffage-cosine,diffage,cosine,,central,all,age,linear_probe,7,3,20.962963,17.226311,True,zones,B,save/zones/central
SimCLR,SimCLR-diffage-wasser,diffage,wasserstein,,central,all,age,linear_probe,7,0,22.506172,17.564356,True,zones,B,save/zones/central
SimCLR,SimCLR-diffage-wasser,diffage,wasserstein,,central,all,age,linear_probe,7,1,18.200001,20.978039,True,zones,B,save/zones/central
SimCLR,SimCLR-diffage-wasser,diffage,wasserstein,,central,all,age,linear_probe,7,2,17.319635,19.286409,True,zones,B,save/zones/central
SimCLR,SimCLR-diffage-wasser,diffage,wasserstein,,central,all,age,linear_probe,7,3,20.962963,16.018412,True,zones,B,save/zones/central
SimCLR,SimCLR-diffage-riemann,diffage,riemann,,central,all,age,linear_probe,7,0,22.506172,21.329,True,zones,B,save/zones/central
SimCLR,SimCLR-diffage-riemann,diffage,riemann,,central,all,age,linear_probe,7,1,18.200001,18.345495,True,zones,B,save/zones/central
SimCLR,SimCLR-diffage-riemann,diffage,riemann,,central,all,age,linear_probe,7,2,17.319635,18.679068,True,zones,B,save/zones/central
SimCLR,SimCLR-diffage-riemann,diffage,riemann,,central,all,age,linear_probe,7,3,20.962963,17.064344,True,zones,B,save/zones/central
VAE,VAE,,,,central,all,age,linear_probe,7,0,22.506172,19.035389,True,zones,B,save/zones/central
VAE,VAE,,,,central,all,age,linear_probe,7,1,18.200001,18.573765,True,zones,B,save/zones/central
VAE,VAE,,,,central,all,age,linear_probe,7,2,17.319635,18.373945,True,zones,B,save/zones/central
VAE,VAE,,,,central,all,age,linear_probe,7,3,20.962963,18.710178,True,zones,B,save/zones/central
SimCLR,SimCLR,augment,,,central,all,age,fine_tuning,7,0,22.506172,20.056665,True,zones,B,save/zones/central
SimCLR,SimCLR,augment,,,central,all,age,fine_tuning,7,1,18.200001,18.388079,True,zones,B,save/zones/central
SimCLR,SimCLR,augment,,,central,all,age,fine_tuning,7,2,17.319635,16.784363,True,zones,B,save/zones/central
SimCLR,SimCLR,augment,,,central,all,age,fine_tuning,7,3,20.962963,18.46209,True,zones,B,save/zones/central
SimCLR,SimCLR-nbr-cosine,nbr,cosine,,central,all,age,fine_tuning,7,0,22.506172,14.41404,True,zones,B,save/zones/central
SimCLR,SimCLR-nbr-cosine,nbr,cosine,,central,all,age,fine_tuning,7,1,18.200001,13.917049,True,zones,B,save/zones/central
SimCLR,SimCLR-nbr-cosine,nbr,cosine,,central,all,age,fine_tuning,7,2,17.319635,14.033341,True,zones,B,save/zones/central
SimCLR,SimCLR-nbr-cosine,nbr,cosine,,central,all,age,fine_tuning,7,3,20.962963,13.240344,True,zones,B,save/zones/central
SimCLR,SimCLR-nbr-wasser,nbr,wasserstein,,central,all,age,fine_tuning,7,0,22.506172,19.710447,True,zones,B,save/zones/central
SimCLR,SimCLR-nbr-wasser,nbr,wasserstein,,central,all,age,fine_tuning,7,1,18.200001,18.536493,True,zones,B,save/zones/central
SimCLR,SimCLR-nbr-wasser,nbr,wasserstein,,central,all,age,fine_tuning,7,2,17.319635,16.615702,True,zones,B,save/zones/central
SimCLR,SimCLR-nbr-wasser,nbr,wasserstein,,central,all,age,fine_tuning,7,3,20.962963,19.323145,True,zones,B,save/zones/central
SimCLR,SimCLR-nbr-riemann,nbr,riemann,,central,all,age,fine_tuning,7,0,22.506172,19.468868,True,zones,B,save/zones/central
SimCLR,SimCLR-nbr-riemann,nbr,riemann,,central,all,age,fine_tuning,7,1,18.200001,17.484678,True,zones,B,save/zones/central
SimCLR,SimCLR-nbr-riemann,nbr,riemann,,central,all,age,fine_tuning,7,2,17.319635,16.297548,True,zones,B,save/zones/central
SimCLR,SimCLR-nbr-riemann,nbr,riemann,,central,all,age,fine_tuning,7,3,20.962963,18.469736,True,zones,B,save/zones/central
SimCLR,SimCLR-xsubj-cosine,xsubj,cosine,,central,all,age,fine_tuning,7,0,22.506172,19.175575,True,zones,B,save/zones/central
SimCLR,SimCLR-xsubj-cosine,xsubj,cosine,,central,all,age,fine_tuning,7,1,18.200001,17.192287,True,zones,B,save/zones/central
SimCLR,SimCLR-xsubj-cosine,xsubj,cosine,,central,all,age,fine_tuning,7,2,17.319635,16.719467,True,zones,B,save/zones/central
SimCLR,SimCLR-xsubj-cosine,xsubj,cosine,,central,all,age,fine_tuning,7,3,20.962963,16.946804,True,zones,B,save/zones/central
SimCLR,SimCLR-xsubj-wasser,xsubj,wasserstein,,central,all,age,fine_tuning,7,0,22.506172,19.420715,True,zones,B,save/zones/central
SimCLR,SimCLR-xsubj-wasser,xsubj,wasserstein,,central,all,age,fine_tuning,7,1,18.200001,18.435173,True,zones,B,save/zones/central
SimCLR,SimCLR-xsubj-wasser,xsubj,wasserstein,,central,all,age,fine_tuning,7,2,17.319635,16.588898,True,zones,B,save/zones/central
SimCLR,SimCLR-xsubj-wasser,xsubj,wasserstein,,central,all,age,fine_tuning,7,3,20.962963,18.863022,True,zones,B,save/zones/central
SimCLR,SimCLR-xsubj-riemann,xsubj,riemann,,central,all,age,fine_tuning,7,0,22.506172,19.390629,True,zones,B,save/zones/central
SimCLR,SimCLR-xsubj-riemann,xsubj,riemann,,central,all,age,fine_tuning,7,1,18.200001,18.007523,True,zones,B,save/zones/central
SimCLR,SimCLR-xsubj-riemann,xsubj,riemann,,central,all,age,fine_tuning,7,2,17.319635,17.080233,True,zones,B,save/zones/central
SimCLR,SimCLR-xsubj-riemann,xsubj,riemann,,central,all,age,fine_tuning,7,3,20.962963,18.811058,True,zones,B,save/zones/central
SimCLR,SimCLR-diffage-cosine,diffage,cosine,,central,all,age,fine_tuning,7,0,22.506172,16.737019,True,zones,B,save/zones/central
SimCLR,SimCLR-diffage-cosine,diffage,cosine,,central,all,age,fine_tuning,7,1,18.200001,18.060286,True,zones,B,save/zones/central
SimCLR,SimCLR-diffage-cosine,diffage,cosine,,central,all,age,fine_tuning,7,2,17.319635,17.382475,True,zones,B,save/zones/central
SimCLR,SimCLR-diffage-cosine,diffage,cosine,,central,all,age,fine_tuning,7,3,20.962963,18.55031,True,zones,B,save/zones/central
SimCLR,SimCLR-diffage-wasser,diffage,wasserstein,,central,all,age,fine_tuning,7,0,22.506172,18.296368,True,zones,B,save/zones/central
SimCLR,SimCLR-diffage-wasser,diffage,wasserstein,,central,all,age,fine_tuning,7,1,18.200001,18.410954,True,zones,B,save/zones/central
SimCLR,SimCLR-diffage-wasser,diffage,wasserstein,,central,all,age,fine_tuning,7,2,17.319635,17.012255,True,zones,B,save/zones/central
SimCLR,SimCLR-diffage-wasser,diffage,wasserstein,,central,all,age,fine_tuning,7,3,20.962963,18.297567,True,zones,B,save/zones/central
SimCLR,SimCLR-diffage-riemann,diffage,riemann,,central,all,age,fine_tuning,7,0,22.506172,19.042465,True,zones,B,save/zones/central
SimCLR,SimCLR-diffage-riemann,diffage,riemann,,central,all,age,fine_tuning,7,1,18.200001,16.932034,True,zones,B,save/zones/central
SimCLR,SimCLR-diffage-riemann,diffage,riemann,,central,all,age,fine_tuning,7,2,17.319635,17.050179,True,zones,B,save/zones/central
SimCLR,SimCLR-diffage-riemann,diffage,riemann,,central,all,age,fine_tuning,7,3,20.962963,17.723232,True,zones,B,save/zones/central
VAE,VAE,,,,central,all,age,fine_tuning,7,0,22.506172,19.345528,True,zones,B,save/zones/central
VAE,VAE,,,,central,all,age,fine_tuning,7,1,18.200001,18.552069,True,zones,B,save/zones/central
VAE,VAE,,,,central,all,age,fine_tuning,7,2,17.319635,17.087681,True,zones,B,save/zones/central
VAE,VAE,,,,central,all,age,fine_tuning,7,3,20.962963,18.084793,True,zones,B,save/zones/central
SimCLR,SimCLR,augment,,,central,all,age,linear_probe,8,0,25.25,24.367102,True,zones,B,save/zones/central
SimCLR,SimCLR,augment,,,central,all,age,linear_probe,8,1,19.92,17.439987,True,zones,B,save/zones/central
SimCLR,SimCLR,augment,,,central,all,age,linear_probe,8,2,22.776316,16.422352,True,zones,B,save/zones/central
SimCLR,SimCLR,augment,,,central,all,age,linear_probe,8,3,13.230769,20.386465,True,zones,B,save/zones/central
SimCLR,SimCLR-nbr-cosine,nbr,cosine,,central,all,age,linear_probe,8,0,25.25,26.121813,True,zones,B,save/zones/central
SimCLR,SimCLR-nbr-cosine,nbr,cosine,,central,all,age,linear_probe,8,1,19.92,21.72312,True,zones,B,save/zones/central
SimCLR,SimCLR-nbr-cosine,nbr,cosine,,central,all,age,linear_probe,8,2,22.776316,19.381849,True,zones,B,save/zones/central
SimCLR,SimCLR-nbr-cosine,nbr,cosine,,central,all,age,linear_probe,8,3,13.230769,15.87004,True,zones,B,save/zones/central
SimCLR,SimCLR-nbr-wasser,nbr,wasserstein,,central,all,age,linear_probe,8,0,25.25,26.139704,True,zones,B,save/zones/central
SimCLR,SimCLR-nbr-wasser,nbr,wasserstein,,central,all,age,linear_probe,8,1,19.92,23.241646,True,zones,B,save/zones/central
SimCLR,SimCLR-nbr-wasser,nbr,wasserstein,,central,all,age,linear_probe,8,2,22.776316,20.609007,True,zones,B,save/zones/central
SimCLR,SimCLR-nbr-wasser,nbr,wasserstein,,central,all,age,linear_probe,8,3,13.230769,16.217482,True,zones,B,save/zones/central
SimCLR,SimCLR-nbr-riemann,nbr,riemann,,central,all,age,linear_probe,8,0,25.25,25.43399,True,zones,B,save/zones/central
SimCLR,SimCLR-nbr-riemann,nbr,riemann,,central,all,age,linear_probe,8,1,19.92,21.984245,True,zones,B,save/zones/central
SimCLR,SimCLR-nbr-riemann,nbr,riemann,,central,all,age,linear_probe,8,2,22.776316,19.264053,True,zones,B,save/zones/central
SimCLR,SimCLR-nbr-riemann,nbr,riemann,,central,all,age,linear_probe,8,3,13.230769,15.660389,True,zones,B,save/zones/central
SimCLR,SimCLR-xsubj-cosine,xsubj,cosine,,central,all,age,linear_probe,8,0,25.25,23.614616,True,zones,B,save/zones/central
SimCLR,SimCLR-xsubj-cosine,xsubj,cosine,,central,all,age,linear_probe,8,1,19.92,22.392195,True,zones,B,save/zones/central
SimCLR,SimCLR-xsubj-cosine,xsubj,cosine,,central,all,age,linear_probe,8,2,22.776316,22.766672,True,zones,B,save/zones/central
SimCLR,SimCLR-xsubj-cosine,xsubj,cosine,,central,all,age,linear_probe,8,3,13.230769,15.518123,True,zones,B,save/zones/central
SimCLR,SimCLR-xsubj-wasser,xsubj,wasserstein,,central,all,age,linear_probe,8,0,25.25,24.201057,True,zones,B,save/zones/central
SimCLR,SimCLR-xsubj-wasser,xsubj,wasserstein,,central,all,age,linear_probe,8,1,19.92,21.804626,True,zones,B,save/zones/central
SimCLR,SimCLR-xsubj-wasser,xsubj,wasserstein,,central,all,age,linear_probe,8,2,22.776316,23.438787,True,zones,B,save/zones/central
SimCLR,SimCLR-xsubj-wasser,xsubj,wasserstein,,central,all,age,linear_probe,8,3,13.230769,15.310862,True,zones,B,save/zones/central
SimCLR,SimCLR-xsubj-riemann,xsubj,riemann,,central,all,age,linear_probe,8,0,25.25,23.439911,True,zones,B,save/zones/central
SimCLR,SimCLR-xsubj-riemann,xsubj,riemann,,central,all,age,linear_probe,8,1,19.92,21.352861,True,zones,B,save/zones/central
SimCLR,SimCLR-xsubj-riemann,xsubj,riemann,,central,all,age,linear_probe,8,2,22.776316,20.156065,True,zones,B,save/zones/central
SimCLR,SimCLR-xsubj-riemann,xsubj,riemann,,central,all,age,linear_probe,8,3,13.230769,14.793634,True,zones,B,save/zones/central
SimCLR,SimCLR-diffage-cosine,diffage,cosine,,central,all,age,linear_probe,8,0,25.25,22.254417,True,zones,B,save/zones/central
SimCLR,SimCLR-diffage-cosine,diffage,cosine,,central,all,age,linear_probe,8,1,19.92,19.223034,True,zones,B,save/zones/central
SimCLR,SimCLR-diffage-cosine,diffage,cosine,,central,all,age,linear_probe,8,2,22.776316,18.753912,True,zones,B,save/zones/central
SimCLR,SimCLR-diffage-cosine,diffage,cosine,,central,all,age,linear_probe,8,3,13.230769,21.83263,True,zones,B,save/zones/central
SimCLR,SimCLR-diffage-wasser,diffage,wasserstein,,central,all,age,linear_probe,8,0,25.25,21.807299,True,zones,B,save/zones/central
SimCLR,SimCLR-diffage-wasser,diffage,wasserstein,,central,all,age,linear_probe,8,1,19.92,19.129246,True,zones,B,save/zones/central
SimCLR,SimCLR-diffage-wasser,diffage,wasserstein,,central,all,age,linear_probe,8,2,22.776316,19.70953,True,zones,B,save/zones/central
SimCLR,SimCLR-diffage-wasser,diffage,wasserstein,,central,all,age,linear_probe,8,3,13.230769,19.195078,True,zones,B,save/zones/central
SimCLR,SimCLR-diffage-riemann,diffage,riemann,,central,all,age,linear_probe,8,0,25.25,22.696032,True,zones,B,save/zones/central
SimCLR,SimCLR-diffage-riemann,diffage,riemann,,central,all,age,linear_probe,8,1,19.92,19.861423,True,zones,B,save/zones/central
SimCLR,SimCLR-diffage-riemann,diffage,riemann,,central,all,age,linear_probe,8,2,22.776316,17.950294,True,zones,B,save/zones/central
SimCLR,SimCLR-diffage-riemann,diffage,riemann,,central,all,age,linear_probe,8,3,13.230769,19.808861,True,zones,B,save/zones/central
VAE,VAE,,,,central,all,age,linear_probe,8,0,25.25,18.864922,True,zones,B,save/zones/central
VAE,VAE,,,,central,all,age,linear_probe,8,1,19.92,18.805908,True,zones,B,save/zones/central
VAE,VAE,,,,central,all,age,linear_probe,8,2,22.776316,18.896835,True,zones,B,save/zones/central
VAE,VAE,,,,central,all,age,linear_probe,8,3,13.230769,18.857744,True,zones,B,save/zones/central
SimCLR,SimCLR,augment,,,central,all,age,fine_tuning,8,0,25.25,25.50738,True,zones,B,save/zones/central
SimCLR,SimCLR,augment,,,central,all,age,fine_tuning,8,1,19.92,19.006966,True,zones,B,save/zones/central
SimCLR,SimCLR,augment,,,central,all,age,fine_tuning,8,2,22.776316,24.800432,True,zones,B,save/zones/central
SimCLR,SimCLR,augment,,,central,all,age,fine_tuning,8,3,13.230769,15.387046,True,zones,B,save/zones/central
SimCLR,SimCLR-nbr-cosine,nbr,cosine,,central,all,age,fine_tuning,8,0,25.25,26.594145,True,zones,B,save/zones/central
SimCLR,SimCLR-nbr-cosine,nbr,cosine,,central,all,age,fine_tuning,8,1,19.92,18.198364,True,zones,B,save/zones/central
SimCLR,SimCLR-nbr-cosine,nbr,cosine,,central,all,age,fine_tuning,8,2,22.776316,24.043098,True,zones,B,save/zones/central
SimCLR,SimCLR-nbr-cosine,nbr,cosine,,central,all,age,fine_tuning,8,3,13.230769,15.050726,True,zones,B,save/zones/central
SimCLR,SimCLR-nbr-wasser,nbr,wasserstein,,central,all,age,fine_tuning,8,0,25.25,26.080688,True,zones,B,save/zones/central
SimCLR,SimCLR-nbr-wasser,nbr,wasserstein,,central,all,age,fine_tuning,8,1,19.92,19.038445,True,zones,B,save/zones/central
SimCLR,SimCLR-nbr-wasser,nbr,wasserstein,,central,all,age,fine_tuning,8,2,22.776316,24.544712,True,zones,B,save/zones/central
SimCLR,SimCLR-nbr-wasser,nbr,wasserstein,,central,all,age,fine_tuning,8,3,13.230769,16.057669,True,zones,B,save/zones/central
SimCLR,SimCLR-nbr-riemann,nbr,riemann,,central,all,age,fine_tuning,8,0,25.25,25.947701,True,zones,B,save/zones/central
SimCLR,SimCLR-nbr-riemann,nbr,riemann,,central,all,age,fine_tuning,8,1,19.92,22.455107,True,zones,B,save/zones/central
SimCLR,SimCLR-nbr-riemann,nbr,riemann,,central,all,age,fine_tuning,8,2,22.776316,24.806728,True,zones,B,save/zones/central
SimCLR,SimCLR-nbr-riemann,nbr,riemann,,central,all,age,fine_tuning,8,3,13.230769,15.696875,True,zones,B,save/zones/central
SimCLR,SimCLR-xsubj-cosine,xsubj,cosine,,central,all,age,fine_tuning,8,0,25.25,26.026667,True,zones,B,save/zones/central
SimCLR,SimCLR-xsubj-cosine,xsubj,cosine,,central,all,age,fine_tuning,8,1,19.92,21.060968,True,zones,B,save/zones/central
SimCLR,SimCLR-xsubj-cosine,xsubj,cosine,,central,all,age,fine_tuning,8,2,22.776316,24.325008,True,zones,B,save/zones/central
SimCLR,SimCLR-xsubj-cosine,xsubj,cosine,,central,all,age,fine_tuning,8,3,13.230769,16.32188,True,zones,B,save/zones/central
SimCLR,SimCLR-xsubj-wasser,xsubj,wasserstein,,central,all,age,fine_tuning,8,0,25.25,25.634687,True,zones,B,save/zones/central
SimCLR,SimCLR-xsubj-wasser,xsubj,wasserstein,,central,all,age,fine_tuning,8,1,19.92,21.412556,True,zones,B,save/zones/central
SimCLR,SimCLR-xsubj-wasser,xsubj,wasserstein,,central,all,age,fine_tuning,8,2,22.776316,24.784954,True,zones,B,save/zones/central
SimCLR,SimCLR-xsubj-wasser,xsubj,wasserstein,,central,all,age,fine_tuning,8,3,13.230769,14.613784,True,zones,B,save/zones/central
SimCLR,SimCLR-xsubj-riemann,xsubj,riemann,,central,all,age,fine_tuning,8,0,25.25,26.699717,True,zones,B,save/zones/central
SimCLR,SimCLR-xsubj-riemann,xsubj,riemann,,central,all,age,fine_tuning,8,1,19.92,22.512136,True,zones,B,save/zones/central
SimCLR,SimCLR-xsubj-riemann,xsubj,riemann,,central,all,age,fine_tuning,8,2,22.776316,24.556913,True,zones,B,save/zones/central
SimCLR,SimCLR-xsubj-riemann,xsubj,riemann,,central,all,age,fine_tuning,8,3,13.230769,18.145761,True,zones,B,save/zones/central
SimCLR,SimCLR-diffage-cosine,diffage,cosine,,central,all,age,fine_tuning,8,0,25.25,29.159239,True,zones,B,save/zones/central
SimCLR,SimCLR-diffage-cosine,diffage,cosine,,central,all,age,fine_tuning,8,1,19.92,18.295721,True,zones,B,save/zones/central
SimCLR,SimCLR-diffage-cosine,diffage,cosine,,central,all,age,fine_tuning,8,2,22.776316,25.628607,True,zones,B,save/zones/central
SimCLR,SimCLR-diffage-cosine,diffage,cosine,,central,all,age,fine_tuning,8,3,13.230769,18.735836,True,zones,B,save/zones/central
SimCLR,SimCLR-diffage-wasser,diffage,wasserstein,,central,all,age,fine_tuning,8,0,25.25,26.25915,True,zones,B,save/zones/central
SimCLR,SimCLR-diffage-wasser,diffage,wasserstein,,central,all,age,fine_tuning,8,1,19.92,19.599022,True,zones,B,save/zones/central
SimCLR,SimCLR-diffage-wasser,diffage,wasserstein,,central,all,age,fine_tuning,8,2,22.776316,23.134069,True,zones,B,save/zones/central
SimCLR,SimCLR-diffage-wasser,diffage,wasserstein,,central,all,age,fine_tuning,8,3,13.230769,14.944962,True,zones,B,save/zones/central
SimCLR,SimCLR-diffage-riemann,diffage,riemann,,central,all,age,fine_tuning,8,0,25.25,26.344641,True,zones,B,save/zones/central
SimCLR,SimCLR-diffage-riemann,diffage,riemann,,central,all,age,fine_tuning,8,1,19.92,20.817499,True,zones,B,save/zones/central
SimCLR,SimCLR-diffage-riemann,diffage,riemann,,central,all,age,fine_tuning,8,2,22.776316,25.186686,True,zones,B,save/zones/central
SimCLR,SimCLR-diffage-riemann,diffage,riemann,,central,all,age,fine_tuning,8,3,13.230769,16.731565,True,zones,B,save/zones/central
VAE,VAE,,,,central,all,age,fine_tuning,8,0,25.25,25.328768,True,zones,B,save/zones/central
VAE,VAE,,,,central,all,age,fine_tuning,8,1,19.92,22.013687,True,zones,B,save/zones/central
VAE,VAE,,,,central,all,age,fine_tuning,8,2,22.776316,25.472923,True,zones,B,save/zones/central
VAE,VAE,,,,central,all,age,fine_tuning,8,3,13.230769,16.180353,True,zones,B,save/zones/central
SimCLR,SimCLR,augment,,,central,all,age,linear_probe,9,0,20.706896,17.762409,True,zones,B,save/zones/central
SimCLR,SimCLR,augment,,,central,all,age,linear_probe,9,1,15.652174,18.936794,True,zones,B,save/zones/central
SimCLR,SimCLR,augment,,,central,all,age,linear_probe,9,2,15.217391,17.860474,True,zones,B,save/zones/central
SimCLR,SimCLR,augment,,,central,all,age,linear_probe,9,3,9.236363,18.335325,True,zones,B,save/zones/central
SimCLR,SimCLR-nbr-cosine,nbr,cosine,,central,all,age,linear_probe,9,0,20.706896,18.916119,True,zones,B,save/zones/central
SimCLR,SimCLR-nbr-cosine,nbr,cosine,,central,all,age,linear_probe,9,1,15.652174,15.478891,True,zones,B,save/zones/central
SimCLR,SimCLR-nbr-cosine,nbr,cosine,,central,all,age,linear_probe,9,2,15.217391,15.87518,True,zones,B,save/zones/central
SimCLR,SimCLR-nbr-cosine,nbr,cosine,,central,all,age,linear_probe,9,3,9.236363,9.330691,True,zones,B,save/zones/central
SimCLR,SimCLR-nbr-wasser,nbr,wasserstein,,central,all,age,linear_probe,9,0,20.706896,21.757185,True,zones,B,save/zones/central
SimCLR,SimCLR-nbr-wasser,nbr,wasserstein,,central,all,age,linear_probe,9,1,15.652174,17.12854,True,zones,B,save/zones/central
SimCLR,SimCLR-nbr-wasser,nbr,wasserstein,,central,all,age,linear_probe,9,2,15.217391,16.85614,True,zones,B,save/zones/central
SimCLR,SimCLR-nbr-wasser,nbr,wasserstein,,central,all,age,linear_probe,9,3,9.236363,9.978819,True,zones,B,save/zones/central
SimCLR,SimCLR-nbr-riemann,nbr,riemann,,central,all,age,linear_probe,9,0,20.706896,20.142643,True,zones,B,save/zones/central
SimCLR,SimCLR-nbr-riemann,nbr,riemann,,central,all,age,linear_probe,9,1,15.652174,16.265869,True,zones,B,save/zones/central
SimCLR,SimCLR-nbr-riemann,nbr,riemann,,central,all,age,linear_probe,9,2,15.217391,16.008984,True,zones,B,save/zones/central
SimCLR,SimCLR-nbr-riemann,nbr,riemann,,central,all,age,linear_probe,9,3,9.236363,10.482909,True,zones,B,save/zones/central
SimCLR,SimCLR-xsubj-cosine,xsubj,cosine,,central,all,age,linear_probe,9,0,20.706896,22.804731,True,zones,B,save/zones/central
SimCLR,SimCLR-xsubj-cosine,xsubj,cosine,,central,all,age,linear_probe,9,1,15.652174,12.639839,True,zones,B,save/zones/central
SimCLR,SimCLR-xsubj-cosine,xsubj,cosine,,central,all,age,linear_probe,9,2,15.217391,17.754627,True,zones,B,save/zones/central
SimCLR,SimCLR-xsubj-cosine,xsubj,cosine,,central,all,age,linear_probe,9,3,9.236363,6.94558,True,zones,B,save/zones/central
SimCLR,SimCLR-xsubj-wasser,xsubj,wasserstein,,central,all,age,linear_probe,9,0,20.706896,20.327793,True,zones,B,save/zones/central
SimCLR,SimCLR-xsubj-wasser,xsubj,wasserstein,,central,all,age,linear_probe,9,1,15.652174,15.305616,True,zones,B,save/zones/central
SimCLR,SimCLR-xsubj-wasser,xsubj,wasserstein,,central,all,age,linear_probe,9,2,15.217391,16.471455,True,zones,B,save/zones/central
SimCLR,SimCLR-xsubj-wasser,xsubj,wasserstein,,central,all,age,linear_probe,9,3,9.236363,11.413778,True,zones,B,save/zones/central
SimCLR,SimCLR-xsubj-riemann,xsubj,riemann,,central,all,age,linear_probe,9,0,20.706896,21.578932,True,zones,B,save/zones/central
SimCLR,SimCLR-xsubj-riemann,xsubj,riemann,,central,all,age,linear_probe,9,1,15.652174,17.454891,True,zones,B,save/zones/central
SimCLR,SimCLR-xsubj-riemann,xsubj,riemann,,central,all,age,linear_probe,9,2,15.217391,17.355312,True,zones,B,save/zones/central
SimCLR,SimCLR-xsubj-riemann,xsubj,riemann,,central,all,age,linear_probe,9,3,9.236363,10.414647,True,zones,B,save/zones/central
SimCLR,SimCLR-diffage-cosine,diffage,cosine,,central,all,age,linear_probe,9,0,20.706896,18.653841,True,zones,B,save/zones/central
SimCLR,SimCLR-diffage-cosine,diffage,cosine,,central,all,age,linear_probe,9,1,15.652174,16.926352,True,zones,B,save/zones/central
SimCLR,SimCLR-diffage-cosine,diffage,cosine,,central,all,age,linear_probe,9,2,15.217391,17.884649,True,zones,B,save/zones/central
SimCLR,SimCLR-diffage-cosine,diffage,cosine,,central,all,age,linear_probe,9,3,9.236363,13.278314,True,zones,B,save/zones/central
SimCLR,SimCLR-diffage-wasser,diffage,wasserstein,,central,all,age,linear_probe,9,0,20.706896,21.608311,True,zones,B,save/zones/central
SimCLR,SimCLR-diffage-wasser,diffage,wasserstein,,central,all,age,linear_probe,9,1,15.652174,17.365023,True,zones,B,save/zones/central
SimCLR,SimCLR-diffage-wasser,diffage,wasserstein,,central,all,age,linear_probe,9,2,15.217391,16.225468,True,zones,B,save/zones/central
SimCLR,SimCLR-diffage-wasser,diffage,wasserstein,,central,all,age,linear_probe,9,3,9.236363,12.083197,True,zones,B,save/zones/central
SimCLR,SimCLR-diffage-riemann,diffage,riemann,,central,all,age,linear_probe,9,0,20.706896,21.612709,True,zones,B,save/zones/central
SimCLR,SimCLR-diffage-riemann,diffage,riemann,,central,all,age,linear_probe,9,1,15.652174,17.951099,True,zones,B,save/zones/central
SimCLR,SimCLR-diffage-riemann,diffage,riemann,,central,all,age,linear_probe,9,2,15.217391,16.94717,True,zones,B,save/zones/central
SimCLR,SimCLR-diffage-riemann,diffage,riemann,,central,all,age,linear_probe,9,3,9.236363,13.569176,True,zones,B,save/zones/central
VAE,VAE,,,,central,all,age,linear_probe,9,0,20.706896,19.084044,True,zones,B,save/zones/central
VAE,VAE,,,,central,all,age,linear_probe,9,1,15.652174,19.517153,True,zones,B,save/zones/central
VAE,VAE,,,,central,all,age,linear_probe,9,2,15.217391,19.554024,True,zones,B,save/zones/central
VAE,VAE,,,,central,all,age,linear_probe,9,3,9.236363,19.168896,True,zones,B,save/zones/central
SimCLR,SimCLR,augment,,,central,all,age,fine_tuning,9,0,20.706896,21.311588,True,zones,B,save/zones/central
SimCLR,SimCLR,augment,,,central,all,age,fine_tuning,9,1,15.652174,16.33844,True,zones,B,save/zones/central
SimCLR,SimCLR,augment,,,central,all,age,fine_tuning,9,2,15.217391,14.099002,True,zones,B,save/zones/central
SimCLR,SimCLR,augment,,,central,all,age,fine_tuning,9,3,9.236363,10.62818,True,zones,B,save/zones/central
SimCLR,SimCLR-nbr-cosine,nbr,cosine,,central,all,age,fine_tuning,9,0,20.706896,21.167416,True,zones,B,save/zones/central
SimCLR,SimCLR-nbr-cosine,nbr,cosine,,central,all,age,fine_tuning,9,1,15.652174,16.540001,True,zones,B,save/zones/central
SimCLR,SimCLR-nbr-cosine,nbr,cosine,,central,all,age,fine_tuning,9,2,15.217391,15.382112,True,zones,B,save/zones/central
SimCLR,SimCLR-nbr-cosine,nbr,cosine,,central,all,age,fine_tuning,9,3,9.236363,10.518373,True,zones,B,save/zones/central
SimCLR,SimCLR-nbr-wasser,nbr,wasserstein,,central,all,age,fine_tuning,9,0,20.706896,19.596003,True,zones,B,save/zones/central
SimCLR,SimCLR-nbr-wasser,nbr,wasserstein,,central,all,age,fine_tuning,9,1,15.652174,17.096546,True,zones,B,save/zones/central
SimCLR,SimCLR-nbr-wasser,nbr,wasserstein,,central,all,age,fine_tuning,9,2,15.217391,15.215532,True,zones,B,save/zones/central
SimCLR,SimCLR-nbr-wasser,nbr,wasserstein,,central,all,age,fine_tuning,9,3,9.236363,11.045168,True,zones,B,save/zones/central
SimCLR,SimCLR-nbr-riemann,nbr,riemann,,central,all,age,fine_tuning,9,0,20.706896,22.925936,True,zones,B,save/zones/central
SimCLR,SimCLR-nbr-riemann,nbr,riemann,,central,all,age,fine_tuning,9,1,15.652174,16.601706,True,zones,B,save/zones/central
SimCLR,SimCLR-nbr-riemann,nbr,riemann,,central,all,age,fine_tuning,9,2,15.217391,15.973748,True,zones,B,save/zones/central
SimCLR,SimCLR-nbr-riemann,nbr,riemann,,central,all,age,fine_tuning,9,3,9.236363,11.653885,True,zones,B,save/zones/central
SimCLR,SimCLR-xsubj-cosine,xsubj,cosine,,central,all,age,fine_tuning,9,0,20.706896,21.317326,True,zones,B,save/zones/central
SimCLR,SimCLR-xsubj-cosine,xsubj,cosine,,central,all,age,fine_tuning,9,1,15.652174,15.77304,True,zones,B,save/zones/central
SimCLR,SimCLR-xsubj-cosine,xsubj,cosine,,central,all,age,fine_tuning,9,2,15.217391,13.722236,True,zones,B,save/zones/central
SimCLR,SimCLR-xsubj-cosine,xsubj,cosine,,central,all,age,fine_tuning,9,3,9.236363,10.912667,True,zones,B,save/zones/central
SimCLR,SimCLR-xsubj-wasser,xsubj,wasserstein,,central,all,age,fine_tuning,9,0,20.706896,21.20907,True,zones,B,save/zones/central
SimCLR,SimCLR-xsubj-wasser,xsubj,wasserstein,,central,all,age,fine_tuning,9,1,15.652174,16.313532,True,zones,B,save/zones/central
SimCLR,SimCLR-xsubj-wasser,xsubj,wasserstein,,central,all,age,fine_tuning,9,2,15.217391,13.813637,True,zones,B,save/zones/central
SimCLR,SimCLR-xsubj-wasser,xsubj,wasserstein,,central,all,age,fine_tuning,9,3,9.236363,10.942012,True,zones,B,save/zones/central
SimCLR,SimCLR-xsubj-riemann,xsubj,riemann,,central,all,age,fine_tuning,9,0,20.706896,21.718122,True,zones,B,save/zones/central
SimCLR,SimCLR-xsubj-riemann,xsubj,riemann,,central,all,age,fine_tuning,9,1,15.652174,16.063074,True,zones,B,save/zones/central
SimCLR,SimCLR-xsubj-riemann,xsubj,riemann,,central,all,age,fine_tuning,9,2,15.217391,12.34718,True,zones,B,save/zones/central
SimCLR,SimCLR-xsubj-riemann,xsubj,riemann,,central,all,age,fine_tuning,9,3,9.236363,9.528543,True,zones,B,save/zones/central
SimCLR,SimCLR-diffage-cosine,diffage,cosine,,central,all,age,fine_tuning,9,0,20.706896,21.226913,True,zones,B,save/zones/central
SimCLR,SimCLR-diffage-cosine,diffage,cosine,,central,all,age,fine_tuning,9,1,15.652174,18.235401,True,zones,B,save/zones/central
SimCLR,SimCLR-diffage-cosine,diffage,cosine,,central,all,age,fine_tuning,9,2,15.217391,13.415843,True,zones,B,save/zones/central
SimCLR,SimCLR-diffage-cosine,diffage,cosine,,central,all,age,fine_tuning,9,3,9.236363,11.226922,True,zones,B,save/zones/central
SimCLR,SimCLR-diffage-wasser,diffage,wasserstein,,central,all,age,fine_tuning,9,0,20.706896,21.784737,True,zones,B,save/zones/central
SimCLR,SimCLR-diffage-wasser,diffage,wasserstein,,central,all,age,fine_tuning,9,1,15.652174,17.013918,True,zones,B,save/zones/central
SimCLR,SimCLR-diffage-wasser,diffage,wasserstein,,central,all,age,fine_tuning,9,2,15.217391,14.907304,True,zones,B,save/zones/central
SimCLR,SimCLR-diffage-wasser,diffage,wasserstein,,central,all,age,fine_tuning,9,3,9.236363,11.028556,True,zones,B,save/zones/central
SimCLR,SimCLR-diffage-riemann,diffage,riemann,,central,all,age,fine_tuning,9,0,20.706896,22.714706,True,zones,B,save/zones/central
SimCLR,SimCLR-diffage-riemann,diffage,riemann,,central,all,age,fine_tuning,9,1,15.652174,16.635155,True,zones,B,save/zones/central
SimCLR,SimCLR-diffage-riemann,diffage,riemann,,central,all,age,fine_tuning,9,2,15.217391,14.043323,True,zones,B,save/zones/central
SimCLR,SimCLR-diffage-riemann,diffage,riemann,,central,all,age,fine_tuning,9,3,9.236363,11.499533,True,zones,B,save/zones/central
VAE,VAE,,,,central,all,age,fine_tuning,9,0,20.706896,21.346521,True,zones,B,save/zones/central
VAE,VAE,,,,central,all,age,fine_tuning,9,1,15.652174,16.924038,True,zones,B,save/zones/central
VAE,VAE,,,,central,all,age,fine_tuning,9,2,15.217391,15.170024,True,zones,B,save/zones/central
VAE,VAE,,,,central,all,age,fine_tuning,9,3,9.236363,11.595763,True,zones,B,save/zones/central
ExpCLR,ExpCLR-aper,,,P_aper,all,all,age,linear_probe,0,0,23.1,19.280994,True,expclr_P_aper,B,save/expclr_P_aper/all
ExpCLR,ExpCLR-aper,,,P_aper,all,all,age,linear_probe,0,1,7.809524,18.144901,True,expclr_P_aper,B,save/expclr_P_aper/all
ExpCLR,ExpCLR-aper,,,P_aper,all,all,age,linear_probe,0,2,24.571428,18.969614,True,expclr_P_aper,B,save/expclr_P_aper/all
ExpCLR,ExpCLR-aper,,,P_aper,all,all,age,linear_probe,0,3,17.265957,18.846519,True,expclr_P_aper,B,save/expclr_P_aper/all
ExpCLR,ExpCLR-aper,,,P_aper,all,all,age,linear_probe,0,4,14.981818,18.967463,True,expclr_P_aper,B,save/expclr_P_aper/all
ExpCLR,ExpCLR-aper,,,P_aper,all,all,age,fine_tuning,0,0,23.1,24.356104,True,expclr_P_aper,B,save/expclr_P_aper/all
ExpCLR,ExpCLR-aper,,,P_aper,all,all,age,fine_tuning,0,1,7.809524,11.634746,True,expclr_P_aper,B,save/expclr_P_aper/all
ExpCLR,ExpCLR-aper,,,P_aper,all,all,age,fine_tuning,0,2,24.571428,22.446398,True,expclr_P_aper,B,save/expclr_P_aper/all
ExpCLR,ExpCLR-aper,,,P_aper,all,all,age,fine_tuning,0,3,17.265957,18.341099,True,expclr_P_aper,B,save/expclr_P_aper/all
ExpCLR,ExpCLR-aper,,,P_aper,all,all,age,fine_tuning,0,4,14.981818,16.205324,True,expclr_P_aper,B,save/expclr_P_aper/all
ExpCLR,ExpCLR-aper,,,P_aper,all,all,age,linear_probe,1,0,22.484848,17.078428,True,expclr_P_aper,B,save/expclr_P_aper/all
ExpCLR,ExpCLR-aper,,,P_aper,all,all,age,linear_probe,1,1,23.361702,19.147671,True,expclr_P_aper,B,save/expclr_P_aper/all
ExpCLR,ExpCLR-aper,,,P_aper,all,all,age,linear_probe,1,2,8.131579,19.636147,True,expclr_P_aper,B,save/expclr_P_aper/all
ExpCLR,ExpCLR-aper,,,P_aper,all,all,age,linear_probe,1,3,24.431654,20.752541,True,expclr_P_aper,B,save/expclr_P_aper/all
ExpCLR,ExpCLR-aper,,,P_aper,all,all,age,linear_probe,1,4,10.466666,17.707544,True,expclr_P_aper,B,save/expclr_P_aper/all
ExpCLR,ExpCLR-aper,,,P_aper,all,all,age,fine_tuning,1,0,22.484848,21.375954,True,expclr_P_aper,B,save/expclr_P_aper/all
ExpCLR,ExpCLR-aper,,,P_aper,all,all,age,fine_tuning,1,1,23.361702,22.470747,True,expclr_P_aper,B,save/expclr_P_aper/all
ExpCLR,ExpCLR-aper,,,P_aper,all,all,age,fine_tuning,1,2,8.131579,10.238657,True,expclr_P_aper,B,save/expclr_P_aper/all
ExpCLR,ExpCLR-aper,,,P_aper,all,all,age,fine_tuning,1,3,24.431654,24.462969,True,expclr_P_aper,B,save/expclr_P_aper/all
ExpCLR,ExpCLR-aper,,,P_aper,all,all,age,fine_tuning,1,4,10.466666,10.128022,True,expclr_P_aper,B,save/expclr_P_aper/all
ExpCLR,ExpCLR-aper,,,P_aper,all,all,age,linear_probe,2,0,13.857142,21.017675,True,expclr_P_aper,B,save/expclr_P_aper/all
ExpCLR,ExpCLR-aper,,,P_aper,all,all,age,linear_probe,2,1,16.74074,20.880491,True,expclr_P_aper,B,save/expclr_P_aper/all
ExpCLR,ExpCLR-aper,,,P_aper,all,all,age,linear_probe,2,2,27.48,21.368233,True,expclr_P_aper,B,save/expclr_P_aper/all
ExpCLR,ExpCLR-aper,,,P_aper,all,all,age,linear_probe,2,3,17.288889,18.223776,True,expclr_P_aper,B,save/expclr_P_aper/all
ExpCLR,ExpCLR-aper,,,P_aper,all,all,age,linear_probe,2,4,36.0,17.923918,True,expclr_P_aper,B,save/expclr_P_aper/all
ExpCLR,ExpCLR-aper,,,P_aper,all,all,age,fine_tuning,2,0,13.857142,10.796668,True,expclr_P_aper,B,save/expclr_P_aper/all
ExpCLR,ExpCLR-aper,,,P_aper,all,all,age,fine_tuning,2,1,16.74074,14.234556,True,expclr_P_aper,B,save/expclr_P_aper/all
ExpCLR,ExpCLR-aper,,,P_aper,all,all,age,fine_tuning,2,2,27.48,28.41399,True,expclr_P_aper,B,save/expclr_P_aper/all
ExpCLR,ExpCLR-aper,,,P_aper,all,all,age,fine_tuning,2,3,17.288889,16.48118,True,expclr_P_aper,B,save/expclr_P_aper/all
ExpCLR,ExpCLR-aper,,,P_aper,all,all,age,fine_tuning,2,4,36.0,33.862885,True,expclr_P_aper,B,save/expclr_P_aper/all
ExpCLR,ExpCLR-aper,,,P_aper,all,all,age,linear_probe,3,0,20.033897,19.034275,True,expclr_P_aper,B,save/expclr_P_aper/all
ExpCLR,ExpCLR-aper,,,P_aper,all,all,age,linear_probe,3,1,10.086957,18.871048,True,expclr_P_aper,B,save/expclr_P_aper/all
ExpCLR,ExpCLR-aper,,,P_aper,all,all,age,linear_probe,3,2,12.6,18.721933,True,expclr_P_aper,B,save/expclr_P_aper/all
ExpCLR,ExpCLR-aper,,,P_aper,all,all,age,linear_probe,3,3,13.517241,18.722578,True,expclr_P_aper,B,save/expclr_P_aper/all
ExpCLR,ExpCLR-aper,,,P_aper,all,all,age,linear_probe,3,4,25.104347,18.962605,True,expclr_P_aper,B,save/expclr_P_aper/all
ExpCLR,ExpCLR-aper,,,P_aper,all,all,age,fine_tuning,3,0,20.033897,20.012035,True,expclr_P_aper,B,save/expclr_P_aper/all
ExpCLR,ExpCLR-aper,,,P_aper,all,all,age,fine_tuning,3,1,10.086957,10.275846,True,expclr_P_aper,B,save/expclr_P_aper/all
ExpCLR,ExpCLR-aper,,,P_aper,all,all,age,fine_tuning,3,2,12.6,14.744508,True,expclr_P_aper,B,save/expclr_P_aper/all
ExpCLR,ExpCLR-aper,,,P_aper,all,all,age,fine_tuning,3,3,13.517241,14.923116,True,expclr_P_aper,B,save/expclr_P_aper/all
ExpCLR,ExpCLR-aper,,,P_aper,all,all,age,fine_tuning,3,4,25.104347,23.975681,True,expclr_P_aper,B,save/expclr_P_aper/all
ExpCLR,ExpCLR-aper,,,P_aper,all,all,age,linear_probe,4,0,12.185185,17.338528,True,expclr_P_aper,B,save/expclr_P_aper/all
ExpCLR,ExpCLR-aper,,,P_aper,all,all,age,linear_probe,4,1,10.902439,17.248196,True,expclr_P_aper,B,save/expclr_P_aper/all
ExpCLR,ExpCLR-aper,,,P_aper,all,all,age,linear_probe,4,2,7.125,17.165813,True,expclr_P_aper,B,save/expclr_P_aper/all
ExpCLR,ExpCLR-aper,,,P_aper,all,all,age,linear_probe,4,3,31.799999,18.113115,True,expclr_P_aper,B,save/expclr_P_aper/all
ExpCLR,ExpCLR-aper,,,P_aper,all,all,age,linear_probe,4,4,10.609756,20.276155,True,expclr_P_aper,B,save/expclr_P_aper/all
ExpCLR,ExpCLR-aper,,,P_aper,all,all,age,fine_tuning,4,0,12.185185,9.540792,True,expclr_P_aper,B,save/expclr_P_aper/all
ExpCLR,ExpCLR-aper,,,P_aper,all,all,age,fine_tuning,4,1,10.902439,10.390351,True,expclr_P_aper,B,save/expclr_P_aper/all
ExpCLR,ExpCLR-aper,,,P_aper,all,all,age,fine_tuning,4,2,7.125,9.548445,True,expclr_P_aper,B,save/expclr_P_aper/all
ExpCLR,ExpCLR-aper,,,P_aper,all,all,age,fine_tuning,4,3,31.799999,29.630886,True,expclr_P_aper,B,save/expclr_P_aper/all
ExpCLR,ExpCLR-aper,,,P_aper,all,all,age,fine_tuning,4,4,10.609756,11.723628,True,expclr_P_aper,B,save/expclr_P_aper/all
ExpCLR,ExpCLR-aper,,,P_aper,all,all,age,linear_probe,5,0,21.299999,19.515718,True,expclr_P_aper,B,save/expclr_P_aper/all
ExpCLR,ExpCLR-aper,,,P_aper,all,all,age,linear_probe,5,1,16.439024,17.66404,True,expclr_P_aper,B,save/expclr_P_aper/all
ExpCLR,ExpCLR-aper,,,P_aper,all,all,age,linear_probe,5,2,14.341772,18.291792,True,expclr_P_aper,B,save/expclr_P_aper/all
ExpCLR,ExpCLR-aper,,,P_aper,all,all,age,linear_probe,5,3,22.196079,19.06753,True,expclr_P_aper,B,save/expclr_P_aper/all
ExpCLR,ExpCLR-aper,,,P_aper,all,all,age,fine_tuning,5,0,21.299999,24.668922,True,expclr_P_aper,B,save/expclr_P_aper/all
ExpCLR,ExpCLR-aper,,,P_aper,all,all,age,fine_tuning,5,1,16.439024,16.113476,True,expclr_P_aper,B,save/expclr_P_aper/all
ExpCLR,ExpCLR-aper,,,P_aper,all,all,age,fine_tuning,5,2,14.341772,16.953644,True,expclr_P_aper,B,save/expclr_P_aper/all
ExpCLR,ExpCLR-aper,,,P_aper,all,all,age,fine_tuning,5,3,22.196079,24.833611,True,expclr_P_aper,B,save/expclr_P_aper/all
ExpCLR,ExpCLR-aper,,,P_aper,all,all,age,linear_probe,6,0,23.77,19.970564,True,expclr_P_aper,B,save/expclr_P_aper/all
ExpCLR,ExpCLR-aper,,,P_aper,all,all,age,linear_probe,6,1,10.272727,17.952206,True,expclr_P_aper,B,save/expclr_P_aper/all
ExpCLR,ExpCLR-aper,,,P_aper,all,all,age,linear_probe,6,2,22.170732,19.380383,True,expclr_P_aper,B,save/expclr_P_aper/all
ExpCLR,ExpCLR-aper,,,P_aper,all,all,age,linear_probe,6,3,11.014925,18.336697,True,expclr_P_aper,B,save/expclr_P_aper/all
ExpCLR,ExpCLR-aper,,,P_aper,all,all,age,fine_tuning,6,0,23.77,22.611378,True,expclr_P_aper,B,save/expclr_P_aper/all
ExpCLR,ExpCLR-aper,,,P_aper,all,all,age,fine_tuning,6,1,10.272727,13.179144,True,expclr_P_aper,B,save/expclr_P_aper/all
ExpCLR,ExpCLR-aper,,,P_aper,all,all,age,fine_tuning,6,2,22.170732,21.800537,True,expclr_P_aper,B,save/expclr_P_aper/all
ExpCLR,ExpCLR-aper,,,P_aper,all,all,age,fine_tuning,6,3,11.014925,9.741151,True,expclr_P_aper,B,save/expclr_P_aper/all
ExpCLR,ExpCLR-aper,,,P_aper,all,all,age,linear_probe,7,0,22.506172,18.771582,True,expclr_P_aper,B,save/expclr_P_aper/all
ExpCLR,ExpCLR-aper,,,P_aper,all,all,age,linear_probe,7,1,18.200001,15.964969,True,expclr_P_aper,B,save/expclr_P_aper/all
ExpCLR,ExpCLR-aper,,,P_aper,all,all,age,linear_probe,7,2,17.319635,17.1257,True,expclr_P_aper,B,save/expclr_P_aper/all
ExpCLR,ExpCLR-aper,,,P_aper,all,all,age,linear_probe,7,3,20.962963,17.260691,True,expclr_P_aper,B,save/expclr_P_aper/all
ExpCLR,ExpCLR-aper,,,P_aper,all,all,age,fine_tuning,7,0,22.506172,20.647219,True,expclr_P_aper,B,save/expclr_P_aper/all
ExpCLR,ExpCLR-aper,,,P_aper,all,all,age,fine_tuning,7,1,18.200001,14.215691,True,expclr_P_aper,B,save/expclr_P_aper/all
ExpCLR,ExpCLR-aper,,,P_aper,all,all,age,fine_tuning,7,2,17.319635,18.914534,True,expclr_P_aper,B,save/expclr_P_aper/all
ExpCLR,ExpCLR-aper,,,P_aper,all,all,age,fine_tuning,7,3,20.962963,18.823349,True,expclr_P_aper,B,save/expclr_P_aper/all
ExpCLR,ExpCLR-aper,,,P_aper,all,all,age,linear_probe,8,0,25.25,21.99235,True,expclr_P_aper,B,save/expclr_P_aper/all
ExpCLR,ExpCLR-aper,,,P_aper,all,all,age,linear_probe,8,1,19.92,19.216541,True,expclr_P_aper,B,save/expclr_P_aper/all
ExpCLR,ExpCLR-aper,,,P_aper,all,all,age,linear_probe,8,2,22.776316,18.967583,True,expclr_P_aper,B,save/expclr_P_aper/all
ExpCLR,ExpCLR-aper,,,P_aper,all,all,age,linear_probe,8,3,13.230769,18.17728,True,expclr_P_aper,B,save/expclr_P_aper/all
ExpCLR,ExpCLR-aper,,,P_aper,all,all,age,fine_tuning,8,0,25.25,27.394388,True,expclr_P_aper,B,save/expclr_P_aper/all
ExpCLR,ExpCLR-aper,,,P_aper,all,all,age,fine_tuning,8,1,19.92,19.344431,True,expclr_P_aper,B,save/expclr_P_aper/all
ExpCLR,ExpCLR-aper,,,P_aper,all,all,age,fine_tuning,8,2,22.776316,25.775379,True,expclr_P_aper,B,save/expclr_P_aper/all
ExpCLR,ExpCLR-aper,,,P_aper,all,all,age,fine_tuning,8,3,13.230769,17.472961,True,expclr_P_aper,B,save/expclr_P_aper/all
ExpCLR,ExpCLR-aper,,,P_aper,all,all,age,linear_probe,9,0,20.706896,19.351639,True,expclr_P_aper,B,save/expclr_P_aper/all
ExpCLR,ExpCLR-aper,,,P_aper,all,all,age,linear_probe,9,1,15.652174,19.171551,True,expclr_P_aper,B,save/expclr_P_aper/all
ExpCLR,ExpCLR-aper,,,P_aper,all,all,age,linear_probe,9,2,15.217391,21.521255,True,expclr_P_aper,B,save/expclr_P_aper/all
ExpCLR,ExpCLR-aper,,,P_aper,all,all,age,linear_probe,9,3,9.236363,19.770283,True,expclr_P_aper,B,save/expclr_P_aper/all
ExpCLR,ExpCLR-aper,,,P_aper,all,all,age,fine_tuning,9,0,20.706896,21.444166,True,expclr_P_aper,B,save/expclr_P_aper/all
ExpCLR,ExpCLR-aper,,,P_aper,all,all,age,fine_tuning,9,1,15.652174,14.409004,True,expclr_P_aper,B,save/expclr_P_aper/all
ExpCLR,ExpCLR-aper,,,P_aper,all,all,age,fine_tuning,9,2,15.217391,15.233108,True,expclr_P_aper,B,save/expclr_P_aper/all
ExpCLR,ExpCLR-aper,,,P_aper,all,all,age,fine_tuning,9,3,9.236363,12.377488,True,expclr_P_aper,B,save/expclr_P_aper/all
InterFusion,InterFusion-c1a,,,,frontal,all,age,linear_probe,0,0,23.1,16.338482,True,c1a,C,save/c1a_frontal
InterFusion,InterFusion-c1a,,,,frontal,all,age,linear_probe,0,1,7.809524,19.42947,True,c1a,C,save/c1a_frontal
InterFusion,InterFusion-c1a,,,,frontal,all,age,linear_probe,0,2,24.571428,18.445248,True,c1a,C,save/c1a_frontal
InterFusion,InterFusion-c1a,,,,frontal,all,age,linear_probe,0,3,17.265957,18.901186,True,c1a,C,save/c1a_frontal
InterFusion,InterFusion-c1a,,,,frontal,all,age,linear_probe,0,4,14.981818,19.318943,True,c1a,C,save/c1a_frontal
InterFusion,InterFusion-c1a,,,,frontal,all,age,fine_tuning,0,0,23.1,21.047365,True,c1a,C,save/c1a_frontal
InterFusion,InterFusion-c1a,,,,frontal,all,age,fine_tuning,0,1,7.809524,10.040023,True,c1a,C,save/c1a_frontal
InterFusion,InterFusion-c1a,,,,frontal,all,age,fine_tuning,0,2,24.571428,18.326771,True,c1a,C,save/c1a_frontal
InterFusion,InterFusion-c1a,,,,frontal,all,age,fine_tuning,0,3,17.265957,17.683613,True,c1a,C,save/c1a_frontal
InterFusion,InterFusion-c1a,,,,frontal,all,age,fine_tuning,0,4,14.981818,13.851924,True,c1a,C,save/c1a_frontal
InterFusion,InterFusion-c1a,,,,frontal,all,age,linear_probe,1,0,22.484848,18.693027,True,c1a,C,save/c1a_frontal
InterFusion,InterFusion-c1a,,,,frontal,all,age,linear_probe,1,1,23.361702,17.357433,True,c1a,C,save/c1a_frontal
InterFusion,InterFusion-c1a,,,,frontal,all,age,linear_probe,1,2,8.131579,16.791567,True,c1a,C,save/c1a_frontal
InterFusion,InterFusion-c1a,,,,frontal,all,age,linear_probe,1,3,24.431654,17.743441,True,c1a,C,save/c1a_frontal
InterFusion,InterFusion-c1a,,,,frontal,all,age,linear_probe,1,4,10.466666,18.785858,True,c1a,C,save/c1a_frontal
InterFusion,InterFusion-c1a,,,,frontal,all,age,fine_tuning,1,0,22.484848,21.266804,True,c1a,C,save/c1a_frontal
InterFusion,InterFusion-c1a,,,,frontal,all,age,fine_tuning,1,1,23.361702,14.012977,True,c1a,C,save/c1a_frontal
InterFusion,InterFusion-c1a,,,,frontal,all,age,fine_tuning,1,2,8.131579,12.582576,True,c1a,C,save/c1a_frontal
InterFusion,InterFusion-c1a,,,,frontal,all,age,fine_tuning,1,3,24.431654,17.739578,True,c1a,C,save/c1a_frontal
InterFusion,InterFusion-c1a,,,,frontal,all,age,fine_tuning,1,4,10.466666,11.020846,True,c1a,C,save/c1a_frontal
InterFusion,InterFusion-c1a,,,,frontal,all,age,linear_probe,2,0,13.857142,15.464336,True,c1a,C,save/c1a_frontal
InterFusion,InterFusion-c1a,,,,frontal,all,age,linear_probe,2,1,16.74074,15.563265,True,c1a,C,save/c1a_frontal
InterFusion,InterFusion-c1a,,,,frontal,all,age,linear_probe,2,2,27.48,16.516754,True,c1a,C,save/c1a_frontal
InterFusion,InterFusion-c1a,,,,frontal,all,age,linear_probe,2,3,17.288889,16.813053,True,c1a,C,save/c1a_frontal
InterFusion,InterFusion-c1a,,,,frontal,all,age,linear_probe,2,4,36.0,19.667114,True,c1a,C,save/c1a_frontal
InterFusion,InterFusion-c1a,,,,frontal,all,age,fine_tuning,2,0,13.857142,18.073074,True,c1a,C,save/c1a_frontal
InterFusion,InterFusion-c1a,,,,frontal,all,age,fine_tuning,2,1,16.74074,14.818053,True,c1a,C,save/c1a_frontal
InterFusion,InterFusion-c1a,,,,frontal,all,age,fine_tuning,2,2,27.48,27.261757,True,c1a,C,save/c1a_frontal
InterFusion,InterFusion-c1a,,,,frontal,all,age,fine_tuning,2,3,17.288889,17.17728,True,c1a,C,save/c1a_frontal
InterFusion,InterFusion-c1a,,,,frontal,all,age,fine_tuning,2,4,36.0,36.432339,True,c1a,C,save/c1a_frontal
InterFusion,InterFusion-c1a,,,,frontal,all,age,linear_probe,3,0,20.033897,17.998808,True,c1a,C,save/c1a_frontal
InterFusion,InterFusion-c1a,,,,frontal,all,age,linear_probe,3,1,10.086957,17.463657,True,c1a,C,save/c1a_frontal
InterFusion,InterFusion-c1a,,,,frontal,all,age,linear_probe,3,2,12.6,18.745869,True,c1a,C,save/c1a_frontal
InterFusion,InterFusion-c1a,,,,frontal,all,age,linear_probe,3,3,13.517241,19.396355,True,c1a,C,save/c1a_frontal
InterFusion,InterFusion-c1a,,,,frontal,all,age,linear_probe,3,4,25.104347,18.472183,True,c1a,C,save/c1a_frontal
InterFusion,InterFusion-c1a,,,,frontal,all,age,fine_tuning,3,0,20.033897,17.652277,True,c1a,C,save/c1a_frontal
InterFusion,InterFusion-c1a,,,,frontal,all,age,fine_tuning,3,1,10.086957,9.146111,True,c1a,C,save/c1a_frontal
InterFusion,InterFusion-c1a,,,,frontal,all,age,fine_tuning,3,2,12.6,10.017712,True,c1a,C,save/c1a_frontal
InterFusion,InterFusion-c1a,,,,frontal,all,age,fine_tuning,3,3,13.517241,12.83461,True,c1a,C,save/c1a_frontal
InterFusion,InterFusion-c1a,,,,frontal,all,age,fine_tuning,3,4,25.104347,20.022324,True,c1a,C,save/c1a_frontal
InterFusion,InterFusion-c1a,,,,frontal,all,age,linear_probe,4,0,12.185185,16.457537,True,c1a,C,save/c1a_frontal
InterFusion,InterFusion-c1a,,,,frontal,all,age,linear_probe,4,1,10.902439,17.827494,True,c1a,C,save/c1a_frontal
InterFusion,InterFusion-c1a,,,,frontal,all,age,linear_probe,4,2,7.125,16.990679,True,c1a,C,save/c1a_frontal
InterFusion,InterFusion-c1a,,,,frontal,all,age,linear_probe,4,3,31.799999,18.28747,True,c1a,C,save/c1a_frontal
InterFusion,InterFusion-c1a,,,,frontal,all,age,linear_probe,4,4,10.609756,16.955328,True,c1a,C,save/c1a_frontal
InterFusion,InterFusion-c1a,,,,frontal,all,age,fine_tuning,4,0,12.185185,13.632778,True,c1a,C,save/c1a_frontal
InterFusion,InterFusion-c1a,,,,frontal,all,age,fine_tuning,4,1,10.902439,11.893196,True,c1a,C,save/c1a_frontal
InterFusion,InterFusion-c1a,,,,frontal,all,age,fine_tuning,4,2,7.125,13.08484,True,c1a,C,save/c1a_frontal
InterFusion,InterFusion-c1a,,,,frontal,all,age,fine_tuning,4,3,31.799999,31.222506,True,c1a,C,save/c1a_frontal
InterFusion,InterFusion-c1a,,,,frontal,all,age,fine_tuning,4,4,10.609756,16.84593,True,c1a,C,save/c1a_frontal
InterFusion,InterFusion-c1a,,,,frontal,all,age,linear_probe,5,0,21.299999,17.910542,True,c1a,C,save/c1a_frontal
InterFusion,InterFusion-c1a,,,,frontal,all,age,linear_probe,5,1,16.439024,21.098764,True,c1a,C,save/c1a_frontal
InterFusion,InterFusion-c1a,,,,frontal,all,age,linear_probe,5,2,14.341772,19.727816,True,c1a,C,save/c1a_frontal
InterFusion,InterFusion-c1a,,,,frontal,all,age,linear_probe,5,3,22.196079,19.857124,True,c1a,C,save/c1a_frontal
InterFusion,InterFusion-c1a,,,,frontal,all,age,fine_tuning,5,0,21.299999,23.525028,True,c1a,C,save/c1a_frontal
InterFusion,InterFusion-c1a,,,,frontal,all,age,fine_tuning,5,1,16.439024,17.797564,True,c1a,C,save/c1a_frontal
InterFusion,InterFusion-c1a,,,,frontal,all,age,fine_tuning,5,2,14.341772,15.653811,True,c1a,C,save/c1a_frontal
InterFusion,InterFusion-c1a,,,,frontal,all,age,fine_tuning,5,3,22.196079,23.871271,True,c1a,C,save/c1a_frontal
InterFusion,InterFusion-c1a,,,,frontal,all,age,linear_probe,6,0,23.77,17.802782,True,c1a,C,save/c1a_frontal
InterFusion,InterFusion-c1a,,,,frontal,all,age,linear_probe,6,1,10.272727,17.960875,True,c1a,C,save/c1a_frontal
InterFusion,InterFusion-c1a,,,,frontal,all,age,linear_probe,6,2,22.170732,18.011669,True,c1a,C,save/c1a_frontal
InterFusion,InterFusion-c1a,,,,frontal,all,age,linear_probe,6,3,11.014925,17.977671,True,c1a,C,save/c1a_frontal
InterFusion,InterFusion-c1a,,,,frontal,all,age,fine_tuning,6,0,23.77,24.802483,True,c1a,C,save/c1a_frontal
InterFusion,InterFusion-c1a,,,,frontal,all,age,fine_tuning,6,1,10.272727,11.230312,True,c1a,C,save/c1a_frontal
InterFusion,InterFusion-c1a,,,,frontal,all,age,fine_tuning,6,2,22.170732,17.182888,True,c1a,C,save/c1a_frontal
InterFusion,InterFusion-c1a,,,,frontal,all,age,fine_tuning,6,3,11.014925,10.331,True,c1a,C,save/c1a_frontal
InterFusion,InterFusion-c1a,,,,frontal,all,age,linear_probe,7,0,22.506172,18.370403,True,c1a,C,save/c1a_frontal
InterFusion,InterFusion-c1a,,,,frontal,all,age,linear_probe,7,1,18.200001,18.747856,True,c1a,C,save/c1a_frontal
InterFusion,InterFusion-c1a,,,,frontal,all,age,linear_probe,7,2,17.319635,19.224091,True,c1a,C,save/c1a_frontal
InterFusion,InterFusion-c1a,,,,frontal,all,age,linear_probe,7,3,20.962963,18.331568,True,c1a,C,save/c1a_frontal
InterFusion,InterFusion-c1a,,,,frontal,all,age,fine_tuning,7,0,22.506172,24.570381,True,c1a,C,save/c1a_frontal
InterFusion,InterFusion-c1a,,,,frontal,all,age,fine_tuning,7,1,18.200001,18.308743,True,c1a,C,save/c1a_frontal
InterFusion,InterFusion-c1a,,,,frontal,all,age,fine_tuning,7,2,17.319635,20.79327,True,c1a,C,save/c1a_frontal
InterFusion,InterFusion-c1a,,,,frontal,all,age,fine_tuning,7,3,20.962963,20.878586,True,c1a,C,save/c1a_frontal
InterFusion,InterFusion-c1a,,,,frontal,all,age,linear_probe,8,0,25.25,18.034958,True,c1a,C,save/c1a_frontal
InterFusion,InterFusion-c1a,,,,frontal,all,age,linear_probe,8,1,19.92,18.463833,True,c1a,C,save/c1a_frontal
InterFusion,InterFusion-c1a,,,,frontal,all,age,linear_probe,8,2,22.776316,18.88294,True,c1a,C,save/c1a_frontal
InterFusion,InterFusion-c1a,,,,frontal,all,age,linear_probe,8,3,13.230769,18.661623,True,c1a,C,save/c1a_frontal
InterFusion,InterFusion-c1a,,,,frontal,all,age,fine_tuning,8,0,25.25,24.491226,True,c1a,C,save/c1a_frontal
InterFusion,InterFusion-c1a,,,,frontal,all,age,fine_tuning,8,1,19.92,18.448498,True,c1a,C,save/c1a_frontal
InterFusion,InterFusion-c1a,,,,frontal,all,age,fine_tuning,8,2,22.776316,26.231756,True,c1a,C,save/c1a_frontal
InterFusion,InterFusion-c1a,,,,frontal,all,age,fine_tuning,8,3,13.230769,14.870469,True,c1a,C,save/c1a_frontal
InterFusion,InterFusion-c1a,,,,frontal,all,age,linear_probe,9,0,20.706896,19.100559,True,c1a,C,save/c1a_frontal
InterFusion,InterFusion-c1a,,,,frontal,all,age,linear_probe,9,1,15.652174,17.043839,True,c1a,C,save/c1a_frontal
InterFusion,InterFusion-c1a,,,,frontal,all,age,linear_probe,9,2,15.217391,18.40958,True,c1a,C,save/c1a_frontal
InterFusion,InterFusion-c1a,,,,frontal,all,age,linear_probe,9,3,9.236363,17.451509,True,c1a,C,save/c1a_frontal
InterFusion,InterFusion-c1a,,,,frontal,all,age,fine_tuning,9,0,20.706896,20.606323,True,c1a,C,save/c1a_frontal
InterFusion,InterFusion-c1a,,,,frontal,all,age,fine_tuning,9,1,15.652174,15.639035,True,c1a,C,save/c1a_frontal
InterFusion,InterFusion-c1a,,,,frontal,all,age,fine_tuning,9,2,15.217391,18.261868,True,c1a,C,save/c1a_frontal
InterFusion,InterFusion-c1a,,,,frontal,all,age,fine_tuning,9,3,9.236363,11.50425,True,c1a,C,save/c1a_frontal
InterFusion,InterFusion-c1a,,,,occipital,all,age,linear_probe,0,0,23.1,17.808706,True,c1a,C,save/c1a_occipital
InterFusion,InterFusion-c1a,,,,occipital,all,age,linear_probe,0,1,7.809524,17.043743,True,c1a,C,save/c1a_occipital
InterFusion,InterFusion-c1a,,,,occipital,all,age,linear_probe,0,2,24.571428,17.464546,True,c1a,C,save/c1a_occipital
InterFusion,InterFusion-c1a,,,,occipital,all,age,linear_probe,0,3,17.265957,17.520092,True,c1a,C,save/c1a_occipital
InterFusion,InterFusion-c1a,,,,occipital,all,age,linear_probe,0,4,14.981818,18.233549,True,c1a,C,save/c1a_occipital
InterFusion,InterFusion-c1a,,,,occipital,all,age,fine_tuning,0,0,23.1,19.556353,True,c1a,C,save/c1a_occipital
InterFusion,InterFusion-c1a,,,,occipital,all,age,fine_tuning,0,1,7.809524,16.488188,True,c1a,C,save/c1a_occipital
InterFusion,InterFusion-c1a,,,,occipital,all,age,fine_tuning,0,2,24.571428,17.738287,True,c1a,C,save/c1a_occipital
InterFusion,InterFusion-c1a,,,,occipital,all,age,fine_tuning,0,3,17.265957,17.266283,True,c1a,C,save/c1a_occipital
InterFusion,InterFusion-c1a,,,,occipital,all,age,fine_tuning,0,4,14.981818,17.724529,True,c1a,C,save/c1a_occipital
InterFusion,InterFusion-c1a,,,,occipital,all,age,linear_probe,1,0,22.484848,14.646701,True,c1a,C,save/c1a_occipital
InterFusion,InterFusion-c1a,,,,occipital,all,age,linear_probe,1,1,23.361702,18.620476,True,c1a,C,save/c1a_occipital
InterFusion,InterFusion-c1a,,,,occipital,all,age,linear_probe,1,2,8.131579,15.526337,True,c1a,C,save/c1a_occipital
InterFusion,InterFusion-c1a,,,,occipital,all,age,linear_probe,1,3,24.431654,21.120293,True,c1a,C,save/c1a_occipital
InterFusion,InterFusion-c1a,,,,occipital,all,age,linear_probe,1,4,10.466666,15.030124,True,c1a,C,save/c1a_occipital
InterFusion,InterFusion-c1a,,,,occipital,all,age,fine_tuning,1,0,22.484848,13.841675,True,c1a,C,save/c1a_occipital
InterFusion,InterFusion-c1a,,,,occipital,all,age,fine_tuning,1,1,23.361702,16.274071,True,c1a,C,save/c1a_occipital
InterFusion,InterFusion-c1a,,,,occipital,all,age,fine_tuning,1,2,8.131579,13.295874,True,c1a,C,save/c1a_occipital
InterFusion,InterFusion-c1a,,,,occipital,all,age,fine_tuning,1,3,24.431654,19.731541,True,c1a,C,save/c1a_occipital
InterFusion,InterFusion-c1a,,,,occipital,all,age,fine_tuning,1,4,10.466666,13.31628,True,c1a,C,save/c1a_occipital
InterFusion,InterFusion-c1a,,,,occipital,all,age,linear_probe,2,0,13.857142,17.212679,True,c1a,C,save/c1a_occipital
InterFusion,InterFusion-c1a,,,,occipital,all,age,linear_probe,2,1,16.74074,17.696445,True,c1a,C,save/c1a_occipital
InterFusion,InterFusion-c1a,,,,occipital,all,age,linear_probe,2,2,27.48,17.422169,True,c1a,C,save/c1a_occipital
InterFusion,InterFusion-c1a,,,,occipital,all,age,linear_probe,2,3,17.288889,17.900154,True,c1a,C,save/c1a_occipital
InterFusion,InterFusion-c1a,,,,occipital,all,age,linear_probe,2,4,36.0,18.553528,True,c1a,C,save/c1a_occipital
InterFusion,InterFusion-c1a,,,,occipital,all,age,fine_tuning,2,0,13.857142,23.295424,True,c1a,C,save/c1a_occipital
InterFusion,InterFusion-c1a,,,,occipital,all,age,fine_tuning,2,1,16.74074,24.33499,True,c1a,C,save/c1a_occipital
InterFusion,InterFusion-c1a,,,,occipital,all,age,fine_tuning,2,2,27.48,22.311071,True,c1a,C,save/c1a_occipital
InterFusion,InterFusion-c1a,,,,occipital,all,age,fine_tuning,2,3,17.288889,20.683455,True,c1a,C,save/c1a_occipital
InterFusion,InterFusion-c1a,,,,occipital,all,age,fine_tuning,2,4,36.0,17.747404,True,c1a,C,save/c1a_occipital
InterFusion,InterFusion-c1a,,,,occipital,all,age,linear_probe,3,0,20.033897,14.661462,True,c1a,C,save/c1a_occipital
InterFusion,InterFusion-c1a,,,,occipital,all,age,linear_probe,3,1,10.086957,15.031922,True,c1a,C,save/c1a_occipital
InterFusion,InterFusion-c1a,,,,occipital,all,age,linear_probe,3,2,12.6,16.532295,True,c1a,C,save/c1a_occipital
InterFusion,InterFusion-c1a,,,,occipital,all,age,linear_probe,3,3,13.517241,15.151724,True,c1a,C,save/c1a_occipital
InterFusion,InterFusion-c1a,,,,occipital,all,age,linear_probe,3,4,25.104347,14.423694,True,c1a,C,save/c1a_occipital
InterFusion,InterFusion-c1a,,,,occipital,all,age,fine_tuning,3,0,20.033897,18.41688,True,c1a,C,save/c1a_occipital
InterFusion,InterFusion-c1a,,,,occipital,all,age,fine_tuning,3,1,10.086957,21.109831,True,c1a,C,save/c1a_occipital
InterFusion,InterFusion-c1a,,,,occipital,all,age,fine_tuning,3,2,12.6,16.814264,True,c1a,C,save/c1a_occipital
InterFusion,InterFusion-c1a,,,,occipital,all,age,fine_tuning,3,3,13.517241,17.05755,True,c1a,C,save/c1a_occipital
InterFusion,InterFusion-c1a,,,,occipital,all,age,fine_tuning,3,4,25.104347,20.984371,True,c1a,C,save/c1a_occipital
InterFusion,InterFusion-c1a,,,,occipital,all,age,linear_probe,4,0,12.185185,18.685133,True,c1a,C,save/c1a_occipital
InterFusion,InterFusion-c1a,,,,occipital,all,age,linear_probe,4,1,10.902439,17.25285,True,c1a,C,save/c1a_occipital
InterFusion,InterFusion-c1a,,,,occipital,all,age,linear_probe,4,2,7.125,16.953869,True,c1a,C,save/c1a_occipital
InterFusion,InterFusion-c1a,,,,occipital,all,age,linear_probe,4,3,31.799999,16.603205,True,c1a,C,save/c1a_occipital
InterFusion,InterFusion-c1a,,,,occipital,all,age,linear_probe,4,4,10.609756,17.542728,True,c1a,C,save/c1a_occipital
InterFusion,InterFusion-c1a,,,,occipital,all,age,fine_tuning,4,0,12.185185,15.95666,True,c1a,C,save/c1a_occipital
InterFusion,InterFusion-c1a,,,,occipital,all,age,fine_tuning,4,1,10.902439,16.033072,True,c1a,C,save/c1a_occipital
InterFusion,InterFusion-c1a,,,,occipital,all,age,fine_tuning,4,2,7.125,16.830853,True,c1a,C,save/c1a_occipital
InterFusion,InterFusion-c1a,,,,occipital,all,age,fine_tuning,4,3,31.799999,18.120022,True,c1a,C,save/c1a_occipital
InterFusion,InterFusion-c1a,,,,occipital,all,age,fine_tuning,4,4,10.609756,18.996456,True,c1a,C,save/c1a_occipital
InterFusion,InterFusion-c1a,,,,occipital,all,age,linear_probe,5,0,21.299999,18.706022,True,c1a,C,save/c1a_occipital
InterFusion,InterFusion-c1a,,,,occipital,all,age,linear_probe,5,1,16.439024,18.600752,True,c1a,C,save/c1a_occipital
InterFusion,InterFusion-c1a,,,,occipital,all,age,linear_probe,5,2,14.341772,18.733843,True,c1a,C,save/c1a_occipital
InterFusion,InterFusion-c1a,,,,occipital,all,age,linear_probe,5,3,22.196079,18.770983,True,c1a,C,save/c1a_occipital
InterFusion,InterFusion-c1a,,,,occipital,all,age,fine_tuning,5,0,21.299999,15.408907,True,c1a,C,save/c1a_occipital
InterFusion,InterFusion-c1a,,,,occipital,all,age,fine_tuning,5,1,16.439024,16.195194,True,c1a,C,save/c1a_occipital
InterFusion,InterFusion-c1a,,,,occipital,all,age,fine_tuning,5,2,14.341772,17.415567,True,c1a,C,save/c1a_occipital
InterFusion,InterFusion-c1a,,,,occipital,all,age,fine_tuning,5,3,22.196079,19.174873,True,c1a,C,save/c1a_occipital
InterFusion,InterFusion-c1a,,,,occipital,all,age,linear_probe,6,0,23.77,17.850492,True,c1a,C,save/c1a_occipital
InterFusion,InterFusion-c1a,,,,occipital,all,age,linear_probe,6,1,10.272727,17.814455,True,c1a,C,save/c1a_occipital
InterFusion,InterFusion-c1a,,,,occipital,all,age,linear_probe,6,2,22.170732,18.222672,True,c1a,C,save/c1a_occipital
InterFusion,InterFusion-c1a,,,,occipital,all,age,linear_probe,6,3,11.014925,18.055595,True,c1a,C,save/c1a_occipital
InterFusion,InterFusion-c1a,,,,occipital,all,age,fine_tuning,6,0,23.77,26.226709,True,c1a,C,save/c1a_occipital
InterFusion,InterFusion-c1a,,,,occipital,all,age,fine_tuning,6,1,10.272727,14.573989,True,c1a,C,save/c1a_occipital
InterFusion,InterFusion-c1a,,,,occipital,all,age,fine_tuning,6,2,22.170732,20.74543,True,c1a,C,save/c1a_occipital
InterFusion,InterFusion-c1a,,,,occipital,all,age,fine_tuning,6,3,11.014925,19.005878,True,c1a,C,save/c1a_occipital
InterFusion,InterFusion-c1a,,,,occipital,all,age,linear_probe,7,0,22.506172,16.170515,True,c1a,C,save/c1a_occipital
InterFusion,InterFusion-c1a,,,,occipital,all,age,linear_probe,7,1,18.200001,16.355577,True,c1a,C,save/c1a_occipital
InterFusion,InterFusion-c1a,,,,occipital,all,age,linear_probe,7,2,17.319635,16.363743,True,c1a,C,save/c1a_occipital
InterFusion,InterFusion-c1a,,,,occipital,all,age,linear_probe,7,3,20.962963,16.046194,True,c1a,C,save/c1a_occipital
InterFusion,InterFusion-c1a,,,,occipital,all,age,fine_tuning,7,0,22.506172,21.319641,True,c1a,C,save/c1a_occipital
InterFusion,InterFusion-c1a,,,,occipital,all,age,fine_tuning,7,1,18.200001,15.458984,True,c1a,C,save/c1a_occipital
InterFusion,InterFusion-c1a,,,,occipital,all,age,fine_tuning,7,2,17.319635,16.831366,True,c1a,C,save/c1a_occipital
InterFusion,InterFusion-c1a,,,,occipital,all,age,fine_tuning,7,3,20.962963,18.13693,True,c1a,C,save/c1a_occipital
InterFusion,InterFusion-c1a,,,,occipital,all,age,linear_probe,8,0,25.25,16.504995,True,c1a,C,save/c1a_occipital
InterFusion,InterFusion-c1a,,,,occipital,all,age,linear_probe,8,1,19.92,17.988548,True,c1a,C,save/c1a_occipital
InterFusion,InterFusion-c1a,,,,occipital,all,age,linear_probe,8,2,22.776316,17.12887,True,c1a,C,save/c1a_occipital
InterFusion,InterFusion-c1a,,,,occipital,all,age,linear_probe,8,3,13.230769,17.276062,True,c1a,C,save/c1a_occipital
InterFusion,InterFusion-c1a,,,,occipital,all,age,fine_tuning,8,0,25.25,25.675751,True,c1a,C,save/c1a_occipital
InterFusion,InterFusion-c1a,,,,occipital,all,age,fine_tuning,8,1,19.92,19.041616,True,c1a,C,save/c1a_occipital
InterFusion,InterFusion-c1a,,,,occipital,all,age,fine_tuning,8,2,22.776316,23.73255,True,c1a,C,save/c1a_occipital
InterFusion,InterFusion-c1a,,,,occipital,all,age,fine_tuning,8,3,13.230769,23.270147,True,c1a,C,save/c1a_occipital
InterFusion,InterFusion-c1a,,,,occipital,all,age,linear_probe,9,0,20.706896,18.892727,True,c1a,C,save/c1a_occipital
InterFusion,InterFusion-c1a,,,,occipital,all,age,linear_probe,9,1,15.652174,18.627817,True,c1a,C,save/c1a_occipital
InterFusion,InterFusion-c1a,,,,occipital,all,age,linear_probe,9,2,15.217391,18.570532,True,c1a,C,save/c1a_occipital
InterFusion,InterFusion-c1a,,,,occipital,all,age,linear_probe,9,3,9.236363,18.751495,True,c1a,C,save/c1a_occipital
InterFusion,InterFusion-c1a,,,,occipital,all,age,fine_tuning,9,0,20.706896,15.490488,True,c1a,C,save/c1a_occipital
InterFusion,InterFusion-c1a,,,,occipital,all,age,fine_tuning,9,1,15.652174,17.149857,True,c1a,C,save/c1a_occipital
InterFusion,InterFusion-c1a,,,,occipital,all,age,fine_tuning,9,2,15.217391,19.052116,True,c1a,C,save/c1a_occipital
InterFusion,InterFusion-c1a,,,,occipital,all,age,fine_tuning,9,3,9.236363,19.397144,True,c1a,C,save/c1a_occipital
InterFusion,InterFusion-c1a,,,,parietal,all,age,linear_probe,0,0,23.1,18.17403,True,c1a,C,save/c1a_parietal
InterFusion,InterFusion-c1a,,,,parietal,all,age,linear_probe,0,1,7.809524,19.81258,True,c1a,C,save/c1a_parietal
InterFusion,InterFusion-c1a,,,,parietal,all,age,linear_probe,0,2,24.571428,19.015188,True,c1a,C,save/c1a_parietal
InterFusion,InterFusion-c1a,,,,parietal,all,age,linear_probe,0,3,17.265957,18.364016,True,c1a,C,save/c1a_parietal
InterFusion,InterFusion-c1a,,,,parietal,all,age,linear_probe,0,4,14.981818,18.543915,True,c1a,C,save/c1a_parietal
InterFusion,InterFusion-c1a,,,,parietal,all,age,fine_tuning,0,0,23.1,24.318434,True,c1a,C,save/c1a_parietal
InterFusion,InterFusion-c1a,,,,parietal,all,age,fine_tuning,0,1,7.809524,10.668921,True,c1a,C,save/c1a_parietal
InterFusion,InterFusion-c1a,,,,parietal,all,age,fine_tuning,0,2,24.571428,19.174084,True,c1a,C,save/c1a_parietal
InterFusion,InterFusion-c1a,,,,parietal,all,age,fine_tuning,0,3,17.265957,15.15123,True,c1a,C,save/c1a_parietal
InterFusion,InterFusion-c1a,,,,parietal,all,age,fine_tuning,0,4,14.981818,13.437539,True,c1a,C,save/c1a_parietal
InterFusion,InterFusion-c1a,,,,parietal,all,age,linear_probe,1,0,22.484848,18.738779,True,c1a,C,save/c1a_parietal
InterFusion,InterFusion-c1a,,,,parietal,all,age,linear_probe,1,1,23.361702,18.326073,True,c1a,C,save/c1a_parietal
InterFusion,InterFusion-c1a,,,,parietal,all,age,linear_probe,1,2,8.131579,18.364088,True,c1a,C,save/c1a_parietal
InterFusion,InterFusion-c1a,,,,parietal,all,age,linear_probe,1,3,24.431654,17.988386,True,c1a,C,save/c1a_parietal
InterFusion,InterFusion-c1a,,,,parietal,all,age,linear_probe,1,4,10.466666,18.388218,True,c1a,C,save/c1a_parietal
InterFusion,InterFusion-c1a,,,,parietal,all,age,fine_tuning,1,0,22.484848,21.423586,True,c1a,C,save/c1a_parietal
InterFusion,InterFusion-c1a,,,,parietal,all,age,fine_tuning,1,1,23.361702,20.09267,True,c1a,C,save/c1a_parietal
InterFusion,InterFusion-c1a,,,,parietal,all,age,fine_tuning,1,2,8.131579,11.350349,True,c1a,C,save/c1a_parietal
InterFusion,InterFusion-c1a,,,,parietal,all,age,fine_tuning,1,3,24.431654,24.407438,True,c1a,C,save/c1a_parietal
InterFusion,InterFusion-c1a,,,,parietal,all,age,fine_tuning,1,4,10.466666,12.183908,True,c1a,C,save/c1a_parietal
InterFusion,InterFusion-c1a,,,,parietal,all,age,linear_probe,2,0,13.857142,18.687832,True,c1a,C,save/c1a_parietal
InterFusion,InterFusion-c1a,,,,parietal,all,age,linear_probe,2,1,16.74074,18.193674,True,c1a,C,save/c1a_parietal
InterFusion,InterFusion-c1a,,,,parietal,all,age,linear_probe,2,2,27.48,18.519899,True,c1a,C,save/c1a_parietal
InterFusion,InterFusion-c1a,,,,parietal,all,age,linear_probe,2,3,17.288889,18.179546,True,c1a,C,save/c1a_parietal
InterFusion,InterFusion-c1a,,,,parietal,all,age,linear_probe,2,4,36.0,17.689568,True,c1a,C,save/c1a_parietal
InterFusion,InterFusion-c1a,,,,parietal,all,age,fine_tuning,2,0,13.857142,9.71507,True,c1a,C,save/c1a_parietal
InterFusion,InterFusion-c1a,,,,parietal,all,age,fine_tuning,2,1,16.74074,12.441357,True,c1a,C,save/c1a_parietal
InterFusion,InterFusion-c1a,,,,parietal,all,age,fine_tuning,2,2,27.48,23.001179,True,c1a,C,save/c1a_parietal
InterFusion,InterFusion-c1a,,,,parietal,all,age,fine_tuning,2,3,17.288889,15.495855,True,c1a,C,save/c1a_parietal
InterFusion,InterFusion-c1a,,,,parietal,all,age,fine_tuning,2,4,36.0,28.779005,True,c1a,C,save/c1a_parietal
InterFusion,InterFusion-c1a,,,,parietal,all,age,linear_probe,3,0,20.033897,17.80402,True,c1a,C,save/c1a_parietal
InterFusion,InterFusion-c1a,,,,parietal,all,age,linear_probe,3,1,10.086957,18.417982,True,c1a,C,save/c1a_parietal
InterFusion,InterFusion-c1a,,,,parietal,all,age,linear_probe,3,2,12.6,19.159019,True,c1a,C,save/c1a_parietal
InterFusion,InterFusion-c1a,,,,parietal,all,age,linear_probe,3,3,13.517241,18.65708,True,c1a,C,save/c1a_parietal
InterFusion,InterFusion-c1a,,,,parietal,all,age,linear_probe,3,4,25.104347,17.79505,True,c1a,C,save/c1a_parietal
InterFusion,InterFusion-c1a,,,,parietal,all,age,fine_tuning,3,0,20.033897,18.23485,True,c1a,C,save/c1a_parietal
InterFusion,InterFusion-c1a,,,,parietal,all,age,fine_tuning,3,1,10.086957,12.675052,True,c1a,C,save/c1a_parietal
InterFusion,InterFusion-c1a,,,,parietal,all,age,fine_tuning,3,2,12.6,11.4535,True,c1a,C,save/c1a_parietal
InterFusion,InterFusion-c1a,,,,parietal,all,age,fine_tuning,3,3,13.517241,13.065611,True,c1a,C,save/c1a_parietal
InterFusion,InterFusion-c1a,,,,parietal,all,age,fine_tuning,3,4,25.104347,25.422977,True,c1a,C,save/c1a_parietal
InterFusion,InterFusion-c1a,,,,parietal,all,age,linear_probe,4,0,12.185185,19.072302,True,c1a,C,save/c1a_parietal
InterFusion,InterFusion-c1a,,,,parietal,all,age,linear_probe,4,1,10.902439,18.614614,True,c1a,C,save/c1a_parietal
InterFusion,InterFusion-c1a,,,,parietal,all,age,linear_probe,4,2,7.125,18.131458,True,c1a,C,save/c1a_parietal
InterFusion,InterFusion-c1a,,,,parietal,all,age,linear_probe,4,3,31.799999,18.402853,True,c1a,C,save/c1a_parietal
InterFusion,InterFusion-c1a,,,,parietal,all,age,linear_probe,4,4,10.609756,18.801517,True,c1a,C,save/c1a_parietal
InterFusion,InterFusion-c1a,,,,parietal,all,age,fine_tuning,4,0,12.185185,11.196509,True,c1a,C,save/c1a_parietal
InterFusion,InterFusion-c1a,,,,parietal,all,age,fine_tuning,4,1,10.902439,11.828293,True,c1a,C,save/c1a_parietal
InterFusion,InterFusion-c1a,,,,parietal,all,age,fine_tuning,4,2,7.125,11.911097,True,c1a,C,save/c1a_parietal
InterFusion,InterFusion-c1a,,,,parietal,all,age,fine_tuning,4,3,31.799999,29.055992,True,c1a,C,save/c1a_parietal
InterFusion,InterFusion-c1a,,,,parietal,all,age,fine_tuning,4,4,10.609756,13.039402,True,c1a,C,save/c1a_parietal
InterFusion,InterFusion-c1a,,,,parietal,all,age,linear_probe,5,0,21.299999,18.325226,True,c1a,C,save/c1a_parietal
InterFusion,InterFusion-c1a,,,,parietal,all,age,linear_probe,5,1,16.439024,20.425243,True,c1a,C,save/c1a_parietal
InterFusion,InterFusion-c1a,,,,parietal,all,age,linear_probe,5,2,14.341772,19.794838,True,c1a,C,save/c1a_parietal
InterFusion,InterFusion-c1a,,,,parietal,all,age,linear_probe,5,3,22.196079,19.256485,True,c1a,C,save/c1a_parietal
InterFusion,InterFusion-c1a,,,,parietal,all,age,fine_tuning,5,0,21.299999,24.016994,True,c1a,C,save/c1a_parietal
InterFusion,InterFusion-c1a,,,,parietal,all,age,fine_tuning,5,1,16.439024,12.908752,True,c1a,C,save/c1a_parietal
InterFusion,InterFusion-c1a,,,,parietal,all,age,fine_tuning,5,2,14.341772,17.28019,True,c1a,C,save/c1a_parietal
InterFusion,InterFusion-c1a,,,,parietal,all,age,fine_tuning,5,3,22.196079,24.209429,True,c1a,C,save/c1a_parietal
InterFusion,InterFusion-c1a,,,,parietal,all,age,linear_probe,6,0,23.77,16.622227,True,c1a,C,save/c1a_parietal
InterFusion,InterFusion-c1a,,,,parietal,all,age,linear_probe,6,1,10.272727,17.73572,True,c1a,C,save/c1a_parietal
InterFusion,InterFusion-c1a,,,,parietal,all,age,linear_probe,6,2,22.170732,16.59613,True,c1a,C,save/c1a_parietal
InterFusion,InterFusion-c1a,,,,parietal,all,age,linear_probe,6,3,11.014925,17.446554,True,c1a,C,save/c1a_parietal
InterFusion,InterFusion-c1a,,,,parietal,all,age,fine_tuning,6,0,23.77,22.714893,True,c1a,C,save/c1a_parietal
InterFusion,InterFusion-c1a,,,,parietal,all,age,fine_tuning,6,1,10.272727,11.12579,True,c1a,C,save/c1a_parietal
InterFusion,InterFusion-c1a,,,,parietal,all,age,fine_tuning,6,2,22.170732,22.625834,True,c1a,C,save/c1a_parietal
InterFusion,InterFusion-c1a,,,,parietal,all,age,fine_tuning,6,3,11.014925,11.206276,True,c1a,C,save/c1a_parietal
InterFusion,InterFusion-c1a,,,,parietal,all,age,linear_probe,7,0,22.506172,18.202396,True,c1a,C,save/c1a_parietal
InterFusion,InterFusion-c1a,,,,parietal,all,age,linear_probe,7,1,18.200001,12.72698,True,c1a,C,save/c1a_parietal
InterFusion,InterFusion-c1a,,,,parietal,all,age,linear_probe,7,2,17.319635,14.056326,True,c1a,C,save/c1a_parietal
InterFusion,InterFusion-c1a,,,,parietal,all,age,linear_probe,7,3,20.962963,16.923826,True,c1a,C,save/c1a_parietal
InterFusion,InterFusion-c1a,,,,parietal,all,age,fine_tuning,7,0,22.506172,19.825186,True,c1a,C,save/c1a_parietal
InterFusion,InterFusion-c1a,,,,parietal,all,age,fine_tuning,7,1,18.200001,11.131178,True,c1a,C,save/c1a_parietal
InterFusion,InterFusion-c1a,,,,parietal,all,age,fine_tuning,7,2,17.319635,16.621103,True,c1a,C,save/c1a_parietal
InterFusion,InterFusion-c1a,,,,parietal,all,age,fine_tuning,7,3,20.962963,19.528637,True,c1a,C,save/c1a_parietal
InterFusion,InterFusion-c1a,,,,parietal,all,age,linear_probe,8,0,25.25,16.241022,True,c1a,C,save/c1a_parietal
InterFusion,InterFusion-c1a,,,,parietal,all,age,linear_probe,8,1,19.92,18.027403,True,c1a,C,save/c1a_parietal
InterFusion,InterFusion-c1a,,,,parietal,all,age,linear_probe,8,2,22.776316,17.829016,True,c1a,C,save/c1a_parietal
InterFusion,InterFusion-c1a,,,,parietal,all,age,linear_probe,8,3,13.230769,16.890484,True,c1a,C,save/c1a_parietal
InterFusion,InterFusion-c1a,,,,parietal,all,age,fine_tuning,8,0,25.25,27.952066,True,c1a,C,save/c1a_parietal
InterFusion,InterFusion-c1a,,,,parietal,all,age,fine_tuning,8,1,19.92,20.953831,True,c1a,C,save/c1a_parietal
InterFusion,InterFusion-c1a,,,,parietal,all,age,fine_tuning,8,2,22.776316,25.401937,True,c1a,C,save/c1a_parietal
InterFusion,InterFusion-c1a,,,,parietal,all,age,fine_tuning,8,3,13.230769,16.446325,True,c1a,C,save/c1a_parietal
InterFusion,InterFusion-c1a,,,,parietal,all,age,linear_probe,9,0,20.706896,17.759579,True,c1a,C,save/c1a_parietal
InterFusion,InterFusion-c1a,,,,parietal,all,age,linear_probe,9,1,15.652174,19.687145,True,c1a,C,save/c1a_parietal
InterFusion,InterFusion-c1a,,,,parietal,all,age,linear_probe,9,2,15.217391,17.698984,True,c1a,C,save/c1a_parietal
InterFusion,InterFusion-c1a,,,,parietal,all,age,linear_probe,9,3,9.236363,19.316225,True,c1a,C,save/c1a_parietal
InterFusion,InterFusion-c1a,,,,parietal,all,age,fine_tuning,9,0,20.706896,20.076908,True,c1a,C,save/c1a_parietal
InterFusion,InterFusion-c1a,,,,parietal,all,age,fine_tuning,9,1,15.652174,15.641486,True,c1a,C,save/c1a_parietal
InterFusion,InterFusion-c1a,,,,parietal,all,age,fine_tuning,9,2,15.217391,18.919937,True,c1a,C,save/c1a_parietal
InterFusion,InterFusion-c1a,,,,parietal,all,age,fine_tuning,9,3,9.236363,11.991834,True,c1a,C,save/c1a_parietal
InterFusion,InterFusion-c1a,,,,all,all,age,linear_probe,0,0,23.1,20.079716,False,c1a,D,save/c1a_all
InterFusion,InterFusion-c1a,,,,all,all,age,linear_probe,0,1,7.809524,17.377235,False,c1a,D,save/c1a_all
InterFusion,InterFusion-c1a,,,,all,all,age,linear_probe,0,2,24.571428,17.589094,False,c1a,D,save/c1a_all
InterFusion,InterFusion-c1a,,,,all,all,age,linear_probe,0,3,17.265957,17.394289,False,c1a,D,save/c1a_all
InterFusion,InterFusion-c1a,,,,all,all,age,linear_probe,0,4,14.981818,16.419935,False,c1a,D,save/c1a_all
InterFusion,InterFusion-c1a,,,,all,all,age,fine_tuning,0,0,23.1,23.84868,False,c1a,D,save/c1a_all
InterFusion,InterFusion-c1a,,,,all,all,age,fine_tuning,0,1,7.809524,8.541044,False,c1a,D,save/c1a_all
InterFusion,InterFusion-c1a,,,,all,all,age,fine_tuning,0,2,24.571428,14.836802,False,c1a,D,save/c1a_all
InterFusion,InterFusion-c1a,,,,all,all,age,fine_tuning,0,3,17.265957,17.809803,False,c1a,D,save/c1a_all
InterFusion,InterFusion-c1a,,,,all,all,age,fine_tuning,0,4,14.981818,14.640955,False,c1a,D,save/c1a_all
InterFusion,InterFusion-c1a,,,,all,all,age,linear_probe,1,0,22.484848,18.733631,False,c1a,D,save/c1a_all
InterFusion,InterFusion-c1a,,,,all,all,age,linear_probe,1,1,23.361702,17.483915,False,c1a,D,save/c1a_all
InterFusion,InterFusion-c1a,,,,all,all,age,linear_probe,1,2,8.131579,19.450603,False,c1a,D,save/c1a_all
InterFusion,InterFusion-c1a,,,,all,all,age,linear_probe,1,3,24.431654,19.000973,False,c1a,D,save/c1a_all
InterFusion,InterFusion-c1a,,,,all,all,age,linear_probe,1,4,10.466666,17.339663,False,c1a,D,save/c1a_all
InterFusion,InterFusion-c1a,,,,all,all,age,fine_tuning,1,0,22.484848,22.62064,False,c1a,D,save/c1a_all
InterFusion,InterFusion-c1a,,,,all,all,age,fine_tuning,1,1,23.361702,22.018578,False,c1a,D,save/c1a_all
InterFusion,InterFusion-c1a,,,,all,all,age,fine_tuning,1,2,8.131579,9.355599,False,c1a,D,save/c1a_all
InterFusion,InterFusion-c1a,,,,all,all,age,fine_tuning,1,3,24.431654,23.528074,False,c1a,D,save/c1a_all
InterFusion,InterFusion-c1a,,,,all,all,age,fine_tuning,1,4,10.466666,9.221392,False,c1a,D,save/c1a_all
InterFusion,InterFusion-c1a,,,,all,all,age,linear_probe,2,0,13.857142,18.748802,False,c1a,D,save/c1a_all
InterFusion,InterFusion-c1a,,,,all,all,age,linear_probe,2,1,16.74074,18.465801,False,c1a,D,save/c1a_all
InterFusion,InterFusion-c1a,,,,all,all,age,linear_probe,2,2,27.48,20.308847,False,c1a,D,save/c1a_all
InterFusion,InterFusion-c1a,,,,all,all,age,linear_probe,2,3,17.288889,19.366884,False,c1a,D,save/c1a_all
InterFusion,InterFusion-c1a,,,,all,all,age,linear_probe,2,4,36.0,16.304741,False,c1a,D,save/c1a_all
InterFusion,InterFusion-c1a,,,,all,all,age,fine_tuning,2,0,13.857142,12.980098,False,c1a,D,save/c1a_all
InterFusion,InterFusion-c1a,,,,all,all,age,fine_tuning,2,1,16.74074,14.131581,False,c1a,D,save/c1a_all
InterFusion,InterFusion-c1a,,,,all,all,age,fine_tuning,2,2,27.48,25.696218,False,c1a,D,save/c1a_all
InterFusion,InterFusion-c1a,,,,all,all,age,fine_tuning,2,3,17.288889,14.31668,False,c1a,D,save/c1a_all
InterFusion,InterFusion-c1a,,,,all,all,age,fine_tuning,2,4,36.0,34.368076,False,c1a,D,save/c1a_all
InterFusion,InterFusion-c1a,,,,all,all,age,linear_probe,3,0,20.033897,17.278767,False,c1a,D,save/c1a_all
InterFusion,InterFusion-c1a,,,,all,all,age,linear_probe,3,1,10.086957,20.724613,False,c1a,D,save/c1a_all
InterFusion,InterFusion-c1a,,,,all,all,age,linear_probe,3,2,12.6,17.260319,False,c1a,D,save/c1a_all
InterFusion,InterFusion-c1a,,,,all,all,age,linear_probe,3,3,13.517241,18.293001,False,c1a,D,save/c1a_all
InterFusion,InterFusion-c1a,,,,all,all,age,linear_probe,3,4,25.104347,17.065182,False,c1a,D,save/c1a_all
InterFusion,InterFusion-c1a,,,,all,all,age,fine_tuning,3,0,20.033897,19.193239,False,c1a,D,save/c1a_all
InterFusion,InterFusion-c1a,,,,all,all,age,fine_tuning,3,1,10.086957,7.983975,False,c1a,D,save/c1a_all
InterFusion,InterFusion-c1a,,,,all,all,age,fine_tuning,3,2,12.6,12.996334,False,c1a,D,save/c1a_all
InterFusion,InterFusion-c1a,,,,all,all,age,fine_tuning,3,3,13.517241,15.116218,False,c1a,D,save/c1a_all
InterFusion,InterFusion-c1a,,,,all,all,age,fine_tuning,3,4,25.104347,24.311008,False,c1a,D,save/c1a_all
InterFusion,InterFusion-c1a,,,,all,all,age,linear_probe,4,0,12.185185,18.557856,False,c1a,D,save/c1a_all
InterFusion,InterFusion-c1a,,,,all,all,age,linear_probe,4,1,10.902439,18.66317,False,c1a,D,save/c1a_all
InterFusion,InterFusion-c1a,,,,all,all,age,linear_probe,4,2,7.125,18.231453,False,c1a,D,save/c1a_all
InterFusion,InterFusion-c1a,,,,all,all,age,linear_probe,4,3,31.799999,21.11747,False,c1a,D,save/c1a_all
InterFusion,InterFusion-c1a,,,,all,all,age,linear_probe,4,4,10.609756,21.006369,False,c1a,D,save/c1a_all
InterFusion,InterFusion-c1a,,,,all,all,age,fine_tuning,4,0,12.185185,9.588914,False,c1a,D,save/c1a_all
InterFusion,InterFusion-c1a,,,,all,all,age,fine_tuning,4,1,10.902439,9.839296,False,c1a,D,save/c1a_all
InterFusion,InterFusion-c1a,,,,all,all,age,fine_tuning,4,2,7.125,9.043781,False,c1a,D,save/c1a_all
InterFusion,InterFusion-c1a,,,,all,all,age,fine_tuning,4,3,31.799999,31.009121,False,c1a,D,save/c1a_all
InterFusion,InterFusion-c1a,,,,all,all,age,fine_tuning,4,4,10.609756,14.119692,False,c1a,D,save/c1a_all
InterFusion,InterFusion-c1a,,,,all,all,age,linear_probe,5,0,21.299999,17.560946,False,c1a,D,save/c1a_all
InterFusion,InterFusion-c1a,,,,all,all,age,linear_probe,5,1,16.439024,17.873457,False,c1a,D,save/c1a_all
InterFusion,InterFusion-c1a,,,,all,all,age,linear_probe,5,2,14.341772,19.804897,False,c1a,D,save/c1a_all
InterFusion,InterFusion-c1a,,,,all,all,age,linear_probe,5,3,22.196079,19.94722,False,c1a,D,save/c1a_all
InterFusion,InterFusion-c1a,,,,all,all,age,fine_tuning,5,0,21.299999,21.970137,False,c1a,D,save/c1a_all
InterFusion,InterFusion-c1a,,,,all,all,age,fine_tuning,5,1,16.439024,17.852518,False,c1a,D,save/c1a_all
InterFusion,InterFusion-c1a,,,,all,all,age,fine_tuning,5,2,14.341772,17.646111,False,c1a,D,save/c1a_all
InterFusion,InterFusion-c1a,,,,all,all,age,fine_tuning,5,3,22.196079,26.003023,False,c1a,D,save/c1a_all
InterFusion,InterFusion-c1a,,,,all,all,age,linear_probe,6,0,23.77,17.089184,False,c1a,D,save/c1a_all
InterFusion,InterFusion-c1a,,,,all,all,age,linear_probe,6,1,10.272727,17.200075,False,c1a,D,save/c1a_all
InterFusion,InterFusion-c1a,,,,all,all,age,linear_probe,6,2,22.170732,18.871803,False,c1a,D,save/c1a_all
InterFusion,InterFusion-c1a,,,,all,all,age,linear_probe,6,3,11.014925,17.967869,False,c1a,D,save/c1a_all
InterFusion,InterFusion-c1a,,,,all,all,age,fine_tuning,6,0,23.77,24.606373,False,c1a,D,save/c1a_all
InterFusion,InterFusion-c1a,,,,all,all,age,fine_tuning,6,1,10.272727,11.980749,False,c1a,D,save/c1a_all
InterFusion,InterFusion-c1a,,,,all,all,age,fine_tuning,6,2,22.170732,22.629827,False,c1a,D,save/c1a_all
InterFusion,InterFusion-c1a,,,,all,all,age,fine_tuning,6,3,11.014925,11.163218,False,c1a,D,save/c1a_all
InterFusion,InterFusion-c1a,,,,all,all,age,linear_probe,7,0,22.506172,19.285574,False,c1a,D,save/c1a_all
InterFusion,InterFusion-c1a,,,,all,all,age,linear_probe,7,1,18.200001,17.309765,False,c1a,D,save/c1a_all
InterFusion,InterFusion-c1a,,,,all,all,age,linear_probe,7,2,17.319635,16.891367,False,c1a,D,save/c1a_all
InterFusion,InterFusion-c1a,,,,all,all,age,linear_probe,7,3,20.962963,17.049665,False,c1a,D,save/c1a_all
InterFusion,InterFusion-c1a,,,,all,all,age,fine_tuning,7,0,22.506172,24.541302,False,c1a,D,save/c1a_all
InterFusion,InterFusion-c1a,,,,all,all,age,fine_tuning,7,1,18.200001,16.973244,False,c1a,D,save/c1a_all
InterFusion,InterFusion-c1a,,,,all,all,age,fine_tuning,7,2,17.319635,18.533098,False,c1a,D,save/c1a_all
InterFusion,InterFusion-c1a,,,,all,all,age,fine_tuning,7,3,20.962963,17.426943,False,c1a,D,save/c1a_all
InterFusion,InterFusion-c1a,,,,all,all,age,linear_probe,8,0,25.25,18.472685,False,c1a,D,save/c1a_all
InterFusion,InterFusion-c1a,,,,all,all,age,linear_probe,8,1,19.92,19.541096,False,c1a,D,save/c1a_all
InterFusion,InterFusion-c1a,,,,all,all,age,linear_probe,8,2,22.776316,18.768162,False,c1a,D,save/c1a_all
InterFusion,InterFusion-c1a,,,,all,all,age,linear_probe,8,3,13.230769,20.762384,False,c1a,D,save/c1a_all
InterFusion,InterFusion-c1a,,,,all,all,age,fine_tuning,8,0,25.25,18.234734,False,c1a,D,save/c1a_all
InterFusion,InterFusion-c1a,,,,all,all,age,fine_tuning,8,1,19.92,18.645985,False,c1a,D,save/c1a_all
InterFusion,InterFusion-c1a,,,,all,all,age,fine_tuning,8,2,22.776316,24.77009,False,c1a,D,save/c1a_all
InterFusion,InterFusion-c1a,,,,all,all,age,fine_tuning,8,3,13.230769,15.493729,False,c1a,D,save/c1a_all
InterFusion,InterFusion-c1a,,,,all,all,age,linear_probe,9,0,20.706896,18.801531,False,c1a,D,save/c1a_all
InterFusion,InterFusion-c1a,,,,all,all,age,linear_probe,9,1,15.652174,19.132002,False,c1a,D,save/c1a_all
InterFusion,InterFusion-c1a,,,,all,all,age,linear_probe,9,2,15.217391,17.276556,False,c1a,D,save/c1a_all
InterFusion,InterFusion-c1a,,,,all,all,age,linear_probe,9,3,9.236363,19.243042,False,c1a,D,save/c1a_all
InterFusion,InterFusion-c1a,,,,all,all,age,fine_tuning,9,0,20.706896,18.853996,False,c1a,D,save/c1a_all
InterFusion,InterFusion-c1a,,,,all,all,age,fine_tuning,9,1,15.652174,13.465634,False,c1a,D,save/c1a_all
InterFusion,InterFusion-c1a,,,,all,all,age,fine_tuning,9,2,15.217391,14.653192,False,c1a,D,save/c1a_all
InterFusion,InterFusion-c1a,,,,all,all,age,fine_tuning,9,3,9.236363,10.36525,False,c1a,D,save/c1a_all
SimCLR,SimCLR,augment,,,all,all,age,linear_probe,6,0,23.77,20.061571,True,zones,D,save/zones/all
SimCLR,SimCLR,augment,,,all,all,age,linear_probe,6,1,10.272727,19.3906,True,zones,D,save/zones/all
SimCLR,SimCLR,augment,,,all,all,age,linear_probe,6,2,22.170732,19.360186,True,zones,D,save/zones/all
SimCLR,SimCLR,augment,,,all,all,age,linear_probe,6,3,11.014925,17.634848,True,zones,D,save/zones/all
SimCLR,SimCLR-nbr-cosine,nbr,cosine,,all,all,age,linear_probe,6,0,23.77,22.701296,True,zones,D,save/zones/all
SimCLR,SimCLR-nbr-cosine,nbr,cosine,,all,all,age,linear_probe,6,1,10.272727,13.020204,True,zones,D,save/zones/all
SimCLR,SimCLR-nbr-cosine,nbr,cosine,,all,all,age,linear_probe,6,2,22.170732,21.830572,True,zones,D,save/zones/all
SimCLR,SimCLR-nbr-cosine,nbr,cosine,,all,all,age,linear_probe,6,3,11.014925,13.707623,True,zones,D,save/zones/all
SimCLR,SimCLR-nbr-wasser,nbr,wasserstein,,all,all,age,linear_probe,6,0,23.77,22.681429,True,zones,D,save/zones/all
SimCLR,SimCLR-nbr-wasser,nbr,wasserstein,,all,all,age,linear_probe,6,1,10.272727,11.910721,True,zones,D,save/zones/all
SimCLR,SimCLR-nbr-wasser,nbr,wasserstein,,all,all,age,linear_probe,6,2,22.170732,19.573465,True,zones,D,save/zones/all
SimCLR,SimCLR-nbr-wasser,nbr,wasserstein,,all,all,age,linear_probe,6,3,11.014925,11.790253,True,zones,D,save/zones/all
SimCLR,SimCLR-nbr-riemann,nbr,riemann,,all,all,age,linear_probe,6,0,23.77,21.79563,True,zones,D,save/zones/all
SimCLR,SimCLR-nbr-riemann,nbr,riemann,,all,all,age,linear_probe,6,1,10.272727,11.179027,True,zones,D,save/zones/all
SimCLR,SimCLR-nbr-riemann,nbr,riemann,,all,all,age,linear_probe,6,2,22.170732,19.563398,True,zones,D,save/zones/all
SimCLR,SimCLR-nbr-riemann,nbr,riemann,,all,all,age,linear_probe,6,3,11.014925,12.191255,True,zones,D,save/zones/all
SimCLR,SimCLR-xsubj-cosine,xsubj,cosine,,all,all,age,linear_probe,6,0,23.77,22.319485,True,zones,D,save/zones/all
SimCLR,SimCLR-xsubj-cosine,xsubj,cosine,,all,all,age,linear_probe,6,1,10.272727,11.923609,True,zones,D,save/zones/all
SimCLR,SimCLR-xsubj-cosine,xsubj,cosine,,all,all,age,linear_probe,6,2,22.170732,20.069569,True,zones,D,save/zones/all
SimCLR,SimCLR-xsubj-cosine,xsubj,cosine,,all,all,age,linear_probe,6,3,11.014925,13.419595,True,zones,D,save/zones/all
SimCLR,SimCLR-xsubj-wasser,xsubj,wasserstein,,all,all,age,linear_probe,6,0,23.77,21.328028,True,zones,D,save/zones/all
SimCLR,SimCLR-xsubj-wasser,xsubj,wasserstein,,all,all,age,linear_probe,6,1,10.272727,12.413114,True,zones,D,save/zones/all
SimCLR,SimCLR-xsubj-wasser,xsubj,wasserstein,,all,all,age,linear_probe,6,2,22.170732,19.744217,True,zones,D,save/zones/all
SimCLR,SimCLR-xsubj-wasser,xsubj,wasserstein,,all,all,age,linear_probe,6,3,11.014925,11.182838,True,zones,D,save/zones/all
SimCLR,SimCLR-xsubj-riemann,xsubj,riemann,,all,all,age,linear_probe,6,0,23.77,22.232378,True,zones,D,save/zones/all
SimCLR,SimCLR-xsubj-riemann,xsubj,riemann,,all,all,age,linear_probe,6,1,10.272727,10.761764,True,zones,D,save/zones/all
SimCLR,SimCLR-xsubj-riemann,xsubj,riemann,,all,all,age,linear_probe,6,2,22.170732,19.479242,True,zones,D,save/zones/all
SimCLR,SimCLR-xsubj-riemann,xsubj,riemann,,all,all,age,linear_probe,6,3,11.014925,14.198535,True,zones,D,save/zones/all
SimCLR,SimCLR-diffage-cosine,diffage,cosine,,all,all,age,linear_probe,6,0,23.77,21.806721,True,zones,D,save/zones/all
SimCLR,SimCLR-diffage-cosine,diffage,cosine,,all,all,age,linear_probe,6,1,10.272727,16.258486,True,zones,D,save/zones/all
SimCLR,SimCLR-diffage-cosine,diffage,cosine,,all,all,age,linear_probe,6,2,22.170732,21.162479,True,zones,D,save/zones/all
SimCLR,SimCLR-diffage-cosine,diffage,cosine,,all,all,age,linear_probe,6,3,11.014925,15.561549,True,zones,D,save/zones/all
SimCLR,SimCLR-diffage-wasser,diffage,wasserstein,,all,all,age,linear_probe,6,0,23.77,23.144363,True,zones,D,save/zones/all
SimCLR,SimCLR-diffage-wasser,diffage,wasserstein,,all,all,age,linear_probe,6,1,10.272727,13.517254,True,zones,D,save/zones/all
SimCLR,SimCLR-diffage-wasser,diffage,wasserstein,,all,all,age,linear_probe,6,2,22.170732,22.357927,True,zones,D,save/zones/all
SimCLR,SimCLR-diffage-wasser,diffage,wasserstein,,all,all,age,linear_probe,6,3,11.014925,14.629336,True,zones,D,save/zones/all
SimCLR,SimCLR-diffage-riemann,diffage,riemann,,all,all,age,linear_probe,6,0,23.77,24.602785,True,zones,D,save/zones/all
SimCLR,SimCLR-diffage-riemann,diffage,riemann,,all,all,age,linear_probe,6,1,10.272727,13.298141,True,zones,D,save/zones/all
SimCLR,SimCLR-diffage-riemann,diffage,riemann,,all,all,age,linear_probe,6,2,22.170732,23.335157,True,zones,D,save/zones/all
SimCLR,SimCLR-diffage-riemann,diffage,riemann,,all,all,age,linear_probe,6,3,11.014925,14.027154,True,zones,D,save/zones/all
VAE,VAE,,,,all,all,age,linear_probe,6,0,23.77,18.787376,True,zones,D,save/zones/all
VAE,VAE,,,,all,all,age,linear_probe,6,1,10.272727,19.064165,True,zones,D,save/zones/all
VAE,VAE,,,,all,all,age,linear_probe,6,2,22.170732,18.963051,True,zones,D,save/zones/all
VAE,VAE,,,,all,all,age,linear_probe,6,3,11.014925,18.857437,True,zones,D,save/zones/all
SimCLR,SimCLR,augment,,,all,all,age,fine_tuning,6,0,23.77,23.867197,True,zones,D,save/zones/all
SimCLR,SimCLR,augment,,,all,all,age,fine_tuning,6,1,10.272727,12.510584,True,zones,D,save/zones/all
SimCLR,SimCLR,augment,,,all,all,age,fine_tuning,6,2,22.170732,22.358358,True,zones,D,save/zones/all
SimCLR,SimCLR,augment,,,all,all,age,fine_tuning,6,3,11.014925,11.412382,True,zones,D,save/zones/all
SimCLR,SimCLR-nbr-cosine,nbr,cosine,,all,all,age,fine_tuning,6,0,23.77,22.823668,True,zones,D,save/zones/all
SimCLR,SimCLR-nbr-cosine,nbr,cosine,,all,all,age,fine_tuning,6,1,10.272727,10.60771,True,zones,D,save/zones/all
SimCLR,SimCLR-nbr-cosine,nbr,cosine,,all,all,age,fine_tuning,6,2,22.170732,21.322248,True,zones,D,save/zones/all
SimCLR,SimCLR-nbr-cosine,nbr,cosine,,all,all,age,fine_tuning,6,3,11.014925,10.302988,True,zones,D,save/zones/all
SimCLR,SimCLR-nbr-wasser,nbr,wasserstein,,all,all,age,fine_tuning,6,0,23.77,22.526316,True,zones,D,save/zones/all
SimCLR,SimCLR-nbr-wasser,nbr,wasserstein,,all,all,age,fine_tuning,6,1,10.272727,10.403121,True,zones,D,save/zones/all
SimCLR,SimCLR-nbr-wasser,nbr,wasserstein,,all,all,age,fine_tuning,6,2,22.170732,21.306608,True,zones,D,save/zones/all
SimCLR,SimCLR-nbr-wasser,nbr,wasserstein,,all,all,age,fine_tuning,6,3,11.014925,11.81667,True,zones,D,save/zones/all
SimCLR,SimCLR-nbr-riemann,nbr,riemann,,all,all,age,fine_tuning,6,0,23.77,24.320776,True,zones,D,save/zones/all
SimCLR,SimCLR-nbr-riemann,nbr,riemann,,all,all,age,fine_tuning,6,1,10.272727,9.274923,True,zones,D,save/zones/all
SimCLR,SimCLR-nbr-riemann,nbr,riemann,,all,all,age,fine_tuning,6,2,22.170732,21.182428,True,zones,D,save/zones/all
SimCLR,SimCLR-nbr-riemann,nbr,riemann,,all,all,age,fine_tuning,6,3,11.014925,10.506195,True,zones,D,save/zones/all
SimCLR,SimCLR-xsubj-cosine,xsubj,cosine,,all,all,age,fine_tuning,6,0,23.77,18.93104,True,zones,D,save/zones/all
SimCLR,SimCLR-xsubj-cosine,xsubj,cosine,,all,all,age,fine_tuning,6,1,10.272727,10.226032,True,zones,D,save/zones/all
SimCLR,SimCLR-xsubj-cosine,xsubj,cosine,,all,all,age,fine_tuning,6,2,22.170732,18.86253,True,zones,D,save/zones/all
SimCLR,SimCLR-xsubj-cosine,xsubj,cosine,,all,all,age,fine_tuning,6,3,11.014925,10.342422,True,zones,D,save/zones/all
SimCLR,SimCLR-xsubj-wasser,xsubj,wasserstein,,all,all,age,fine_tuning,6,0,23.77,23.168072,True,zones,D,save/zones/all
SimCLR,SimCLR-xsubj-wasser,xsubj,wasserstein,,all,all,age,fine_tuning,6,1,10.272727,10.8321,True,zones,D,save/zones/all
SimCLR,SimCLR-xsubj-wasser,xsubj,wasserstein,,all,all,age,fine_tuning,6,2,22.170732,21.341093,True,zones,D,save/zones/all
SimCLR,SimCLR-xsubj-wasser,xsubj,wasserstein,,all,all,age,fine_tuning,6,3,11.014925,10.725801,True,zones,D,save/zones/all
SimCLR,SimCLR-xsubj-riemann,xsubj,riemann,,all,all,age,fine_tuning,6,0,23.77,23.30077,True,zones,D,save/zones/all
SimCLR,SimCLR-xsubj-riemann,xsubj,riemann,,all,all,age,fine_tuning,6,1,10.272727,9.659368,True,zones,D,save/zones/all
SimCLR,SimCLR-xsubj-riemann,xsubj,riemann,,all,all,age,fine_tuning,6,2,22.170732,20.974646,True,zones,D,save/zones/all
SimCLR,SimCLR-xsubj-riemann,xsubj,riemann,,all,all,age,fine_tuning,6,3,11.014925,10.947315,True,zones,D,save/zones/all
SimCLR,SimCLR-diffage-cosine,diffage,cosine,,all,all,age,fine_tuning,6,0,23.77,23.201405,True,zones,D,save/zones/all
SimCLR,SimCLR-diffage-cosine,diffage,cosine,,all,all,age,fine_tuning,6,1,10.272727,9.473733,True,zones,D,save/zones/all
SimCLR,SimCLR-diffage-cosine,diffage,cosine,,all,all,age,fine_tuning,6,2,22.170732,21.502634,True,zones,D,save/zones/all
SimCLR,SimCLR-diffage-cosine,diffage,cosine,,all,all,age,fine_tuning,6,3,11.014925,9.742453,True,zones,D,save/zones/all
SimCLR,SimCLR-diffage-wasser,diffage,wasserstein,,all,all,age,fine_tuning,6,0,23.77,23.385305,True,zones,D,save/zones/all
SimCLR,SimCLR-diffage-wasser,diffage,wasserstein,,all,all,age,fine_tuning,6,1,10.272727,9.507771,True,zones,D,save/zones/all
SimCLR,SimCLR-diffage-wasser,diffage,wasserstein,,all,all,age,fine_tuning,6,2,22.170732,21.594736,True,zones,D,save/zones/all
SimCLR,SimCLR-diffage-wasser,diffage,wasserstein,,all,all,age,fine_tuning,6,3,11.014925,10.554355,True,zones,D,save/zones/all
SimCLR,SimCLR-diffage-riemann,diffage,riemann,,all,all,age,fine_tuning,6,0,23.77,23.020943,True,zones,D,save/zones/all
SimCLR,SimCLR-diffage-riemann,diffage,riemann,,all,all,age,fine_tuning,6,1,10.272727,9.895722,True,zones,D,save/zones/all
SimCLR,SimCLR-diffage-riemann,diffage,riemann,,all,all,age,fine_tuning,6,2,22.170732,22.485384,True,zones,D,save/zones/all
SimCLR,SimCLR-diffage-riemann,diffage,riemann,,all,all,age,fine_tuning,6,3,11.014925,11.35381,True,zones,D,save/zones/all
VAE,VAE,,,,all,all,age,fine_tuning,6,0,23.77,23.077513,True,zones,D,save/zones/all
VAE,VAE,,,,all,all,age,fine_tuning,6,1,10.272727,9.20464,True,zones,D,save/zones/all
VAE,VAE,,,,all,all,age,fine_tuning,6,2,22.170732,20.881334,True,zones,D,save/zones/all
VAE,VAE,,,,all,all,age,fine_tuning,6,3,11.014925,11.274843,True,zones,D,save/zones/all
SimCLR,SimCLR,augment,,,all,all,age,linear_probe,7,0,22.506172,18.881853,True,zones,D,save/zones/all
SimCLR,SimCLR,augment,,,all,all,age,linear_probe,7,1,18.200001,15.000719,True,zones,D,save/zones/all
SimCLR,SimCLR,augment,,,all,all,age,linear_probe,7,2,17.319635,18.624559,True,zones,D,save/zones/all
SimCLR,SimCLR,augment,,,all,all,age,linear_probe,7,3,20.962963,18.344753,True,zones,D,save/zones/all
SimCLR,SimCLR-nbr-cosine,nbr,cosine,,all,all,age,linear_probe,7,0,22.506172,20.299271,True,zones,D,save/zones/all
SimCLR,SimCLR-nbr-cosine,nbr,cosine,,all,all,age,linear_probe,7,1,18.200001,17.493938,True,zones,D,save/zones/all
SimCLR,SimCLR-nbr-cosine,nbr,cosine,,all,all,age,linear_probe,7,2,17.319635,18.956039,True,zones,D,save/zones/all
SimCLR,SimCLR-nbr-cosine,nbr,cosine,,all,all,age,linear_probe,7,3,20.962963,17.559719,True,zones,D,save/zones/all
SimCLR,SimCLR-nbr-wasser,nbr,wasserstein,,all,all,age,linear_probe,7,0,22.506172,18.388744,True,zones,D,save/zones/all
SimCLR,SimCLR-nbr-wasser,nbr,wasserstein,,all,all,age,linear_probe,7,1,18.200001,16.237089,True,zones,D,save/zones/all
SimCLR,SimCLR-nbr-wasser,nbr,wasserstein,,all,all,age,linear_probe,7,2,17.319635,18.628527,True,zones,D,save/zones/all
SimCLR,SimCLR-nbr-wasser,nbr,wasserstein,,all,all,age,linear_probe,7,3,20.962963,15.723209,True,zones,D,save/zones/all
SimCLR,SimCLR-nbr-riemann,nbr,riemann,,all,all,age,linear_probe,7,0,22.506172,18.081522,True,zones,D,save/zones/all
SimCLR,SimCLR-nbr-riemann,nbr,riemann,,all,all,age,linear_probe,7,1,18.200001,15.80781,True,zones,D,save/zones/all
SimCLR,SimCLR-nbr-riemann,nbr,riemann,,all,all,age,linear_probe,7,2,17.319635,17.950649,True,zones,D,save/zones/all
SimCLR,SimCLR-nbr-riemann,nbr,riemann,,all,all,age,linear_probe,7,3,20.962963,17.366882,True,zones,D,save/zones/all
SimCLR,SimCLR-xsubj-cosine,xsubj,cosine,,all,all,age,linear_probe,7,0,22.506172,18.787636,True,zones,D,save/zones/all
SimCLR,SimCLR-xsubj-cosine,xsubj,cosine,,all,all,age,linear_probe,7,1,18.200001,13.561115,True,zones,D,save/zones/all
SimCLR,SimCLR-xsubj-cosine,xsubj,cosine,,all,all,age,linear_probe,7,2,17.319635,17.202068,True,zones,D,save/zones/all
SimCLR,SimCLR-xsubj-cosine,xsubj,cosine,,all,all,age,linear_probe,7,3,20.962963,18.715797,True,zones,D,save/zones/all
SimCLR,SimCLR-xsubj-wasser,xsubj,wasserstein,,all,all,age,linear_probe,7,0,22.506172,21.403828,True,zones,D,save/zones/all
SimCLR,SimCLR-xsubj-wasser,xsubj,wasserstein,,all,all,age,linear_probe,7,1,18.200001,14.690687,True,zones,D,save/zones/all
SimCLR,SimCLR-xsubj-wasser,xsubj,wasserstein,,all,all,age,linear_probe,7,2,17.319635,17.837639,True,zones,D,save/zones/all
SimCLR,SimCLR-xsubj-wasser,xsubj,wasserstein,,all,all,age,linear_probe,7,3,20.962963,18.050596,True,zones,D,save/zones/all
SimCLR,SimCLR-xsubj-riemann,xsubj,riemann,,all,all,age,linear_probe,7,0,22.506172,20.855564,True,zones,D,save/zones/all
SimCLR,SimCLR-xsubj-riemann,xsubj,riemann,,all,all,age,linear_probe,7,1,18.200001,15.324942,True,zones,D,save/zones/all
SimCLR,SimCLR-xsubj-riemann,xsubj,riemann,,all,all,age,linear_probe,7,2,17.319635,17.227152,True,zones,D,save/zones/all
SimCLR,SimCLR-xsubj-riemann,xsubj,riemann,,all,all,age,linear_probe,7,3,20.962963,17.44924,True,zones,D,save/zones/all
SimCLR,SimCLR-diffage-cosine,diffage,cosine,,all,all,age,linear_probe,7,0,22.506172,17.926189,True,zones,D,save/zones/all
SimCLR,SimCLR-diffage-cosine,diffage,cosine,,all,all,age,linear_probe,7,1,18.200001,17.683889,True,zones,D,save/zones/all
SimCLR,SimCLR-diffage-cosine,diffage,cosine,,all,all,age,linear_probe,7,2,17.319635,18.165022,True,zones,D,save/zones/all
SimCLR,SimCLR-diffage-cosine,diffage,cosine,,all,all,age,linear_probe,7,3,20.962963,18.967297,True,zones,D,save/zones/all
SimCLR,SimCLR-diffage-wasser,diffage,wasserstein,,all,all,age,linear_probe,7,0,22.506172,17.453056,True,zones,D,save/zones/all
SimCLR,SimCLR-diffage-wasser,diffage,wasserstein,,all,all,age,linear_probe,7,1,18.200001,18.416878,True,zones,D,save/zones/all
SimCLR,SimCLR-diffage-wasser,diffage,wasserstein,,all,all,age,linear_probe,7,2,17.319635,17.950632,True,zones,D,save/zones/all
SimCLR,SimCLR-diffage-wasser,diffage,wasserstein,,all,all,age,linear_probe,7,3,20.962963,17.041702,True,zones,D,save/zones/all
SimCLR,SimCLR-diffage-riemann,diffage,riemann,,all,all,age,linear_probe,7,0,22.506172,21.410791,True,zones,D,save/zones/all
SimCLR,SimCLR-diffage-riemann,diffage,riemann,,all,all,age,linear_probe,7,1,18.200001,18.387392,True,zones,D,save/zones/all
SimCLR,SimCLR-diffage-riemann,diffage,riemann,,all,all,age,linear_probe,7,2,17.319635,18.153856,True,zones,D,save/zones/all
SimCLR,SimCLR-diffage-riemann,diffage,riemann,,all,all,age,linear_probe,7,3,20.962963,18.88098,True,zones,D,save/zones/all
VAE,VAE,,,,all,all,age,linear_probe,7,0,22.506172,18.717964,True,zones,D,save/zones/all
VAE,VAE,,,,all,all,age,linear_probe,7,1,18.200001,18.98481,True,zones,D,save/zones/all
VAE,VAE,,,,all,all,age,linear_probe,7,2,17.319635,18.666433,True,zones,D,save/zones/all
VAE,VAE,,,,all,all,age,linear_probe,7,3,20.962963,18.745716,True,zones,D,save/zones/all
SimCLR,SimCLR,augment,,,all,all,age,fine_tuning,7,0,22.506172,21.031326,True,zones,D,save/zones/all
SimCLR,SimCLR,augment,,,all,all,age,fine_tuning,7,1,18.200001,16.08894,True,zones,D,save/zones/all
SimCLR,SimCLR,augment,,,all,all,age,fine_tuning,7,2,17.319635,18.502146,True,zones,D,save/zones/all
SimCLR,SimCLR,augment,,,all,all,age,fine_tuning,7,3,20.962963,18.275537,True,zones,D,save/zones/all
SimCLR,SimCLR-nbr-cosine,nbr,cosine,,all,all,age,fine_tuning,7,0,22.506172,18.739637,True,zones,D,save/zones/all
SimCLR,SimCLR-nbr-cosine,nbr,cosine,,all,all,age,fine_tuning,7,1,18.200001,13.571892,True,zones,D,save/zones/all
SimCLR,SimCLR-nbr-cosine,nbr,cosine,,all,all,age,fine_tuning,7,2,17.319635,15.890852,True,zones,D,save/zones/all
SimCLR,SimCLR-nbr-cosine,nbr,cosine,,all,all,age,fine_tuning,7,3,20.962963,17.323639,True,zones,D,save/zones/all
SimCLR,SimCLR-nbr-wasser,nbr,wasserstein,,all,all,age,fine_tuning,7,0,22.506172,20.337553,True,zones,D,save/zones/all
SimCLR,SimCLR-nbr-wasser,nbr,wasserstein,,all,all,age,fine_tuning,7,1,18.200001,15.722359,True,zones,D,save/zones/all
SimCLR,SimCLR-nbr-wasser,nbr,wasserstein,,all,all,age,fine_tuning,7,2,17.319635,16.295902,True,zones,D,save/zones/all
SimCLR,SimCLR-nbr-wasser,nbr,wasserstein,,all,all,age,fine_tuning,7,3,20.962963,17.694883,True,zones,D,save/zones/all
SimCLR,SimCLR-nbr-riemann,nbr,riemann,,all,all,age,fine_tuning,7,0,22.506172,19.492706,True,zones,D,save/zones/all
SimCLR,SimCLR-nbr-riemann,nbr,riemann,,all,all,age,fine_tuning,7,1,18.200001,13.691406,True,zones,D,save/zones/all
SimCLR,SimCLR-nbr-riemann,nbr,riemann,,all,all,age,fine_tuning,7,2,17.319635,17.342855,True,zones,D,save/zones/all
SimCLR,SimCLR-nbr-riemann,nbr,riemann,,all,all,age,fine_tuning,7,3,20.962963,17.894176,True,zones,D,save/zones/all
SimCLR,SimCLR-xsubj-cosine,xsubj,cosine,,all,all,age,fine_tuning,7,0,22.506172,18.847155,True,zones,D,save/zones/all
SimCLR,SimCLR-xsubj-cosine,xsubj,cosine,,all,all,age,fine_tuning,7,1,18.200001,16.413288,True,zones,D,save/zones/all
SimCLR,SimCLR-xsubj-cosine,xsubj,cosine,,all,all,age,fine_tuning,7,2,17.319635,17.135273,True,zones,D,save/zones/all
SimCLR,SimCLR-xsubj-cosine,xsubj,cosine,,all,all,age,fine_tuning,7,3,20.962963,18.195353,True,zones,D,save/zones/all
SimCLR,SimCLR-xsubj-wasser,xsubj,wasserstein,,all,all,age,fine_tuning,7,0,22.506172,19.437115,True,zones,D,save/zones/all
SimCLR,SimCLR-xsubj-wasser,xsubj,wasserstein,,all,all,age,fine_tuning,7,1,18.200001,14.218337,True,zones,D,save/zones/all
SimCLR,SimCLR-xsubj-wasser,xsubj,wasserstein,,all,all,age,fine_tuning,7,2,17.319635,17.145433,True,zones,D,save/zones/all
SimCLR,SimCLR-xsubj-wasser,xsubj,wasserstein,,all,all,age,fine_tuning,7,3,20.962963,18.146194,True,zones,D,save/zones/all
SimCLR,SimCLR-xsubj-riemann,xsubj,riemann,,all,all,age,fine_tuning,7,0,22.506172,21.361773,True,zones,D,save/zones/all
SimCLR,SimCLR-xsubj-riemann,xsubj,riemann,,all,all,age,fine_tuning,7,1,18.200001,14.016294,True,zones,D,save/zones/all
SimCLR,SimCLR-xsubj-riemann,xsubj,riemann,,all,all,age,fine_tuning,7,2,17.319635,17.582399,True,zones,D,save/zones/all
SimCLR,SimCLR-xsubj-riemann,xsubj,riemann,,all,all,age,fine_tuning,7,3,20.962963,18.004105,True,zones,D,save/zones/all
SimCLR,SimCLR-diffage-cosine,diffage,cosine,,all,all,age,fine_tuning,7,0,22.506172,23.416649,True,zones,D,save/zones/all
SimCLR,SimCLR-diffage-cosine,diffage,cosine,,all,all,age,fine_tuning,7,1,18.200001,13.946948,True,zones,D,save/zones/all
SimCLR,SimCLR-diffage-cosine,diffage,cosine,,all,all,age,fine_tuning,7,2,17.319635,16.581558,True,zones,D,save/zones/all
SimCLR,SimCLR-diffage-cosine,diffage,cosine,,all,all,age,fine_tuning,7,3,20.962963,17.789968,True,zones,D,save/zones/all
SimCLR,SimCLR-diffage-wasser,diffage,wasserstein,,all,all,age,fine_tuning,7,0,22.506172,20.056787,True,zones,D,save/zones/all
SimCLR,SimCLR-diffage-wasser,diffage,wasserstein,,all,all,age,fine_tuning,7,1,18.200001,14.586013,True,zones,D,save/zones/all
SimCLR,SimCLR-diffage-wasser,diffage,wasserstein,,all,all,age,fine_tuning,7,2,17.319635,16.822596,True,zones,D,save/zones/all
SimCLR,SimCLR-diffage-wasser,diffage,wasserstein,,all,all,age,fine_tuning,7,3,20.962963,17.797783,True,zones,D,save/zones/all
SimCLR,SimCLR-diffage-riemann,diffage,riemann,,all,all,age,fine_tuning,7,0,22.506172,21.774702,True,zones,D,save/zones/all
SimCLR,SimCLR-diffage-riemann,diffage,riemann,,all,all,age,fine_tuning,7,1,18.200001,17.488968,True,zones,D,save/zones/all
SimCLR,SimCLR-diffage-riemann,diffage,riemann,,all,all,age,fine_tuning,7,2,17.319635,17.541052,True,zones,D,save/zones/all
SimCLR,SimCLR-diffage-riemann,diffage,riemann,,all,all,age,fine_tuning,7,3,20.962963,17.545866,True,zones,D,save/zones/all
VAE,VAE,,,,all,all,age,fine_tuning,7,0,22.506172,19.583944,True,zones,D,save/zones/all
VAE,VAE,,,,all,all,age,fine_tuning,7,1,18.200001,14.909329,True,zones,D,save/zones/all
VAE,VAE,,,,all,all,age,fine_tuning,7,2,17.319635,17.663229,True,zones,D,save/zones/all
VAE,VAE,,,,all,all,age,fine_tuning,7,3,20.962963,19.078918,True,zones,D,save/zones/all
SimCLR,SimCLR,augment,,,all,all,age,linear_probe,9,0,20.706896,18.594151,True,zones,D,save/zones/all
SimCLR,SimCLR,augment,,,all,all,age,linear_probe,9,1,15.652174,17.928217,True,zones,D,save/zones/all
SimCLR,SimCLR,augment,,,all,all,age,linear_probe,9,2,15.217391,19.703987,True,zones,D,save/zones/all
SimCLR,SimCLR,augment,,,all,all,age,linear_probe,9,3,9.236363,18.189625,True,zones,D,save/zones/all
SimCLR,SimCLR-nbr-cosine,nbr,cosine,,all,all,age,linear_probe,9,0,20.706896,19.529682,True,zones,D,save/zones/all
SimCLR,SimCLR-nbr-cosine,nbr,cosine,,all,all,age,linear_probe,9,1,15.652174,16.238712,True,zones,D,save/zones/all
SimCLR,SimCLR-nbr-cosine,nbr,cosine,,all,all,age,linear_probe,9,2,15.217391,17.271715,True,zones,D,save/zones/all
SimCLR,SimCLR-nbr-cosine,nbr,cosine,,all,all,age,linear_probe,9,3,9.236363,10.890922,True,zones,D,save/zones/all
SimCLR,SimCLR-nbr-wasser,nbr,wasserstein,,all,all,age,linear_probe,9,0,20.706896,18.681295,True,zones,D,save/zones/all
SimCLR,SimCLR-nbr-wasser,nbr,wasserstein,,all,all,age,linear_probe,9,1,15.652174,14.461349,True,zones,D,save/zones/all
SimCLR,SimCLR-nbr-wasser,nbr,wasserstein,,all,all,age,linear_probe,9,2,15.217391,15.423154,True,zones,D,save/zones/all
SimCLR,SimCLR-nbr-wasser,nbr,wasserstein,,all,all,age,linear_probe,9,3,9.236363,10.3943,True,zones,D,save/zones/all
SimCLR,SimCLR-nbr-riemann,nbr,riemann,,all,all,age,linear_probe,9,0,20.706896,19.339083,True,zones,D,save/zones/all
SimCLR,SimCLR-nbr-riemann,nbr,riemann,,all,all,age,linear_probe,9,1,15.652174,15.951347,True,zones,D,save/zones/all
SimCLR,SimCLR-nbr-riemann,nbr,riemann,,all,all,age,linear_probe,9,2,15.217391,17.102392,True,zones,D,save/zones/all
SimCLR,SimCLR-nbr-riemann,nbr,riemann,,all,all,age,linear_probe,9,3,9.236363,11.112255,True,zones,D,save/zones/all
SimCLR,SimCLR-xsubj-cosine,xsubj,cosine,,all,all,age,linear_probe,9,0,20.706896,20.081623,True,zones,D,save/zones/all
SimCLR,SimCLR-xsubj-cosine,xsubj,cosine,,all,all,age,linear_probe,9,1,15.652174,12.73805,True,zones,D,save/zones/all
SimCLR,SimCLR-xsubj-cosine,xsubj,cosine,,all,all,age,linear_probe,9,2,15.217391,15.212525,True,zones,D,save/zones/all
SimCLR,SimCLR-xsubj-cosine,xsubj,cosine,,all,all,age,linear_probe,9,3,9.236363,10.099429,True,zones,D,save/zones/all
SimCLR,SimCLR-xsubj-wasser,xsubj,wasserstein,,all,all,age,linear_probe,9,0,20.706896,20.877913,True,zones,D,save/zones/all
SimCLR,SimCLR-xsubj-wasser,xsubj,wasserstein,,all,all,age,linear_probe,9,1,15.652174,14.298851,True,zones,D,save/zones/all
SimCLR,SimCLR-xsubj-wasser,xsubj,wasserstein,,all,all,age,linear_probe,9,2,15.217391,16.424118,True,zones,D,save/zones/all
SimCLR,SimCLR-xsubj-wasser,xsubj,wasserstein,,all,all,age,linear_probe,9,3,9.236363,8.939526,True,zones,D,save/zones/all
SimCLR,SimCLR-xsubj-riemann,xsubj,riemann,,all,all,age,linear_probe,9,0,20.706896,20.51053,True,zones,D,save/zones/all
SimCLR,SimCLR-xsubj-riemann,xsubj,riemann,,all,all,age,linear_probe,9,1,15.652174,16.4632,True,zones,D,save/zones/all
SimCLR,SimCLR-xsubj-riemann,xsubj,riemann,,all,all,age,linear_probe,9,2,15.217391,16.846102,True,zones,D,save/zones/all
SimCLR,SimCLR-xsubj-riemann,xsubj,riemann,,all,all,age,linear_probe,9,3,9.236363,10.139063,True,zones,D,save/zones/all
SimCLR,SimCLR-diffage-cosine,diffage,cosine,,all,all,age,linear_probe,9,0,20.706896,20.847412,True,zones,D,save/zones/all
SimCLR,SimCLR-diffage-cosine,diffage,cosine,,all,all,age,linear_probe,9,1,15.652174,16.412966,True,zones,D,save/zones/all
SimCLR,SimCLR-diffage-cosine,diffage,cosine,,all,all,age,linear_probe,9,2,15.217391,17.918024,True,zones,D,save/zones/all
SimCLR,SimCLR-diffage-cosine,diffage,cosine,,all,all,age,linear_probe,9,3,9.236363,14.380218,True,zones,D,save/zones/all
SimCLR,SimCLR-diffage-wasser,diffage,wasserstein,,all,all,age,linear_probe,9,0,20.706896,18.896889,True,zones,D,save/zones/all
SimCLR,SimCLR-diffage-wasser,diffage,wasserstein,,all,all,age,linear_probe,9,1,15.652174,17.15473,True,zones,D,save/zones/all
SimCLR,SimCLR-diffage-wasser,diffage,wasserstein,,all,all,age,linear_probe,9,2,15.217391,17.391087,True,zones,D,save/zones/all
SimCLR,SimCLR-diffage-wasser,diffage,wasserstein,,all,all,age,linear_probe,9,3,9.236363,11.999049,True,zones,D,save/zones/all
SimCLR,SimCLR-diffage-riemann,diffage,riemann,,all,all,age,linear_probe,9,0,20.706896,19.558809,True,zones,D,save/zones/all
SimCLR,SimCLR-diffage-riemann,diffage,riemann,,all,all,age,linear_probe,9,1,15.652174,16.734901,True,zones,D,save/zones/all
SimCLR,SimCLR-diffage-riemann,diffage,riemann,,all,all,age,linear_probe,9,2,15.217391,20.541227,True,zones,D,save/zones/all
SimCLR,SimCLR-diffage-riemann,diffage,riemann,,all,all,age,linear_probe,9,3,9.236363,12.37923,True,zones,D,save/zones/all
VAE,VAE,,,,all,all,age,linear_probe,9,0,20.706896,19.15661,True,zones,D,save/zones/all
VAE,VAE,,,,all,all,age,linear_probe,9,1,15.652174,19.133966,True,zones,D,save/zones/all
VAE,VAE,,,,all,all,age,linear_probe,9,2,15.217391,19.122208,True,zones,D,save/zones/all
VAE,VAE,,,,all,all,age,linear_probe,9,3,9.236363,19.122919,True,zones,D,save/zones/all
SimCLR,SimCLR,augment,,,all,all,age,fine_tuning,9,0,20.706896,21.609291,True,zones,D,save/zones/all
SimCLR,SimCLR,augment,,,all,all,age,fine_tuning,9,1,15.652174,13.591722,True,zones,D,save/zones/all
SimCLR,SimCLR,augment,,,all,all,age,fine_tuning,9,2,15.217391,12.830579,True,zones,D,save/zones/all
SimCLR,SimCLR,augment,,,all,all,age,fine_tuning,9,3,9.236363,10.422722,True,zones,D,save/zones/all
SimCLR,SimCLR-nbr-cosine,nbr,cosine,,all,all,age,fine_tuning,9,0,20.706896,20.49288,True,zones,D,save/zones/all
SimCLR,SimCLR-nbr-cosine,nbr,cosine,,all,all,age,fine_tuning,9,1,15.652174,15.023813,True,zones,D,save/zones/all
SimCLR,SimCLR-nbr-cosine,nbr,cosine,,all,all,age,fine_tuning,9,2,15.217391,11.609687,True,zones,D,save/zones/all
SimCLR,SimCLR-nbr-cosine,nbr,cosine,,all,all,age,fine_tuning,9,3,9.236363,10.104861,True,zones,D,save/zones/all
SimCLR,SimCLR-nbr-wasser,nbr,wasserstein,,all,all,age,fine_tuning,9,0,20.706896,21.7957,True,zones,D,save/zones/all
SimCLR,SimCLR-nbr-wasser,nbr,wasserstein,,all,all,age,fine_tuning,9,1,15.652174,14.377251,True,zones,D,save/zones/all
SimCLR,SimCLR-nbr-wasser,nbr,wasserstein,,all,all,age,fine_tuning,9,2,15.217391,13.988186,True,zones,D,save/zones/all
SimCLR,SimCLR-nbr-wasser,nbr,wasserstein,,all,all,age,fine_tuning,9,3,9.236363,10.9698,True,zones,D,save/zones/all
SimCLR,SimCLR-nbr-riemann,nbr,riemann,,all,all,age,fine_tuning,9,0,20.706896,21.530416,True,zones,D,save/zones/all
SimCLR,SimCLR-nbr-riemann,nbr,riemann,,all,all,age,fine_tuning,9,1,15.652174,14.225003,True,zones,D,save/zones/all
SimCLR,SimCLR-nbr-riemann,nbr,riemann,,all,all,age,fine_tuning,9,2,15.217391,14.786241,True,zones,D,save/zones/all
SimCLR,SimCLR-nbr-riemann,nbr,riemann,,all,all,age,fine_tuning,9,3,9.236363,9.582562,True,zones,D,save/zones/all
SimCLR,SimCLR-xsubj-cosine,xsubj,cosine,,all,all,age,fine_tuning,9,0,20.706896,21.148045,True,zones,D,save/zones/all
SimCLR,SimCLR-xsubj-cosine,xsubj,cosine,,all,all,age,fine_tuning,9,1,15.652174,15.640083,True,zones,D,save/zones/all
SimCLR,SimCLR-xsubj-cosine,xsubj,cosine,,all,all,age,fine_tuning,9,2,15.217391,12.478484,True,zones,D,save/zones/all
SimCLR,SimCLR-xsubj-cosine,xsubj,cosine,,all,all,age,fine_tuning,9,3,9.236363,8.880056,True,zones,D,save/zones/all
SimCLR,SimCLR-xsubj-wasser,xsubj,wasserstein,,all,all,age,fine_tuning,9,0,20.706896,20.80471,True,zones,D,save/zones/all
SimCLR,SimCLR-xsubj-wasser,xsubj,wasserstein,,all,all,age,fine_tuning,9,1,15.652174,15.877671,True,zones,D,save/zones/all
SimCLR,SimCLR-xsubj-wasser,xsubj,wasserstein,,all,all,age,fine_tuning,9,2,15.217391,15.085938,True,zones,D,save/zones/all
SimCLR,SimCLR-xsubj-wasser,xsubj,wasserstein,,all,all,age,fine_tuning,9,3,9.236363,9.177028,True,zones,D,save/zones/all
SimCLR,SimCLR-xsubj-riemann,xsubj,riemann,,all,all,age,fine_tuning,9,0,20.706896,22.01326,True,zones,D,save/zones/all
SimCLR,SimCLR-xsubj-riemann,xsubj,riemann,,all,all,age,fine_tuning,9,1,15.652174,13.815117,True,zones,D,save/zones/all
SimCLR,SimCLR-xsubj-riemann,xsubj,riemann,,all,all,age,fine_tuning,9,2,15.217391,15.143291,True,zones,D,save/zones/all
SimCLR,SimCLR-xsubj-riemann,xsubj,riemann,,all,all,age,fine_tuning,9,3,9.236363,8.842998,True,zones,D,save/zones/all
SimCLR,SimCLR-diffage-cosine,diffage,cosine,,all,all,age,fine_tuning,9,0,20.706896,20.602938,True,zones,D,save/zones/all
SimCLR,SimCLR-diffage-cosine,diffage,cosine,,all,all,age,fine_tuning,9,1,15.652174,14.603919,True,zones,D,save/zones/all
SimCLR,SimCLR-diffage-cosine,diffage,cosine,,all,all,age,fine_tuning,9,2,15.217391,14.332326,True,zones,D,save/zones/all
SimCLR,SimCLR-diffage-cosine,diffage,cosine,,all,all,age,fine_tuning,9,3,9.236363,10.759313,True,zones,D,save/zones/all
SimCLR,SimCLR-diffage-wasser,diffage,wasserstein,,all,all,age,fine_tuning,9,0,20.706896,21.338442,True,zones,D,save/zones/all
SimCLR,SimCLR-diffage-wasser,diffage,wasserstein,,all,all,age,fine_tuning,9,1,15.652174,14.301673,True,zones,D,save/zones/all
SimCLR,SimCLR-diffage-wasser,diffage,wasserstein,,all,all,age,fine_tuning,9,2,15.217391,13.420654,True,zones,D,save/zones/all
SimCLR,SimCLR-diffage-wasser,diffage,wasserstein,,all,all,age,fine_tuning,9,3,9.236363,9.226683,True,zones,D,save/zones/all
SimCLR,SimCLR-diffage-riemann,diffage,riemann,,all,all,age,fine_tuning,9,0,20.706896,21.450991,True,zones,D,save/zones/all
SimCLR,SimCLR-diffage-riemann,diffage,riemann,,all,all,age,fine_tuning,9,1,15.652174,15.034294,True,zones,D,save/zones/all
SimCLR,SimCLR-diffage-riemann,diffage,riemann,,all,all,age,fine_tuning,9,2,15.217391,12.488221,True,zones,D,save/zones/all
SimCLR,SimCLR-diffage-riemann,diffage,riemann,,all,all,age,fine_tuning,9,3,9.236363,10.937174,True,zones,D,save/zones/all
VAE,VAE,,,,all,all,age,fine_tuning,9,0,20.706896,20.877565,True,zones,D,save/zones/all
VAE,VAE,,,,all,all,age,fine_tuning,9,1,15.652174,14.235346,True,zones,D,save/zones/all
VAE,VAE,,,,all,all,age,fine_tuning,9,2,15.217391,13.013537,True,zones,D,save/zones/all
VAE,VAE,,,,all,all,age,fine_tuning,9,3,9.236363,9.725553,True,zones,D,save/zones/all
ExpCLR,ExpCLR-full,,,P_full,all,all,age,linear_probe,0,0,23.1,19.191477,True,expclr_P_full,D,save/expclr_P_full/all
ExpCLR,ExpCLR-full,,,P_full,all,all,age,linear_probe,0,1,7.809524,15.841209,True,expclr_P_full,D,save/expclr_P_full/all
ExpCLR,ExpCLR-full,,,P_full,all,all,age,linear_probe,0,2,24.571428,19.077152,True,expclr_P_full,D,save/expclr_P_full/all
ExpCLR,ExpCLR-full,,,P_full,all,all,age,linear_probe,0,3,17.265957,17.278875,True,expclr_P_full,D,save/expclr_P_full/all
ExpCLR,ExpCLR-full,,,P_full,all,all,age,linear_probe,0,4,14.981818,18.058712,True,expclr_P_full,D,save/expclr_P_full/all
ExpCLR,ExpCLR-full,,,P_full,all,all,age,fine_tuning,0,0,23.1,23.893597,True,expclr_P_full,D,save/expclr_P_full/all
ExpCLR,ExpCLR-full,,,P_full,all,all,age,fine_tuning,0,1,7.809524,10.489033,True,expclr_P_full,D,save/expclr_P_full/all
ExpCLR,ExpCLR-full,,,P_full,all,all,age,fine_tuning,0,2,24.571428,20.599287,True,expclr_P_full,D,save/expclr_P_full/all
ExpCLR,ExpCLR-full,,,P_full,all,all,age,fine_tuning,0,3,17.265957,17.557455,True,expclr_P_full,D,save/expclr_P_full/all
ExpCLR,ExpCLR-full,,,P_full,all,all,age,fine_tuning,0,4,14.981818,15.230644,True,expclr_P_full,D,save/expclr_P_full/all
ExpCLR,ExpCLR-full,,,P_full,all,all,age,linear_probe,1,0,22.484848,16.640989,True,expclr_P_full,D,save/expclr_P_full/all
ExpCLR,ExpCLR-full,,,P_full,all,all,age,linear_probe,1,1,23.361702,21.689627,True,expclr_P_full,D,save/expclr_P_full/all
ExpCLR,ExpCLR-full,,,P_full,all,all,age,linear_probe,1,2,8.131579,19.677149,True,expclr_P_full,D,save/expclr_P_full/all
ExpCLR,ExpCLR-full,,,P_full,all,all,age,linear_probe,1,3,24.431654,21.025465,True,expclr_P_full,D,save/expclr_P_full/all
ExpCLR,ExpCLR-full,,,P_full,all,all,age,linear_probe,1,4,10.466666,17.924467,True,expclr_P_full,D,save/expclr_P_full/all
ExpCLR,ExpCLR-full,,,P_full,all,all,age,fine_tuning,1,0,22.484848,22.841766,True,expclr_P_full,D,save/expclr_P_full/all
ExpCLR,ExpCLR-full,,,P_full,all,all,age,fine_tuning,1,1,23.361702,22.907822,True,expclr_P_full,D,save/expclr_P_full/all
ExpCLR,ExpCLR-full,,,P_full,all,all,age,fine_tuning,1,2,8.131579,10.018745,True,expclr_P_full,D,save/expclr_P_full/all
ExpCLR,ExpCLR-full,,,P_full,all,all,age,fine_tuning,1,3,24.431654,27.162277,True,expclr_P_full,D,save/expclr_P_full/all
ExpCLR,ExpCLR-full,,,P_full,all,all,age,fine_tuning,1,4,10.466666,10.121374,True,expclr_P_full,D,save/expclr_P_full/all
ExpCLR,ExpCLR-full,,,P_full,all,all,age,linear_probe,2,0,13.857142,19.03253,True,expclr_P_full,D,save/expclr_P_full/all
ExpCLR,ExpCLR-full,,,P_full,all,all,age,linear_probe,2,1,16.74074,19.913847,True,expclr_P_full,D,save/expclr_P_full/all
ExpCLR,ExpCLR-full,,,P_full,all,all,age,linear_probe,2,2,27.48,22.174353,True,expclr_P_full,D,save/expclr_P_full/all
ExpCLR,ExpCLR-full,,,P_full,all,all,age,linear_probe,2,3,17.288889,18.623301,True,expclr_P_full,D,save/expclr_P_full/all
ExpCLR,ExpCLR-full,,,P_full,all,all,age,linear_probe,2,4,36.0,19.324198,True,expclr_P_full,D,save/expclr_P_full/all
ExpCLR,ExpCLR-full,,,P_full,all,all,age,fine_tuning,2,0,13.857142,10.434854,True,expclr_P_full,D,save/expclr_P_full/all
ExpCLR,ExpCLR-full,,,P_full,all,all,age,fine_tuning,2,1,16.74074,13.212524,True,expclr_P_full,D,save/expclr_P_full/all
ExpCLR,ExpCLR-full,,,P_full,all,all,age,fine_tuning,2,2,27.48,28.075859,True,expclr_P_full,D,save/expclr_P_full/all
ExpCLR,ExpCLR-full,,,P_full,all,all,age,fine_tuning,2,3,17.288889,16.991604,True,expclr_P_full,D,save/expclr_P_full/all
ExpCLR,ExpCLR-full,,,P_full,all,all,age,fine_tuning,2,4,36.0,34.453606,True,expclr_P_full,D,save/expclr_P_full/all
ExpCLR,ExpCLR-full,,,P_full,all,all,age,linear_probe,3,0,20.033897,19.948204,True,expclr_P_full,D,save/expclr_P_full/all
ExpCLR,ExpCLR-full,,,P_full,all,all,age,linear_probe,3,1,10.086957,19.012442,True,expclr_P_full,D,save/expclr_P_full/all
ExpCLR,ExpCLR-full,,,P_full,all,all,age,linear_probe,3,2,12.6,16.43766,True,expclr_P_full,D,save/expclr_P_full/all
ExpCLR,ExpCLR-full,,,P_full,all,all,age,linear_probe,3,3,13.517241,15.064257,True,expclr_P_full,D,save/expclr_P_full/all
ExpCLR,ExpCLR-full,,,P_full,all,all,age,linear_probe,3,4,25.104347,21.644674,True,expclr_P_full,D,save/expclr_P_full/all
ExpCLR,ExpCLR-full,,,P_full,all,all,age,fine_tuning,3,0,20.033897,19.438761,True,expclr_P_full,D,save/expclr_P_full/all
ExpCLR,ExpCLR-full,,,P_full,all,all,age,fine_tuning,3,1,10.086957,10.841391,True,expclr_P_full,D,save/expclr_P_full/all
ExpCLR,ExpCLR-full,,,P_full,all,all,age,fine_tuning,3,2,12.6,13.459786,True,expclr_P_full,D,save/expclr_P_full/all
ExpCLR,ExpCLR-full,,,P_full,all,all,age,fine_tuning,3,3,13.517241,13.454039,True,expclr_P_full,D,save/expclr_P_full/all
ExpCLR,ExpCLR-full,,,P_full,all,all,age,fine_tuning,3,4,25.104347,24.630171,True,expclr_P_full,D,save/expclr_P_full/all
ExpCLR,ExpCLR-full,,,P_full,all,all,age,linear_probe,4,0,12.185185,18.037249,True,expclr_P_full,D,save/expclr_P_full/all
ExpCLR,ExpCLR-full,,,P_full,all,all,age,linear_probe,4,1,10.902439,18.171959,True,expclr_P_full,D,save/expclr_P_full/all
ExpCLR,ExpCLR-full,,,P_full,all,all,age,linear_probe,4,2,7.125,16.936916,True,expclr_P_full,D,save/expclr_P_full/all
ExpCLR,ExpCLR-full,,,P_full,all,all,age,linear_probe,4,3,31.799999,18.618958,True,expclr_P_full,D,save/expclr_P_full/all
ExpCLR,ExpCLR-full,,,P_full,all,all,age,linear_probe,4,4,10.609756,19.992964,True,expclr_P_full,D,save/expclr_P_full/all
ExpCLR,ExpCLR-full,,,P_full,all,all,age,fine_tuning,4,0,12.185185,9.866138,True,expclr_P_full,D,save/expclr_P_full/all
ExpCLR,ExpCLR-full,,,P_full,all,all,age,fine_tuning,4,1,10.902439,11.72198,True,expclr_P_full,D,save/expclr_P_full/all
ExpCLR,ExpCLR-full,,,P_full,all,all,age,fine_tuning,4,2,7.125,11.218662,True,expclr_P_full,D,save/expclr_P_full/all
ExpCLR,ExpCLR-full,,,P_full,all,all,age,fine_tuning,4,3,31.799999,29.829414,True,expclr_P_full,D,save/expclr_P_full/all
ExpCLR,ExpCLR-full,,,P_full,all,all,age,fine_tuning,4,4,10.609756,15.181446,True,expclr_P_full,D,save/expclr_P_full/all
ExpCLR,ExpCLR-full,,,P_full,all,all,age,linear_probe,5,0,21.299999,20.260162,True,expclr_P_full,D,save/expclr_P_full/all
ExpCLR,ExpCLR-full,,,P_full,all,all,age,linear_probe,5,1,16.439024,17.744492,True,expclr_P_full,D,save/expclr_P_full/all
ExpCLR,ExpCLR-full,,,P_full,all,all,age,linear_probe,5,2,14.341772,17.458906,True,expclr_P_full,D,save/expclr_P_full/all
ExpCLR,ExpCLR-full,,,P_full,all,all,age,linear_probe,5,3,22.196079,19.05069,True,expclr_P_full,D,save/expclr_P_full/all
ExpCLR,ExpCLR-full,,,P_full,all,all,age,fine_tuning,5,0,21.299999,23.70084,True,expclr_P_full,D,save/expclr_P_full/all
ExpCLR,ExpCLR-full,,,P_full,all,all,age,fine_tuning,5,1,16.439024,16.533262,True,expclr_P_full,D,save/expclr_P_full/all
ExpCLR,ExpCLR-full,,,P_full,all,all,age,fine_tuning,5,2,14.341772,17.58367,True,expclr_P_full,D,save/expclr_P_full/all
ExpCLR,ExpCLR-full,,,P_full,all,all,age,fine_tuning,5,3,22.196079,24.375088,True,expclr_P_full,D,save/expclr_P_full/all
ExpCLR,ExpCLR-full,,,P_full,all,all,age,linear_probe,6,0,23.77,22.422571,True,expclr_P_full,D,save/expclr_P_full/all
ExpCLR,ExpCLR-full,,,P_full,all,all,age,linear_probe,6,1,10.272727,16.010307,True,expclr_P_full,D,save/expclr_P_full/all
ExpCLR,ExpCLR-full,,,P_full,all,all,age,linear_probe,6,2,22.170732,19.749773,True,expclr_P_full,D,save/expclr_P_full/all
ExpCLR,ExpCLR-full,,,P_full,all,all,age,linear_probe,6,3,11.014925,16.523539,True,expclr_P_full,D,save/expclr_P_full/all
ExpCLR,ExpCLR-full,,,P_full,all,all,age,fine_tuning,6,0,23.77,23.013966,True,expclr_P_full,D,save/expclr_P_full/all
ExpCLR,ExpCLR-full,,,P_full,all,all,age,fine_tuning,6,1,10.272727,11.427533,True,expclr_P_full,D,save/expclr_P_full/all
ExpCLR,ExpCLR-full,,,P_full,all,all,age,fine_tuning,6,2,22.170732,21.955702,True,expclr_P_full,D,save/expclr_P_full/all
ExpCLR,ExpCLR-full,,,P_full,all,all,age,fine_tuning,6,3,11.014925,11.676358,True,expclr_P_full,D,save/expclr_P_full/all
ExpCLR,ExpCLR-full,,,P_full,all,all,age,linear_probe,7,0,22.506172,19.161476,True,expclr_P_full,D,save/expclr_P_full/all
ExpCLR,ExpCLR-full,,,P_full,all,all,age,linear_probe,7,1,18.200001,18.114748,True,expclr_P_full,D,save/expclr_P_full/all
ExpCLR,ExpCLR-full,,,P_full,all,all,age,linear_probe,7,2,17.319635,18.354145,True,expclr_P_full,D,save/expclr_P_full/all
ExpCLR,ExpCLR-full,,,P_full,all,all,age,linear_probe,7,3,20.962963,18.530529,True,expclr_P_full,D,save/expclr_P_full/all
ExpCLR,ExpCLR-full,,,P_full,all,all,age,fine_tuning,7,0,22.506172,19.250109,True,expclr_P_full,D,save/expclr_P_full/all
ExpCLR,ExpCLR-full,,,P_full,all,all,age,fine_tuning,7,1,18.200001,19.453934,True,expclr_P_full,D,save/expclr_P_full/all
ExpCLR,ExpCLR-full,,,P_full,all,all,age,fine_tuning,7,2,17.319635,19.86138,True,expclr_P_full,D,save/expclr_P_full/all
ExpCLR,ExpCLR-full,,,P_full,all,all,age,fine_tuning,7,3,20.962963,19.082905,True,expclr_P_full,D,save/expclr_P_full/all
ExpCLR,ExpCLR-full,,,P_full,all,all,age,linear_probe,8,0,25.25,22.626348,True,expclr_P_full,D,save/expclr_P_full/all
ExpCLR,ExpCLR-full,,,P_full,all,all,age,linear_probe,8,1,19.92,18.325562,True,expclr_P_full,D,save/expclr_P_full/all
ExpCLR,ExpCLR-full,,,P_full,all,all,age,linear_probe,8,2,22.776316,17.745749,True,expclr_P_full,D,save/expclr_P_full/all
ExpCLR,ExpCLR-full,,,P_full,all,all,age,linear_probe,8,3,13.230769,19.109924,True,expclr_P_full,D,save/expclr_P_full/all
ExpCLR,ExpCLR-full,,,P_full,all,all,age,fine_tuning,8,0,25.25,27.25173,True,expclr_P_full,D,save/expclr_P_full/all
ExpCLR,ExpCLR-full,,,P_full,all,all,age,fine_tuning,8,1,19.92,17.270262,True,expclr_P_full,D,save/expclr_P_full/all
ExpCLR,ExpCLR-full,,,P_full,all,all,age,fine_tuning,8,2,22.776316,25.30867,True,expclr_P_full,D,save/expclr_P_full/all
ExpCLR,ExpCLR-full,,,P_full,all,all,age,fine_tuning,8,3,13.230769,15.750388,True,expclr_P_full,D,save/expclr_P_full/all
ExpCLR,ExpCLR-full,,,P_full,all,all,age,linear_probe,9,0,20.706896,18.892729,True,expclr_P_full,D,save/expclr_P_full/all
ExpCLR,ExpCLR-full,,,P_full,all,all,age,linear_probe,9,1,15.652174,18.827742,True,expclr_P_full,D,save/expclr_P_full/all
ExpCLR,ExpCLR-full,,,P_full,all,all,age,linear_probe,9,2,15.217391,20.395514,True,expclr_P_full,D,save/expclr_P_full/all
ExpCLR,ExpCLR-full,,,P_full,all,all,age,linear_probe,9,3,9.236363,18.791357,True,expclr_P_full,D,save/expclr_P_full/all
ExpCLR,ExpCLR-full,,,P_full,all,all,age,fine_tuning,9,0,20.706896,21.255424,True,expclr_P_full,D,save/expclr_P_full/all
ExpCLR,ExpCLR-full,,,P_full,all,all,age,fine_tuning,9,1,15.652174,12.005919,True,expclr_P_full,D,save/expclr_P_full/all
ExpCLR,ExpCLR-full,,,P_full,all,all,age,fine_tuning,9,2,15.217391,12.31706,True,expclr_P_full,D,save/expclr_P_full/all
ExpCLR,ExpCLR-full,,,P_full,all,all,age,fine_tuning,9,3,9.236363,10.980082,True,expclr_P_full,D,save/expclr_P_full/all
InterFusion,InterFusion-c1a,,,,central,all,age,linear_probe,0,0,23.1,20.645639,True,c1a,D,save/c1a_central
InterFusion,InterFusion-c1a,,,,central,all,age,linear_probe,0,1,7.809524,16.086025,True,c1a,D,save/c1a_central
InterFusion,InterFusion-c1a,,,,central,all,age,linear_probe,0,2,24.571428,17.213028,True,c1a,D,save/c1a_central
InterFusion,InterFusion-c1a,,,,central,all,age,linear_probe,0,3,17.265957,17.743582,True,c1a,D,save/c1a_central
InterFusion,InterFusion-c1a,,,,central,all,age,linear_probe,0,4,14.981818,16.587053,True,c1a,D,save/c1a_central
InterFusion,InterFusion-c1a,,,,central,all,age,fine_tuning,0,0,23.1,24.666691,True,c1a,D,save/c1a_central
InterFusion,InterFusion-c1a,,,,central,all,age,fine_tuning,0,1,7.809524,9.653131,True,c1a,D,save/c1a_central
InterFusion,InterFusion-c1a,,,,central,all,age,fine_tuning,0,2,24.571428,17.552549,True,c1a,D,save/c1a_central
InterFusion,InterFusion-c1a,,,,central,all,age,fine_tuning,0,3,17.265957,17.651142,True,c1a,D,save/c1a_central
InterFusion,InterFusion-c1a,,,,central,all,age,fine_tuning,0,4,14.981818,15.43268,True,c1a,D,save/c1a_central
InterFusion,InterFusion-c1a,,,,central,all,age,linear_probe,1,0,22.484848,18.154501,True,c1a,D,save/c1a_central
InterFusion,InterFusion-c1a,,,,central,all,age,linear_probe,1,1,23.361702,20.204792,True,c1a,D,save/c1a_central
InterFusion,InterFusion-c1a,,,,central,all,age,linear_probe,1,2,8.131579,24.30337,True,c1a,D,save/c1a_central
InterFusion,InterFusion-c1a,,,,central,all,age,linear_probe,1,3,24.431654,21.945417,True,c1a,D,save/c1a_central
InterFusion,InterFusion-c1a,,,,central,all,age,linear_probe,1,4,10.466666,15.743366,True,c1a,D,save/c1a_central
InterFusion,InterFusion-c1a,,,,central,all,age,fine_tuning,1,0,22.484848,21.991619,True,c1a,D,save/c1a_central
InterFusion,InterFusion-c1a,,,,central,all,age,fine_tuning,1,1,23.361702,18.74909,True,c1a,D,save/c1a_central
InterFusion,InterFusion-c1a,,,,central,all,age,fine_tuning,1,2,8.131579,15.74101,True,c1a,D,save/c1a_central
InterFusion,InterFusion-c1a,,,,central,all,age,fine_tuning,1,3,24.431654,21.82057,True,c1a,D,save/c1a_central
InterFusion,InterFusion-c1a,,,,central,all,age,fine_tuning,1,4,10.466666,9.948365,True,c1a,D,save/c1a_central
InterFusion,InterFusion-c1a,,,,central,all,age,linear_probe,2,0,13.857142,21.107515,True,c1a,D,save/c1a_central
InterFusion,InterFusion-c1a,,,,central,all,age,linear_probe,2,1,16.74074,23.522909,True,c1a,D,save/c1a_central
InterFusion,InterFusion-c1a,,,,central,all,age,linear_probe,2,2,27.48,19.580631,True,c1a,D,save/c1a_central
InterFusion,InterFusion-c1a,,,,central,all,age,linear_probe,2,3,17.288889,18.358873,True,c1a,D,save/c1a_central
InterFusion,InterFusion-c1a,,,,central,all,age,linear_probe,2,4,36.0,15.488451,True,c1a,D,save/c1a_central
InterFusion,InterFusion-c1a,,,,central,all,age,fine_tuning,2,0,13.857142,26.141489,True,c1a,D,save/c1a_central
InterFusion,InterFusion-c1a,,,,central,all,age,fine_tuning,2,1,16.74074,17.20446,True,c1a,D,save/c1a_central
InterFusion,InterFusion-c1a,,,,central,all,age,fine_tuning,2,2,27.48,26.578552,True,c1a,D,save/c1a_central
InterFusion,InterFusion-c1a,,,,central,all,age,fine_tuning,2,3,17.288889,15.79012,True,c1a,D,save/c1a_central
InterFusion,InterFusion-c1a,,,,central,all,age,fine_tuning,2,4,36.0,28.456297,True,c1a,D,save/c1a_central
InterFusion,InterFusion-c1a,,,,central,all,age,linear_probe,3,0,20.033897,17.925779,True,c1a,D,save/c1a_central
InterFusion,InterFusion-c1a,,,,central,all,age,linear_probe,3,1,10.086957,20.14164,True,c1a,D,save/c1a_central
InterFusion,InterFusion-c1a,,,,central,all,age,linear_probe,3,2,12.6,14.781664,True,c1a,D,save/c1a_central
InterFusion,InterFusion-c1a,,,,central,all,age,linear_probe,3,3,13.517241,16.596411,True,c1a,D,save/c1a_central
InterFusion,InterFusion-c1a,,,,central,all,age,linear_probe,3,4,25.104347,19.537788,True,c1a,D,save/c1a_central
InterFusion,InterFusion-c1a,,,,central,all,age,fine_tuning,3,0,20.033897,20.0116,True,c1a,D,save/c1a_central
InterFusion,InterFusion-c1a,,,,central,all,age,fine_tuning,3,1,10.086957,11.168701,True,c1a,D,save/c1a_central
InterFusion,InterFusion-c1a,,,,central,all,age,fine_tuning,3,2,12.6,14.809758,True,c1a,D,save/c1a_central
InterFusion,InterFusion-c1a,,,,central,all,age,fine_tuning,3,3,13.517241,15.618263,True,c1a,D,save/c1a_central
InterFusion,InterFusion-c1a,,,,central,all,age,fine_tuning,3,4,25.104347,23.037886,True,c1a,D,save/c1a_central
InterFusion,InterFusion-c1a,,,,central,all,age,linear_probe,4,0,12.185185,17.407616,True,c1a,D,save/c1a_central
InterFusion,InterFusion-c1a,,,,central,all,age,linear_probe,4,1,10.902439,17.632847,True,c1a,D,save/c1a_central
InterFusion,InterFusion-c1a,,,,central,all,age,linear_probe,4,2,7.125,17.69319,True,c1a,D,save/c1a_central
InterFusion,InterFusion-c1a,,,,central,all,age,linear_probe,4,3,31.799999,17.399132,True,c1a,D,save/c1a_central
InterFusion,InterFusion-c1a,,,,central,all,age,linear_probe,4,4,10.609756,17.052561,True,c1a,D,save/c1a_central
InterFusion,InterFusion-c1a,,,,central,all,age,fine_tuning,4,0,12.185185,13.132656,True,c1a,D,save/c1a_central
InterFusion,InterFusion-c1a,,,,central,all,age,fine_tuning,4,1,10.902439,14.410424,True,c1a,D,save/c1a_central
InterFusion,InterFusion-c1a,,,,central,all,age,fine_tuning,4,2,7.125,11.063818,True,c1a,D,save/c1a_central
InterFusion,InterFusion-c1a,,,,central,all,age,fine_tuning,4,3,31.799999,30.774584,True,c1a,D,save/c1a_central
InterFusion,InterFusion-c1a,,,,central,all,age,fine_tuning,4,4,10.609756,27.910582,True,c1a,D,save/c1a_central
InterFusion,InterFusion-c1a,,,,central,all,age,linear_probe,5,0,21.299999,19.835476,True,c1a,D,save/c1a_central
InterFusion,InterFusion-c1a,,,,central,all,age,linear_probe,5,1,16.439024,13.797036,True,c1a,D,save/c1a_central
InterFusion,InterFusion-c1a,,,,central,all,age,linear_probe,5,2,14.341772,16.788874,True,c1a,D,save/c1a_central
InterFusion,InterFusion-c1a,,,,central,all,age,linear_probe,5,3,22.196079,17.661146,True,c1a,D,save/c1a_central
InterFusion,InterFusion-c1a,,,,central,all,age,fine_tuning,5,0,21.299999,18.624493,True,c1a,D,save/c1a_central
InterFusion,InterFusion-c1a,,,,central,all,age,fine_tuning,5,1,16.439024,19.3561,True,c1a,D,save/c1a_central
InterFusion,InterFusion-c1a,,,,central,all,age,fine_tuning,5,2,14.341772,17.815165,True,c1a,D,save/c1a_central
InterFusion,InterFusion-c1a,,,,central,all,age,fine_tuning,5,3,22.196079,26.588484,True,c1a,D,save/c1a_central
InterFusion,InterFusion-c1a,,,,central,all,age,linear_probe,6,0,23.77,15.898795,True,c1a,D,save/c1a_central
InterFusion,InterFusion-c1a,,,,central,all,age,linear_probe,6,1,10.272727,15.497259,True,c1a,D,save/c1a_central
InterFusion,InterFusion-c1a,,,,central,all,age,linear_probe,6,2,22.170732,19.694845,True,c1a,D,save/c1a_central
InterFusion,InterFusion-c1a,,,,central,all,age,linear_probe,6,3,11.014925,17.877409,True,c1a,D,save/c1a_central
InterFusion,InterFusion-c1a,,,,central,all,age,fine_tuning,6,0,23.77,15.692443,True,c1a,D,save/c1a_central
InterFusion,InterFusion-c1a,,,,central,all,age,fine_tuning,6,1,10.272727,12.540704,True,c1a,D,save/c1a_central
InterFusion,InterFusion-c1a,,,,central,all,age,fine_tuning,6,2,22.170732,20.960018,True,c1a,D,save/c1a_central
InterFusion,InterFusion-c1a,,,,central,all,age,fine_tuning,6,3,11.014925,11.221007,True,c1a,D,save/c1a_central
InterFusion,InterFusion-c1a,,,,central,all,age,linear_probe,7,0,22.506172,19.19355,True,c1a,D,save/c1a_central
InterFusion,InterFusion-c1a,,,,central,all,age,linear_probe,7,1,18.200001,18.023994,True,c1a,D,save/c1a_central
InterFusion,InterFusion-c1a,,,,central,all,age,linear_probe,7,2,17.319635,18.2589,True,c1a,D,save/c1a_central
InterFusion,InterFusion-c1a,,,,central,all,age,linear_probe,7,3,20.962963,17.588808,True,c1a,D,save/c1a_central
InterFusion,InterFusion-c1a,,,,central,all,age,fine_tuning,7,0,22.506172,19.764975,True,c1a,D,save/c1a_central
InterFusion,InterFusion-c1a,,,,central,all,age,fine_tuning,7,1,18.200001,16.390368,True,c1a,D,save/c1a_central
InterFusion,InterFusion-c1a,,,,central,all,age,fine_tuning,7,2,17.319635,16.01058,True,c1a,D,save/c1a_central
InterFusion,InterFusion-c1a,,,,central,all,age,fine_tuning,7,3,20.962963,16.174967,True,c1a,D,save/c1a_central
InterFusion,InterFusion-c1a,,,,central,all,age,linear_probe,8,0,25.25,22.304749,True,c1a,D,save/c1a_central
InterFusion,InterFusion-c1a,,,,central,all,age,linear_probe,8,1,19.92,18.731993,True,c1a,D,save/c1a_central
InterFusion,InterFusion-c1a,,,,central,all,age,linear_probe,8,2,22.776316,17.405458,True,c1a,D,save/c1a_central
InterFusion,InterFusion-c1a,,,,central,all,age,linear_probe,8,3,13.230769,20.679262,True,c1a,D,save/c1a_central
InterFusion,InterFusion-c1a,,,,central,all,age,fine_tuning,8,0,25.25,26.902502,True,c1a,D,save/c1a_central
InterFusion,InterFusion-c1a,,,,central,all,age,fine_tuning,8,1,19.92,20.002901,True,c1a,D,save/c1a_central
InterFusion,InterFusion-c1a,,,,central,all,age,fine_tuning,8,2,22.776316,26.966656,True,c1a,D,save/c1a_central
InterFusion,InterFusion-c1a,,,,central,all,age,fine_tuning,8,3,13.230769,15.054522,True,c1a,D,save/c1a_central
InterFusion,InterFusion-c1a,,,,central,all,age,linear_probe,9,0,20.706896,18.023005,True,c1a,D,save/c1a_central
InterFusion,InterFusion-c1a,,,,central,all,age,linear_probe,9,1,15.652174,17.325672,True,c1a,D,save/c1a_central
InterFusion,InterFusion-c1a,,,,central,all,age,linear_probe,9,2,15.217391,15.864686,True,c1a,D,save/c1a_central
InterFusion,InterFusion-c1a,,,,central,all,age,linear_probe,9,3,9.236363,16.995768,True,c1a,D,save/c1a_central
InterFusion,InterFusion-c1a,,,,central,all,age,fine_tuning,9,0,20.706896,21.253798,True,c1a,D,save/c1a_central
InterFusion,InterFusion-c1a,,,,central,all,age,fine_tuning,9,1,15.652174,15.868175,True,c1a,D,save/c1a_central
InterFusion,InterFusion-c1a,,,,central,all,age,fine_tuning,9,2,15.217391,13.77435,True,c1a,D,save/c1a_central
InterFusion,InterFusion-c1a,,,,central,all,age,fine_tuning,9,3,9.236363,11.226123,True,c1a,D,save/c1a_central
